
/*
Easy
Copyright (C) 2022 Università degli Studi di Catania (www.unict.it)
This program is free software: you can redistribute it and/or modify
it under the terms of the GNU General Public License as published by
the Free Software Foundation, either version 3 of the License, or
(at your option) any later version.
This program is distributed in the hope that it will be useful,
but WITHOUT ANY WARRANTY; without even the implied warranty of
MERCHANTABILITY or FITNESS FOR A PARTICULAR PURPOSE.  See the
GNU General Public License for more details.
You should have received a copy of the GNU General Public License
along with this program.  If not, see <http://www.gnu.org/licenses/>.
*/


IF NOT EXISTS(select * from sysobjects where id = object_id(N'[dbo].[metadatamanagedtable]') and OBJECTPROPERTY(id, N'IsUserTable') = 1)
BEGIN

	CREATE TABLE [dbo].[metadatamanagedtable](
		[tablename] [varchar](50) NOT NULL,
	 CONSTRAINT [PK_metadatamanagedtable_1] PRIMARY KEY CLUSTERED 
	(
		[tablename] ASC
	)WITH (PAD_INDEX = OFF, STATISTICS_NORECOMPUTE = OFF, IGNORE_DUP_KEY = OFF, ALLOW_ROW_LOCKS = ON, ALLOW_PAGE_LOCKS = ON) ON [PRIMARY]
	) ON [PRIMARY]
END
GO

IF NOT EXISTS(select * from sysobjects where id = object_id(N'[dbo].[metadataprimarykey]') and OBJECTPROPERTY(id, N'IsUserTable') = 1)
BEGIN

	CREATE TABLE [dbo].[metadataprimarykey](
		[tablename] [varchar](50) NOT NULL,
		[primarykey] [varchar](250) NOT NULL,
	 CONSTRAINT [PK_metadataprimarykey_1] PRIMARY KEY CLUSTERED 
	(
		[tablename] ASC
	)WITH (PAD_INDEX = OFF, STATISTICS_NORECOMPUTE = OFF, IGNORE_DUP_KEY = OFF, ALLOW_ROW_LOCKS = ON, ALLOW_PAGE_LOCKS = ON) ON [PRIMARY]
	) ON [PRIMARY]
END
GO

IF NOT EXISTS(select * from sysobjects where id = object_id(N'[dbo].[metadatasorting]') and OBJECTPROPERTY(id, N'IsUserTable') = 1)
BEGIN

	CREATE TABLE [dbo].[metadatasorting](
		[tablename] [varchar](50) NOT NULL,
		[listtype] [varchar](50) NOT NULL,
		[sorting] [varchar](2048) NOT NULL,
	 CONSTRAINT [PK_metadatasorting_1] PRIMARY KEY CLUSTERED 
	(
		[tablename] ASC,
		[listtype] ASC
	)WITH (PAD_INDEX = OFF, STATISTICS_NORECOMPUTE = OFF, IGNORE_DUP_KEY = OFF, ALLOW_ROW_LOCKS = ON, ALLOW_PAGE_LOCKS = ON) ON [PRIMARY]
	) ON [PRIMARY]
END
GO

IF NOT EXISTS(select * from sysobjects where id = object_id(N'[dbo].[metadatastaticfilter]') and OBJECTPROPERTY(id, N'IsUserTable') = 1)
BEGIN

	CREATE TABLE [dbo].[metadatastaticfilter](
		[tablename] [varchar](50) NOT NULL,
		[listtype] [varchar](50) NOT NULL,
		[staticfilter] [varchar](max) NOT NULL,
	 CONSTRAINT [PK_metadatastaticfilter] PRIMARY KEY CLUSTERED 
	(
		[tablename] ASC,
		[listtype] ASC
	)WITH (PAD_INDEX = OFF, STATISTICS_NORECOMPUTE = OFF, IGNORE_DUP_KEY = OFF, ALLOW_ROW_LOCKS = ON, ALLOW_PAGE_LOCKS = ON) ON [PRIMARY]
	) ON [PRIMARY] TEXTIMAGE_ON [PRIMARY]
END
GO

INSERT [dbo].[metadatamanagedtable] ([tablename]) VALUES (N'accmotivedefaultview')
INSERT [dbo].[metadatamanagedtable] ([tablename]) VALUES (N'accmotivesegview')
INSERT [dbo].[metadatamanagedtable] ([tablename]) VALUES (N'accordoscambiomidettazsegview')
INSERT [dbo].[metadatamanagedtable] ([tablename]) VALUES (N'accordoscambiomidettsegview')
INSERT [dbo].[metadatamanagedtable] ([tablename]) VALUES (N'accordoscambiomisegview')
INSERT [dbo].[metadatamanagedtable] ([tablename]) VALUES (N'accreditokinddefaultview')
INSERT [dbo].[metadatamanagedtable] ([tablename]) VALUES (N'addresssegview')
INSERT [dbo].[metadatamanagedtable] ([tablename]) VALUES (N'affidamentodefaultview')
INSERT [dbo].[metadatamanagedtable] ([tablename]) VALUES (N'affidamentodocview')
INSERT [dbo].[metadatamanagedtable] ([tablename]) VALUES (N'affidamentokinddefaultview')
INSERT [dbo].[metadatamanagedtable] ([tablename]) VALUES (N'affidamentosegview')
INSERT [dbo].[metadatamanagedtable] ([tablename]) VALUES (N'ambitoareadiscdefaultview')
INSERT [dbo].[metadatamanagedtable] ([tablename]) VALUES (N'aoodefaultview')
INSERT [dbo].[metadatamanagedtable] ([tablename]) VALUES (N'aooprincview')
INSERT [dbo].[metadatamanagedtable] ([tablename]) VALUES (N'appelloazionekinddefaultview')
INSERT [dbo].[metadatamanagedtable] ([tablename]) VALUES (N'appellodefaultview')
INSERT [dbo].[metadatamanagedtable] ([tablename]) VALUES (N'appelloerogataview')
INSERT [dbo].[metadatamanagedtable] ([tablename]) VALUES (N'appellokinddefaultview')
INSERT [dbo].[metadatamanagedtable] ([tablename]) VALUES (N'areadidatticadefaultview')
INSERT [dbo].[metadatamanagedtable] ([tablename]) VALUES (N'assetacquiresegview')
INSERT [dbo].[metadatamanagedtable] ([tablename]) VALUES (N'assetdiarydocview')
INSERT [dbo].[metadatamanagedtable] ([tablename]) VALUES (N'assetsegview')
INSERT [dbo].[metadatamanagedtable] ([tablename]) VALUES (N'assicurazionedefaultview')
INSERT [dbo].[metadatamanagedtable] ([tablename]) VALUES (N'atecodefaultview')
INSERT [dbo].[metadatamanagedtable] ([tablename]) VALUES (N'attivformappelloview')
INSERT [dbo].[metadatamanagedtable] ([tablename]) VALUES (N'attivformdefaultview')
INSERT [dbo].[metadatamanagedtable] ([tablename]) VALUES (N'attivformerogataview')
INSERT [dbo].[metadatamanagedtable] ([tablename]) VALUES (N'attivformgruppoview')
INSERT [dbo].[metadatamanagedtable] ([tablename]) VALUES (N'attivformpropedview')
INSERT [dbo].[metadatamanagedtable] ([tablename]) VALUES (N'auladefaultview')
INSERT [dbo].[metadatamanagedtable] ([tablename]) VALUES (N'aulakinddefaultview')
INSERT [dbo].[metadatamanagedtable] ([tablename]) VALUES (N'aulaseg_childview')
INSERT [dbo].[metadatamanagedtable] ([tablename]) VALUES (N'bandodsiscresitokinddefaultview')
INSERT [dbo].[metadatamanagedtable] ([tablename]) VALUES (N'bandodssegview')
INSERT [dbo].[metadatamanagedtable] ([tablename]) VALUES (N'bandodsserviziosegview')
INSERT [dbo].[metadatamanagedtable] ([tablename]) VALUES (N'bandomisegview')
INSERT [dbo].[metadatamanagedtable] ([tablename]) VALUES (N'bandomobilitaintkinddefaultview')
INSERT [dbo].[metadatamanagedtable] ([tablename]) VALUES (N'canaleerogataview')
INSERT [dbo].[metadatamanagedtable] ([tablename]) VALUES (N'ccnldefaultview')
INSERT [dbo].[metadatamanagedtable] ([tablename]) VALUES (N'cefrdefaultview')
INSERT [dbo].[metadatamanagedtable] ([tablename]) VALUES (N'changeskinddefaultview')
INSERT [dbo].[metadatamanagedtable] ([tablename]) VALUES (N'classconsorsualedefaultview')
INSERT [dbo].[metadatamanagedtable] ([tablename]) VALUES (N'classescuoladefaultview')
INSERT [dbo].[metadatamanagedtable] ([tablename]) VALUES (N'classescuolakinddefaultview')
INSERT [dbo].[metadatamanagedtable] ([tablename]) VALUES (N'contrattokinddefaultview')
INSERT [dbo].[metadatamanagedtable] ([tablename]) VALUES (N'convenzionesegview')
INSERT [dbo].[metadatamanagedtable] ([tablename]) VALUES (N'corsostudiodefaultview')
INSERT [dbo].[metadatamanagedtable] ([tablename]) VALUES (N'corsostudiodotmasview')
INSERT [dbo].[metadatamanagedtable] ([tablename]) VALUES (N'corsostudioingressoview')
INSERT [dbo].[metadatamanagedtable] ([tablename]) VALUES (N'corsostudiokinddefaultview')
INSERT [dbo].[metadatamanagedtable] ([tablename]) VALUES (N'corsostudiolivellodefaultview')
INSERT [dbo].[metadatamanagedtable] ([tablename]) VALUES (N'corsostudionormadefaultview')
INSERT [dbo].[metadatamanagedtable] ([tablename]) VALUES (N'corsostudiostatoview')
INSERT [dbo].[metadatamanagedtable] ([tablename]) VALUES (N'costoscontodefkinddefaultview')
INSERT [dbo].[metadatamanagedtable] ([tablename]) VALUES (N'costoscontodefmoreview')
INSERT [dbo].[metadatamanagedtable] ([tablename]) VALUES (N'costoscontodefscontiview')
INSERT [dbo].[metadatamanagedtable] ([tablename]) VALUES (N'decadenzasegview')
INSERT [dbo].[metadatamanagedtable] ([tablename]) VALUES (N'deliberasegview')
INSERT [dbo].[metadatamanagedtable] ([tablename]) VALUES (N'dichiaraltre_segview')
INSERT [dbo].[metadatamanagedtable] ([tablename]) VALUES (N'dichiaraltrekinddefaultview')
INSERT [dbo].[metadatamanagedtable] ([tablename]) VALUES (N'dichiaraltrititoli_segview')
INSERT [dbo].[metadatamanagedtable] ([tablename]) VALUES (N'dichiardisabil_segview')
INSERT [dbo].[metadatamanagedtable] ([tablename]) VALUES (N'dichiardisabilkinddefaultview')
INSERT [dbo].[metadatamanagedtable] ([tablename]) VALUES (N'dichiardisabilsuppkinddefaultview')
INSERT [dbo].[metadatamanagedtable] ([tablename]) VALUES (N'dichiarisee_segview')
INSERT [dbo].[metadatamanagedtable] ([tablename]) VALUES (N'dichiarkinddefaultview')
INSERT [dbo].[metadatamanagedtable] ([tablename]) VALUES (N'dichiarsegview')
INSERT [dbo].[metadatamanagedtable] ([tablename]) VALUES (N'dichiartitolo_segview')
INSERT [dbo].[metadatamanagedtable] ([tablename]) VALUES (N'diderogdefaultview')
INSERT [dbo].[metadatamanagedtable] ([tablename]) VALUES (N'didprogannodefaultview')
INSERT [dbo].[metadatamanagedtable] ([tablename]) VALUES (N'didprogdefaultview')
INSERT [dbo].[metadatamanagedtable] ([tablename]) VALUES (N'didprogdotmasview')
INSERT [dbo].[metadatamanagedtable] ([tablename]) VALUES (N'didprogingressoview')
INSERT [dbo].[metadatamanagedtable] ([tablename]) VALUES (N'didprogoridefaultview')
INSERT [dbo].[metadatamanagedtable] ([tablename]) VALUES (N'didprogorisceltacorsoview')
INSERT [dbo].[metadatamanagedtable] ([tablename]) VALUES (N'didprogporzannodefaultview')
INSERT [dbo].[metadatamanagedtable] ([tablename]) VALUES (N'didprogstatoview')
INSERT [dbo].[metadatamanagedtable] ([tablename]) VALUES (N'duratakinddefaultview')
INSERT [dbo].[metadatamanagedtable] ([tablename]) VALUES (N'edificiodefaultview')
INSERT [dbo].[metadatamanagedtable] ([tablename]) VALUES (N'edificioseg_childview')
INSERT [dbo].[metadatamanagedtable] ([tablename]) VALUES (N'erogazkinddefaultview')
INSERT [dbo].[metadatamanagedtable] ([tablename]) VALUES (N'esonerocarrieraview')
INSERT [dbo].[metadatamanagedtable] ([tablename]) VALUES (N'esonerodefaultview')
INSERT [dbo].[metadatamanagedtable] ([tablename]) VALUES (N'esonerodisabilview')
INSERT [dbo].[metadatamanagedtable] ([tablename]) VALUES (N'esonerotitolostudioview')
INSERT [dbo].[metadatamanagedtable] ([tablename]) VALUES (N'expensesegview')
INSERT [dbo].[metadatamanagedtable] ([tablename]) VALUES (N'expenseviewdettaglio_dei_costiview')
INSERT [dbo].[metadatamanagedtable] ([tablename]) VALUES (N'fasciaiseedefdefaultview')
INSERT [dbo].[metadatamanagedtable] ([tablename]) VALUES (N'fasciaiseedefmoreview')
INSERT [dbo].[metadatamanagedtable] ([tablename]) VALUES (N'fasciaiseedefscontiview')
INSERT [dbo].[metadatamanagedtable] ([tablename]) VALUES (N'fonteindicebibliometricosegview')
INSERT [dbo].[metadatamanagedtable] ([tablename]) VALUES (N'geo_citydefaultview')
INSERT [dbo].[metadatamanagedtable] ([tablename]) VALUES (N'geo_cityseg5view')
INSERT [dbo].[metadatamanagedtable] ([tablename]) VALUES (N'geo_citysegchildview')
INSERT [dbo].[metadatamanagedtable] ([tablename]) VALUES (N'geo_citysegview')
INSERT [dbo].[metadatamanagedtable] ([tablename]) VALUES (N'geo_countrysegchildview')
INSERT [dbo].[metadatamanagedtable] ([tablename]) VALUES (N'geo_countrysegview')
INSERT [dbo].[metadatamanagedtable] ([tablename]) VALUES (N'geo_nationlingueview')
INSERT [dbo].[metadatamanagedtable] ([tablename]) VALUES (N'geo_nationsegchildview')
INSERT [dbo].[metadatamanagedtable] ([tablename]) VALUES (N'geo_nationsegview')
GO
INSERT [dbo].[metadatamanagedtable] ([tablename]) VALUES (N'geo_regionsegview')
INSERT [dbo].[metadatamanagedtable] ([tablename]) VALUES (N'getcostididatticadefaultview')
INSERT [dbo].[metadatamanagedtable] ([tablename]) VALUES (N'getdocentiperssdsegview')
INSERT [dbo].[metadatamanagedtable] ([tablename]) VALUES (N'getregistrydocentiamministratividefaultview')
INSERT [dbo].[metadatamanagedtable] ([tablename]) VALUES (N'graduatoriavardefaultview')
INSERT [dbo].[metadatamanagedtable] ([tablename]) VALUES (N'inquadramentodefaultview')
INSERT [dbo].[metadatamanagedtable] ([tablename]) VALUES (N'insegndefaultview')
INSERT [dbo].[metadatamanagedtable] ([tablename]) VALUES (N'insegnintegdefaultview')
INSERT [dbo].[metadatamanagedtable] ([tablename]) VALUES (N'inventorytreesegview')
INSERT [dbo].[metadatamanagedtable] ([tablename]) VALUES (N'iscrizionebmisegview')
INSERT [dbo].[metadatamanagedtable] ([tablename]) VALUES (N'iscrizionedefaultview')
INSERT [dbo].[metadatamanagedtable] ([tablename]) VALUES (N'iscrizionedidprogview')
INSERT [dbo].[metadatamanagedtable] ([tablename]) VALUES (N'iscrizionedotmasview')
INSERT [dbo].[metadatamanagedtable] ([tablename]) VALUES (N'iscrizioneingressoview')
INSERT [dbo].[metadatamanagedtable] ([tablename]) VALUES (N'iscrizioneseganagstuaccview')
INSERT [dbo].[metadatamanagedtable] ([tablename]) VALUES (N'iscrizioneseganagstumastview')
INSERT [dbo].[metadatamanagedtable] ([tablename]) VALUES (N'iscrizioneseganagstusingview')
INSERT [dbo].[metadatamanagedtable] ([tablename]) VALUES (N'iscrizioneseganagstustatoview')
INSERT [dbo].[metadatamanagedtable] ([tablename]) VALUES (N'iscrizioneseganagstuview')
INSERT [dbo].[metadatamanagedtable] ([tablename]) VALUES (N'iscrizionesegview')
INSERT [dbo].[metadatamanagedtable] ([tablename]) VALUES (N'iscrizionestatoview')
INSERT [dbo].[metadatamanagedtable] ([tablename]) VALUES (N'istanzaattachsegview')
INSERT [dbo].[metadatamanagedtable] ([tablename]) VALUES (N'istanzacert_segview')
INSERT [dbo].[metadatamanagedtable] ([tablename]) VALUES (N'istanzaeq_segview')
INSERT [dbo].[metadatamanagedtable] ([tablename]) VALUES (N'istanzaimm_seganagstupreview')
INSERT [dbo].[metadatamanagedtable] ([tablename]) VALUES (N'istanzaimm_seganagsturinview')
INSERT [dbo].[metadatamanagedtable] ([tablename]) VALUES (N'istanzaimm_seganagstuview')
INSERT [dbo].[metadatamanagedtable] ([tablename]) VALUES (N'istanzaimm_segpreview')
INSERT [dbo].[metadatamanagedtable] ([tablename]) VALUES (N'istanzaimm_segrinview')
INSERT [dbo].[metadatamanagedtable] ([tablename]) VALUES (N'istanzaimm_segview')
INSERT [dbo].[metadatamanagedtable] ([tablename]) VALUES (N'istanzakinddefaultview')
INSERT [dbo].[metadatamanagedtable] ([tablename]) VALUES (N'istanzapas_seganagstuview')
INSERT [dbo].[metadatamanagedtable] ([tablename]) VALUES (N'istanzarin_segview')
INSERT [dbo].[metadatamanagedtable] ([tablename]) VALUES (N'istanzaseganagstusonpreview')
INSERT [dbo].[metadatamanagedtable] ([tablename]) VALUES (N'istanzasosp_segview')
INSERT [dbo].[metadatamanagedtable] ([tablename]) VALUES (N'istanzatru_segview')
INSERT [dbo].[metadatamanagedtable] ([tablename]) VALUES (N'itinerationsegview')
INSERT [dbo].[metadatamanagedtable] ([tablename]) VALUES (N'learningagrstudsegview')
INSERT [dbo].[metadatamanagedtable] ([tablename]) VALUES (N'learningagrtrainersegview')
INSERT [dbo].[metadatamanagedtable] ([tablename]) VALUES (N'locationdefaultview')
INSERT [dbo].[metadatamanagedtable] ([tablename]) VALUES (N'nacedefaultview')
INSERT [dbo].[metadatamanagedtable] ([tablename]) VALUES (N'naturagiurdefaultview')
INSERT [dbo].[metadatamanagedtable] ([tablename]) VALUES (N'nullaostaimm_seganagstupreview')
INSERT [dbo].[metadatamanagedtable] ([tablename]) VALUES (N'nullaostaimm_seganagsturinview')
INSERT [dbo].[metadatamanagedtable] ([tablename]) VALUES (N'nullaostaimm_seganagstuview')
INSERT [dbo].[metadatamanagedtable] ([tablename]) VALUES (N'ofakinddefaultview')
INSERT [dbo].[metadatamanagedtable] ([tablename]) VALUES (N'orakindsegview')
INSERT [dbo].[metadatamanagedtable] ([tablename]) VALUES (N'pagamentokinddefaultview')
INSERT [dbo].[metadatamanagedtable] ([tablename]) VALUES (N'pettycashsegview')
INSERT [dbo].[metadatamanagedtable] ([tablename]) VALUES (N'pianostudiosegstudview')
INSERT [dbo].[metadatamanagedtable] ([tablename]) VALUES (N'pianostudiostatusdefaultview')
INSERT [dbo].[metadatamanagedtable] ([tablename]) VALUES (N'praticaseganagstuview')
INSERT [dbo].[metadatamanagedtable] ([tablename]) VALUES (N'praticasegstudview')
INSERT [dbo].[metadatamanagedtable] ([tablename]) VALUES (N'progettoactivitykinddefaultview')
INSERT [dbo].[metadatamanagedtable] ([tablename]) VALUES (N'progettokindsegview')
INSERT [dbo].[metadatamanagedtable] ([tablename]) VALUES (N'progettosegview')
INSERT [dbo].[metadatamanagedtable] ([tablename]) VALUES (N'progettoudrmembrokinddefaultview')
INSERT [dbo].[metadatamanagedtable] ([tablename]) VALUES (N'protocollodockindsegview')
INSERT [dbo].[metadatamanagedtable] ([tablename]) VALUES (N'protocollorifkindsegview')
INSERT [dbo].[metadatamanagedtable] ([tablename]) VALUES (N'protocollosegview')
INSERT [dbo].[metadatamanagedtable] ([tablename]) VALUES (N'provaaulaview')
INSERT [dbo].[metadatamanagedtable] ([tablename]) VALUES (N'provadefaultview')
INSERT [dbo].[metadatamanagedtable] ([tablename]) VALUES (N'provadotmasview')
INSERT [dbo].[metadatamanagedtable] ([tablename]) VALUES (N'provaingressoview')
INSERT [dbo].[metadatamanagedtable] ([tablename]) VALUES (N'provastatoview')
INSERT [dbo].[metadatamanagedtable] ([tablename]) VALUES (N'publicazdefaultview')
INSERT [dbo].[metadatamanagedtable] ([tablename]) VALUES (N'publicazdocentiview')
INSERT [dbo].[metadatamanagedtable] ([tablename]) VALUES (N'publicazkinddefaultview')
INSERT [dbo].[metadatamanagedtable] ([tablename]) VALUES (N'questionariodefaultview')
INSERT [dbo].[metadatamanagedtable] ([tablename]) VALUES (N'questionariodomkinddefaultview')
INSERT [dbo].[metadatamanagedtable] ([tablename]) VALUES (N'questionariokinddefaultview')
INSERT [dbo].[metadatamanagedtable] ([tablename]) VALUES (N'ratadefdefaultview')
INSERT [dbo].[metadatamanagedtable] ([tablename]) VALUES (N'ratadefmoreview')
INSERT [dbo].[metadatamanagedtable] ([tablename]) VALUES (N'ratadefscontiview')
INSERT [dbo].[metadatamanagedtable] ([tablename]) VALUES (N'ratakinddefaultview')
INSERT [dbo].[metadatamanagedtable] ([tablename]) VALUES (N'registryaddresssegview')
INSERT [dbo].[metadatamanagedtable] ([tablename]) VALUES (N'registryaddressuserview')
INSERT [dbo].[metadatamanagedtable] ([tablename]) VALUES (N'registryamministrativi_personaleview')
INSERT [dbo].[metadatamanagedtable] ([tablename]) VALUES (N'registryamministrativiview')
INSERT [dbo].[metadatamanagedtable] ([tablename]) VALUES (N'registryaziendeview')
INSERT [dbo].[metadatamanagedtable] ([tablename]) VALUES (N'registryclassaziendeview')
INSERT [dbo].[metadatamanagedtable] ([tablename]) VALUES (N'registryclassdefaultview')
INSERT [dbo].[metadatamanagedtable] ([tablename]) VALUES (N'registryclasspersoneview')
INSERT [dbo].[metadatamanagedtable] ([tablename]) VALUES (N'registrydefaultview')
INSERT [dbo].[metadatamanagedtable] ([tablename]) VALUES (N'registrydocenti_docview')
INSERT [dbo].[metadatamanagedtable] ([tablename]) VALUES (N'registrydocentiview')
INSERT [dbo].[metadatamanagedtable] ([tablename]) VALUES (N'registryistituti_princview')
INSERT [dbo].[metadatamanagedtable] ([tablename]) VALUES (N'registryistitutiesteriview')
INSERT [dbo].[metadatamanagedtable] ([tablename]) VALUES (N'registryistitutiview')
INSERT [dbo].[metadatamanagedtable] ([tablename]) VALUES (N'registryprogfinbandosegview')
INSERT [dbo].[metadatamanagedtable] ([tablename]) VALUES (N'registryprogfinsegview')
INSERT [dbo].[metadatamanagedtable] ([tablename]) VALUES (N'registrystudentiview')
INSERT [dbo].[metadatamanagedtable] ([tablename]) VALUES (N'registryuserview')
INSERT [dbo].[metadatamanagedtable] ([tablename]) VALUES (N'rendicontaltrokinddefaultview')
INSERT [dbo].[metadatamanagedtable] ([tablename]) VALUES (N'rendicontattivitaprogettoanagammview')
INSERT [dbo].[metadatamanagedtable] ([tablename]) VALUES (N'rendicontattivitaprogettoanagview')
INSERT [dbo].[metadatamanagedtable] ([tablename]) VALUES (N'rendicontattivitaprogettodocview')
INSERT [dbo].[metadatamanagedtable] ([tablename]) VALUES (N'rendicontattivitaprogettosegview')
INSERT [dbo].[metadatamanagedtable] ([tablename]) VALUES (N'saldefaultview')
INSERT [dbo].[metadatamanagedtable] ([tablename]) VALUES (N'sasddefaultview')
GO
INSERT [dbo].[metadatamanagedtable] ([tablename]) VALUES (N'sasdgruppodefaultview')
INSERT [dbo].[metadatamanagedtable] ([tablename]) VALUES (N'sededefaultview')
INSERT [dbo].[metadatamanagedtable] ([tablename]) VALUES (N'sedeseg_child_aziendaview')
INSERT [dbo].[metadatamanagedtable] ([tablename]) VALUES (N'sedeseg_childview')
INSERT [dbo].[metadatamanagedtable] ([tablename]) VALUES (N'sessionedefaultview')
INSERT [dbo].[metadatamanagedtable] ([tablename]) VALUES (N'sessionekinddefaultview')
INSERT [dbo].[metadatamanagedtable] ([tablename]) VALUES (N'settoreercsegview')
INSERT [dbo].[metadatamanagedtable] ([tablename]) VALUES (N'sostenimentodefaultview')
INSERT [dbo].[metadatamanagedtable] ([tablename]) VALUES (N'sostenimentodidprogview')
INSERT [dbo].[metadatamanagedtable] ([tablename]) VALUES (N'sostenimentoesitodefaultview')
INSERT [dbo].[metadatamanagedtable] ([tablename]) VALUES (N'sostenimentoingressoview')
INSERT [dbo].[metadatamanagedtable] ([tablename]) VALUES (N'sostenimentoseganagstuaccview')
INSERT [dbo].[metadatamanagedtable] ([tablename]) VALUES (N'sostenimentoseganagstuconsmastview')
INSERT [dbo].[metadatamanagedtable] ([tablename]) VALUES (N'sostenimentoseganagstusingview')
INSERT [dbo].[metadatamanagedtable] ([tablename]) VALUES (N'sostenimentoseganagstustatoview')
INSERT [dbo].[metadatamanagedtable] ([tablename]) VALUES (N'sostenimentoseganagstuview')
INSERT [dbo].[metadatamanagedtable] ([tablename]) VALUES (N'sostenimentosegconsview')
INSERT [dbo].[metadatamanagedtable] ([tablename]) VALUES (N'sostenimentosegstudview')
INSERT [dbo].[metadatamanagedtable] ([tablename]) VALUES (N'stipendiokinddefaultview')
INSERT [dbo].[metadatamanagedtable] ([tablename]) VALUES (N'strutturadefaultview')
INSERT [dbo].[metadatamanagedtable] ([tablename]) VALUES (N'strutturakinddefaultview')
INSERT [dbo].[metadatamanagedtable] ([tablename]) VALUES (N'strutturaprincview')
INSERT [dbo].[metadatamanagedtable] ([tablename]) VALUES (N'strutturaseg_childview')
INSERT [dbo].[metadatamanagedtable] ([tablename]) VALUES (N'studdirittokinddefaultview')
INSERT [dbo].[metadatamanagedtable] ([tablename]) VALUES (N'studprenotkinddefaultview')
INSERT [dbo].[metadatamanagedtable] ([tablename]) VALUES (N'tassaconfdefaultview')
INSERT [dbo].[metadatamanagedtable] ([tablename]) VALUES (N'tassaconfkinddefaultview')
INSERT [dbo].[metadatamanagedtable] ([tablename]) VALUES (N'tassacsingconfdefaultview')
INSERT [dbo].[metadatamanagedtable] ([tablename]) VALUES (N'tassaiscrizioneconfdefaultview')
INSERT [dbo].[metadatamanagedtable] ([tablename]) VALUES (N'tassaistanzaconfdefaultview')
INSERT [dbo].[metadatamanagedtable] ([tablename]) VALUES (N'taxsegview')
INSERT [dbo].[metadatamanagedtable] ([tablename]) VALUES (N'tipoattformdefaultview')
INSERT [dbo].[metadatamanagedtable] ([tablename]) VALUES (N'tirociniocandidaturakinddefaultview')
INSERT [dbo].[metadatamanagedtable] ([tablename]) VALUES (N'tirocinioprogettosegview')
INSERT [dbo].[metadatamanagedtable] ([tablename]) VALUES (N'tirociniopropostosegview')
INSERT [dbo].[metadatamanagedtable] ([tablename]) VALUES (N'tirociniostatodefaultview')
INSERT [dbo].[metadatamanagedtable] ([tablename]) VALUES (N'titolostudiodocentiview')
INSERT [dbo].[metadatamanagedtable] ([tablename]) VALUES (N'upbdefaultview')
INSERT [dbo].[metadatamanagedtable] ([tablename]) VALUES (N'upbsegview')
INSERT [dbo].[metadatamanagedtable] ([tablename]) VALUES (N'workpackagesegview')
GO
INSERT [dbo].[metadataprimarykey] ([tablename], [primarykey]) VALUES (N'accmotivedefaultview', N'"idaccmotive"')
INSERT [dbo].[metadataprimarykey] ([tablename], [primarykey]) VALUES (N'accmotivesegview', N'"idaccmotive"')
INSERT [dbo].[metadataprimarykey] ([tablename], [primarykey]) VALUES (N'accordoscambiomidettazsegview', N'"idaccordoscambiomi","idaccordoscambiomidettaz","idreg_aziende"')
INSERT [dbo].[metadataprimarykey] ([tablename], [primarykey]) VALUES (N'accordoscambiomidettsegview', N'"idaccordoscambiomi","idaccordoscambiomidett","idreg_istitutiesteri"')
INSERT [dbo].[metadataprimarykey] ([tablename], [primarykey]) VALUES (N'accordoscambiomisegview', N'"idaccordoscambiomi"')
INSERT [dbo].[metadataprimarykey] ([tablename], [primarykey]) VALUES (N'accreditokinddefaultview', N'"idaccreditokind"')
INSERT [dbo].[metadataprimarykey] ([tablename], [primarykey]) VALUES (N'addresssegview', N'"idaddress"')
INSERT [dbo].[metadataprimarykey] ([tablename], [primarykey]) VALUES (N'affidamentodefaultview', N'"aa","idaffidamento","idattivform","idcanale","idcorsostudio","iddidprog","iddidproganno","iddidprogcurr","iddidprogori","iddidprogporzanno"')
INSERT [dbo].[metadataprimarykey] ([tablename], [primarykey]) VALUES (N'affidamentodocview', N'"aa","idaffidamento","idattivform","idcanale","idcorsostudio","iddidprog","iddidproganno","iddidprogcurr","iddidprogori","iddidprogporzanno","idreg_docenti"')
INSERT [dbo].[metadataprimarykey] ([tablename], [primarykey]) VALUES (N'affidamentokinddefaultview', N'"idaffidamentokind"')
INSERT [dbo].[metadataprimarykey] ([tablename], [primarykey]) VALUES (N'affidamentosegview', N'"aa","idaffidamento","idattivform","idcanale","idcorsostudio","iddidprog","iddidproganno","iddidprogcurr","iddidprogori","iddidprogporzanno","idreg_docenti"')
INSERT [dbo].[metadataprimarykey] ([tablename], [primarykey]) VALUES (N'ambitoareadiscdefaultview', N'"idambitoareadisc"')
INSERT [dbo].[metadataprimarykey] ([tablename], [primarykey]) VALUES (N'aoodefaultview', N'"idaoo"')
INSERT [dbo].[metadataprimarykey] ([tablename], [primarykey]) VALUES (N'aooprincview', N'"idaoo"')
INSERT [dbo].[metadataprimarykey] ([tablename], [primarykey]) VALUES (N'appelloazionekinddefaultview', N'"idappelloazionekind"')
INSERT [dbo].[metadataprimarykey] ([tablename], [primarykey]) VALUES (N'appellodefaultview', N'"idappello"')
INSERT [dbo].[metadataprimarykey] ([tablename], [primarykey]) VALUES (N'appelloerogataview', N'"idappello"')
INSERT [dbo].[metadataprimarykey] ([tablename], [primarykey]) VALUES (N'appellokinddefaultview', N'"idappellokind"')
INSERT [dbo].[metadataprimarykey] ([tablename], [primarykey]) VALUES (N'areadidatticadefaultview', N'"idareadidattica"')
INSERT [dbo].[metadataprimarykey] ([tablename], [primarykey]) VALUES (N'assetacquiresegview', N'"nassetacquire"')
INSERT [dbo].[metadataprimarykey] ([tablename], [primarykey]) VALUES (N'assetdiarydocview', N'"idassetdiary"')
INSERT [dbo].[metadataprimarykey] ([tablename], [primarykey]) VALUES (N'assetsegview', N'"idasset","idpiece"')
INSERT [dbo].[metadataprimarykey] ([tablename], [primarykey]) VALUES (N'assicurazionedefaultview', N'"idassicurazione"')
INSERT [dbo].[metadataprimarykey] ([tablename], [primarykey]) VALUES (N'atecodefaultview', N'"idateco"')
INSERT [dbo].[metadataprimarykey] ([tablename], [primarykey]) VALUES (N'attivformappelloview', N'"aa","idattivform","idcorsostudio","iddidprog","iddidproganno","iddidprogcurr","iddidprogori","iddidprogporzanno","idsede"')
INSERT [dbo].[metadataprimarykey] ([tablename], [primarykey]) VALUES (N'attivformdefaultview', N'"aa","idattivform","idcorsostudio","iddidprog","iddidproganno","iddidprogcurr","iddidprogori","iddidprogporzanno","idsede"')
INSERT [dbo].[metadataprimarykey] ([tablename], [primarykey]) VALUES (N'attivformerogataview', N'"aa","idattivform","idcorsostudio","iddidprog","iddidproganno","iddidprogcurr","iddidprogori","iddidprogporzanno","idsede"')
INSERT [dbo].[metadataprimarykey] ([tablename], [primarykey]) VALUES (N'attivformgruppoview', N'"aa","idattivform","idcorsostudio","iddidprog","iddidproganno","iddidprogcurr","iddidprogori","iddidprogporzanno","idsede"')
INSERT [dbo].[metadataprimarykey] ([tablename], [primarykey]) VALUES (N'attivformpropedview', N'"aa","idattivform","idcorsostudio","iddidprog","iddidproganno","iddidprogcurr","iddidprogori","iddidprogporzanno","idsede"')
INSERT [dbo].[metadataprimarykey] ([tablename], [primarykey]) VALUES (N'auladefaultview', N'"idaula","idedificio","idsede"')
INSERT [dbo].[metadataprimarykey] ([tablename], [primarykey]) VALUES (N'aulakinddefaultview', N'"idaulakind"')
INSERT [dbo].[metadataprimarykey] ([tablename], [primarykey]) VALUES (N'aulaseg_childview', N'"idaula","idedificio","idsede"')
INSERT [dbo].[metadataprimarykey] ([tablename], [primarykey]) VALUES (N'bandodsiscresitokinddefaultview', N'"idbandodsiscresitokind"')
INSERT [dbo].[metadataprimarykey] ([tablename], [primarykey]) VALUES (N'bandodssegview', N'"idbandods"')
INSERT [dbo].[metadataprimarykey] ([tablename], [primarykey]) VALUES (N'bandodsserviziosegview', N'"idbandods","idbandodsservizio"')
INSERT [dbo].[metadataprimarykey] ([tablename], [primarykey]) VALUES (N'bandomisegview', N'"idbandomi"')
INSERT [dbo].[metadataprimarykey] ([tablename], [primarykey]) VALUES (N'bandomobilitaintkinddefaultview', N'"idbandomobilitaintkind"')
INSERT [dbo].[metadataprimarykey] ([tablename], [primarykey]) VALUES (N'canaleerogataview', N'"aa","idattivform","idcanale","idcorsostudio","iddidprog","iddidproganno","iddidprogcurr","iddidprogori","iddidprogporzanno"')
INSERT [dbo].[metadataprimarykey] ([tablename], [primarykey]) VALUES (N'ccnldefaultview', N'"idccnl"')
INSERT [dbo].[metadataprimarykey] ([tablename], [primarykey]) VALUES (N'cefrdefaultview', N'"idcefr"')
INSERT [dbo].[metadataprimarykey] ([tablename], [primarykey]) VALUES (N'changeskinddefaultview', N'"idchangeskind"')
INSERT [dbo].[metadataprimarykey] ([tablename], [primarykey]) VALUES (N'classconsorsualedefaultview', N'"idclassconsorsuale"')
INSERT [dbo].[metadataprimarykey] ([tablename], [primarykey]) VALUES (N'classescuoladefaultview', N'"idclassescuola"')
INSERT [dbo].[metadataprimarykey] ([tablename], [primarykey]) VALUES (N'classescuolakinddefaultview', N'"idclassescuolakind"')
INSERT [dbo].[metadataprimarykey] ([tablename], [primarykey]) VALUES (N'contrattokinddefaultview', N'"idcontrattokind"')
INSERT [dbo].[metadataprimarykey] ([tablename], [primarykey]) VALUES (N'convenzionesegview', N'"idconvenzione","idreg"')
INSERT [dbo].[metadataprimarykey] ([tablename], [primarykey]) VALUES (N'corsostudiodefaultview', N'"idcorsostudio"')
INSERT [dbo].[metadataprimarykey] ([tablename], [primarykey]) VALUES (N'corsostudiodotmasview', N'"idcorsostudio"')
INSERT [dbo].[metadataprimarykey] ([tablename], [primarykey]) VALUES (N'corsostudioingressoview', N'"idcorsostudio"')
INSERT [dbo].[metadataprimarykey] ([tablename], [primarykey]) VALUES (N'corsostudiokinddefaultview', N'"idcorsostudiokind"')
INSERT [dbo].[metadataprimarykey] ([tablename], [primarykey]) VALUES (N'corsostudiolivellodefaultview', N'"idcorsostudiolivello"')
INSERT [dbo].[metadataprimarykey] ([tablename], [primarykey]) VALUES (N'corsostudionormadefaultview', N'"idcorsostudionorma"')
INSERT [dbo].[metadataprimarykey] ([tablename], [primarykey]) VALUES (N'corsostudiostatoview', N'"idcorsostudio"')
INSERT [dbo].[metadataprimarykey] ([tablename], [primarykey]) VALUES (N'costoscontodefkinddefaultview', N'"idcostoscontodefkind"')
INSERT [dbo].[metadataprimarykey] ([tablename], [primarykey]) VALUES (N'costoscontodefmoreview', N'"idcostoscontodef"')
INSERT [dbo].[metadataprimarykey] ([tablename], [primarykey]) VALUES (N'costoscontodefscontiview', N'"idcostoscontodef"')
INSERT [dbo].[metadataprimarykey] ([tablename], [primarykey]) VALUES (N'decadenzasegview', N'"iddecadenza","idiscrizione","idreg_studenti"')
INSERT [dbo].[metadataprimarykey] ([tablename], [primarykey]) VALUES (N'deliberasegview', N'"iddelibera"')
INSERT [dbo].[metadataprimarykey] ([tablename], [primarykey]) VALUES (N'dichiar', N'"iddichiar","idreg"')
INSERT [dbo].[metadataprimarykey] ([tablename], [primarykey]) VALUES (N'dichiaraltre_segview', N'"iddichiar","idreg"')
INSERT [dbo].[metadataprimarykey] ([tablename], [primarykey]) VALUES (N'dichiaraltrekinddefaultview', N'"iddichiaraltrekind"')
INSERT [dbo].[metadataprimarykey] ([tablename], [primarykey]) VALUES (N'dichiaraltrititoli_segview', N'"iddichiar","idreg"')
INSERT [dbo].[metadataprimarykey] ([tablename], [primarykey]) VALUES (N'dichiardisabil_segview', N'"iddichiar","idreg"')
INSERT [dbo].[metadataprimarykey] ([tablename], [primarykey]) VALUES (N'dichiardisabilkinddefaultview', N'"iddichiardisabilkind"')
INSERT [dbo].[metadataprimarykey] ([tablename], [primarykey]) VALUES (N'dichiardisabilsuppkinddefaultview', N'"iddichiardisabilsuppkind"')
INSERT [dbo].[metadataprimarykey] ([tablename], [primarykey]) VALUES (N'dichiarisee_segview', N'"iddichiar","idreg"')
INSERT [dbo].[metadataprimarykey] ([tablename], [primarykey]) VALUES (N'dichiarkinddefaultview', N'"iddichiarkind"')
INSERT [dbo].[metadataprimarykey] ([tablename], [primarykey]) VALUES (N'dichiarsegview', N'"iddichiar","idreg"')
INSERT [dbo].[metadataprimarykey] ([tablename], [primarykey]) VALUES (N'dichiartitolo_segview', N'"iddichiar","idreg"')
INSERT [dbo].[metadataprimarykey] ([tablename], [primarykey]) VALUES (N'diderogdefaultview', N'"aa","idcorsostudio","idsede"')
INSERT [dbo].[metadataprimarykey] ([tablename], [primarykey]) VALUES (N'didprogannodefaultview', N'"aa","idcorsostudio","iddidprog","iddidproganno","iddidprogcurr","iddidprogori"')
INSERT [dbo].[metadataprimarykey] ([tablename], [primarykey]) VALUES (N'didprogdefaultview', N'"idcorsostudio","iddidprog"')
INSERT [dbo].[metadataprimarykey] ([tablename], [primarykey]) VALUES (N'didprogdotmasview', N'"idcorsostudio","iddidprog"')
INSERT [dbo].[metadataprimarykey] ([tablename], [primarykey]) VALUES (N'didprogingressoview', N'"idcorsostudio","iddidprog"')
INSERT [dbo].[metadataprimarykey] ([tablename], [primarykey]) VALUES (N'didprogoridefaultview', N'"idcorsostudio","iddidprog","iddidprogcurr","iddidprogori"')
INSERT [dbo].[metadataprimarykey] ([tablename], [primarykey]) VALUES (N'didprogorisceltacorsoview', N'"idcorsostudio","iddidprog","iddidprogcurr","iddidprogori"')
INSERT [dbo].[metadataprimarykey] ([tablename], [primarykey]) VALUES (N'didprogporzannodefaultview', N'"aa","idcorsostudio","iddidprog","iddidproganno","iddidprogcurr","iddidprogori","iddidprogporzanno"')
INSERT [dbo].[metadataprimarykey] ([tablename], [primarykey]) VALUES (N'didprogstatoview', N'"idcorsostudio","iddidprog"')
INSERT [dbo].[metadataprimarykey] ([tablename], [primarykey]) VALUES (N'duratakinddefaultview', N'"idduratakind"')
INSERT [dbo].[metadataprimarykey] ([tablename], [primarykey]) VALUES (N'edificiodefaultview', N'"idedificio","idsede"')
INSERT [dbo].[metadataprimarykey] ([tablename], [primarykey]) VALUES (N'edificioseg_childview', N'"idedificio","idsede"')
INSERT [dbo].[metadataprimarykey] ([tablename], [primarykey]) VALUES (N'erogazkinddefaultview', N'"iderogazkind"')
INSERT [dbo].[metadataprimarykey] ([tablename], [primarykey]) VALUES (N'esonero', N'"idesonero"')
INSERT [dbo].[metadataprimarykey] ([tablename], [primarykey]) VALUES (N'esonerocarrieraview', N'"idesonero"')
INSERT [dbo].[metadataprimarykey] ([tablename], [primarykey]) VALUES (N'esonerodefaultview', N'"idesonero"')
INSERT [dbo].[metadataprimarykey] ([tablename], [primarykey]) VALUES (N'esonerodisabilview', N'"idesonero"')
INSERT [dbo].[metadataprimarykey] ([tablename], [primarykey]) VALUES (N'esonerotitolostudioview', N'"idesonero"')
INSERT [dbo].[metadataprimarykey] ([tablename], [primarykey]) VALUES (N'expensesegview', N'"idexp"')
INSERT [dbo].[metadataprimarykey] ([tablename], [primarykey]) VALUES (N'expenseviewdettaglio_dei_costiview', N'""')
INSERT [dbo].[metadataprimarykey] ([tablename], [primarykey]) VALUES (N'fasciaiseedefdefaultview', N'"idcostoscontodef","idfasciaiseedef"')
INSERT [dbo].[metadataprimarykey] ([tablename], [primarykey]) VALUES (N'fasciaiseedefmoreview', N'"idcostoscontodef","idfasciaiseedef"')
INSERT [dbo].[metadataprimarykey] ([tablename], [primarykey]) VALUES (N'fasciaiseedefscontiview', N'"idcostoscontodef","idfasciaiseedef"')
INSERT [dbo].[metadataprimarykey] ([tablename], [primarykey]) VALUES (N'fonteindicebibliometricosegview', N'"idfonteindicebibliometrico"')
INSERT [dbo].[metadataprimarykey] ([tablename], [primarykey]) VALUES (N'geo_citydefaultview', N'"idcity"')
INSERT [dbo].[metadataprimarykey] ([tablename], [primarykey]) VALUES (N'geo_cityseg5view', N'"idcity"')
INSERT [dbo].[metadataprimarykey] ([tablename], [primarykey]) VALUES (N'geo_citysegchildview', N'"idcity"')
INSERT [dbo].[metadataprimarykey] ([tablename], [primarykey]) VALUES (N'geo_citysegview', N'"idcity"')
INSERT [dbo].[metadataprimarykey] ([tablename], [primarykey]) VALUES (N'geo_countrysegchildview', N'"idcountry"')
INSERT [dbo].[metadataprimarykey] ([tablename], [primarykey]) VALUES (N'geo_countrysegview', N'"idcountry"')
INSERT [dbo].[metadataprimarykey] ([tablename], [primarykey]) VALUES (N'geo_nationlingueview', N'"idnation"')
GO
INSERT [dbo].[metadataprimarykey] ([tablename], [primarykey]) VALUES (N'geo_nationsegchildview', N'"idnation"')
INSERT [dbo].[metadataprimarykey] ([tablename], [primarykey]) VALUES (N'geo_nationsegview', N'"idnation"')
INSERT [dbo].[metadataprimarykey] ([tablename], [primarykey]) VALUES (N'geo_regionsegview', N'"idregion"')
INSERT [dbo].[metadataprimarykey] ([tablename], [primarykey]) VALUES (N'getcostididatticadefaultview', N'"aa","idaffidamento","idcontrattokind","idcorsostudio","iddidprog","iddidprogcurr","idsede"')
INSERT [dbo].[metadataprimarykey] ([tablename], [primarykey]) VALUES (N'getdocentiperssdsegview', N'"aa","idreg"')
INSERT [dbo].[metadataprimarykey] ([tablename], [primarykey]) VALUES (N'getregistrydocentiamministratividefaultview', N'"idreg"')
INSERT [dbo].[metadataprimarykey] ([tablename], [primarykey]) VALUES (N'graduatoriavardefaultview', N'"idgraduatoriavar"')
INSERT [dbo].[metadataprimarykey] ([tablename], [primarykey]) VALUES (N'inquadramentodefaultview', N'"idcontrattokind","idinquadramento"')
INSERT [dbo].[metadataprimarykey] ([tablename], [primarykey]) VALUES (N'insegndefaultview', N'"idinsegn"')
INSERT [dbo].[metadataprimarykey] ([tablename], [primarykey]) VALUES (N'insegnintegdefaultview', N'"idinsegn","idinsegninteg"')
INSERT [dbo].[metadataprimarykey] ([tablename], [primarykey]) VALUES (N'inventorytreesegview', N'"idinv"')
INSERT [dbo].[metadataprimarykey] ([tablename], [primarykey]) VALUES (N'iscrizionebmisegview', N'"idbandomi","idiscrizionebmi","idreg"')
INSERT [dbo].[metadataprimarykey] ([tablename], [primarykey]) VALUES (N'iscrizionedefaultview', N'"idcorsostudio","iddidprog","idiscrizione","idreg"')
INSERT [dbo].[metadataprimarykey] ([tablename], [primarykey]) VALUES (N'iscrizionedidprogview', N'"idcorsostudio","iddidprog","idiscrizione","idreg"')
INSERT [dbo].[metadataprimarykey] ([tablename], [primarykey]) VALUES (N'iscrizionedotmasview', N'"idcorsostudio","iddidprog","idiscrizione","idreg"')
INSERT [dbo].[metadataprimarykey] ([tablename], [primarykey]) VALUES (N'iscrizioneingressoview', N'"idcorsostudio","iddidprog","idiscrizione","idreg"')
INSERT [dbo].[metadataprimarykey] ([tablename], [primarykey]) VALUES (N'iscrizioneseganagstuaccview', N'"idcorsostudio","iddidprog","idiscrizione","idreg"')
INSERT [dbo].[metadataprimarykey] ([tablename], [primarykey]) VALUES (N'iscrizioneseganagstumastview', N'"idcorsostudio","iddidprog","idiscrizione","idreg"')
INSERT [dbo].[metadataprimarykey] ([tablename], [primarykey]) VALUES (N'iscrizioneseganagstusingview', N'"idiscrizione","idreg"')
INSERT [dbo].[metadataprimarykey] ([tablename], [primarykey]) VALUES (N'iscrizioneseganagstustatoview', N'"idcorsostudio","iddidprog","idiscrizione","idreg"')
INSERT [dbo].[metadataprimarykey] ([tablename], [primarykey]) VALUES (N'iscrizioneseganagstuview', N'"idcorsostudio","iddidprog","idiscrizione","idreg"')
INSERT [dbo].[metadataprimarykey] ([tablename], [primarykey]) VALUES (N'iscrizionesegview', N'"idcorsostudio","iddidprog","idiscrizione","idreg"')
INSERT [dbo].[metadataprimarykey] ([tablename], [primarykey]) VALUES (N'iscrizionestatoview', N'"idcorsostudio","iddidprog","idiscrizione","idreg"')
INSERT [dbo].[metadataprimarykey] ([tablename], [primarykey]) VALUES (N'istanzaattachsegview', N'"idattach","idistanza","idistanzakind","idreg"')
INSERT [dbo].[metadataprimarykey] ([tablename], [primarykey]) VALUES (N'istanzacert_segview', N'"idistanza","idistanzakind","idreg_studenti"')
INSERT [dbo].[metadataprimarykey] ([tablename], [primarykey]) VALUES (N'istanzaeq_segview', N'"idistanza","idistanzakind","idreg_studenti"')
INSERT [dbo].[metadataprimarykey] ([tablename], [primarykey]) VALUES (N'istanzaimm_seganagstupreview', N'"idcorsostudio","iddidprog","idistanza","idistanzakind","idreg_studenti"')
INSERT [dbo].[metadataprimarykey] ([tablename], [primarykey]) VALUES (N'istanzaimm_seganagsturinview', N'"idcorsostudio","iddidprog","idistanza","idistanzakind","idreg_studenti"')
INSERT [dbo].[metadataprimarykey] ([tablename], [primarykey]) VALUES (N'istanzaimm_seganagstuview', N'"idcorsostudio","iddidprog","idistanza","idistanzakind","idreg_studenti"')
INSERT [dbo].[metadataprimarykey] ([tablename], [primarykey]) VALUES (N'istanzaimm_segpreview', N'"idcorsostudio","iddidprog","idistanza","idistanzakind","idreg_studenti"')
INSERT [dbo].[metadataprimarykey] ([tablename], [primarykey]) VALUES (N'istanzaimm_segrinview', N'"idcorsostudio","iddidprog","idistanza","idistanzakind","idreg_studenti"')
INSERT [dbo].[metadataprimarykey] ([tablename], [primarykey]) VALUES (N'istanzaimm_segview', N'"idcorsostudio","iddidprog","idistanza","idistanzakind","idreg_studenti"')
INSERT [dbo].[metadataprimarykey] ([tablename], [primarykey]) VALUES (N'istanzakinddefaultview', N'"idistanzakind"')
INSERT [dbo].[metadataprimarykey] ([tablename], [primarykey]) VALUES (N'istanzapas_seganagstuview', N'"idcorsostudio","iddidprog","idiscrizione","idistanza","idistanzakind","idreg_studenti"')
INSERT [dbo].[metadataprimarykey] ([tablename], [primarykey]) VALUES (N'istanzarin_segview', N'"idistanza","idistanzakind","idreg_studenti"')
INSERT [dbo].[metadataprimarykey] ([tablename], [primarykey]) VALUES (N'istanzaseganagstusonpreview', N'"idcorsostudio","iddidprog","idistanza","idistanzakind","idreg_studenti","paridistanza"')
INSERT [dbo].[metadataprimarykey] ([tablename], [primarykey]) VALUES (N'istanzasosp_segview', N'"idistanza","idistanzakind","idreg_studenti"')
INSERT [dbo].[metadataprimarykey] ([tablename], [primarykey]) VALUES (N'istanzatru_segview', N'"idistanza","idistanzakind","idreg_studenti"')
INSERT [dbo].[metadataprimarykey] ([tablename], [primarykey]) VALUES (N'itinerationsegview', N'"iditineration"')
INSERT [dbo].[metadataprimarykey] ([tablename], [primarykey]) VALUES (N'learningagrstudsegview', N'"idbandomi","idiscrizionebmi","idlearningagrstud","idreg"')
INSERT [dbo].[metadataprimarykey] ([tablename], [primarykey]) VALUES (N'learningagrtrainersegview', N'"idbandomi","idiscrizionebmi","idlearningagrtrainer","idreg"')
INSERT [dbo].[metadataprimarykey] ([tablename], [primarykey]) VALUES (N'locationdefaultview', N'"idlocation"')
INSERT [dbo].[metadataprimarykey] ([tablename], [primarykey]) VALUES (N'nacedefaultview', N'"idnace"')
INSERT [dbo].[metadataprimarykey] ([tablename], [primarykey]) VALUES (N'naturagiurdefaultview', N'"idnaturagiur"')
INSERT [dbo].[metadataprimarykey] ([tablename], [primarykey]) VALUES (N'nullaostaimm_seganagstupreview', N'"idcorsostudio","iddidprog","idistanza","idistanzakind","idnullaosta","idreg"')
INSERT [dbo].[metadataprimarykey] ([tablename], [primarykey]) VALUES (N'nullaostaimm_seganagsturinview', N'"idcorsostudio","iddidprog","idistanza","idistanzakind","idnullaosta","idreg"')
INSERT [dbo].[metadataprimarykey] ([tablename], [primarykey]) VALUES (N'nullaostaimm_seganagstuview', N'"idcorsostudio","iddidprog","idistanza","idistanzakind","idnullaosta","idreg"')
INSERT [dbo].[metadataprimarykey] ([tablename], [primarykey]) VALUES (N'ofakinddefaultview', N'"idofakind"')
INSERT [dbo].[metadataprimarykey] ([tablename], [primarykey]) VALUES (N'orakindsegview', N'"idorakind"')
INSERT [dbo].[metadataprimarykey] ([tablename], [primarykey]) VALUES (N'pagamentokinddefaultview', N'"idpagamentokind"')
INSERT [dbo].[metadataprimarykey] ([tablename], [primarykey]) VALUES (N'pettycashsegview', N'"idpettycash"')
INSERT [dbo].[metadataprimarykey] ([tablename], [primarykey]) VALUES (N'pianostudiosegstudview', N'"idcorsostudio","iddidprog","idiscrizione","idpianostudio","idreg"')
INSERT [dbo].[metadataprimarykey] ([tablename], [primarykey]) VALUES (N'pianostudiostatusdefaultview', N'"idpianostudiostatus"')
INSERT [dbo].[metadataprimarykey] ([tablename], [primarykey]) VALUES (N'praticaseganagstuview', N'"idcorsostudio","iddidprog","idiscrizione","idistanza","idistanzakind","idpratica","idreg"')
INSERT [dbo].[metadataprimarykey] ([tablename], [primarykey]) VALUES (N'praticasegstudview', N'"idcorsostudio","iddidprog","idiscrizione","idistanza","idistanzakind","idpratica","idreg"')
INSERT [dbo].[metadataprimarykey] ([tablename], [primarykey]) VALUES (N'progettoactivitykinddefaultview', N'"idprogettoactivitykind"')
INSERT [dbo].[metadataprimarykey] ([tablename], [primarykey]) VALUES (N'progettokindsegview', N'"idprogettokind"')
INSERT [dbo].[metadataprimarykey] ([tablename], [primarykey]) VALUES (N'progettosegview', N'"idprogetto"')
INSERT [dbo].[metadataprimarykey] ([tablename], [primarykey]) VALUES (N'progettoudrmembrokinddefaultview', N'"idprogettoudrmembrokind"')
INSERT [dbo].[metadataprimarykey] ([tablename], [primarykey]) VALUES (N'protocollodockindsegview', N'"idprotocollodockind"')
INSERT [dbo].[metadataprimarykey] ([tablename], [primarykey]) VALUES (N'protocollorifkindsegview', N'"idprotocollorifkind"')
INSERT [dbo].[metadataprimarykey] ([tablename], [primarykey]) VALUES (N'protocollosegview', N'"protanno","protnumero"')
INSERT [dbo].[metadataprimarykey] ([tablename], [primarykey]) VALUES (N'provaaulaview', N'"idprova"')
INSERT [dbo].[metadataprimarykey] ([tablename], [primarykey]) VALUES (N'provadefaultview', N'"idappello","idprova"')
INSERT [dbo].[metadataprimarykey] ([tablename], [primarykey]) VALUES (N'provadotmasview', N'"idcorsostudio","iddidprog","idprova"')
INSERT [dbo].[metadataprimarykey] ([tablename], [primarykey]) VALUES (N'provaingressoview', N'"idcorsostudio","iddidprog","idprova"')
INSERT [dbo].[metadataprimarykey] ([tablename], [primarykey]) VALUES (N'provastatoview', N'"idcorsostudio","iddidprog","idprova"')
INSERT [dbo].[metadataprimarykey] ([tablename], [primarykey]) VALUES (N'publicazdefaultview', N'"idpublicaz"')
INSERT [dbo].[metadataprimarykey] ([tablename], [primarykey]) VALUES (N'publicazdocentiview', N'"idpublicaz"')
INSERT [dbo].[metadataprimarykey] ([tablename], [primarykey]) VALUES (N'publicazkinddefaultview', N'"idpublicazkind"')
INSERT [dbo].[metadataprimarykey] ([tablename], [primarykey]) VALUES (N'questionariodefaultview', N'"idquestionario"')
INSERT [dbo].[metadataprimarykey] ([tablename], [primarykey]) VALUES (N'questionariodomkinddefaultview', N'"idquestionariodomkind"')
INSERT [dbo].[metadataprimarykey] ([tablename], [primarykey]) VALUES (N'questionariokinddefaultview', N'"idquestionariokind"')
INSERT [dbo].[metadataprimarykey] ([tablename], [primarykey]) VALUES (N'ratadefdefaultview', N'"idcostoscontodef","idfasciaiseedef","idratadef"')
INSERT [dbo].[metadataprimarykey] ([tablename], [primarykey]) VALUES (N'ratadefmoreview', N'"idcostoscontodef","idfasciaiseedef","idratadef"')
INSERT [dbo].[metadataprimarykey] ([tablename], [primarykey]) VALUES (N'ratadefscontiview', N'"idcostoscontodef","idfasciaiseedef","idratadef"')
INSERT [dbo].[metadataprimarykey] ([tablename], [primarykey]) VALUES (N'ratakinddefaultview', N'"idratakind"')
INSERT [dbo].[metadataprimarykey] ([tablename], [primarykey]) VALUES (N'registryaddresssegview', N'"idaddresskind","idreg","start"')
INSERT [dbo].[metadataprimarykey] ([tablename], [primarykey]) VALUES (N'registryaddressuserview', N'"idaddresskind","idreg","start"')
INSERT [dbo].[metadataprimarykey] ([tablename], [primarykey]) VALUES (N'registryamministrativi_personaleview', N'"idreg"')
INSERT [dbo].[metadataprimarykey] ([tablename], [primarykey]) VALUES (N'registryamministrativiview', N'"idreg"')
INSERT [dbo].[metadataprimarykey] ([tablename], [primarykey]) VALUES (N'registryaziendeview', N'"idreg"')
INSERT [dbo].[metadataprimarykey] ([tablename], [primarykey]) VALUES (N'registryclassaziendeview', N'"idregistryclass"')
INSERT [dbo].[metadataprimarykey] ([tablename], [primarykey]) VALUES (N'registryclassdefaultview', N'"idregistryclass"')
INSERT [dbo].[metadataprimarykey] ([tablename], [primarykey]) VALUES (N'registryclasspersoneview', N'"idregistryclass"')
INSERT [dbo].[metadataprimarykey] ([tablename], [primarykey]) VALUES (N'registrydefaultview', N'"idreg"')
INSERT [dbo].[metadataprimarykey] ([tablename], [primarykey]) VALUES (N'registrydocenti_docview', N'"idreg"')
INSERT [dbo].[metadataprimarykey] ([tablename], [primarykey]) VALUES (N'registrydocentiview', N'"idreg"')
INSERT [dbo].[metadataprimarykey] ([tablename], [primarykey]) VALUES (N'registryistituti_princview', N'"idreg"')
INSERT [dbo].[metadataprimarykey] ([tablename], [primarykey]) VALUES (N'registryistitutiesteriview', N'"idreg"')
INSERT [dbo].[metadataprimarykey] ([tablename], [primarykey]) VALUES (N'registryistitutiview', N'"idreg"')
INSERT [dbo].[metadataprimarykey] ([tablename], [primarykey]) VALUES (N'registryprogfinbandosegview', N'"idreg","idregistryprogfin","idregistryprogfinbando"')
INSERT [dbo].[metadataprimarykey] ([tablename], [primarykey]) VALUES (N'registryprogfinsegview', N'"idreg","idregistryprogfin"')
INSERT [dbo].[metadataprimarykey] ([tablename], [primarykey]) VALUES (N'registrystudentiview', N'"idreg"')
INSERT [dbo].[metadataprimarykey] ([tablename], [primarykey]) VALUES (N'registryuserview', N'"idreg"')
INSERT [dbo].[metadataprimarykey] ([tablename], [primarykey]) VALUES (N'rendicontaltrokinddefaultview', N'"idrendicontaltrokind"')
INSERT [dbo].[metadataprimarykey] ([tablename], [primarykey]) VALUES (N'rendicontattivitaprogettoanagammview', N'"idrendicontattivitaprogetto"')
INSERT [dbo].[metadataprimarykey] ([tablename], [primarykey]) VALUES (N'rendicontattivitaprogettoanagview', N'"idrendicontattivitaprogetto"')
INSERT [dbo].[metadataprimarykey] ([tablename], [primarykey]) VALUES (N'rendicontattivitaprogettodocview', N'"idrendicontattivitaprogetto"')
INSERT [dbo].[metadataprimarykey] ([tablename], [primarykey]) VALUES (N'rendicontattivitaprogettosegview', N'"idrendicontattivitaprogetto"')
GO
INSERT [dbo].[metadataprimarykey] ([tablename], [primarykey]) VALUES (N'saldefaultview', N'"idprogetto","idsal"')
INSERT [dbo].[metadataprimarykey] ([tablename], [primarykey]) VALUES (N'sasddefaultview', N'"idsasd"')
INSERT [dbo].[metadataprimarykey] ([tablename], [primarykey]) VALUES (N'sasdgruppodefaultview', N'"idsasdgruppo","idtipoattform"')
INSERT [dbo].[metadataprimarykey] ([tablename], [primarykey]) VALUES (N'sededefaultview', N'"idsede"')
INSERT [dbo].[metadataprimarykey] ([tablename], [primarykey]) VALUES (N'sedeseg_child_aziendaview', N'"idsede"')
INSERT [dbo].[metadataprimarykey] ([tablename], [primarykey]) VALUES (N'sedeseg_childview', N'"idsede"')
INSERT [dbo].[metadataprimarykey] ([tablename], [primarykey]) VALUES (N'sessionedefaultview', N'"idsessione"')
INSERT [dbo].[metadataprimarykey] ([tablename], [primarykey]) VALUES (N'sessionekinddefaultview', N'"idsessionekind"')
INSERT [dbo].[metadataprimarykey] ([tablename], [primarykey]) VALUES (N'settoreercsegview', N'"idsettoreerc"')
INSERT [dbo].[metadataprimarykey] ([tablename], [primarykey]) VALUES (N'sostenimentodefaultview', N'"idappello","idprova","idreg","idsostenimento"')
INSERT [dbo].[metadataprimarykey] ([tablename], [primarykey]) VALUES (N'sostenimentodidprogview', N'"idcorsostudio","iddidprog","idiscrizione","idreg","idsostenimento"')
INSERT [dbo].[metadataprimarykey] ([tablename], [primarykey]) VALUES (N'sostenimentoesitodefaultview', N'"idsostenimentoesito"')
INSERT [dbo].[metadataprimarykey] ([tablename], [primarykey]) VALUES (N'sostenimentoingressoview', N'"idcorsostudio","iddidprog","idprova","idreg","idsostenimento"')
INSERT [dbo].[metadataprimarykey] ([tablename], [primarykey]) VALUES (N'sostenimentoseganagstuaccview', N'"idcorsostudio","iddidprog","idiscrizione","idprova","idreg","idsostenimento"')
INSERT [dbo].[metadataprimarykey] ([tablename], [primarykey]) VALUES (N'sostenimentoseganagstuconsmastview', N'"idcorsostudio","iddidprog","idiscrizione","idprova","idreg","idsostenimento"')
INSERT [dbo].[metadataprimarykey] ([tablename], [primarykey]) VALUES (N'sostenimentoseganagstusingview', N'"idiscrizione","idreg","idsostenimento"')
INSERT [dbo].[metadataprimarykey] ([tablename], [primarykey]) VALUES (N'sostenimentoseganagstustatoview', N'"idcorsostudio","iddidprog","idiscrizione","idprova","idreg","idsostenimento"')
INSERT [dbo].[metadataprimarykey] ([tablename], [primarykey]) VALUES (N'sostenimentoseganagstuview', N'"idcorsostudio","iddidprog","idiscrizione","idreg","idsostenimento"')
INSERT [dbo].[metadataprimarykey] ([tablename], [primarykey]) VALUES (N'sostenimentosegconsview', N'"idreg","idsostenimento"')
INSERT [dbo].[metadataprimarykey] ([tablename], [primarykey]) VALUES (N'sostenimentosegstudview', N'"idattivform","idcorsostudio","iddidprog","idiscrizione","idreg","idsostenimento"')
INSERT [dbo].[metadataprimarykey] ([tablename], [primarykey]) VALUES (N'stipendiokinddefaultview', N'"idstipendiokind"')
INSERT [dbo].[metadataprimarykey] ([tablename], [primarykey]) VALUES (N'strutturadefaultview', N'"idstruttura"')
INSERT [dbo].[metadataprimarykey] ([tablename], [primarykey]) VALUES (N'strutturakinddefaultview', N'"idstrutturakind"')
INSERT [dbo].[metadataprimarykey] ([tablename], [primarykey]) VALUES (N'strutturaprincview', N'"idstruttura"')
INSERT [dbo].[metadataprimarykey] ([tablename], [primarykey]) VALUES (N'strutturaseg_childview', N'"idstruttura"')
INSERT [dbo].[metadataprimarykey] ([tablename], [primarykey]) VALUES (N'studdirittokinddefaultview', N'"idstuddirittokind"')
INSERT [dbo].[metadataprimarykey] ([tablename], [primarykey]) VALUES (N'studprenotkinddefaultview', N'"idstudprenotkind"')
INSERT [dbo].[metadataprimarykey] ([tablename], [primarykey]) VALUES (N'tassaconfdefaultview', N'"idtassaconf"')
INSERT [dbo].[metadataprimarykey] ([tablename], [primarykey]) VALUES (N'tassaconfkinddefaultview', N'"idtassaconfkind"')
INSERT [dbo].[metadataprimarykey] ([tablename], [primarykey]) VALUES (N'tassacsingconfdefaultview', N'"idtassacsingconf"')
INSERT [dbo].[metadataprimarykey] ([tablename], [primarykey]) VALUES (N'tassaiscrizioneconfdefaultview', N'"idtassaiscrizioneconf"')
INSERT [dbo].[metadataprimarykey] ([tablename], [primarykey]) VALUES (N'tassaistanzaconfdefaultview', N'"idtassaistanzaconf"')
INSERT [dbo].[metadataprimarykey] ([tablename], [primarykey]) VALUES (N'taxsegview', N'"taxcode"')
INSERT [dbo].[metadataprimarykey] ([tablename], [primarykey]) VALUES (N'tipoattformdefaultview', N'"idtipoattform"')
INSERT [dbo].[metadataprimarykey] ([tablename], [primarykey]) VALUES (N'tirociniocandidaturakinddefaultview', N'"idtirociniocandidaturakind"')
INSERT [dbo].[metadataprimarykey] ([tablename], [primarykey]) VALUES (N'tirocinioprogettosegview', N'"idreg_referente","idreg_studenti","idtirociniocandidatura","idtirocinioprogetto","idtirocinioproposto"')
INSERT [dbo].[metadataprimarykey] ([tablename], [primarykey]) VALUES (N'tirociniopropostosegview', N'"idreg_referente","idtirocinioproposto"')
INSERT [dbo].[metadataprimarykey] ([tablename], [primarykey]) VALUES (N'tirociniostatodefaultview', N'"idtirociniostato"')
INSERT [dbo].[metadataprimarykey] ([tablename], [primarykey]) VALUES (N'titolostudiodocentiview', N'"idreg","idtitolostudio"')
INSERT [dbo].[metadataprimarykey] ([tablename], [primarykey]) VALUES (N'upbdefaultview', N'"idupb"')
INSERT [dbo].[metadataprimarykey] ([tablename], [primarykey]) VALUES (N'upbsegview', N'"idupb"')
INSERT [dbo].[metadataprimarykey] ([tablename], [primarykey]) VALUES (N'workpackagesegview', N'"idprogetto","idworkpackage"')
GO
INSERT [dbo].[metadatasorting] ([tablename], [listtype], [sorting]) VALUES (N'accmotivedefaultview', N'default', N'codemotive asc , accmotive_title asc ')
INSERT [dbo].[metadatasorting] ([tablename], [listtype], [sorting]) VALUES (N'accmotivesegview', N'seg', N'title asc ')
INSERT [dbo].[metadatasorting] ([tablename], [listtype], [sorting]) VALUES (N'accordoscambiomisegview', N'seg', N'title desc')
INSERT [dbo].[metadatasorting] ([tablename], [listtype], [sorting]) VALUES (N'accreditokinddefaultview', N'default', N'title desc')
INSERT [dbo].[metadatasorting] ([tablename], [listtype], [sorting]) VALUES (N'addresssegview', N'seg', N'description asc ')
INSERT [dbo].[metadatasorting] ([tablename], [listtype], [sorting]) VALUES (N'affidamentodefaultview', N'default', N'affidamento_riferimento asc ')
INSERT [dbo].[metadatasorting] ([tablename], [listtype], [sorting]) VALUES (N'affidamentodocview', N'doc', N'affidamento_riferimento asc ')
INSERT [dbo].[metadatasorting] ([tablename], [listtype], [sorting]) VALUES (N'affidamentokinddefaultview', N'default', N'title asc ')
INSERT [dbo].[metadatasorting] ([tablename], [listtype], [sorting]) VALUES (N'affidamentosegview', N'seg', N'affidamento_riferimento asc ')
INSERT [dbo].[metadatasorting] ([tablename], [listtype], [sorting]) VALUES (N'ambitoareadiscdefaultview', N'default', N'classescuola_sigla desc, classescuola_title desc, tipoattform_title desc, tipoattform_description desc, ambitoareadisc_sortcode desc')
INSERT [dbo].[metadatasorting] ([tablename], [listtype], [sorting]) VALUES (N'aoodefaultview', N'default', N'title asc ')
INSERT [dbo].[metadatasorting] ([tablename], [listtype], [sorting]) VALUES (N'aooprincview', N'princ', N'title asc ')
INSERT [dbo].[metadatasorting] ([tablename], [listtype], [sorting]) VALUES (N'appelloazionekinddefaultview', N'default', N'title asc ')
INSERT [dbo].[metadatasorting] ([tablename], [listtype], [sorting]) VALUES (N'appellokinddefaultview', N'default', N'title asc ')
INSERT [dbo].[metadatasorting] ([tablename], [listtype], [sorting]) VALUES (N'areadidatticadefaultview', N'default', N'title asc ')
INSERT [dbo].[metadatasorting] ([tablename], [listtype], [sorting]) VALUES (N'assetacquiresegview', N'seg', N'description asc ')
INSERT [dbo].[metadatasorting] ([tablename], [listtype], [sorting]) VALUES (N'assetdiarydocview', N'doc', N'progetto_titolobreve asc ')
INSERT [dbo].[metadatasorting] ([tablename], [listtype], [sorting]) VALUES (N'atecodefaultview', N'default', N'codice asc ')
INSERT [dbo].[metadatasorting] ([tablename], [listtype], [sorting]) VALUES (N'attivformappelloview', N'appello', N'attivform_sortcode')
INSERT [dbo].[metadatasorting] ([tablename], [listtype], [sorting]) VALUES (N'attivformdefaultview', N'default', N'didprogcurr_title asc , didprogori_title asc , didproganno_title asc , didprogporzanno_title asc , didproggrupp_title asc ')
INSERT [dbo].[metadatasorting] ([tablename], [listtype], [sorting]) VALUES (N'attivformerogataview', N'erogata', N'didprogcurr_title asc , didprogori_title asc , didproganno_title asc , didprogporzanno_title asc , didproggrupp_title asc ')
INSERT [dbo].[metadatasorting] ([tablename], [listtype], [sorting]) VALUES (N'attivformgruppoview', N'gruppo', N'didprogcurr_title asc , didprogori_title asc , didproganno_title asc , didprogporzanno_title asc ')
INSERT [dbo].[metadatasorting] ([tablename], [listtype], [sorting]) VALUES (N'attivformpropedview', N'proped', N'didprogcurr_title asc , didprogori_title asc , didproganno_title asc , didprogporzanno_title asc , didproggrupp_title asc ')
INSERT [dbo].[metadatasorting] ([tablename], [listtype], [sorting]) VALUES (N'auladefaultview', N'default', N'title asc ')
INSERT [dbo].[metadatasorting] ([tablename], [listtype], [sorting]) VALUES (N'aulakinddefaultview', N'default', N'title asc ')
INSERT [dbo].[metadatasorting] ([tablename], [listtype], [sorting]) VALUES (N'aulaseg_childview', N'seg_child', N'title asc ')
INSERT [dbo].[metadatasorting] ([tablename], [listtype], [sorting]) VALUES (N'bandodsiscresitokinddefaultview', N'default', N'title desc')
INSERT [dbo].[metadatasorting] ([tablename], [listtype], [sorting]) VALUES (N'bandodssegview', N'seg', N'title desc')
INSERT [dbo].[metadatasorting] ([tablename], [listtype], [sorting]) VALUES (N'bandomisegview', N'seg', N'title desc')
INSERT [dbo].[metadatasorting] ([tablename], [listtype], [sorting]) VALUES (N'bandomobilitaintkinddefaultview', N'default', N'bandomobilitaintkind_sortcode desc')
INSERT [dbo].[metadatasorting] ([tablename], [listtype], [sorting]) VALUES (N'canaleerogataview', N'erogata', N'didprogcurr_title asc , didprogori_title asc , didproganno_title asc , didprogporzanno_title asc , attivform_title asc ')
INSERT [dbo].[metadatasorting] ([tablename], [listtype], [sorting]) VALUES (N'ccnldefaultview', N'default', N'title asc ')
INSERT [dbo].[metadatasorting] ([tablename], [listtype], [sorting]) VALUES (N'cefrdefaultview', N'default', N'cefr_sortcode asc ')
INSERT [dbo].[metadatasorting] ([tablename], [listtype], [sorting]) VALUES (N'changeskinddefaultview', N'default', N'title desc')
INSERT [dbo].[metadatasorting] ([tablename], [listtype], [sorting]) VALUES (N'classconsorsualedefaultview', N'default', N'title asc ')
INSERT [dbo].[metadatasorting] ([tablename], [listtype], [sorting]) VALUES (N'classescuoladefaultview', N'default', N'sigla asc , classescuola_title asc ')
INSERT [dbo].[metadatasorting] ([tablename], [listtype], [sorting]) VALUES (N'classescuolakinddefaultview', N'default', N'title desc')
INSERT [dbo].[metadatasorting] ([tablename], [listtype], [sorting]) VALUES (N'contrattokinddefaultview', N'default', N'contrattokind_active desc, title asc ')
INSERT [dbo].[metadatasorting] ([tablename], [listtype], [sorting]) VALUES (N'convenzionesegview', N'seg', N'registry_title desc, title desc')
INSERT [dbo].[metadatasorting] ([tablename], [listtype], [sorting]) VALUES (N'corsostudiodefaultview', N'default', N'title asc , corsostudio_annoistituz asc ')
INSERT [dbo].[metadatasorting] ([tablename], [listtype], [sorting]) VALUES (N'corsostudiodotmasview', N'dotmas', N'title asc ')
INSERT [dbo].[metadatasorting] ([tablename], [listtype], [sorting]) VALUES (N'corsostudioingressoview', N'ingresso', N'title asc ')
INSERT [dbo].[metadatasorting] ([tablename], [listtype], [sorting]) VALUES (N'corsostudiokinddefaultview', N'default', N'title asc ')
INSERT [dbo].[metadatasorting] ([tablename], [listtype], [sorting]) VALUES (N'corsostudiolivellodefaultview', N'default', N'title asc ')
INSERT [dbo].[metadatasorting] ([tablename], [listtype], [sorting]) VALUES (N'corsostudionormadefaultview', N'default', N'title asc ')
INSERT [dbo].[metadatasorting] ([tablename], [listtype], [sorting]) VALUES (N'corsostudiostatoview', N'stato', N'title asc ')
INSERT [dbo].[metadatasorting] ([tablename], [listtype], [sorting]) VALUES (N'costoscontodefkinddefaultview', N'default', N'title asc ')
INSERT [dbo].[metadatasorting] ([tablename], [listtype], [sorting]) VALUES (N'costoscontodefmoreview', N'more', N'title asc ')
INSERT [dbo].[metadatasorting] ([tablename], [listtype], [sorting]) VALUES (N'costoscontodefscontiview', N'sconti', N'title asc ')
INSERT [dbo].[metadatasorting] ([tablename], [listtype], [sorting]) VALUES (N'decadenzasegview', N'seg', N'registrystudenti_title asc , iscrizione_anno asc , iscrizione_iddidprog asc ')
INSERT [dbo].[metadatasorting] ([tablename], [listtype], [sorting]) VALUES (N'dichiaraltrekinddefaultview', N'default', N'title desc')
INSERT [dbo].[metadatasorting] ([tablename], [listtype], [sorting]) VALUES (N'dichiaraltrititoli_segview', N'altrititoli_seg', N'dichiar_altrititoli_title desc')
INSERT [dbo].[metadatasorting] ([tablename], [listtype], [sorting]) VALUES (N'dichiardisabilkinddefaultview', N'default', N'title desc, dichiardisabilkind_specification desc')
INSERT [dbo].[metadatasorting] ([tablename], [listtype], [sorting]) VALUES (N'dichiardisabilsuppkinddefaultview', N'default', N'title desc')
INSERT [dbo].[metadatasorting] ([tablename], [listtype], [sorting]) VALUES (N'dichiarkinddefaultview', N'default', N'title desc')
INSERT [dbo].[metadatasorting] ([tablename], [listtype], [sorting]) VALUES (N'didprogannodefaultview', N'default', N'didproganno_anno desc, aa desc')
INSERT [dbo].[metadatasorting] ([tablename], [listtype], [sorting]) VALUES (N'didprogdefaultview', N'default', N'title desc, aa desc, sede_title desc')
INSERT [dbo].[metadatasorting] ([tablename], [listtype], [sorting]) VALUES (N'didprogdotmasview', N'dotmas', N'title asc ')
INSERT [dbo].[metadatasorting] ([tablename], [listtype], [sorting]) VALUES (N'didprogingressoview', N'ingresso', N'title asc ')
INSERT [dbo].[metadatasorting] ([tablename], [listtype], [sorting]) VALUES (N'didprogoridefaultview', N'default', N'title asc ')
INSERT [dbo].[metadatasorting] ([tablename], [listtype], [sorting]) VALUES (N'didprogorisceltacorsoview', N'sceltacorso', N'didprogori_title asc ')
INSERT [dbo].[metadatasorting] ([tablename], [listtype], [sorting]) VALUES (N'didprogporzannodefaultview', N'default', N'didprogporzanno_indice desc')
INSERT [dbo].[metadatasorting] ([tablename], [listtype], [sorting]) VALUES (N'didprogstatoview', N'stato', N'title asc ')
INSERT [dbo].[metadatasorting] ([tablename], [listtype], [sorting]) VALUES (N'duratakinddefaultview', N'default', N'title desc')
INSERT [dbo].[metadatasorting] ([tablename], [listtype], [sorting]) VALUES (N'edificiodefaultview', N'default', N'title asc ')
INSERT [dbo].[metadatasorting] ([tablename], [listtype], [sorting]) VALUES (N'edificioseg_childview', N'seg_child', N'title asc ')
INSERT [dbo].[metadatasorting] ([tablename], [listtype], [sorting]) VALUES (N'erogazkinddefaultview', N'default', N'title asc ')
INSERT [dbo].[metadatasorting] ([tablename], [listtype], [sorting]) VALUES (N'esonerocarrieraview', N'carriera', N'title asc ')
INSERT [dbo].[metadatasorting] ([tablename], [listtype], [sorting]) VALUES (N'esonerodefaultview', N'default', N'title asc ')
INSERT [dbo].[metadatasorting] ([tablename], [listtype], [sorting]) VALUES (N'esonerodisabilview', N'disabil', N'title asc ')
INSERT [dbo].[metadatasorting] ([tablename], [listtype], [sorting]) VALUES (N'esonerotitolostudioview', N'titolostudio', N'title asc ')
INSERT [dbo].[metadatasorting] ([tablename], [listtype], [sorting]) VALUES (N'fonteindicebibliometricosegview', N'seg', N'title desc')
INSERT [dbo].[metadatasorting] ([tablename], [listtype], [sorting]) VALUES (N'geo_citysegchildview', N'segchild', N'title asc ')
INSERT [dbo].[metadatasorting] ([tablename], [listtype], [sorting]) VALUES (N'geo_citysegview', N'seg', N'title asc ')
INSERT [dbo].[metadatasorting] ([tablename], [listtype], [sorting]) VALUES (N'geo_countrysegchildview', N'segchild', N'title asc ')
INSERT [dbo].[metadatasorting] ([tablename], [listtype], [sorting]) VALUES (N'geo_countrysegview', N'seg', N'title asc ')
INSERT [dbo].[metadatasorting] ([tablename], [listtype], [sorting]) VALUES (N'geo_nationlingueview', N'lingue', N'lang asc ')
INSERT [dbo].[metadatasorting] ([tablename], [listtype], [sorting]) VALUES (N'geo_nationsegchildview', N'segchild', N'title asc ')
INSERT [dbo].[metadatasorting] ([tablename], [listtype], [sorting]) VALUES (N'geo_nationsegview', N'seg', N'title asc ')
INSERT [dbo].[metadatasorting] ([tablename], [listtype], [sorting]) VALUES (N'geo_regionsegview', N'seg', N'title asc ')
INSERT [dbo].[metadatasorting] ([tablename], [listtype], [sorting]) VALUES (N'getcostididatticadefaultview', N'default', N'getcostididattica_corsostudio asc , getcostididattica_sede asc , aa asc , aaprogrammata asc , getcostididattica_curriculum asc , getcostididattica_insegnamento asc , getcostididattica_modulo asc , getcostididattica_affidamento asc , getcostididattica_docente asc , getcostididattica_ruolo asc ')
INSERT [dbo].[metadatasorting] ([tablename], [listtype], [sorting]) VALUES (N'getdocentiperssdsegview', N'seg', N'getdocentiperssd_costoorario asc , getdocentiperssd_oreperaacontratto asc , getdocentiperssd_oreperaaaffidamento asc , getdocentiperssd_ssd desc')
INSERT [dbo].[metadatasorting] ([tablename], [listtype], [sorting]) VALUES (N'graduatoriavardefaultview', N'default', N'title asc ')
INSERT [dbo].[metadatasorting] ([tablename], [listtype], [sorting]) VALUES (N'inquadramentodefaultview', N'default', N'inquadramento_title desc')
INSERT [dbo].[metadatasorting] ([tablename], [listtype], [sorting]) VALUES (N'insegndefaultview', N'default', N'denominazione asc ')
INSERT [dbo].[metadatasorting] ([tablename], [listtype], [sorting]) VALUES (N'insegnintegdefaultview', N'default', N'denominazione asc ')
INSERT [dbo].[metadatasorting] ([tablename], [listtype], [sorting]) VALUES (N'inventorytreesegview', N'seg', N'codeinv asc , inventorytree_description asc ')
INSERT [dbo].[metadatasorting] ([tablename], [listtype], [sorting]) VALUES (N'iscrizionedefaultview', N'default', N'registry_title desc')
INSERT [dbo].[metadatasorting] ([tablename], [listtype], [sorting]) VALUES (N'iscrizionedidprogview', N'didprog', N'registry_title desc')
INSERT [dbo].[metadatasorting] ([tablename], [listtype], [sorting]) VALUES (N'iscrizionedotmasview', N'dotmas', N'registry_title desc')
INSERT [dbo].[metadatasorting] ([tablename], [listtype], [sorting]) VALUES (N'iscrizioneingressoview', N'ingresso', N'registry_title desc')
INSERT [dbo].[metadatasorting] ([tablename], [listtype], [sorting]) VALUES (N'iscrizioneseganagstuaccview', N'seganagstuacc', N'iscrizione_data desc')
INSERT [dbo].[metadatasorting] ([tablename], [listtype], [sorting]) VALUES (N'iscrizioneseganagstumastview', N'seganagstumast', N'iscrizione_data desc')
INSERT [dbo].[metadatasorting] ([tablename], [listtype], [sorting]) VALUES (N'iscrizioneseganagstusingview', N'seganagstusing', N'iscrizione_data desc')
INSERT [dbo].[metadatasorting] ([tablename], [listtype], [sorting]) VALUES (N'iscrizioneseganagstustatoview', N'seganagstustato', N'iscrizione_data desc')
INSERT [dbo].[metadatasorting] ([tablename], [listtype], [sorting]) VALUES (N'iscrizioneseganagstuview', N'seganagstu', N'iscrizione_data desc')
INSERT [dbo].[metadatasorting] ([tablename], [listtype], [sorting]) VALUES (N'iscrizionesegview', N'seg', N'didprog_title desc, registry_title desc')
INSERT [dbo].[metadatasorting] ([tablename], [listtype], [sorting]) VALUES (N'iscrizionestatoview', N'stato', N'registry_title desc')
INSERT [dbo].[metadatasorting] ([tablename], [listtype], [sorting]) VALUES (N'istanzakinddefaultview', N'default', N'title asc ')
INSERT [dbo].[metadatasorting] ([tablename], [listtype], [sorting]) VALUES (N'itinerationsegview', N'seg', N'itineration_starttime asc , itineration_stoptime asc ')
GO
INSERT [dbo].[metadatasorting] ([tablename], [listtype], [sorting]) VALUES (N'learningagrtrainersegview', N'seg', N'title desc')
INSERT [dbo].[metadatasorting] ([tablename], [listtype], [sorting]) VALUES (N'locationdefaultview', N'default', N'locationparent_description asc , description asc ')
INSERT [dbo].[metadatasorting] ([tablename], [listtype], [sorting]) VALUES (N'naturagiurdefaultview', N'default', N'title desc')
INSERT [dbo].[metadatasorting] ([tablename], [listtype], [sorting]) VALUES (N'ofakinddefaultview', N'default', N'title asc ')
INSERT [dbo].[metadatasorting] ([tablename], [listtype], [sorting]) VALUES (N'orakindsegview', N'seg', N'orakind_sortcode asc ')
INSERT [dbo].[metadatasorting] ([tablename], [listtype], [sorting]) VALUES (N'pagamentokinddefaultview', N'default', N'title asc ')
INSERT [dbo].[metadatasorting] ([tablename], [listtype], [sorting]) VALUES (N'pianostudiosegstudview', N'segstud', N'aa desc')
INSERT [dbo].[metadatasorting] ([tablename], [listtype], [sorting]) VALUES (N'pianostudiostatusdefaultview', N'default', N'title asc ')
INSERT [dbo].[metadatasorting] ([tablename], [listtype], [sorting]) VALUES (N'praticasegstudview', N'segstud', N'registry_title desc, didprog_title desc')
INSERT [dbo].[metadatasorting] ([tablename], [listtype], [sorting]) VALUES (N'progettoactivitykinddefaultview', N'default', N'title asc ')
INSERT [dbo].[metadatasorting] ([tablename], [listtype], [sorting]) VALUES (N'progettokindsegview', N'seg', N'progettoactivitykind_title asc , title asc ')
INSERT [dbo].[metadatasorting] ([tablename], [listtype], [sorting]) VALUES (N'progettosegview', N'seg', N'titolobreve asc ')
INSERT [dbo].[metadatasorting] ([tablename], [listtype], [sorting]) VALUES (N'progettoudrmembrokinddefaultview', N'default', N'title desc')
INSERT [dbo].[metadatasorting] ([tablename], [listtype], [sorting]) VALUES (N'protocollodockindsegview', N'seg', N'title desc')
INSERT [dbo].[metadatasorting] ([tablename], [listtype], [sorting]) VALUES (N'protocollorifkindsegview', N'seg', N'title desc')
INSERT [dbo].[metadatasorting] ([tablename], [listtype], [sorting]) VALUES (N'provaaulaview', N'aula', N'title asc ')
INSERT [dbo].[metadatasorting] ([tablename], [listtype], [sorting]) VALUES (N'provadefaultview', N'default', N'title asc ')
INSERT [dbo].[metadatasorting] ([tablename], [listtype], [sorting]) VALUES (N'provadotmasview', N'dotmas', N'title asc ')
INSERT [dbo].[metadatasorting] ([tablename], [listtype], [sorting]) VALUES (N'provaingressoview', N'ingresso', N'title asc ')
INSERT [dbo].[metadatasorting] ([tablename], [listtype], [sorting]) VALUES (N'provastatoview', N'stato', N'title asc ')
INSERT [dbo].[metadatasorting] ([tablename], [listtype], [sorting]) VALUES (N'publicazdefaultview', N'default', N'title asc , publicaz_title2 asc ')
INSERT [dbo].[metadatasorting] ([tablename], [listtype], [sorting]) VALUES (N'publicazdocentiview', N'docenti', N'title asc , publicaz_title2 asc ')
INSERT [dbo].[metadatasorting] ([tablename], [listtype], [sorting]) VALUES (N'publicazkinddefaultview', N'default', N'title desc, publicazkind_sortcode asc ')
INSERT [dbo].[metadatasorting] ([tablename], [listtype], [sorting]) VALUES (N'questionariodefaultview', N'default', N'title asc ')
INSERT [dbo].[metadatasorting] ([tablename], [listtype], [sorting]) VALUES (N'questionariodomkinddefaultview', N'default', N'title asc ')
INSERT [dbo].[metadatasorting] ([tablename], [listtype], [sorting]) VALUES (N'questionariokinddefaultview', N'default', N'title asc ')
INSERT [dbo].[metadatasorting] ([tablename], [listtype], [sorting]) VALUES (N'ratakinddefaultview', N'default', N'title asc ')
INSERT [dbo].[metadatasorting] ([tablename], [listtype], [sorting]) VALUES (N'registryaziendeview', N'aziende', N'title asc ')
INSERT [dbo].[metadatasorting] ([tablename], [listtype], [sorting]) VALUES (N'registrydefaultview', N'default', N'title asc ')
INSERT [dbo].[metadatasorting] ([tablename], [listtype], [sorting]) VALUES (N'registrydocenti_docview', N'docenti_doc', N'title asc ')
INSERT [dbo].[metadatasorting] ([tablename], [listtype], [sorting]) VALUES (N'registrydocentiview', N'docenti', N'title asc ')
INSERT [dbo].[metadatasorting] ([tablename], [listtype], [sorting]) VALUES (N'registryistituti_princview', N'istituti_princ', N'title asc ')
INSERT [dbo].[metadatasorting] ([tablename], [listtype], [sorting]) VALUES (N'registryistitutiesteriview', N'istitutiesteri', N'title asc ')
INSERT [dbo].[metadatasorting] ([tablename], [listtype], [sorting]) VALUES (N'registryistitutiview', N'istituti', N'title asc ')
INSERT [dbo].[metadatasorting] ([tablename], [listtype], [sorting]) VALUES (N'registryprogfinbandosegview', N'seg', N'title desc')
INSERT [dbo].[metadatasorting] ([tablename], [listtype], [sorting]) VALUES (N'registryprogfinsegview', N'seg', N'title desc')
INSERT [dbo].[metadatasorting] ([tablename], [listtype], [sorting]) VALUES (N'registrystudentiview', N'studenti', N'title asc ')
INSERT [dbo].[metadatasorting] ([tablename], [listtype], [sorting]) VALUES (N'registryuserview', N'user', N'title asc ')
INSERT [dbo].[metadatasorting] ([tablename], [listtype], [sorting]) VALUES (N'rendicontaltrokinddefaultview', N'default', N'title desc')
INSERT [dbo].[metadatasorting] ([tablename], [listtype], [sorting]) VALUES (N'rendicontattivitaprogettoanagammview', N'anagamm', N'rendicontattivitaprogetto_datainizioprevista asc ')
INSERT [dbo].[metadatasorting] ([tablename], [listtype], [sorting]) VALUES (N'rendicontattivitaprogettoanagview', N'anag', N'rendicontattivitaprogetto_datainizioprevista asc ')
INSERT [dbo].[metadatasorting] ([tablename], [listtype], [sorting]) VALUES (N'rendicontattivitaprogettodocview', N'doc', N'rendicontattivitaprogetto_datainizioprevista asc ')
INSERT [dbo].[metadatasorting] ([tablename], [listtype], [sorting]) VALUES (N'rendicontattivitaprogettosegview', N'seg', N'rendicontattivitaprogetto_datainizioprevista asc ')
INSERT [dbo].[metadatasorting] ([tablename], [listtype], [sorting]) VALUES (N'sasddefaultview', N'default', N'codice asc , sasd_title desc')
INSERT [dbo].[metadatasorting] ([tablename], [listtype], [sorting]) VALUES (N'sasdgruppodefaultview', N'default', N'title desc')
INSERT [dbo].[metadatasorting] ([tablename], [listtype], [sorting]) VALUES (N'sededefaultview', N'default', N'title asc ')
INSERT [dbo].[metadatasorting] ([tablename], [listtype], [sorting]) VALUES (N'sedeseg_child_aziendaview', N'seg_child_azienda', N'title asc ')
INSERT [dbo].[metadatasorting] ([tablename], [listtype], [sorting]) VALUES (N'sedeseg_childview', N'seg_child', N'title asc ')
INSERT [dbo].[metadatasorting] ([tablename], [listtype], [sorting]) VALUES (N'sessionekinddefaultview', N'default', N'title asc ')
INSERT [dbo].[metadatasorting] ([tablename], [listtype], [sorting]) VALUES (N'settoreercsegview', N'seg', N'settoreerc_sortcode desc')
INSERT [dbo].[metadatasorting] ([tablename], [listtype], [sorting]) VALUES (N'sostenimentoesitodefaultview', N'default', N'title asc ')
INSERT [dbo].[metadatasorting] ([tablename], [listtype], [sorting]) VALUES (N'stipendiokinddefaultview', N'default', N'contrattokind_title asc , inquadramento_idcontrattokind asc , inquadramento_title asc , stipendiokind_scatto asc ')
INSERT [dbo].[metadatasorting] ([tablename], [listtype], [sorting]) VALUES (N'strutturadefaultview', N'default', N'title asc ')
INSERT [dbo].[metadatasorting] ([tablename], [listtype], [sorting]) VALUES (N'strutturakinddefaultview', N'default', N'title asc ')
INSERT [dbo].[metadatasorting] ([tablename], [listtype], [sorting]) VALUES (N'strutturaprincview', N'princ', N'title asc ')
INSERT [dbo].[metadatasorting] ([tablename], [listtype], [sorting]) VALUES (N'strutturaseg_childview', N'seg_child', N'struttura_title asc ')
INSERT [dbo].[metadatasorting] ([tablename], [listtype], [sorting]) VALUES (N'studdirittokinddefaultview', N'default', N'studdirittokind_sortorder asc ')
INSERT [dbo].[metadatasorting] ([tablename], [listtype], [sorting]) VALUES (N'studprenotkinddefaultview', N'default', N'title desc, studprenotkind_sortorder asc ')
INSERT [dbo].[metadatasorting] ([tablename], [listtype], [sorting]) VALUES (N'tassaconfdefaultview', N'default', N'title asc ')
INSERT [dbo].[metadatasorting] ([tablename], [listtype], [sorting]) VALUES (N'tassaconfkinddefaultview', N'default', N'title asc ')
INSERT [dbo].[metadatasorting] ([tablename], [listtype], [sorting]) VALUES (N'tassaiscrizioneconfdefaultview', N'default', N'title asc ')
INSERT [dbo].[metadatasorting] ([tablename], [listtype], [sorting]) VALUES (N'tipoattformdefaultview', N'default', N'title asc ')
INSERT [dbo].[metadatasorting] ([tablename], [listtype], [sorting]) VALUES (N'tirociniocandidaturakinddefaultview', N'default', N'title asc ')
INSERT [dbo].[metadatasorting] ([tablename], [listtype], [sorting]) VALUES (N'tirocinioprogettosegview', N'seg', N'title desc, tirocinioprogetto_description desc')
INSERT [dbo].[metadatasorting] ([tablename], [listtype], [sorting]) VALUES (N'tirociniopropostosegview', N'seg', N'title desc')
INSERT [dbo].[metadatasorting] ([tablename], [listtype], [sorting]) VALUES (N'tirociniostatodefaultview', N'default', N'title asc ')
INSERT [dbo].[metadatasorting] ([tablename], [listtype], [sorting]) VALUES (N'upbdefaultview', N'default', N'title asc ')
INSERT [dbo].[metadatasorting] ([tablename], [listtype], [sorting]) VALUES (N'upbsegview', N'seg', N'upb_title desc')
INSERT [dbo].[metadatasorting] ([tablename], [listtype], [sorting]) VALUES (N'workpackagesegview', N'seg', N'raggruppamento asc , workpackage_title asc ')
GO
INSERT [dbo].[metadatastaticfilter] ([tablename], [listtype], [staticfilter]) VALUES (N'accmotivesegview', N'seg', N'not exists( select x.idaccmotive from accmotive x where x.paridaccmotive = idaccmotive) and idaccmotive in (Select AEO.idaccmotive from accmotiveepoperation AEO where AEO.idaccmotive = idaccmotive AND  AEO.idepoperation IN (''fatacq'',''fatven'',''fondoeco'',''missioni'',''dipen'',''prestocc'',''cococo'',''prestprof'',''spesaocc'',''spesaprof'' )) ')
INSERT [dbo].[metadatastaticfilter] ([tablename], [listtype], [staticfilter]) VALUES (N'addresssegview', N'seg', N'active = ''S''')
INSERT [dbo].[metadatastaticfilter] ([tablename], [listtype], [staticfilter]) VALUES (N'affidamentodocview', N'doc', N'(idreg_docenti=''{usr$idreg}'')')
INSERT [dbo].[metadatastaticfilter] ([tablename], [listtype], [staticfilter]) VALUES (N'assetdiarydocview', N'doc', N'(assetdiary_idreg =''{usr$idreg}'')')
INSERT [dbo].[metadatastaticfilter] ([tablename], [listtype], [staticfilter]) VALUES (N'corsostudiodefaultview', N'default', N'corsostudio_idcorsostudiokind not in (12,13,2)')
INSERT [dbo].[metadatastaticfilter] ([tablename], [listtype], [staticfilter]) VALUES (N'corsostudiodotmasview', N'dotmas', N'corsostudio_idcorsostudiokind = 2')
INSERT [dbo].[metadatastaticfilter] ([tablename], [listtype], [staticfilter]) VALUES (N'corsostudioingressoview', N'ingresso', N'corsostudio_idcorsostudiokind = 12')
INSERT [dbo].[metadatastaticfilter] ([tablename], [listtype], [staticfilter]) VALUES (N'corsostudiostatoview', N'stato', N'corsostudio_idcorsostudiokind = 13')
INSERT [dbo].[metadatastaticfilter] ([tablename], [listtype], [staticfilter]) VALUES (N'costoscontodefmoreview', N'more', N'costoscontodef_idcostoscontodefkind = 3 OR costoscontodef_idcostoscontodefkind = 4')
INSERT [dbo].[metadatastaticfilter] ([tablename], [listtype], [staticfilter]) VALUES (N'costoscontodefscontiview', N'sconti', N'costoscontodef_idcostoscontodefkind = 2')
INSERT [dbo].[metadatastaticfilter] ([tablename], [listtype], [staticfilter]) VALUES (N'didprogdefaultview', N'default', N'(idcorsostudio in (select cs.idcorsostudio from corsostudio cs where cs.idcorsostudiokind not in (2,12,13)))')
INSERT [dbo].[metadatastaticfilter] ([tablename], [listtype], [staticfilter]) VALUES (N'didprogdotmasview', N'dotmas', N'(idcorsostudio in (select cs.idcorsostudio from corsostudio cs where cs.idcorsostudiokind = 2))')
INSERT [dbo].[metadatastaticfilter] ([tablename], [listtype], [staticfilter]) VALUES (N'didprogingressoview', N'ingresso', N'(idcorsostudio in (select cs.idcorsostudio from corsostudio cs where cs.idcorsostudiokind = 12))')
INSERT [dbo].[metadatastaticfilter] ([tablename], [listtype], [staticfilter]) VALUES (N'didprogstatoview', N'stato', N'(idcorsostudio in (select cs.idcorsostudio from corsostudio cs where cs.idcorsostudiokind = 13))')
INSERT [dbo].[metadatastaticfilter] ([tablename], [listtype], [staticfilter]) VALUES (N'iscrizionedotmasview', N'dotmas', N'iddidprog in (select dp.iddidprog from didprog dp where dp.idcorsostudio in (select cs.idcorsostudio from corsostudio cs where cs.idcorsostudiokind = 2))')
INSERT [dbo].[metadatastaticfilter] ([tablename], [listtype], [staticfilter]) VALUES (N'iscrizioneingressoview', N'ingresso', N'iddidprog in (select dp.iddidprog from didprog dp where dp.idcorsostudio in (select cs.idcorsostudio from corsostudio cs where cs.idcorsostudiokind = 12))')
INSERT [dbo].[metadatastaticfilter] ([tablename], [listtype], [staticfilter]) VALUES (N'iscrizioneseganagstuaccview', N'seganagstuacc', N'iddidprog in (select dp.iddidprog from didprog dp where dp.idcorsostudio in (select cs.idcorsostudio from corsostudio cs where cs.idcorsostudiokind = 12))')
INSERT [dbo].[metadatastaticfilter] ([tablename], [listtype], [staticfilter]) VALUES (N'iscrizioneseganagstumastview', N'seganagstumast', N'iddidprog in (select dp.iddidprog from didprog dp where dp.idcorsostudio in (select cs.idcorsostudio from corsostudio cs where cs.idcorsostudiokind = 2))')
INSERT [dbo].[metadatastaticfilter] ([tablename], [listtype], [staticfilter]) VALUES (N'iscrizioneseganagstusingview', N'seganagstusing', N'iddidprog in (select dp.iddidprog from didprog dp where dp.idcorsostudio in (select cs.idcorsostudio from corsostudio cs where cs.idcorsostudiokind not in (12,13,2)))')
INSERT [dbo].[metadatastaticfilter] ([tablename], [listtype], [staticfilter]) VALUES (N'iscrizioneseganagstustatoview', N'seganagstustato', N'iddidprog in (select dp.iddidprog from didprog dp where dp.idcorsostudio in (select cs.idcorsostudio from corsostudio cs where cs.idcorsostudiokind = 13))')
INSERT [dbo].[metadatastaticfilter] ([tablename], [listtype], [staticfilter]) VALUES (N'iscrizioneseganagstuview', N'seganagstu', N'iddidprog in (select dp.iddidprog from didprog dp where dp.idcorsostudio in (select cs.idcorsostudio from corsostudio cs where cs.idcorsostudiokind not in (12,13,2)))')
INSERT [dbo].[metadatastaticfilter] ([tablename], [listtype], [staticfilter]) VALUES (N'iscrizionestatoview', N'stato', N'iddidprog in (select dp.iddidprog from didprog dp where dp.idcorsostudio in (select cs.idcorsostudio from corsostudio cs where cs.idcorsostudiokind = 13))')
INSERT [dbo].[metadatastaticfilter] ([tablename], [listtype], [staticfilter]) VALUES (N'istanzaimm_segpreview', N'imm_segpre', N'idistanzakind = 13')
INSERT [dbo].[metadatastaticfilter] ([tablename], [listtype], [staticfilter]) VALUES (N'istanzaimm_segrinview', N'imm_segrin', N'idistanzakind= 15')
INSERT [dbo].[metadatastaticfilter] ([tablename], [listtype], [staticfilter]) VALUES (N'istanzaimm_segview', N'imm_seg', N'idistanzakind = 14')
INSERT [dbo].[metadatastaticfilter] ([tablename], [listtype], [staticfilter]) VALUES (N'registryamministrativi_personaleview', N'amministrativi_personale', N'(idreg=''{usr$idreg}'')')
INSERT [dbo].[metadatastaticfilter] ([tablename], [listtype], [staticfilter]) VALUES (N'registrydocenti_docview', N'docenti_doc', N'(idreg=''{usr$idreg}'')')
INSERT [dbo].[metadatastaticfilter] ([tablename], [listtype], [staticfilter]) VALUES (N'registryistituti_princview', N'istituti_princ', N'idreg = (SELECT top(1) idreg from istitutoprinc)')
INSERT [dbo].[metadatastaticfilter] ([tablename], [listtype], [staticfilter]) VALUES (N'rendicontattivitaprogettodocview', N'doc', N'(rendicontattivitaprogetto_idreg=''{usr$idreg}'')')
INSERT [dbo].[metadatastaticfilter] ([tablename], [listtype], [staticfilter]) VALUES (N'sededefaultview', N'default', N'sede_idreg = (SELECT top(1) idreg from istitutoprinc)')
INSERT [dbo].[metadatastaticfilter] ([tablename], [listtype], [staticfilter]) VALUES (N'taxsegview', N'seg', N'tax_taxkind IN (2,3,4)')
INSERT [dbo].[metadatastaticfilter] ([tablename], [listtype], [staticfilter]) VALUES (N'upbsegview', N'seg', N'not exists (select x.idupb from amministrazione.upb x where x.paridupb = idupb)')
GO
