<?xml version="1.0" standalone="yes"?>
<DsDLLIndex xmlns="http://tempuri.org/DsDLLIndex.xsd">
  <DLL>
    <dllname>chromepopuptest.html</dllname>
    <major>20130926</major>
    <minor>91128</minor>
    <build>0</build>
  </DLL>
  <DLL>
    <dllname>proxyserver.html</dllname>
    <major>20130926</major>
    <minor>91128</minor>
    <build>0</build>
  </DLL>
  <DLL>
    <dllname>accountenactment_default.aspx</dllname>
    <major>20170714</major>
    <minor>120449</minor>
    <build>0</build>
  </DLL>
  <DLL>
    <dllname>accountvarattachment_default_new02.aspx</dllname>
    <major>20160711</major>
    <minor>112138</minor>
    <build>0</build>
  </DLL>
  <DLL>
    <dllname>accountvardetail_default_new02.aspx</dllname>
    <major>20181023</major>
    <minor>70210</minor>
    <build>0</build>
  </DLL>
  <DLL>
    <dllname>accountvar_default_new02.aspx</dllname>
    <major>20170928</major>
    <minor>131358</minor>
    <build>0</build>
  </DLL>
  <DLL>
    <dllname>account_tree.aspx</dllname>
    <major>20160711</major>
    <minor>120846</minor>
    <build>0</build>
  </DLL>
  <DLL>
    <dllname>AddNewServer.aspx</dllname>
    <major>20130926</major>
    <minor>91128</minor>
    <build>0</build>
  </DLL>
  <DLL>
    <dllname>AddServer.aspx</dllname>
    <major>20130926</major>
    <minor>91128</minor>
    <build>0</build>
  </DLL>
  <DLL>
    <dllname>apregistry_service.aspx</dllname>
    <major>20130926</major>
    <minor>91128</minor>
    <build>0</build>
  </DLL>
  <DLL>
    <dllname>AttachmentView.aspx</dllname>
    <major>20130926</major>
    <minor>91128</minor>
    <build>0</build>
  </DLL>
  <DLL>
    <dllname>bookingauth.aspx</dllname>
    <major>20160711</major>
    <minor>112138</minor>
    <build>0</build>
  </DLL>
  <DLL>
    <dllname>bookingdetail_default_new02.aspx</dllname>
    <major>20151022</major>
    <minor>141443</minor>
    <build>0</build>
  </DLL>
  <DLL>
    <dllname>bookingdetail_single_new02.aspx</dllname>
    <major>20180116</major>
    <minor>131854</minor>
    <build>0</build>
  </DLL>
  <DLL>
    <dllname>booking_default_new02.aspx</dllname>
    <major>20151005</major>
    <minor>80252</minor>
    <build>0</build>
  </DLL>
  <DLL>
    <dllname>CambioPassword.aspx</dllname>
    <major>20160711</major>
    <minor>112138</minor>
    <build>0</build>
  </DLL>
  <DLL>
    <dllname>CambioRuolo.aspx</dllname>
    <major>20160711</major>
    <minor>112138</minor>
    <build>0</build>
  </DLL>
  <DLL>
    <dllname>catania_itineration_default.aspx</dllname>
    <major>20181203</major>
    <minor>151203</minor>
    <build>0</build>
  </DLL>
  <DLL>
    <dllname>Default.aspx</dllname>
    <major>20170914</major>
    <minor>72028</minor>
    <build>0</build>
  </DLL>
  <DLL>
    <dllname>DefaultLDAP.aspx</dllname>
    <major>20170223</major>
    <minor>142617</minor>
    <build>0</build>
  </DLL>
  <DLL>
    <dllname>DefaultSAML.aspx</dllname>
    <major>20170529</major>
    <minor>71935</minor>
    <build>0</build>
  </DLL>
  <DLL>
    <dllname>enactment_default_new02.aspx</dllname>
    <major>20160711</major>
    <minor>112138</minor>
    <build>0</build>
  </DLL>
  <DLL>
    <dllname>expNextFm.aspx</dllname>
    <major>20180613</major>
    <minor>112247</minor>
    <build>0</build>
  </DLL>
  <DLL>
    <dllname>ExportParameter_Default.aspx</dllname>
    <major>20160711</major>
    <minor>112138</minor>
    <build>0</build>
  </DLL>
  <DLL>
    <dllname>ExportView.aspx</dllname>
    <major>20130926</major>
    <minor>91128</minor>
    <build>0</build>
  </DLL>
  <DLL>
    <dllname>expSiopeTrasparenza.aspx</dllname>
    <major>20161018</major>
    <minor>134238</minor>
    <build>0</build>
  </DLL>
  <DLL>
    <dllname>finvarattachment_default_new02.aspx</dllname>
    <major>20160711</major>
    <minor>112138</minor>
    <build>0</build>
  </DLL>
  <DLL>
    <dllname>finvardetail_default_new02.aspx</dllname>
    <major>20160711</major>
    <minor>112138</minor>
    <build>0</build>
  </DLL>
  <DLL>
    <dllname>finvar_default_new02.aspx</dllname>
    <major>20180912</major>
    <minor>82419</minor>
    <build>0</build>
  </DLL>
  <DLL>
    <dllname>finview_treeupb.aspx</dllname>
    <major>20160711</major>
    <minor>120846</minor>
    <build>0</build>
  </DLL>
  <DLL>
    <dllname>fin_treeall.aspx</dllname>
    <major>20160711</major>
    <minor>120846</minor>
    <build>0</build>
  </DLL>
  <DLL>
    <dllname>GetItemImage.aspx</dllname>
    <major>20160711</major>
    <minor>112138</minor>
    <build>0</build>
  </DLL>
  <DLL>
    <dllname>IndiceReport.aspx</dllname>
    <major>20150929</major>
    <minor>153758</minor>
    <build>0</build>
  </DLL>
  <DLL>
    <dllname>InserisciParametri.aspx</dllname>
    <major>20130926</major>
    <minor>91128</minor>
    <build>0</build>
  </DLL>
  <DLL>
    <dllname>InserisciParametriExp.aspx</dllname>
    <major>20130926</major>
    <minor>91128</minor>
    <build>0</build>
  </DLL>
  <DLL>
    <dllname>Installa.aspx</dllname>
    <major>20130926</major>
    <minor>91128</minor>
    <build>0</build>
  </DLL>
  <DLL>
    <dllname>InstallWebReportService.aspx</dllname>
    <major>20130926</major>
    <minor>91128</minor>
    <build>0</build>
  </DLL>
  <DLL>
    <dllname>itinerationattachment_default_new02.aspx</dllname>
    <major>20160711</major>
    <minor>112138</minor>
    <build>0</build>
  </DLL>
  <DLL>
    <dllname>itinerationauth_default_new02.aspx</dllname>
    <major>20170529</major>
    <minor>71935</minor>
    <build>0</build>
  </DLL>
  <DLL>
    <dllname>itinerationlap_default_new02.aspx</dllname>
    <major>20151021</major>
    <minor>160526</minor>
    <build>0</build>
  </DLL>
  <DLL>
    <dllname>itinerationrefund_default_new02.aspx</dllname>
    <major>20180918</major>
    <minor>124423</minor>
    <build>0</build>
  </DLL>
  <DLL>
    <dllname>itineration_default_new02.aspx</dllname>
    <major>20181121</major>
    <minor>134329</minor>
    <build>0</build>
  </DLL>
  <DLL>
    <dllname>lcardcf_single.aspx</dllname>
    <major>20131026</major>
    <minor>73610</minor>
    <build>0</build>
  </DLL>
  <DLL>
    <dllname>lcardvar_web.aspx</dllname>
    <major>20131026</major>
    <minor>73610</minor>
    <build>0</build>
  </DLL>
  <DLL>
    <dllname>lcard_web.aspx</dllname>
    <major>20131026</major>
    <minor>73610</minor>
    <build>0</build>
  </DLL>
  <DLL>
    <dllname>LDAPService.aspx</dllname>
    <major>20130926</major>
    <minor>91128</minor>
    <build>0</build>
  </DLL>
  <DLL>
    <dllname>listclass_tree.aspx</dllname>
    <major>20151015</major>
    <minor>145212</minor>
    <build>0</build>
  </DLL>
  <DLL>
    <dllname>listino_parametri.aspx</dllname>
    <major>20180221</major>
    <minor>143311</minor>
    <build>0</build>
  </DLL>
  <DLL>
    <dllname>location_tree.aspx</dllname>
    <major>20170411</major>
    <minor>121022</minor>
    <build>0</build>
  </DLL>
  <DLL>
    <dllname>LoginLDAP.aspx</dllname>
    <major>20180104</major>
    <minor>150637</minor>
    <build>0</build>
  </DLL>
  <DLL>
    <dllname>LoginSAML.aspx</dllname>
    <major>20161121</major>
    <minor>162410</minor>
    <build>0</build>
  </DLL>
  <DLL>
    <dllname>LoginServizi.aspx</dllname>
    <major>20151002</major>
    <minor>111933</minor>
    <build>0</build>
  </DLL>
  <DLL>
    <dllname>magazzino_in.aspx</dllname>
    <major>20130926</major>
    <minor>91128</minor>
    <build>0</build>
  </DLL>
  <DLL>
    <dllname>magazzino_ingresso.aspx</dllname>
    <major>20131026</major>
    <minor>73610</minor>
    <build>0</build>
  </DLL>
  <DLL>
    <dllname>magazzino_out.aspx</dllname>
    <major>20130926</major>
    <minor>91128</minor>
    <build>0</build>
  </DLL>
  <DLL>
    <dllname>magazzino_uscita.aspx</dllname>
    <major>20130926</major>
    <minor>91128</minor>
    <build>0</build>
  </DLL>
  <DLL>
    <dllname>ManageAvanzamentoStati.aspx</dllname>
    <major>20160418</major>
    <minor>144439</minor>
    <build>0</build>
  </DLL>
  <DLL>
    <dllname>ManageCart.aspx</dllname>
    <major>20151019</major>
    <minor>114637</minor>
    <build>0</build>
  </DLL>
  <DLL>
    <dllname>mandateattachment_default_new02.aspx</dllname>
    <major>20160711</major>
    <minor>112138</minor>
    <build>0</build>
  </DLL>
  <DLL>
    <dllname>mandatedetail_default_new02.aspx</dllname>
    <major>20170410</major>
    <minor>142405</minor>
    <build>0</build>
  </DLL>
  <DLL>
    <dllname>mandate_default_new02.aspx</dllname>
    <major>20170419</major>
    <minor>74334</minor>
    <build>0</build>
  </DLL>
  <DLL>
    <dllname>Messaggio.aspx</dllname>
    <major>20130926</major>
    <minor>91128</minor>
    <build>0</build>
  </DLL>
  <DLL>
    <dllname>MultipleSelection.aspx</dllname>
    <major>20160711</major>
    <minor>112138</minor>
    <build>0</build>
  </DLL>
  <DLL>
    <dllname>passwordRecovery.aspx</dllname>
    <major>20150529</major>
    <minor>74001</minor>
    <build>0</build>
  </DLL>
  <DLL>
    <dllname>ReportParameter_default.aspx</dllname>
    <major>20160711</major>
    <minor>112138</minor>
    <build>0</build>
  </DLL>
  <DLL>
    <dllname>rilevazionianac_service.aspx</dllname>
    <major>20160701</major>
    <minor>135055</minor>
    <build>0</build>
  </DLL>
  <DLL>
    <dllname>showcasedetail_single.aspx</dllname>
    <major>20160711</major>
    <minor>112138</minor>
    <build>0</build>
  </DLL>
  <DLL>
    <dllname>showcase_default.aspx</dllname>
    <major>20160711</major>
    <minor>112138</minor>
    <build>0</build>
  </DLL>
  <DLL>
    <dllname>ShowProcedureMessageCollection.aspx</dllname>
    <major>20130926</major>
    <minor>91128</minor>
    <build>0</build>
  </DLL>
  <DLL>
    <dllname>sorting_tree.aspx</dllname>
    <major>20160711</major>
    <minor>120846</minor>
    <build>0</build>
  </DLL>
  <DLL>
    <dllname>underwriting_default_new02.aspx</dllname>
    <major>20150922</major>
    <minor>94601</minor>
    <build>0</build>
  </DLL>
  <DLL>
    <dllname>upb_default_new02.aspx</dllname>
    <major>20150922</major>
    <minor>73300</minor>
    <build>0</build>
  </DLL>
  <DLL>
    <dllname>upb_tree.aspx</dllname>
    <major>20170411</major>
    <minor>100613</minor>
    <build>0</build>
  </DLL>
  <DLL>
    <dllname>vetrina_default.aspx</dllname>
    <major>20160711</major>
    <minor>112138</minor>
    <build>0</build>
  </DLL>
  <DLL>
    <dllname>vetrina_default_new02.aspx</dllname>
    <major>20151020</major>
    <minor>171413</minor>
    <build>0</build>
  </DLL>
  <DLL>
    <dllname>viterbo_finvardetail_default.aspx</dllname>
    <major>20181026</major>
    <minor>124818</minor>
    <build>0</build>
  </DLL>
  <DLL>
    <dllname>viterbo_finvar_default.aspx</dllname>
    <major>20170626</major>
    <minor>84233</minor>
    <build>0</build>
  </DLL>
  <DLL>
    <dllname>WebPDFView.aspx</dllname>
    <major>20130926</major>
    <minor>91128</minor>
    <build>0</build>
  </DLL>
  <DLL>
    <dllname>WebUsersManagement.aspx</dllname>
    <major>20170928</major>
    <minor>131358</minor>
    <build>0</build>
  </DLL>
  <DLL>
    <dllname>XMLRequestList.aspx</dllname>
    <major>20160711</major>
    <minor>112138</minor>
    <build>0</build>
  </DLL>
  <DLL>
    <dllname>_SessionTimeOut.aspx</dllname>
    <major>20151021</major>
    <minor>92021</minor>
    <build>0</build>
  </DLL>
  <DLL>
    <dllname>accountenactment_default.aspx.cs</dllname>
    <major>20180216</major>
    <minor>143405</minor>
    <build>0</build>
  </DLL>
  <DLL>
    <dllname>accountvarattachment_default_new02.aspx.cs</dllname>
    <major>20151015</major>
    <minor>132205</minor>
    <build>0</build>
  </DLL>
  <DLL>
    <dllname>accountvardetail_default_new02.aspx.cs</dllname>
    <major>20181023</major>
    <minor>70210</minor>
    <build>0</build>
  </DLL>
  <DLL>
    <dllname>accountvar_default_new02.aspx.cs</dllname>
    <major>20181025</major>
    <minor>71621</minor>
    <build>0</build>
  </DLL>
  <DLL>
    <dllname>account_tree.aspx.cs</dllname>
    <major>20161121</major>
    <minor>173037</minor>
    <build>0</build>
  </DLL>
  <DLL>
    <dllname>AddNewServer.aspx.cs</dllname>
    <major>20160419</major>
    <minor>112331</minor>
    <build>0</build>
  </DLL>
  <DLL>
    <dllname>AddServer.aspx.cs</dllname>
    <major>20160419</major>
    <minor>112331</minor>
    <build>0</build>
  </DLL>
  <DLL>
    <dllname>apregistry_service.aspx.cs</dllname>
    <major>20180613</major>
    <minor>112223</minor>
    <build>0</build>
  </DLL>
  <DLL>
    <dllname>AttachmentView.aspx.cs</dllname>
    <major>20130926</major>
    <minor>91128</minor>
    <build>0</build>
  </DLL>
  <DLL>
    <dllname>bookingauth.aspx.cs</dllname>
    <major>20180216</major>
    <minor>144045</minor>
    <build>0</build>
  </DLL>
  <DLL>
    <dllname>bookingdetail_default_new02.aspx.cs</dllname>
    <major>20180216</major>
    <minor>143849</minor>
    <build>0</build>
  </DLL>
  <DLL>
    <dllname>bookingdetail_single_new02.aspx.cs</dllname>
    <major>20150923</major>
    <minor>123812</minor>
    <build>0</build>
  </DLL>
  <DLL>
    <dllname>booking_default_new02.aspx.cs</dllname>
    <major>20180216</major>
    <minor>144058</minor>
    <build>0</build>
  </DLL>
  <DLL>
    <dllname>CambioPassword.aspx.cs</dllname>
    <major>20151218</major>
    <minor>100504</minor>
    <build>0</build>
  </DLL>
  <DLL>
    <dllname>CambioRuolo.aspx.cs</dllname>
    <major>20130926</major>
    <minor>91128</minor>
    <build>0</build>
  </DLL>
  <DLL>
    <dllname>catania_itineration_default.aspx.cs</dllname>
    <major>20181203</major>
    <minor>151203</minor>
    <build>0</build>
  </DLL>
  <DLL>
    <dllname>Default.aspx.cs</dllname>
    <major>20170123</major>
    <minor>93251</minor>
    <build>0</build>
  </DLL>
  <DLL>
    <dllname>DefaultLDAP.aspx.cs</dllname>
    <major>20170123</major>
    <minor>93251</minor>
    <build>0</build>
  </DLL>
  <DLL>
    <dllname>DefaultSAML.aspx.cs</dllname>
    <major>20170419</major>
    <minor>124548</minor>
    <build>0</build>
  </DLL>
  <DLL>
    <dllname>enactment_default_new02.aspx.cs</dllname>
    <major>20180216</major>
    <minor>143405</minor>
    <build>0</build>
  </DLL>
  <DLL>
    <dllname>expNextFm.aspx.cs</dllname>
    <major>20180709</major>
    <minor>65358</minor>
    <build>0</build>
  </DLL>
  <DLL>
    <dllname>ExportParameter_Default.aspx.cs</dllname>
    <major>20180216</major>
    <minor>144034</minor>
    <build>0</build>
  </DLL>
  <DLL>
    <dllname>ExportView.aspx.cs</dllname>
    <major>20170529</major>
    <minor>71752</minor>
    <build>0</build>
  </DLL>
  <DLL>
    <dllname>expSiopeTrasparenza.aspx.cs</dllname>
    <major>20180317</major>
    <minor>144735</minor>
    <build>0</build>
  </DLL>
  <DLL>
    <dllname>finvarattachment_default_new02.aspx.cs</dllname>
    <major>20150918</major>
    <minor>124836</minor>
    <build>0</build>
  </DLL>
  <DLL>
    <dllname>finvardetail_default_new02.aspx.cs</dllname>
    <major>20170626</major>
    <minor>84233</minor>
    <build>0</build>
  </DLL>
  <DLL>
    <dllname>finvar_default_new02.aspx.cs</dllname>
    <major>20180216</major>
    <minor>142852</minor>
    <build>0</build>
  </DLL>
  <DLL>
    <dllname>finview_treeupb.aspx.cs</dllname>
    <major>20140511</major>
    <minor>155735</minor>
    <build>0</build>
  </DLL>
  <DLL>
    <dllname>fin_treeall.aspx.cs</dllname>
    <major>20140511</major>
    <minor>155735</minor>
    <build>0</build>
  </DLL>
  <DLL>
    <dllname>GetItemImage.aspx.cs</dllname>
    <major>20130926</major>
    <minor>91128</minor>
    <build>0</build>
  </DLL>
  <DLL>
    <dllname>IndiceReport.aspx.cs</dllname>
    <major>20181120</major>
    <minor>95730</minor>
    <build>0</build>
  </DLL>
  <DLL>
    <dllname>InserisciParametri.aspx.cs</dllname>
    <major>20130926</major>
    <minor>91128</minor>
    <build>0</build>
  </DLL>
  <DLL>
    <dllname>InserisciParametriExp.aspx.cs</dllname>
    <major>20130926</major>
    <minor>91128</minor>
    <build>0</build>
  </DLL>
  <DLL>
    <dllname>Installa.aspx.cs</dllname>
    <major>20150527</major>
    <minor>131853</minor>
    <build>0</build>
  </DLL>
  <DLL>
    <dllname>InstallWebReportService.aspx.cs</dllname>
    <major>20130926</major>
    <minor>91128</minor>
    <build>0</build>
  </DLL>
  <DLL>
    <dllname>itinerationattachment_default_new02.aspx.cs</dllname>
    <major>20150727</major>
    <minor>121426</minor>
    <build>0</build>
  </DLL>
  <DLL>
    <dllname>itinerationauth_default_new02.aspx.cs</dllname>
    <major>20180413</major>
    <minor>84016</minor>
    <build>0</build>
  </DLL>
  <DLL>
    <dllname>itinerationlap_default_new02.aspx.cs</dllname>
    <major>20151006</major>
    <minor>152324</minor>
    <build>0</build>
  </DLL>
  <DLL>
    <dllname>itinerationrefund_default_new02.aspx.cs</dllname>
    <major>20180926</major>
    <minor>133651</minor>
    <build>0</build>
  </DLL>
  <DLL>
    <dllname>itineration_default_new02.aspx.cs</dllname>
    <major>20180831</major>
    <minor>162426</minor>
    <build>0</build>
  </DLL>
  <DLL>
    <dllname>lcardcf_single.aspx.cs</dllname>
    <major>20151016</major>
    <minor>154612</minor>
    <build>0</build>
  </DLL>
  <DLL>
    <dllname>lcardvar_web.aspx.cs</dllname>
    <major>20180216</major>
    <minor>143944</minor>
    <build>0</build>
  </DLL>
  <DLL>
    <dllname>lcard_web.aspx.cs</dllname>
    <major>20180317</major>
    <minor>144246</minor>
    <build>0</build>
  </DLL>
  <DLL>
    <dllname>LDAPService.aspx.cs</dllname>
    <major>20130926</major>
    <minor>91128</minor>
    <build>0</build>
  </DLL>
  <DLL>
    <dllname>listclass_tree.aspx.cs</dllname>
    <major>20180221</major>
    <minor>143311</minor>
    <build>0</build>
  </DLL>
  <DLL>
    <dllname>listino_parametri.aspx.cs</dllname>
    <major>20180221</major>
    <minor>144132</minor>
    <build>0</build>
  </DLL>
  <DLL>
    <dllname>location_tree.aspx.cs</dllname>
    <major>20170411</major>
    <minor>121638</minor>
    <build>0</build>
  </DLL>
  <DLL>
    <dllname>LoginLDAP.aspx.cs</dllname>
    <major>20180301</major>
    <minor>83732</minor>
    <build>0</build>
  </DLL>
  <DLL>
    <dllname>LoginSAML.aspx.cs</dllname>
    <major>20180301</major>
    <minor>83732</minor>
    <build>0</build>
  </DLL>
  <DLL>
    <dllname>LoginServizi.aspx.cs</dllname>
    <major>20180301</major>
    <minor>85259</minor>
    <build>0</build>
  </DLL>
  <DLL>
    <dllname>magazzino_in.aspx.cs</dllname>
    <major>20130926</major>
    <minor>91128</minor>
    <build>0</build>
  </DLL>
  <DLL>
    <dllname>magazzino_ingresso.aspx.cs</dllname>
    <major>20180301</major>
    <minor>83732</minor>
    <build>0</build>
  </DLL>
  <DLL>
    <dllname>magazzino_out.aspx.cs</dllname>
    <major>20130926</major>
    <minor>91128</minor>
    <build>0</build>
  </DLL>
  <DLL>
    <dllname>magazzino_uscita.aspx.cs</dllname>
    <major>20180301</major>
    <minor>83732</minor>
    <build>0</build>
  </DLL>
  <DLL>
    <dllname>ManageAvanzamentoStati.aspx.cs</dllname>
    <major>20160504</major>
    <minor>93323</minor>
    <build>0</build>
  </DLL>
  <DLL>
    <dllname>ManageCart.aspx.cs</dllname>
    <major>20151020</major>
    <minor>171413</minor>
    <build>0</build>
  </DLL>
  <DLL>
    <dllname>mandateattachment_default_new02.aspx.cs</dllname>
    <major>20150717</major>
    <minor>101044</minor>
    <build>0</build>
  </DLL>
  <DLL>
    <dllname>mandatedetail_default_new02.aspx.cs</dllname>
    <major>20180216</major>
    <minor>142852</minor>
    <build>0</build>
  </DLL>
  <DLL>
    <dllname>mandate_default_new02.aspx.cs</dllname>
    <major>20180327</major>
    <minor>164910</minor>
    <build>0</build>
  </DLL>
  <DLL>
    <dllname>Messaggio.aspx.cs</dllname>
    <major>20130926</major>
    <minor>91128</minor>
    <build>0</build>
  </DLL>
  <DLL>
    <dllname>MessaggioErroreEasy.ascx.cs</dllname>
    <major>20130926</major>
    <minor>91128</minor>
    <build>0</build>
  </DLL>
  <DLL>
    <dllname>MetaMaster.master.cs</dllname>
    <major>20180301</major>
    <minor>82638</minor>
    <build>0</build>
  </DLL>
  <DLL>
    <dllname>MetaMasterBootstrap.master.cs</dllname>
    <major>20180301</major>
    <minor>85550</minor>
    <build>0</build>
  </DLL>
  <DLL>
    <dllname>MultipleSelection.aspx.cs</dllname>
    <major>20140511</major>
    <minor>155735</minor>
    <build>0</build>
  </DLL>
  <DLL>
    <dllname>passwordRecovery.aspx.cs</dllname>
    <major>20180301</major>
    <minor>83732</minor>
    <build>0</build>
  </DLL>
  <DLL>
    <dllname>ReportParameter_default.aspx.cs</dllname>
    <major>20180216</major>
    <minor>143252</minor>
    <build>0</build>
  </DLL>
  <DLL>
    <dllname>rilevazionianac_service.aspx.cs</dllname>
    <major>20180613</major>
    <minor>100535</minor>
    <build>0</build>
  </DLL>
  <DLL>
    <dllname>showcasedetail_single.aspx.cs</dllname>
    <major>20130926</major>
    <minor>91128</minor>
    <build>0</build>
  </DLL>
  <DLL>
    <dllname>showcase_default.aspx.cs</dllname>
    <major>20140404</major>
    <minor>155428</minor>
    <build>0</build>
  </DLL>
  <DLL>
    <dllname>ShowProcedureMessageCollection.aspx.cs</dllname>
    <major>20130926</major>
    <minor>91128</minor>
    <build>0</build>
  </DLL>
  <DLL>
    <dllname>sorting_tree.aspx.cs</dllname>
    <major>20140404</major>
    <minor>155428</minor>
    <build>0</build>
  </DLL>
  <DLL>
    <dllname>underwriting_default_new02.aspx.cs</dllname>
    <major>20150921</major>
    <minor>94038</minor>
    <build>0</build>
  </DLL>
  <DLL>
    <dllname>upb_default_new02.aspx.cs</dllname>
    <major>20170804</major>
    <minor>111355</minor>
    <build>0</build>
  </DLL>
  <DLL>
    <dllname>upb_tree.aspx.cs</dllname>
    <major>20170804</major>
    <minor>111404</minor>
    <build>0</build>
  </DLL>
  <DLL>
    <dllname>vetrina_default.aspx.cs</dllname>
    <major>20180216</major>
    <minor>143628</minor>
    <build>0</build>
  </DLL>
  <DLL>
    <dllname>vetrina_default_new02.aspx.cs</dllname>
    <major>20180216</major>
    <minor>143849</minor>
    <build>0</build>
  </DLL>
  <DLL>
    <dllname>viterbo_finvardetail_default.aspx.cs</dllname>
    <major>20181120</major>
    <minor>95730</minor>
    <build>0</build>
  </DLL>
  <DLL>
    <dllname>viterbo_finvar_default.aspx.cs</dllname>
    <major>20181005</major>
    <minor>141813</minor>
    <build>0</build>
  </DLL>
  <DLL>
    <dllname>WebPDFView.aspx.cs</dllname>
    <major>20151217</major>
    <minor>162815</minor>
    <build>0</build>
  </DLL>
  <DLL>
    <dllname>WebUsersManagement.aspx.cs</dllname>
    <major>20180301</major>
    <minor>83732</minor>
    <build>0</build>
  </DLL>
  <DLL>
    <dllname>XMLRequestList.aspx.cs</dllname>
    <major>20160303</major>
    <minor>105928</minor>
    <build>0</build>
  </DLL>
  <DLL>
    <dllname>_SessionTimeOut.aspx.cs</dllname>
    <major>20130926</major>
    <minor>91128</minor>
    <build>0</build>
  </DLL>
  <DLL>
    <dllname>favicon.ico</dllname>
    <major>20130926</major>
    <minor>91128</minor>
    <build>0</build>
  </DLL>
  <DLL>
    <dllname>packages.config</dllname>
    <major>20171207</major>
    <minor>132549</minor>
    <build>0</build>
  </DLL>
  <DLL>
    <dllname>saml.config</dllname>
    <major>20170207</major>
    <minor>102240</minor>
    <build>0</build>
  </DLL>
  <DLL>
    <dllname>web.config</dllname>
    <major>20180301</major>
    <minor>84129</minor>
    <build>0</build>
  </DLL>
  <DLL>
    <dllname>js\allmine.js</dllname>
    <major>20151017</major>
    <minor>152248</minor>
    <build>0</build>
  </DLL>
  <DLL>
    <dllname>js\allmine.min.js</dllname>
    <major>20150731</major>
    <minor>102606</minor>
    <build>0</build>
  </DLL>
  <DLL>
    <dllname>js\bootstrap-italia.bundle.min.js</dllname>
    <major>20181120</major>
    <minor>95730</minor>
    <build>0</build>
  </DLL>
  <DLL>
    <dllname>js\bootstrap-italia.min.js</dllname>
    <major>20181120</major>
    <minor>95730</minor>
    <build>0</build>
  </DLL>
  <DLL>
    <dllname>js\bootstrap-treeview.min.js</dllname>
    <major>20170220</major>
    <minor>141644</minor>
    <build>0</build>
  </DLL>
  <DLL>
    <dllname>js\bootstrap.js</dllname>
    <major>20130926</major>
    <minor>91128</minor>
    <build>0</build>
  </DLL>
  <DLL>
    <dllname>js\bootstrap.min.js</dllname>
    <major>20130926</major>
    <minor>91128</minor>
    <build>0</build>
  </DLL>
  <DLL>
    <dllname>js\JavaScript.js</dllname>
    <major>20131026</major>
    <minor>73610</minor>
    <build>0</build>
  </DLL>
  <DLL>
    <dllname>js\jquery-2.1.0.js</dllname>
    <major>20140404</major>
    <minor>155428</minor>
    <build>0</build>
  </DLL>
  <DLL>
    <dllname>js\jquery-impromptu.js</dllname>
    <major>20131026</major>
    <minor>73610</minor>
    <build>0</build>
  </DLL>
  <DLL>
    <dllname>js\jquery-ui-1.10.4.js</dllname>
    <major>20140404</major>
    <minor>155428</minor>
    <build>0</build>
  </DLL>
  <DLL>
    <dllname>js\jquery-ui-1.11.4.js</dllname>
    <major>20160511</major>
    <minor>91659</minor>
    <build>0</build>
  </DLL>
  <DLL>
    <dllname>js\jquery.js</dllname>
    <major>20140404</major>
    <minor>155428</minor>
    <build>0</build>
  </DLL>
  <DLL>
    <dllname>js\jquery.pgrid.min.js</dllname>
    <major>20130926</major>
    <minor>91128</minor>
    <build>0</build>
  </DLL>
  <DLL>
    <dllname>js\jquery.smartmenus.js</dllname>
    <major>20150930</major>
    <minor>155116</minor>
    <build>0</build>
  </DLL>
  <DLL>
    <dllname>js\menuscript.js</dllname>
    <major>20130926</major>
    <minor>91128</minor>
    <build>0</build>
  </DLL>
  <DLL>
    <dllname>js\rimossi.js</dllname>
    <major>20131026</major>
    <minor>73610</minor>
    <build>0</build>
  </DLL>
  <DLL>
    <dllname>css\ae.css</dllname>
    <major>20181121</major>
    <minor>135338</minor>
    <build>0</build>
  </DLL>
  <DLL>
    <dllname>css\bootstrap-italia.min.css</dllname>
    <major>20181120</major>
    <minor>95730</minor>
    <build>0</build>
  </DLL>
  <DLL>
    <dllname>css\bootstrap-responsive.css</dllname>
    <major>20130926</major>
    <minor>91128</minor>
    <build>0</build>
  </DLL>
  <DLL>
    <dllname>css\bootstrap-responsive.min.css</dllname>
    <major>20130926</major>
    <minor>91128</minor>
    <build>0</build>
  </DLL>
  <DLL>
    <dllname>css\bootstrap-treeview.min.css</dllname>
    <major>20160711</major>
    <minor>112138</minor>
    <build>0</build>
  </DLL>
  <DLL>
    <dllname>css\bootstrap.css</dllname>
    <major>20130926</major>
    <minor>91128</minor>
    <build>0</build>
  </DLL>
  <DLL>
    <dllname>css\bootstrap.min.css</dllname>
    <major>20130926</major>
    <minor>91128</minor>
    <build>0</build>
  </DLL>
  <DLL>
    <dllname>css\jquery-impromptu.css</dllname>
    <major>20131026</major>
    <minor>73610</minor>
    <build>0</build>
  </DLL>
  <DLL>
    <dllname>css\jquery-ui.css</dllname>
    <major>20160311</major>
    <minor>123438</minor>
    <build>0</build>
  </DLL>
  <DLL>
    <dllname>css\jquery.pgrid.default.css</dllname>
    <major>20131026</major>
    <minor>73610</minor>
    <build>0</build>
  </DLL>
  <DLL>
    <dllname>css\jquery.pgrid.touch.css</dllname>
    <major>20130926</major>
    <minor>91128</minor>
    <build>0</build>
  </DLL>
  <DLL>
    <dllname>css\masterbootstrap.css</dllname>
    <major>20181121</major>
    <minor>175328</minor>
    <build>0</build>
  </DLL>
  <DLL>
    <dllname>css\masterpage.css</dllname>
    <major>20150722</major>
    <minor>142518</minor>
    <build>0</build>
  </DLL>
  <DLL>
    <dllname>css\masterpage.min.css</dllname>
    <major>20150722</major>
    <minor>142518</minor>
    <build>0</build>
  </DLL>
  <DLL>
    <dllname>css\menustyle.css</dllname>
    <major>20130926</major>
    <minor>91128</minor>
    <build>0</build>
  </DLL>
  <DLL>
    <dllname>css\sm-blue.css</dllname>
    <major>20151023</major>
    <minor>81612</minor>
    <build>0</build>
  </DLL>
  <DLL>
    <dllname>css\sm-core-css.css</dllname>
    <major>20150930</major>
    <minor>155116</minor>
    <build>0</build>
  </DLL>
  <DLL>
    <dllname>bin\AllDataSet.dll</dllname>
    <major>1</major>
    <minor>0</minor>
    <build>0</build>
  </DLL>
  <DLL>
    <dllname>bin\ComponentSpace.SAML2.dll</dllname>
    <major>2</major>
    <minor>6</minor>
    <build>0</build>
  </DLL>
  <DLL>
    <dllname>bin\CrystalDecisions.CrystalReports.Engine.dll</dllname>
    <major>13</major>
    <minor>0</minor>
    <build>18</build>
  </DLL>
  <DLL>
    <dllname>bin\CrystalDecisions.ReportAppServer.ClientDoc.dll</dllname>
    <major>13</major>
    <minor>0</minor>
    <build>18</build>
  </DLL>
  <DLL>
    <dllname>bin\CrystalDecisions.ReportAppServer.CommLayer.dll</dllname>
    <major>13</major>
    <minor>0</minor>
    <build>18</build>
  </DLL>
  <DLL>
    <dllname>bin\CrystalDecisions.ReportAppServer.CommonControls.dll</dllname>
    <major>13</major>
    <minor>0</minor>
    <build>18</build>
  </DLL>
  <DLL>
    <dllname>bin\CrystalDecisions.ReportAppServer.CommonObjectModel.dll</dllname>
    <major>13</major>
    <minor>0</minor>
    <build>18</build>
  </DLL>
  <DLL>
    <dllname>bin\CrystalDecisions.ReportAppServer.Controllers.dll</dllname>
    <major>13</major>
    <minor>0</minor>
    <build>18</build>
  </DLL>
  <DLL>
    <dllname>bin\CrystalDecisions.ReportAppServer.CubeDefModel.dll</dllname>
    <major>13</major>
    <minor>0</minor>
    <build>18</build>
  </DLL>
  <DLL>
    <dllname>bin\CrystalDecisions.ReportAppServer.DataDefModel.dll</dllname>
    <major>13</major>
    <minor>0</minor>
    <build>18</build>
  </DLL>
  <DLL>
    <dllname>bin\CrystalDecisions.ReportAppServer.DataSetConversion.dll</dllname>
    <major>13</major>
    <minor>0</minor>
    <build>18</build>
  </DLL>
  <DLL>
    <dllname>bin\CrystalDecisions.ReportAppServer.ObjectFactory.dll</dllname>
    <major>13</major>
    <minor>0</minor>
    <build>18</build>
  </DLL>
  <DLL>
    <dllname>bin\CrystalDecisions.ReportAppServer.Prompting.dll</dllname>
    <major>13</major>
    <minor>0</minor>
    <build>18</build>
  </DLL>
  <DLL>
    <dllname>bin\CrystalDecisions.ReportAppServer.ReportDefModel.dll</dllname>
    <major>13</major>
    <minor>0</minor>
    <build>18</build>
  </DLL>
  <DLL>
    <dllname>bin\CrystalDecisions.ReportAppServer.XmlSerialize.dll</dllname>
    <major>13</major>
    <minor>0</minor>
    <build>18</build>
  </DLL>
  <DLL>
    <dllname>bin\CrystalDecisions.Shared.dll</dllname>
    <major>13</major>
    <minor>0</minor>
    <build>18</build>
  </DLL>
  <DLL>
    <dllname>bin\edtFTPnet.dll</dllname>
    <major>2</major>
    <minor>2</minor>
    <build>3</build>
  </DLL>
  <DLL>
    <dllname>bin\EPPlus.dll</dllname>
    <major>4</major>
    <minor>1</minor>
    <build>0</build>
  </DLL>
  <DLL>
    <dllname>bin\ftp.dll</dllname>
    <major>0</major>
    <minor>0</minor>
    <build>0</build>
  </DLL>
  <DLL>
    <dllname>bin\funzioni_configurazione.dll</dllname>
    <major>1</major>
    <minor>2</minor>
    <build>73</build>
  </DLL>
  <DLL>
    <dllname>bin\HelpWeb.dll</dllname>
    <major>1</major>
    <minor>0</minor>
    <build>0</build>
  </DLL>
  <DLL>
    <dllname>bin\Interop.Excel.dll</dllname>
    <major>1</major>
    <minor>4</minor>
    <build>0</build>
  </DLL>
  <DLL>
    <dllname>bin\itinerationFunctions.dll</dllname>
    <major>1</major>
    <minor>0</minor>
    <build>58</build>
  </DLL>
  <DLL>
    <dllname>bin\lcardmail.dll</dllname>
    <major>1</major>
    <minor>0</minor>
    <build>0</build>
  </DLL>
  <DLL>
    <dllname>bin\MagicLibrary.dll</dllname>
    <major>1</major>
    <minor>7</minor>
    <build>4</build>
  </DLL>
  <DLL>
    <dllname>bin\metadatalibrary.dll</dllname>
    <major>2</major>
    <minor>2</minor>
    <build>482</build>
  </DLL>
  <DLL>
    <dllname>bin\metaeasylibrary.dll</dllname>
    <major>2</major>
    <minor>1</minor>
    <build>165</build>
  </DLL>
  <DLL>
    <dllname>bin\metaeasylibrary.XmlSerializers.dll</dllname>
    <major>2</major>
    <minor>1</minor>
    <build>128</build>
  </DLL>
  <DLL>
    <dllname>bin\meta_account.dll</dllname>
    <major>1</major>
    <minor>0</minor>
    <build>27</build>
  </DLL>
  <DLL>
    <dllname>bin\meta_accountenactment.dll</dllname>
    <major>1</major>
    <minor>0</minor>
    <build>1</build>
  </DLL>
  <DLL>
    <dllname>bin\meta_accountminusable.dll</dllname>
    <major>1</major>
    <minor>0</minor>
    <build>1</build>
  </DLL>
  <DLL>
    <dllname>bin\meta_accountvar.dll</dllname>
    <major>1</major>
    <minor>0</minor>
    <build>3</build>
  </DLL>
  <DLL>
    <dllname>bin\meta_accountvarattachment.dll</dllname>
    <major>1</major>
    <minor>0</minor>
    <build>0</build>
  </DLL>
  <DLL>
    <dllname>bin\meta_accountvardetail.dll</dllname>
    <major>1</major>
    <minor>0</minor>
    <build>15</build>
  </DLL>
  <DLL>
    <dllname>bin\meta_accountvarview.dll</dllname>
    <major>1</major>
    <minor>0</minor>
    <build>5</build>
  </DLL>
  <DLL>
    <dllname>bin\meta_booking.dll</dllname>
    <major>1</major>
    <minor>0</minor>
    <build>1</build>
  </DLL>
  <DLL>
    <dllname>bin\meta_bookingdetail.dll</dllname>
    <major>1</major>
    <minor>0</minor>
    <build>6</build>
  </DLL>
  <DLL>
    <dllname>bin\meta_bookingdetailview.dll</dllname>
    <major>1</major>
    <minor>0</minor>
    <build>6</build>
  </DLL>
  <DLL>
    <dllname>bin\meta_bookingview.dll</dllname>
    <major>1</major>
    <minor>0</minor>
    <build>2</build>
  </DLL>
  <DLL>
    <dllname>bin\meta_costpartition.dll</dllname>
    <major>1</major>
    <minor>0</minor>
    <build>2</build>
  </DLL>
  <DLL>
    <dllname>bin\meta_currency.dll</dllname>
    <major>1</major>
    <minor>0</minor>
    <build>5</build>
  </DLL>
  <DLL>
    <dllname>bin\meta_enactment.dll</dllname>
    <major>1</major>
    <minor>0</minor>
    <build>6</build>
  </DLL>
  <DLL>
    <dllname>bin\meta_export.dll</dllname>
    <major>1</major>
    <minor>0</minor>
    <build>3</build>
  </DLL>
  <DLL>
    <dllname>bin\meta_fin.dll</dllname>
    <major>1</major>
    <minor>2</minor>
    <build>30</build>
  </DLL>
  <DLL>
    <dllname>bin\meta_finusable.dll</dllname>
    <major>1</major>
    <minor>0</minor>
    <build>2</build>
  </DLL>
  <DLL>
    <dllname>bin\meta_finvar.dll</dllname>
    <major>1</major>
    <minor>3</minor>
    <build>27</build>
  </DLL>
  <DLL>
    <dllname>bin\meta_finvarattachment.dll</dllname>
    <major>1</major>
    <minor>0</minor>
    <build>3</build>
  </DLL>
  <DLL>
    <dllname>bin\meta_finvardetail.dll</dllname>
    <major>1</major>
    <minor>1</minor>
    <build>9</build>
  </DLL>
  <DLL>
    <dllname>bin\meta_finvarview.dll</dllname>
    <major>1</major>
    <minor>0</minor>
    <build>14</build>
  </DLL>
  <DLL>
    <dllname>bin\meta_finview.dll</dllname>
    <major>1</major>
    <minor>1</minor>
    <build>38</build>
  </DLL>
  <DLL>
    <dllname>bin\meta_foreigncountry.dll</dllname>
    <major>1</major>
    <minor>0</minor>
    <build>5</build>
  </DLL>
  <DLL>
    <dllname>bin\meta_itineration.dll</dllname>
    <major>1</major>
    <minor>0</minor>
    <build>41</build>
  </DLL>
  <DLL>
    <dllname>bin\meta_itinerationattachment.dll</dllname>
    <major>1</major>
    <minor>0</minor>
    <build>3</build>
  </DLL>
  <DLL>
    <dllname>bin\meta_itinerationauthagency.dll</dllname>
    <major>1</major>
    <minor>0</minor>
    <build>15</build>
  </DLL>
  <DLL>
    <dllname>bin\meta_itinerationauthview.dll</dllname>
    <major>1</major>
    <minor>0</minor>
    <build>6</build>
  </DLL>
  <DLL>
    <dllname>bin\meta_itinerationlap.dll</dllname>
    <major>1</major>
    <minor>1</minor>
    <build>6</build>
  </DLL>
  <DLL>
    <dllname>bin\meta_itinerationrefund.dll</dllname>
    <major>1</major>
    <minor>0</minor>
    <build>24</build>
  </DLL>
  <DLL>
    <dllname>bin\meta_itinerationrefundkind.dll</dllname>
    <major>1</major>
    <minor>0</minor>
    <build>10</build>
  </DLL>
  <DLL>
    <dllname>bin\meta_itinerationview.dll</dllname>
    <major>1</major>
    <minor>0</minor>
    <build>17</build>
  </DLL>
  <DLL>
    <dllname>bin\meta_lcardcf.dll</dllname>
    <major>1</major>
    <minor>0</minor>
    <build>2</build>
  </DLL>
  <DLL>
    <dllname>bin\meta_lcardvar.dll</dllname>
    <major>1</major>
    <minor>0</minor>
    <build>3</build>
  </DLL>
  <DLL>
    <dllname>bin\meta_lcardvarview.dll</dllname>
    <major>1</major>
    <minor>0</minor>
    <build>4</build>
  </DLL>
  <DLL>
    <dllname>bin\meta_legalstatuscontract.dll</dllname>
    <major>1</major>
    <minor>0</minor>
    <build>8</build>
  </DLL>
  <DLL>
    <dllname>bin\meta_list.dll</dllname>
    <major>1</major>
    <minor>0</minor>
    <build>3</build>
  </DLL>
  <DLL>
    <dllname>bin\meta_listclass.dll</dllname>
    <major>1</major>
    <minor>0</minor>
    <build>5</build>
  </DLL>
  <DLL>
    <dllname>bin\meta_listview.dll</dllname>
    <major>1</major>
    <minor>0</minor>
    <build>6</build>
  </DLL>
  <DLL>
    <dllname>bin\meta_location.dll</dllname>
    <major>1</major>
    <minor>0</minor>
    <build>12</build>
  </DLL>
  <DLL>
    <dllname>bin\meta_locationview.dll</dllname>
    <major>1</major>
    <minor>0</minor>
    <build>15</build>
  </DLL>
  <DLL>
    <dllname>bin\meta_manager.dll</dllname>
    <major>1</major>
    <minor>0</minor>
    <build>9</build>
  </DLL>
  <DLL>
    <dllname>bin\meta_managerview.dll</dllname>
    <major>1</major>
    <minor>0</minor>
    <build>4</build>
  </DLL>
  <DLL>
    <dllname>bin\meta_mandate.dll</dllname>
    <major>1</major>
    <minor>2</minor>
    <build>73</build>
  </DLL>
  <DLL>
    <dllname>bin\meta_mandateattachment.dll</dllname>
    <major>1</major>
    <minor>0</minor>
    <build>2</build>
  </DLL>
  <DLL>
    <dllname>bin\meta_mandateavailable.dll</dllname>
    <major>1</major>
    <minor>1</minor>
    <build>3</build>
  </DLL>
  <DLL>
    <dllname>bin\meta_mandatedetail.dll</dllname>
    <major>1</major>
    <minor>3</minor>
    <build>53</build>
  </DLL>
  <DLL>
    <dllname>bin\meta_mandatedetailavailable.dll</dllname>
    <major>1</major>
    <minor>0</minor>
    <build>3</build>
  </DLL>
  <DLL>
    <dllname>bin\meta_mandatedetailview.dll</dllname>
    <major>1</major>
    <minor>0</minor>
    <build>18</build>
  </DLL>
  <DLL>
    <dllname>bin\meta_mandatedetail_extview.dll</dllname>
    <major>1</major>
    <minor>0</minor>
    <build>9</build>
  </DLL>
  <DLL>
    <dllname>bin\meta_mandatedetail_tostock.dll</dllname>
    <major>1</major>
    <minor>0</minor>
    <build>0</build>
  </DLL>
  <DLL>
    <dllname>bin\meta_mandateview.dll</dllname>
    <major>1</major>
    <minor>2</minor>
    <build>23</build>
  </DLL>
  <DLL>
    <dllname>bin\meta_registrymainview.dll</dllname>
    <major>1</major>
    <minor>1</minor>
    <build>5</build>
  </DLL>
  <DLL>
    <dllname>bin\meta_showcase.dll</dllname>
    <major>1</major>
    <minor>0</minor>
    <build>0</build>
  </DLL>
  <DLL>
    <dllname>bin\meta_showcasedetail.dll</dllname>
    <major>1</major>
    <minor>0</minor>
    <build>8</build>
  </DLL>
  <DLL>
    <dllname>bin\meta_showcasedetailview.dll</dllname>
    <major>1</major>
    <minor>0</minor>
    <build>0</build>
  </DLL>
  <DLL>
    <dllname>bin\meta_sorting.dll</dllname>
    <major>1</major>
    <minor>3</minor>
    <build>34</build>
  </DLL>
  <DLL>
    <dllname>bin\meta_store.dll</dllname>
    <major>1</major>
    <minor>0</minor>
    <build>1</build>
  </DLL>
  <DLL>
    <dllname>bin\meta_storeunload.dll</dllname>
    <major>1</major>
    <minor>0</minor>
    <build>2</build>
  </DLL>
  <DLL>
    <dllname>bin\meta_storeunloaddetail.dll</dllname>
    <major>1</major>
    <minor>0</minor>
    <build>5</build>
  </DLL>
  <DLL>
    <dllname>bin\meta_treasurer.dll</dllname>
    <major>1</major>
    <minor>2</minor>
    <build>12</build>
  </DLL>
  <DLL>
    <dllname>bin\meta_underwriter.dll</dllname>
    <major>1</major>
    <minor>0</minor>
    <build>3</build>
  </DLL>
  <DLL>
    <dllname>bin\meta_underwriting.dll</dllname>
    <major>1</major>
    <minor>0</minor>
    <build>3</build>
  </DLL>
  <DLL>
    <dllname>bin\meta_underwritingview.dll</dllname>
    <major>1</major>
    <minor>0</minor>
    <build>6</build>
  </DLL>
  <DLL>
    <dllname>bin\meta_underwritingyear.dll</dllname>
    <major>1</major>
    <minor>0</minor>
    <build>1</build>
  </DLL>
  <DLL>
    <dllname>bin\meta_upb.dll</dllname>
    <major>1</major>
    <minor>0</minor>
    <build>15</build>
  </DLL>
  <DLL>
    <dllname>bin\meta_upbview.dll</dllname>
    <major>1</major>
    <minor>0</minor>
    <build>10</build>
  </DLL>
  <DLL>
    <dllname>bin\meta_viterbo_finvar.dll</dllname>
    <major>1</major>
    <minor>0</minor>
    <build>0</build>
  </DLL>
  <DLL>
    <dllname>bin\meta_viterbo_finvardetail.dll</dllname>
    <major>1</major>
    <minor>0</minor>
    <build>1</build>
  </DLL>
  <DLL>
    <dllname>bin\meta_viterbo_finvardetailview.dll</dllname>
    <major>1</major>
    <minor>0</minor>
    <build>0</build>
  </DLL>
  <DLL>
    <dllname>bin\meta_viterbo_finvarview.dll</dllname>
    <major>1</major>
    <minor>0</minor>
    <build>0</build>
  </DLL>
  <DLL>
    <dllname>bin\Microsoft.CodeDom.Providers.DotNetCompilerPlatform.dll</dllname>
    <major>1</major>
    <minor>0</minor>
    <build>4</build>
  </DLL>
  <DLL>
    <dllname>bin\Microsoft.Office.Interop.Excel.dll</dllname>
    <major>15</major>
    <minor>0</minor>
    <build>0</build>
  </DLL>
  <DLL>
    <dllname>bin\Microsoft.Vbe.Interop.dll</dllname>
    <major>15</major>
    <minor>0</minor>
    <build>0</build>
  </DLL>
  <DLL>
    <dllname>bin\Newtonsoft.Json.dll</dllname>
    <major>10</major>
    <minor>0</minor>
    <build>3</build>
  </DLL>
  <DLL>
    <dllname>bin\Office.dll</dllname>
    <major>15</major>
    <minor>0</minor>
    <build>0</build>
  </DLL>
  <DLL>
    <dllname>bin\security_function.dll</dllname>
    <major>1</major>
    <minor>0</minor>
    <build>1</build>
  </DLL>
  <DLL>
    <dllname>bin\stdole.dll</dllname>
    <major>7</major>
    <minor>0</minor>
    <build>0</build>
  </DLL>
  <DLL>
    <dllname>bin\stockmail.dll</dllname>
    <major>1</major>
    <minor>0</minor>
    <build>14</build>
  </DLL>
  <DLL>
    <dllname>bin\System.Linq.Dynamic.dll</dllname>
    <major>1</major>
    <minor>0</minor>
    <build>0</build>
  </DLL>
  <DLL>
    <dllname>bin\Xceed.Compression.Formats.v5.6.dll</dllname>
    <major>5</major>
    <minor>6</minor>
    <build>0</build>
  </DLL>
  <DLL>
    <dllname>bin\Xceed.Compression.v5.6.dll</dllname>
    <major>5</major>
    <minor>6</minor>
    <build>0</build>
  </DLL>
  <DLL>
    <dllname>bin\Xceed.Editors.v2.6.dll</dllname>
    <major>2</major>
    <minor>6</minor>
    <build>0</build>
  </DLL>
  <DLL>
    <dllname>bin\Xceed.FileSystem.v5.6.dll</dllname>
    <major>5</major>
    <minor>6</minor>
    <build>0</build>
  </DLL>
  <DLL>
    <dllname>bin\Xceed.Ftp.v5.6.dll</dllname>
    <major>5</major>
    <minor>6</minor>
    <build>0</build>
  </DLL>
  <DLL>
    <dllname>bin\Xceed.Grid.v3.9.dll</dllname>
    <major>3</major>
    <minor>9</minor>
    <build>0</build>
  </DLL>
  <DLL>
    <dllname>bin\Xceed.UI.v1.4.dll</dllname>
    <major>1</major>
    <minor>4</minor>
    <build>0</build>
  </DLL>
  <DLL>
    <dllname>bin\Xceed.Validation.v1.3.dll</dllname>
    <major>1</major>
    <minor>3</minor>
    <build>0</build>
  </DLL>
  <DLL>
    <dllname>bin\Xceed.Zip.v5.6.dll</dllname>
    <major>5</major>
    <minor>6</minor>
    <build>0</build>
  </DLL>
  <DLL>
    <dllname>bin\zxing.dll</dllname>
    <major>0</major>
    <minor>15</minor>
    <build>0</build>
  </DLL>
  <DLL>
    <dllname>bin\sam_logo_2.JPG</dllname>
    <major>20170220</major>
    <minor>141644</minor>
    <build>0</build>
  </DLL>
  <DLL>
    <dllname>bin\CorFlags.exe</dllname>
    <major>20170220</major>
    <minor>141644</minor>
    <build>0</build>
  </DLL>
  <DLL>
    <dllname>bin\Loader.exe</dllname>
    <major>20170220</major>
    <minor>141644</minor>
    <build>0</build>
  </DLL>
  <DLL>
    <dllname>bin\icona5.ico</dllname>
    <major>20170220</major>
    <minor>141644</minor>
    <build>0</build>
  </DLL>
  <DLL>
    <dllname>bin\metaeasylibrary.dll.config</dllname>
    <major>20151218</major>
    <minor>100504</minor>
    <build>0</build>
  </DLL>
  <DLL>
    <dllname>img\glyphicons-halflings-white.png</dllname>
    <major>20130926</major>
    <minor>91128</minor>
    <build>0</build>
  </DLL>
  <DLL>
    <dllname>img\glyphicons-halflings.png</dllname>
    <major>20130926</major>
    <minor>91128</minor>
    <build>0</build>
  </DLL>
  <DLL>
    <dllname>immagini\A1.jpg</dllname>
    <major>20130926</major>
    <minor>91128</minor>
    <build>0</build>
  </DLL>
  <DLL>
    <dllname>immagini\A2.jpg</dllname>
    <major>20130926</major>
    <minor>91128</minor>
    <build>0</build>
  </DLL>
  <DLL>
    <dllname>immagini\A3.jpg</dllname>
    <major>20130926</major>
    <minor>91128</minor>
    <build>0</build>
  </DLL>
  <DLL>
    <dllname>immagini\A4.jpg</dllname>
    <major>20130926</major>
    <minor>91128</minor>
    <build>0</build>
  </DLL>
  <DLL>
    <dllname>immagini\avanti.jpg</dllname>
    <major>20130926</major>
    <minor>91128</minor>
    <build>0</build>
  </DLL>
  <DLL>
    <dllname>immagini\Avanti1.jpg</dllname>
    <major>20130926</major>
    <minor>91128</minor>
    <build>0</build>
  </DLL>
  <DLL>
    <dllname>immagini\Avanti2.jpg</dllname>
    <major>20130926</major>
    <minor>91128</minor>
    <build>0</build>
  </DLL>
  <DLL>
    <dllname>immagini\A_Bottom.jpg</dllname>
    <major>20130926</major>
    <minor>91128</minor>
    <build>0</build>
  </DLL>
  <DLL>
    <dllname>immagini\A_Left.jpg</dllname>
    <major>20130926</major>
    <minor>91128</minor>
    <build>0</build>
  </DLL>
  <DLL>
    <dllname>immagini\A_Right.jpg</dllname>
    <major>20130926</major>
    <minor>91128</minor>
    <build>0</build>
  </DLL>
  <DLL>
    <dllname>immagini\A_Top.jpg</dllname>
    <major>20130926</major>
    <minor>91128</minor>
    <build>0</build>
  </DLL>
  <DLL>
    <dllname>immagini\Corpo_Left.jpg</dllname>
    <major>20130926</major>
    <minor>91128</minor>
    <build>0</build>
  </DLL>
  <DLL>
    <dllname>immagini\Corpo_Right.jpg</dllname>
    <major>20130926</major>
    <minor>91128</minor>
    <build>0</build>
  </DLL>
  <DLL>
    <dllname>immagini\Dettagli.jpg</dllname>
    <major>20130926</major>
    <minor>91128</minor>
    <build>0</build>
  </DLL>
  <DLL>
    <dllname>immagini\Dettagli1.jpg</dllname>
    <major>20130926</major>
    <minor>91128</minor>
    <build>0</build>
  </DLL>
  <DLL>
    <dllname>immagini\Dettagli2.jpg</dllname>
    <major>20130926</major>
    <minor>91128</minor>
    <build>0</build>
  </DLL>
  <DLL>
    <dllname>immagini\elimina.jpg</dllname>
    <major>20130926</major>
    <minor>91128</minor>
    <build>0</build>
  </DLL>
  <DLL>
    <dllname>immagini\FondoSommario.jpg</dllname>
    <major>20130926</major>
    <minor>91128</minor>
    <build>0</build>
  </DLL>
  <DLL>
    <dllname>immagini\Fondo_Barra_Menu.jpg</dllname>
    <major>20130926</major>
    <minor>91128</minor>
    <build>0</build>
  </DLL>
  <DLL>
    <dllname>immagini\Fondo_Barra_Strumenti.jpg</dllname>
    <major>20130926</major>
    <minor>91128</minor>
    <build>0</build>
  </DLL>
  <DLL>
    <dllname>immagini\Fondo_TextBox.jpg</dllname>
    <major>20130926</major>
    <minor>91128</minor>
    <build>0</build>
  </DLL>
  <DLL>
    <dllname>immagini\get_adobe_reader_11.jpg</dllname>
    <major>20130926</major>
    <minor>91128</minor>
    <build>0</build>
  </DLL>
  <DLL>
    <dllname>immagini\gradiente.jpg</dllname>
    <major>20130926</major>
    <minor>91128</minor>
    <build>0</build>
  </DLL>
  <DLL>
    <dllname>immagini\home.jpg</dllname>
    <major>20130926</major>
    <minor>91128</minor>
    <build>0</build>
  </DLL>
  <DLL>
    <dllname>immagini\Home1.jpg</dllname>
    <major>20130926</major>
    <minor>91128</minor>
    <build>0</build>
  </DLL>
  <DLL>
    <dllname>immagini\Home2.jpg</dllname>
    <major>20130926</major>
    <minor>91128</minor>
    <build>0</build>
  </DLL>
  <DLL>
    <dllname>immagini\imagenotavailable.jpg</dllname>
    <major>20130926</major>
    <minor>91128</minor>
    <build>0</build>
  </DLL>
  <DLL>
    <dllname>immagini\indietro.jpg</dllname>
    <major>20130926</major>
    <minor>91128</minor>
    <build>0</build>
  </DLL>
  <DLL>
    <dllname>immagini\Indietro1.jpg</dllname>
    <major>20130926</major>
    <minor>91128</minor>
    <build>0</build>
  </DLL>
  <DLL>
    <dllname>immagini\Indietro2.jpg</dllname>
    <major>20130926</major>
    <minor>91128</minor>
    <build>0</build>
  </DLL>
  <DLL>
    <dllname>immagini\info.jpg</dllname>
    <major>20130926</major>
    <minor>91128</minor>
    <build>0</build>
  </DLL>
  <DLL>
    <dllname>immagini\Info1.jpg</dllname>
    <major>20130926</major>
    <minor>91128</minor>
    <build>0</build>
  </DLL>
  <DLL>
    <dllname>immagini\Info2.jpg</dllname>
    <major>20130926</major>
    <minor>91128</minor>
    <build>0</build>
  </DLL>
  <DLL>
    <dllname>immagini\Intestazione3_piccola.jpg</dllname>
    <major>20130926</major>
    <minor>91128</minor>
    <build>0</build>
  </DLL>
  <DLL>
    <dllname>immagini\Intestazione4_950.jpg</dllname>
    <major>20130926</major>
    <minor>91128</minor>
    <build>0</build>
  </DLL>
  <DLL>
    <dllname>immagini\Intestazione4_950_pulito.jpg</dllname>
    <major>20130926</major>
    <minor>91128</minor>
    <build>0</build>
  </DLL>
  <DLL>
    <dllname>immagini\Intestazione5_950_pulito.jpg</dllname>
    <major>20130926</major>
    <minor>91128</minor>
    <build>0</build>
  </DLL>
  <DLL>
    <dllname>immagini\Intestazione_Left.jpg</dllname>
    <major>20130926</major>
    <minor>91128</minor>
    <build>0</build>
  </DLL>
  <DLL>
    <dllname>immagini\Logo_Bari1.jpg</dllname>
    <major>20130926</major>
    <minor>91128</minor>
    <build>0</build>
  </DLL>
  <DLL>
    <dllname>immagini\logo_tempo_easyweb.jpg</dllname>
    <major>20170626</major>
    <minor>84233</minor>
    <build>0</build>
  </DLL>
  <DLL>
    <dllname>immagini\NoDettagli.jpg</dllname>
    <major>20130926</major>
    <minor>91128</minor>
    <build>0</build>
  </DLL>
  <DLL>
    <dllname>immagini\Nuovo1.jpg</dllname>
    <major>20130926</major>
    <minor>91128</minor>
    <build>0</build>
  </DLL>
  <DLL>
    <dllname>immagini\Nuovo2.jpg</dllname>
    <major>20130926</major>
    <minor>91128</minor>
    <build>0</build>
  </DLL>
  <DLL>
    <dllname>immagini\sfondo.jpg</dllname>
    <major>20130926</major>
    <minor>91128</minor>
    <build>0</build>
  </DLL>
  <DLL>
    <dllname>immagini\SoftwareAndMore.jpg</dllname>
    <major>20130926</major>
    <minor>91128</minor>
    <build>0</build>
  </DLL>
  <DLL>
    <dllname>immagini\uscita.jpg</dllname>
    <major>20130926</major>
    <minor>91128</minor>
    <build>0</build>
  </DLL>
  <DLL>
    <dllname>immagini\alfrescoblade.png</dllname>
    <major>20130926</major>
    <minor>91128</minor>
    <build>0</build>
  </DLL>
  <DLL>
    <dllname>immagini\annullato.png</dllname>
    <major>20130926</major>
    <minor>91128</minor>
    <build>0</build>
  </DLL>
  <DLL>
    <dllname>immagini\approvato.png</dllname>
    <major>20130926</major>
    <minor>91128</minor>
    <build>0</build>
  </DLL>
  <DLL>
    <dllname>immagini\bottone.png</dllname>
    <major>20130926</major>
    <minor>91128</minor>
    <build>0</build>
  </DLL>
  <DLL>
    <dllname>immagini\bozza.png</dllname>
    <major>20130926</major>
    <minor>91128</minor>
    <build>0</build>
  </DLL>
  <DLL>
    <dllname>immagini\dacorreggere.png</dllname>
    <major>20130926</major>
    <minor>91128</minor>
    <build>0</build>
  </DLL>
  <DLL>
    <dllname>immagini\green_light.png</dllname>
    <major>20130926</major>
    <minor>91128</minor>
    <build>0</build>
  </DLL>
  <DLL>
    <dllname>immagini\HeaderBackground.png</dllname>
    <major>20130926</major>
    <minor>91128</minor>
    <build>0</build>
  </DLL>
  <DLL>
    <dllname>immagini\imagenotavailable.png</dllname>
    <major>20130926</major>
    <minor>91128</minor>
    <build>0</build>
  </DLL>
  <DLL>
    <dllname>immagini\inapprovazione.png</dllname>
    <major>20130926</major>
    <minor>91128</minor>
    <build>0</build>
  </DLL>
  <DLL>
    <dllname>immagini\inserito.png</dllname>
    <major>20130926</major>
    <minor>91128</minor>
    <build>0</build>
  </DLL>
  <DLL>
    <dllname>immagini\red_light.png</dllname>
    <major>20130926</major>
    <minor>91128</minor>
    <build>0</build>
  </DLL>
  <DLL>
    <dllname>immagini\richiesta.png</dllname>
    <major>20130926</major>
    <minor>91128</minor>
    <build>0</build>
  </DLL>
  <DLL>
    <dllname>immagini\tl_green.png</dllname>
    <major>20130926</major>
    <minor>91128</minor>
    <build>0</build>
  </DLL>
  <DLL>
    <dllname>immagini\tl_none.png</dllname>
    <major>20130926</major>
    <minor>91128</minor>
    <build>0</build>
  </DLL>
  <DLL>
    <dllname>immagini\tl_red.png</dllname>
    <major>20130926</major>
    <minor>91128</minor>
    <build>0</build>
  </DLL>
  <DLL>
    <dllname>immagini\tl_yellow.png</dllname>
    <major>20130926</major>
    <minor>91128</minor>
    <build>0</build>
  </DLL>
  <DLL>
    <dllname>immagini\Animation.gif</dllname>
    <major>20130926</major>
    <minor>91128</minor>
    <build>0</build>
  </DLL>
  <DLL>
    <dllname>immagini\azioni_hp.gif</dllname>
    <major>20130926</major>
    <minor>91128</minor>
    <build>0</build>
  </DLL>
  <DLL>
    <dllname>immagini\back01.gif</dllname>
    <major>20130926</major>
    <minor>91128</minor>
    <build>0</build>
  </DLL>
  <DLL>
    <dllname>immagini\BD14565_.GIF</dllname>
    <major>20130926</major>
    <minor>91128</minor>
    <build>0</build>
  </DLL>
  <DLL>
    <dllname>immagini\bg_cell.gif</dllname>
    <major>20130926</major>
    <minor>91128</minor>
    <build>0</build>
  </DLL>
  <DLL>
    <dllname>immagini\Close.gif</dllname>
    <major>20130926</major>
    <minor>91128</minor>
    <build>0</build>
  </DLL>
  <DLL>
    <dllname>immagini\CloseRev.gif</dllname>
    <major>20130926</major>
    <minor>91128</minor>
    <build>0</build>
  </DLL>
  <DLL>
    <dllname>immagini\comunita_hp.gif</dllname>
    <major>20130926</major>
    <minor>91128</minor>
    <build>0</build>
  </DLL>
  <DLL>
    <dllname>immagini\cuore_hp.gif</dllname>
    <major>20130926</major>
    <minor>91128</minor>
    <build>0</build>
  </DLL>
  <DLL>
    <dllname>immagini\First.gif</dllname>
    <major>20130926</major>
    <minor>91128</minor>
    <build>0</build>
  </DLL>
  <DLL>
    <dllname>immagini\Folder.gif</dllname>
    <major>20130926</major>
    <minor>91128</minor>
    <build>0</build>
  </DLL>
  <DLL>
    <dllname>immagini\FolderOpen.gif</dllname>
    <major>20130926</major>
    <minor>91128</minor>
    <build>0</build>
  </DLL>
  <DLL>
    <dllname>immagini\generic_mail.gif</dllname>
    <major>20130926</major>
    <minor>91128</minor>
    <build>0</build>
  </DLL>
  <DLL>
    <dllname>immagini\getacro.gif</dllname>
    <major>20130926</major>
    <minor>91128</minor>
    <build>0</build>
  </DLL>
  <DLL>
    <dllname>immagini\green_light.gif</dllname>
    <major>20130926</major>
    <minor>91128</minor>
    <build>0</build>
  </DLL>
  <DLL>
    <dllname>immagini\icon_information_32x.gif</dllname>
    <major>20130926</major>
    <minor>91128</minor>
    <build>0</build>
  </DLL>
  <DLL>
    <dllname>immagini\icon_warning_32x.gif</dllname>
    <major>20130926</major>
    <minor>91128</minor>
    <build>0</build>
  </DLL>
  <DLL>
    <dllname>immagini\Last.gif</dllname>
    <major>20130926</major>
    <minor>91128</minor>
    <build>0</build>
  </DLL>
  <DLL>
    <dllname>immagini\left_16x16.gif</dllname>
    <major>20130926</major>
    <minor>91128</minor>
    <build>0</build>
  </DLL>
  <DLL>
    <dllname>immagini\logo software and more.GIF</dllname>
    <major>20130926</major>
    <minor>91128</minor>
    <build>0</build>
  </DLL>
  <DLL>
    <dllname>immagini\mappe_hp.gif</dllname>
    <major>20130926</major>
    <minor>91128</minor>
    <build>0</build>
  </DLL>
  <DLL>
    <dllname>immagini\mslogo.gif</dllname>
    <major>20130926</major>
    <minor>91128</minor>
    <build>0</build>
  </DLL>
  <DLL>
    <dllname>immagini\Next.gif</dllname>
    <major>20130926</major>
    <minor>91128</minor>
    <build>0</build>
  </DLL>
  <DLL>
    <dllname>immagini\NextTen.gif</dllname>
    <major>20130926</major>
    <minor>91128</minor>
    <build>0</build>
  </DLL>
  <DLL>
    <dllname>immagini\pixel.gif</dllname>
    <major>20130926</major>
    <minor>91128</minor>
    <build>0</build>
  </DLL>
  <DLL>
    <dllname>immagini\Previous.gif</dllname>
    <major>20130926</major>
    <minor>91128</minor>
    <build>0</build>
  </DLL>
  <DLL>
    <dllname>immagini\PreviousTen.gif</dllname>
    <major>20130926</major>
    <minor>91128</minor>
    <build>0</build>
  </DLL>
  <DLL>
    <dllname>immagini\red_light.gif</dllname>
    <major>20130926</major>
    <minor>91128</minor>
    <build>0</build>
  </DLL>
  <DLL>
    <dllname>immagini\Resize.gif</dllname>
    <major>20130926</major>
    <minor>91128</minor>
    <build>0</build>
  </DLL>
  <DLL>
    <dllname>immagini\ResizeRev.gif</dllname>
    <major>20130926</major>
    <minor>91128</minor>
    <build>0</build>
  </DLL>
  <DLL>
    <dllname>immagini\right_16x16.gif</dllname>
    <major>20130926</major>
    <minor>91128</minor>
    <build>0</build>
  </DLL>
  <DLL>
    <dllname>immagini\SECART.GIF</dllname>
    <major>20130926</major>
    <minor>91128</minor>
    <build>0</build>
  </DLL>
  <DLL>
    <dllname>immagini\SendChat.gif</dllname>
    <major>20130926</major>
    <minor>91128</minor>
    <build>0</build>
  </DLL>
  <DLL>
    <dllname>immagini\shim.gif</dllname>
    <major>20130926</major>
    <minor>91128</minor>
    <build>0</build>
  </DLL>
  <DLL>
    <dllname>immagini\shimx.gif</dllname>
    <major>20130926</major>
    <minor>91128</minor>
    <build>0</build>
  </DLL>
  <DLL>
    <dllname>immagini\softwareandmore.gif</dllname>
    <major>20130926</major>
    <minor>91128</minor>
    <build>0</build>
  </DLL>
  <DLL>
    <dllname>immagini\softwareandmore2.gif</dllname>
    <major>20130926</major>
    <minor>91128</minor>
    <build>0</build>
  </DLL>
  <DLL>
    <dllname>immagini\thbg.gif</dllname>
    <major>20130926</major>
    <minor>91128</minor>
    <build>0</build>
  </DLL>
  <DLL>
    <dllname>immagini\tplayh.gif</dllname>
    <major>20130926</major>
    <minor>91128</minor>
    <build>0</build>
  </DLL>
  <DLL>
    <dllname>immagini\UNDERCON.GIF</dllname>
    <major>20130926</major>
    <minor>91128</minor>
    <build>0</build>
  </DLL>
  <DLL>
    <dllname>immagini\warning.gif</dllname>
    <major>20130926</major>
    <minor>91128</minor>
    <build>0</build>
  </DLL>
  <DLL>
    <dllname>Immagini_CheckBox\checked-dis.gif</dllname>
    <major>20130926</major>
    <minor>91128</minor>
    <build>0</build>
  </DLL>
  <DLL>
    <dllname>Immagini_CheckBox\checked-over.gif</dllname>
    <major>20130926</major>
    <minor>91128</minor>
    <build>0</build>
  </DLL>
  <DLL>
    <dllname>Immagini_CheckBox\checked-three-over.gif</dllname>
    <major>20130926</major>
    <minor>91128</minor>
    <build>0</build>
  </DLL>
  <DLL>
    <dllname>Immagini_CheckBox\checked-three.gif</dllname>
    <major>20130926</major>
    <minor>91128</minor>
    <build>0</build>
  </DLL>
  <DLL>
    <dllname>Immagini_CheckBox\checked.gif</dllname>
    <major>20130926</major>
    <minor>91128</minor>
    <build>0</build>
  </DLL>
  <DLL>
    <dllname>Immagini_CheckBox\unchecked-dis.gif</dllname>
    <major>20130926</major>
    <minor>91128</minor>
    <build>0</build>
  </DLL>
  <DLL>
    <dllname>Immagini_CheckBox\unchecked-over.gif</dllname>
    <major>20130926</major>
    <minor>91128</minor>
    <build>0</build>
  </DLL>
  <DLL>
    <dllname>Immagini_CheckBox\unchecked.gif</dllname>
    <major>20130926</major>
    <minor>91128</minor>
    <build>0</build>
  </DLL>
  <DLL>
    <dllname>saml\consumer.aspx</dllname>
    <major>20161121</major>
    <minor>162410</minor>
    <build>0</build>
  </DLL>
  <DLL>
    <dllname>saml\logout.aspx</dllname>
    <major>20161121</major>
    <minor>162410</minor>
    <build>0</build>
  </DLL>
  <DLL>
    <dllname>saml\metadata.aspx</dllname>
    <major>20161121</major>
    <minor>162410</minor>
    <build>0</build>
  </DLL>
  <DLL>
    <dllname>saml\consumer.aspx.cs</dllname>
    <major>20170419</major>
    <minor>70201</minor>
    <build>0</build>
  </DLL>
  <DLL>
    <dllname>saml\logout.aspx.cs</dllname>
    <major>20161121</major>
    <minor>162410</minor>
    <build>0</build>
  </DLL>
  <DLL>
    <dllname>saml\metadata.aspx.cs</dllname>
    <major>20170207</major>
    <minor>105236</minor>
    <build>0</build>
  </DLL>
</DsDLLIndex>