<?xml version="1.0" standalone="yes"?>
<DsDLLIndex xmlns="http://tempuri.org/DsDLLIndex.xsd">
  <DLL>
    <dllname>AL_preventrccdec_UPB.rpt</dllname>
    <major>20100728</major>
    <minor>102532</minor>
    <build>0</build>
  </DLL>
  <DLL>
    <dllname>AL_prevuscccdec_UPB.rpt</dllname>
    <major>20100728</major>
    <minor>102533</minor>
    <build>0</build>
  </DLL>
  <DLL>
    <dllname>AnagrafePrestazioni.rpt</dllname>
    <major>20140114</major>
    <minor>83331</minor>
    <build>0</build>
  </DLL>
  <DLL>
    <dllname>anagrafeprestazionicomunicazione.rpt</dllname>
    <major>20140103</major>
    <minor>165950</minor>
    <build>0</build>
  </DLL>
  <DLL>
    <dllname>anagrafica_partitario.rpt</dllname>
    <major>20090505</major>
    <minor>150636</minor>
    <build>0</build>
  </DLL>
  <DLL>
    <dllname>anagrafica_rendiconto.rpt</dllname>
    <major>20071018</major>
    <minor>134550</minor>
    <build>0</build>
  </DLL>
  <DLL>
    <dllname>anticipo_missione.rpt</dllname>
    <major>20130621</major>
    <minor>152044</minor>
    <build>0</build>
  </DLL>
  <DLL>
    <dllname>articolisottoscorta.rpt</dllname>
    <major>20101103</major>
    <minor>142303</minor>
    <build>0</build>
  </DLL>
  <DLL>
    <dllname>assegnazioni_bilanciospesa.rpt</dllname>
    <major>20070910</major>
    <minor>133014</minor>
    <build>0</build>
  </DLL>
  <DLL>
    <dllname>attobudget_previsione.rpt</dllname>
    <major>20150416</major>
    <minor>91318</minor>
    <build>0</build>
  </DLL>
  <DLL>
    <dllname>attoprevisione_crediti_cassa.rpt</dllname>
    <major>20130417</major>
    <minor>120401</minor>
    <build>0</build>
  </DLL>
  <DLL>
    <dllname>avanzo_ammin_cassa_effettivo.rpt</dllname>
    <major>20080129</major>
    <minor>151942</minor>
    <build>0</build>
  </DLL>
  <DLL>
    <dllname>avanzo_ammin_cassa_presunto.rpt</dllname>
    <major>20091112</major>
    <minor>132532</minor>
    <build>0</build>
  </DLL>
  <DLL>
    <dllname>avanzo_ammin_effettivo.rpt</dllname>
    <major>20080130</major>
    <minor>95324</minor>
    <build>0</build>
  </DLL>
  <DLL>
    <dllname>avanzo_cassa_effettivo.rpt</dllname>
    <major>20080130</major>
    <minor>112505</minor>
    <build>0</build>
  </DLL>
  <DLL>
    <dllname>avvenutaautorizzazioneap.rpt</dllname>
    <major>20140103</major>
    <minor>165951</minor>
    <build>0</build>
  </DLL>
  <DLL>
    <dllname>avviso_incasso.rpt</dllname>
    <major>20150611</major>
    <minor>95216</minor>
    <build>0</build>
  </DLL>
  <DLL>
    <dllname>avviso_pagamento.rpt</dllname>
    <major>20150611</major>
    <minor>95307</minor>
    <build>0</build>
  </DLL>
  <DLL>
    <dllname>avviso_pagamento_elenco.rpt</dllname>
    <major>20150611</major>
    <minor>95332</minor>
    <build>0</build>
  </DLL>
  <DLL>
    <dllname>bilanciodiverifica.rpt</dllname>
    <major>20150907</major>
    <minor>101113</minor>
    <build>0</build>
  </DLL>
  <DLL>
    <dllname>bilconsuntivoriclassificato_entrate.rpt</dllname>
    <major>20160613</major>
    <minor>103338</minor>
    <build>0</build>
  </DLL>
  <DLL>
    <dllname>bilconsuntivoriclassificato_spese.rpt</dllname>
    <major>20160613</major>
    <minor>103326</minor>
    <build>0</build>
  </DLL>
  <DLL>
    <dllname>bilconsuntivo_consolidato_E.rpt</dllname>
    <major>20090930</major>
    <minor>135435</minor>
    <build>0</build>
  </DLL>
  <DLL>
    <dllname>bilconsuntivo_consolidato_E_cassa.rpt</dllname>
    <major>20090930</major>
    <minor>135447</minor>
    <build>0</build>
  </DLL>
  <DLL>
    <dllname>bilconsuntivo_consolidato_S.rpt</dllname>
    <major>20090930</major>
    <minor>135457</minor>
    <build>0</build>
  </DLL>
  <DLL>
    <dllname>bilconsuntivo_consolidato_S_cassa.rpt</dllname>
    <major>20090930</major>
    <minor>135506</minor>
    <build>0</build>
  </DLL>
  <DLL>
    <dllname>bilconsuntivo_entrata_cassa.rpt</dllname>
    <major>20140512</major>
    <minor>93035</minor>
    <build>0</build>
  </DLL>
  <DLL>
    <dllname>bilconsuntivo_entrate.rpt</dllname>
    <major>20150916</major>
    <minor>151355</minor>
    <build>0</build>
  </DLL>
  <DLL>
    <dllname>bilconsuntivo_entrate_resp.rpt</dllname>
    <major>20081017</major>
    <minor>115749</minor>
    <build>0</build>
  </DLL>
  <DLL>
    <dllname>bilconsuntivo_ES_cassa.rpt</dllname>
    <major>20140428</major>
    <minor>134437</minor>
    <build>0</build>
  </DLL>
  <DLL>
    <dllname>bilconsuntivo_ES_comp.rpt</dllname>
    <major>20161130</major>
    <minor>83228</minor>
    <build>0</build>
  </DLL>
  <DLL>
    <dllname>bilconsuntivo_ES_comp_stanziamento.rpt</dllname>
    <major>20090610</major>
    <minor>72404</minor>
    <build>0</build>
  </DLL>
  <DLL>
    <dllname>bilconsuntivo_ES_residui.rpt</dllname>
    <major>20151021</major>
    <minor>143441</minor>
    <build>0</build>
  </DLL>
  <DLL>
    <dllname>bilconsuntivo_residui_stanziamento.rpt</dllname>
    <major>20100929</major>
    <minor>94107</minor>
    <build>0</build>
  </DLL>
  <DLL>
    <dllname>bilconsuntivo_residui_stanziamento_per_anno.rpt</dllname>
    <major>20101209</major>
    <minor>94516</minor>
    <build>0</build>
  </DLL>
  <DLL>
    <dllname>bilconsuntivo_spese.rpt</dllname>
    <major>20140429</major>
    <minor>141531</minor>
    <build>0</build>
  </DLL>
  <DLL>
    <dllname>bilconsuntivo_spese_cassa.rpt</dllname>
    <major>20130402</major>
    <minor>133755</minor>
    <build>0</build>
  </DLL>
  <DLL>
    <dllname>bilconsuntivo_spese_resp.rpt</dllname>
    <major>20081017</major>
    <minor>131519</minor>
    <build>0</build>
  </DLL>
  <DLL>
    <dllname>bilprevconsolidato_entrate.rpt</dllname>
    <major>20070510</major>
    <minor>114357</minor>
    <build>0</build>
  </DLL>
  <DLL>
    <dllname>bilprevconsolidato_entrate_gestmista.rpt</dllname>
    <major>20070510</major>
    <minor>114357</minor>
    <build>0</build>
  </DLL>
  <DLL>
    <dllname>bilprevconsolidato_spese.rpt</dllname>
    <major>20091125</major>
    <minor>133716</minor>
    <build>0</build>
  </DLL>
  <DLL>
    <dllname>bilprevconsolidato_spese_gestmista.rpt</dllname>
    <major>20070518</major>
    <minor>94941</minor>
    <build>0</build>
  </DLL>
  <DLL>
    <dllname>bilprevisionesorting.rpt</dllname>
    <major>20170317</major>
    <minor>131550</minor>
    <build>0</build>
  </DLL>
  <DLL>
    <dllname>bilprevisione_entrate.rpt</dllname>
    <major>20161216</major>
    <minor>123047</minor>
    <build>0</build>
  </DLL>
  <DLL>
    <dllname>bilprevisione_entrate_gestmista.rpt</dllname>
    <major>20161216</major>
    <minor>123124</minor>
    <build>0</build>
  </DLL>
  <DLL>
    <dllname>bilprevisione_entrate_pluriennale.rpt</dllname>
    <major>20101217</major>
    <minor>135139</minor>
    <build>0</build>
  </DLL>
  <DLL>
    <dllname>bilprevisione_E_BOZZA.rpt</dllname>
    <major>20091214</major>
    <minor>135632</minor>
    <build>0</build>
  </DLL>
  <DLL>
    <dllname>bilprevisione_E_BOZZA_gestmista.rpt</dllname>
    <major>20091214</major>
    <minor>135625</minor>
    <build>0</build>
  </DLL>
  <DLL>
    <dllname>bilprevisione_spese.rpt</dllname>
    <major>20170110</major>
    <minor>115837</minor>
    <build>0</build>
  </DLL>
  <DLL>
    <dllname>bilprevisione_spese_gestmista.rpt</dllname>
    <major>20161216</major>
    <minor>123057</minor>
    <build>0</build>
  </DLL>
  <DLL>
    <dllname>bilprevisione_spese_pluriennale.rpt</dllname>
    <major>20101217</major>
    <minor>135143</minor>
    <build>0</build>
  </DLL>
  <DLL>
    <dllname>bilprevisione_S_BOZZA.rpt</dllname>
    <major>20091214</major>
    <minor>135618</minor>
    <build>0</build>
  </DLL>
  <DLL>
    <dllname>bilprevisione_S_BOZZA_gestmista.rpt</dllname>
    <major>20091214</major>
    <minor>135610</minor>
    <build>0</build>
  </DLL>
  <DLL>
    <dllname>bolladicarico.rpt</dllname>
    <major>20110613</major>
    <minor>91522</minor>
    <build>0</build>
  </DLL>
  <DLL>
    <dllname>bolladiscarico.rpt</dllname>
    <major>20111122</major>
    <minor>100304</minor>
    <build>0</build>
  </DLL>
  <DLL>
    <dllname>budgetconsuntivo_sun.rpt</dllname>
    <major>20141110</major>
    <minor>93003</minor>
    <build>0</build>
  </DLL>
  <DLL>
    <dllname>budgetconsuntivo_sun_dett.rpt</dllname>
    <major>20150911</major>
    <minor>82727</minor>
    <build>0</build>
  </DLL>
  <DLL>
    <dllname>budgeteconomicotriennale_ateneo_sun.rpt</dllname>
    <major>20141110</major>
    <minor>93004</minor>
    <build>0</build>
  </DLL>
  <DLL>
    <dllname>budgeteconomicotriennale_sun.rpt</dllname>
    <major>20141110</major>
    <minor>93004</minor>
    <build>0</build>
  </DLL>
  <DLL>
    <dllname>budgeteconomico_all.rpt</dllname>
    <major>20141209</major>
    <minor>150623</minor>
    <build>0</build>
  </DLL>
  <DLL>
    <dllname>budgeteconomico_pz.rpt</dllname>
    <major>20141204</major>
    <minor>85436</minor>
    <build>0</build>
  </DLL>
  <DLL>
    <dllname>budgeteconomico_sun.rpt</dllname>
    <major>20150925</major>
    <minor>101542</minor>
    <build>0</build>
  </DLL>
  <DLL>
    <dllname>budgeteconomico_triennale_all.rpt</dllname>
    <major>20141215</major>
    <minor>152248</minor>
    <build>0</build>
  </DLL>
  <DLL>
    <dllname>budgeteconomico_ufficiale.rpt</dllname>
    <major>20160211</major>
    <minor>165341</minor>
    <build>0</build>
  </DLL>
  <DLL>
    <dllname>budgeteconomico_ufficialetriennale.rpt</dllname>
    <major>20170127</major>
    <minor>141607</minor>
    <build>0</build>
  </DLL>
  <DLL>
    <dllname>budgetinvestimentitriennale_sun.rpt</dllname>
    <major>20141110</major>
    <minor>93005</minor>
    <build>0</build>
  </DLL>
  <DLL>
    <dllname>budgetinvestimenti_pz.rpt</dllname>
    <major>20141204</major>
    <minor>85229</minor>
    <build>0</build>
  </DLL>
  <DLL>
    <dllname>budgetinvestimenti_sun.rpt</dllname>
    <major>20141205</major>
    <minor>151729</minor>
    <build>0</build>
  </DLL>
  <DLL>
    <dllname>budgetinvestimenti_ufficiale.rpt</dllname>
    <major>20160211</major>
    <minor>165349</minor>
    <build>0</build>
  </DLL>
  <DLL>
    <dllname>budgetinvestimenti_ufficialetriennale.rpt</dllname>
    <major>20160314</major>
    <minor>151005</minor>
    <build>0</build>
  </DLL>
  <DLL>
    <dllname>budgetriclassificato_sun.rpt</dllname>
    <major>20140417</major>
    <minor>120035</minor>
    <build>0</build>
  </DLL>
  <DLL>
    <dllname>buono_carico.rpt</dllname>
    <major>20140630</major>
    <minor>82232</minor>
    <build>0</build>
  </DLL>
  <DLL>
    <dllname>buono_carico_consegnatario.rpt</dllname>
    <major>20150324</major>
    <minor>94203</minor>
    <build>0</build>
  </DLL>
  <DLL>
    <dllname>buono_carico_generico.rpt</dllname>
    <major>20140327</major>
    <minor>91453</minor>
    <build>0</build>
  </DLL>
  <DLL>
    <dllname>buono_carico_potenza.rpt</dllname>
    <major>20140630</major>
    <minor>80646</minor>
    <build>0</build>
  </DLL>
  <DLL>
    <dllname>buono_carico_pz.rpt</dllname>
    <major>20140630</major>
    <minor>81700</minor>
    <build>0</build>
  </DLL>
  <DLL>
    <dllname>buono_carico_rc.rpt</dllname>
    <major>20140327</major>
    <minor>91559</minor>
    <build>0</build>
  </DLL>
  <DLL>
    <dllname>buono_carico_reggioc.rpt</dllname>
    <major>20140327</major>
    <minor>91529</minor>
    <build>0</build>
  </DLL>
  <DLL>
    <dllname>buono_ordine_2firme.rpt</dllname>
    <major>20160727</major>
    <minor>143333</minor>
    <build>0</build>
  </DLL>
  <DLL>
    <dllname>buono_ordine_2firme_bari.rpt</dllname>
    <major>20150223</major>
    <minor>111629</minor>
    <build>0</build>
  </DLL>
  <DLL>
    <dllname>buono_ordine_Sun.rpt</dllname>
    <major>20170307</major>
    <minor>150657</minor>
    <build>0</build>
  </DLL>
  <DLL>
    <dllname>buono_scarico.rpt</dllname>
    <major>20150610</major>
    <minor>140108</minor>
    <build>0</build>
  </DLL>
  <DLL>
    <dllname>buono_scarico_consegnatario.rpt</dllname>
    <major>20140326</major>
    <minor>152535</minor>
    <build>0</build>
  </DLL>
  <DLL>
    <dllname>buono_scarico_lecce.rpt</dllname>
    <major>20161125</major>
    <minor>155120</minor>
    <build>0</build>
  </DLL>
  <DLL>
    <dllname>buono_scarico_RC.rpt</dllname>
    <major>20140326</major>
    <minor>152536</minor>
    <build>0</build>
  </DLL>
  <DLL>
    <dllname>cedolino.rpt</dllname>
    <major>20160513</major>
    <minor>132029</minor>
    <build>0</build>
  </DLL>
  <DLL>
    <dllname>certfiscale_a.rpt</dllname>
    <major>20070518</major>
    <minor>144225</minor>
    <build>0</build>
  </DLL>
  <DLL>
    <dllname>certfiscale_b.rpt</dllname>
    <major>20070518</major>
    <minor>144241</minor>
    <build>0</build>
  </DLL>
  <DLL>
    <dllname>certfiscale_c.rpt</dllname>
    <major>20070518</major>
    <minor>144253</minor>
    <build>0</build>
  </DLL>
  <DLL>
    <dllname>certfiscale_d.rpt</dllname>
    <major>20070518</major>
    <minor>144305</minor>
    <build>0</build>
  </DLL>
  <DLL>
    <dllname>certfiscale_INPS_gestsep.rpt</dllname>
    <major>20081029</major>
    <minor>105616</minor>
    <build>0</build>
  </DLL>
  <DLL>
    <dllname>certificazioneprestazioni.rpt</dllname>
    <major>20090121</major>
    <minor>135849</minor>
    <build>0</build>
  </DLL>
  <DLL>
    <dllname>certificazione_assegnisti.rpt</dllname>
    <major>20081029</major>
    <minor>105527</minor>
    <build>0</build>
  </DLL>
  <DLL>
    <dllname>certificazione_premi.rpt</dllname>
    <major>20081029</major>
    <minor>105506</minor>
    <build>0</build>
  </DLL>
  <DLL>
    <dllname>cert_retribuzioni_aggiuntive.rpt</dllname>
    <major>20110310</major>
    <minor>131504</minor>
    <build>0</build>
  </DLL>
  <DLL>
    <dllname>cert_ritenuta_dacconto.rpt</dllname>
    <major>20130225</major>
    <minor>93245</minor>
    <build>0</build>
  </DLL>
  <DLL>
    <dllname>cert_ritenuta_somme_pignorate.rpt</dllname>
    <major>20120312</major>
    <minor>111014</minor>
    <build>0</build>
  </DLL>
  <DLL>
    <dllname>cert_stranieri_convenzione.rpt</dllname>
    <major>20120312</major>
    <minor>110842</minor>
    <build>0</build>
  </DLL>
  <DLL>
    <dllname>cert_titolo_dimposta.rpt</dllname>
    <major>20120312</major>
    <minor>110906</minor>
    <build>0</build>
  </DLL>
  <DLL>
    <dllname>clienti_fornitori.rpt</dllname>
    <major>20071218</major>
    <minor>110702</minor>
    <build>0</build>
  </DLL>
  <DLL>
    <dllname>compensodipendenti.rpt</dllname>
    <major>20130621</major>
    <minor>152102</minor>
    <build>0</build>
  </DLL>
  <DLL>
    <dllname>compensoprestocc.rpt</dllname>
    <major>20130621</major>
    <minor>152018</minor>
    <build>0</build>
  </DLL>
  <DLL>
    <dllname>compensoprestprof.rpt</dllname>
    <major>20130621</major>
    <minor>152034</minor>
    <build>0</build>
  </DLL>
  <DLL>
    <dllname>comunicazione_debitore_pignorato.rpt</dllname>
    <major>20120312</major>
    <minor>111032</minor>
    <build>0</build>
  </DLL>
  <DLL>
    <dllname>conguaglioiva.rpt</dllname>
    <major>20160112</major>
    <minor>144548</minor>
    <build>0</build>
  </DLL>
  <DLL>
    <dllname>consolidamentoiva.rpt</dllname>
    <major>20070510</major>
    <minor>114357</minor>
    <build>0</build>
  </DLL>
  <DLL>
    <dllname>contoeconomico.rpt</dllname>
    <major>20170105</major>
    <minor>143826</minor>
    <build>0</build>
  </DLL>
  <DLL>
    <dllname>contoeconomico_dm2012.rpt</dllname>
    <major>20170105</major>
    <minor>143749</minor>
    <build>0</build>
  </DLL>
  <DLL>
    <dllname>contoeconomico_dm2012_dett.rpt</dllname>
    <major>20160630</major>
    <minor>91403</minor>
    <build>0</build>
  </DLL>
  <DLL>
    <dllname>contoeconomico_dm2014.rpt</dllname>
    <major>20170105</major>
    <minor>143804</minor>
    <build>0</build>
  </DLL>
  <DLL>
    <dllname>contrattoattivo.rpt</dllname>
    <major>20160518</major>
    <minor>104150</minor>
    <build>0</build>
  </DLL>
  <DLL>
    <dllname>dichiarazione_mancata_adesione_consip.rpt</dllname>
    <major>20151111</major>
    <minor>125517</minor>
    <build>0</build>
  </DLL>
  <DLL>
    <dllname>documenti_esitati.rpt</dllname>
    <major>20161115</major>
    <minor>114757</minor>
    <build>0</build>
  </DLL>
  <DLL>
    <dllname>documenti_esitati_dataop.rpt</dllname>
    <major>20161115</major>
    <minor>150843</minor>
    <build>0</build>
  </DLL>
  <DLL>
    <dllname>documentointegrativo_intracom.rpt</dllname>
    <major>20130527</major>
    <minor>155054</minor>
    <build>0</build>
  </DLL>
  <DLL>
    <dllname>documentovendita.rpt</dllname>
    <major>20170215</major>
    <minor>153311</minor>
    <build>0</build>
  </DLL>
  <DLL>
    <dllname>documentovenditaamm.rpt</dllname>
    <major>20160315</major>
    <minor>104343</minor>
    <build>0</build>
  </DLL>
  <DLL>
    <dllname>documentovendita_rm.rpt</dllname>
    <major>20170201</major>
    <minor>92523</minor>
    <build>0</build>
  </DLL>
  <DLL>
    <dllname>elenco_residui_per_anno_dett.rpt</dllname>
    <major>20121119</major>
    <minor>122552</minor>
    <build>0</build>
  </DLL>
  <DLL>
    <dllname>etichette_inventario.rpt</dllname>
    <major>20170208</major>
    <minor>93526</minor>
    <build>0</build>
  </DLL>
  <DLL>
    <dllname>etichette_inventario_roma.rpt</dllname>
    <major>20120220</major>
    <minor>155500</minor>
    <build>0</build>
  </DLL>
  <DLL>
    <dllname>fin_cedolino.rpt</dllname>
    <major>20070512</major>
    <minor>82259</minor>
    <build>0</build>
  </DLL>
  <DLL>
    <dllname>fondopsp_registro.rpt</dllname>
    <major>20110302</major>
    <minor>154031</minor>
    <build>0</build>
  </DLL>
  <DLL>
    <dllname>fondopsp_registro_no_upb.rpt</dllname>
    <major>20110302</major>
    <minor>154040</minor>
    <build>0</build>
  </DLL>
  <DLL>
    <dllname>fondopsp_sintesi_per_capitolo.rpt</dllname>
    <major>20160413</major>
    <minor>140931</minor>
    <build>0</build>
  </DLL>
  <DLL>
    <dllname>fondopsp_trasmissione.rpt</dllname>
    <major>20160413</major>
    <minor>134855</minor>
    <build>0</build>
  </DLL>
  <DLL>
    <dllname>giornale_cassa.rpt</dllname>
    <major>20150611</major>
    <minor>95042</minor>
    <build>0</build>
  </DLL>
  <DLL>
    <dllname>giornale_cassa_compatto.rpt</dllname>
    <major>20150616</major>
    <minor>94936</minor>
    <build>0</build>
  </DLL>
  <DLL>
    <dllname>giornale_cassa_gestcassa.rpt</dllname>
    <major>20150611</major>
    <minor>95134</minor>
    <build>0</build>
  </DLL>
  <DLL>
    <dllname>giornale_cassa_gestcassa_RC.rpt</dllname>
    <major>20150611</major>
    <minor>95006</minor>
    <build>0</build>
  </DLL>
  <DLL>
    <dllname>ingressomagazzino.rpt</dllname>
    <major>20120614</major>
    <minor>95228</minor>
    <build>0</build>
  </DLL>
  <DLL>
    <dllname>inventariomagazzino.rpt</dllname>
    <major>20150720</major>
    <minor>145134</minor>
    <build>0</build>
  </DLL>
  <DLL>
    <dllname>journal_doubleentry.rpt</dllname>
    <major>20170227</major>
    <minor>122023</minor>
    <build>0</build>
  </DLL>
  <DLL>
    <dllname>libro_inventario.rpt</dllname>
    <major>20150429</major>
    <minor>122410</minor>
    <build>0</build>
  </DLL>
  <DLL>
    <dllname>libro_inventario_new.rpt</dllname>
    <major>20170217</major>
    <minor>163211</minor>
    <build>0</build>
  </DLL>
  <DLL>
    <dllname>liquidazioneiva.rpt</dllname>
    <major>20120307</major>
    <minor>100142</minor>
    <build>0</build>
  </DLL>
  <DLL>
    <dllname>liquidazioneivaconsolidata.rpt</dllname>
    <major>20120307</major>
    <minor>100129</minor>
    <build>0</build>
  </DLL>
  <DLL>
    <dllname>liquidazioneivaintra.rpt</dllname>
    <major>20170209</major>
    <minor>164918</minor>
    <build>0</build>
  </DLL>
  <DLL>
    <dllname>liquidazioneivasplitpayistituzionale.rpt</dllname>
    <major>20160204</major>
    <minor>114704</minor>
    <build>0</build>
  </DLL>
  <DLL>
    <dllname>logo.rpt</dllname>
    <major>20051117</major>
    <minor>150212</minor>
    <build>0</build>
  </DLL>
  <DLL>
    <dllname>mainliquidazioneiva.rpt</dllname>
    <major>20120307</major>
    <minor>100154</minor>
    <build>0</build>
  </DLL>
  <DLL>
    <dllname>mainliquidazioneivaintra.rpt</dllname>
    <major>20120307</major>
    <minor>100203</minor>
    <build>0</build>
  </DLL>
  <DLL>
    <dllname>mandato.rpt</dllname>
    <major>20080305</major>
    <minor>123402</minor>
    <build>0</build>
  </DLL>
  <DLL>
    <dllname>mandato_pagamento_siope.rpt</dllname>
    <major>20170202</major>
    <minor>103826</minor>
    <build>0</build>
  </DLL>
  <DLL>
    <dllname>mastrino.rpt</dllname>
    <major>20161107</major>
    <minor>102630</minor>
    <build>0</build>
  </DLL>
  <DLL>
    <dllname>mastrino_bilancio.rpt</dllname>
    <major>20070512</major>
    <minor>82925</minor>
    <build>0</build>
  </DLL>
  <DLL>
    <dllname>mastrino_compatto.rpt</dllname>
    <major>20170328</major>
    <minor>83306</minor>
    <build>0</build>
  </DLL>
  <DLL>
    <dllname>missione_prospetto_calcolo.rpt</dllname>
    <major>20130624</major>
    <minor>120350</minor>
    <build>0</build>
  </DLL>
  <DLL>
    <dllname>modulo_missione.rpt</dllname>
    <major>20130621</major>
    <minor>152008</minor>
    <build>0</build>
  </DLL>
  <DLL>
    <dllname>movimentazione_pluriennale_2fasi.rpt</dllname>
    <major>20101022</major>
    <minor>83559</minor>
    <build>0</build>
  </DLL>
  <DLL>
    <dllname>movimentazione_pluriennale_2fasi_bil.rpt</dllname>
    <major>20101022</major>
    <minor>83548</minor>
    <build>0</build>
  </DLL>
  <DLL>
    <dllname>movimentazione_pluriennale_3fasi.rpt</dllname>
    <major>20101022</major>
    <minor>83611</minor>
    <build>0</build>
  </DLL>
  <DLL>
    <dllname>movimentazione_pluriennale_3fasi_bil.rpt</dllname>
    <major>20101108</major>
    <minor>151010</minor>
    <build>0</build>
  </DLL>
  <DLL>
    <dllname>movimentazione_pluriennale_4fasi_bil.rpt</dllname>
    <major>20101022</major>
    <minor>83535</minor>
    <build>0</build>
  </DLL>
  <DLL>
    <dllname>mov_class_incomplete_o_mancanti.rpt</dllname>
    <major>20100909</major>
    <minor>84103</minor>
    <build>0</build>
  </DLL>
  <DLL>
    <dllname>notaaddebito.rpt</dllname>
    <major>20130225</major>
    <minor>113322</minor>
    <build>0</build>
  </DLL>
  <DLL>
    <dllname>operazione_fondo_economale.rpt</dllname>
    <major>20160413</major>
    <minor>132940</minor>
    <build>0</build>
  </DLL>
  <DLL>
    <dllname>partcmov_analitico.rpt</dllname>
    <major>20070510</major>
    <minor>114357</minor>
    <build>0</build>
  </DLL>
  <DLL>
    <dllname>partitarioclass_analitico.rpt</dllname>
    <major>20070917</major>
    <minor>73124</minor>
    <build>0</build>
  </DLL>
  <DLL>
    <dllname>partitarioclass_prevmov_analitico.rpt</dllname>
    <major>20110209</major>
    <minor>140920</minor>
    <build>0</build>
  </DLL>
  <DLL>
    <dllname>partitario_anagrafica_competenza.rpt</dllname>
    <major>20071204</major>
    <minor>140922</minor>
    <build>0</build>
  </DLL>
  <DLL>
    <dllname>partitario_anagrafica_entrate.rpt</dllname>
    <major>20100507</major>
    <minor>102452</minor>
    <build>0</build>
  </DLL>
  <DLL>
    <dllname>partitario_anagrafica_entrate_web.rpt</dllname>
    <major>20080305</major>
    <minor>123421</minor>
    <build>0</build>
  </DLL>
  <DLL>
    <dllname>partitario_anagrafica_spese.rpt</dllname>
    <major>20100507</major>
    <minor>110829</minor>
    <build>0</build>
  </DLL>
  <DLL>
    <dllname>partitario_anagrafica_spese_web.rpt</dllname>
    <major>20090316</major>
    <minor>155932</minor>
    <build>0</build>
  </DLL>
  <DLL>
    <dllname>partitario_cassa_2fasi.rpt</dllname>
    <major>20091203</major>
    <minor>121911</minor>
    <build>0</build>
  </DLL>
  <DLL>
    <dllname>partitario_class_mov.rpt</dllname>
    <major>20120516</major>
    <minor>94419</minor>
    <build>0</build>
  </DLL>
  <DLL>
    <dllname>partitario_competenza_2fasi.rpt</dllname>
    <major>20130328</major>
    <minor>131924</minor>
    <build>0</build>
  </DLL>
  <DLL>
    <dllname>partitario_competenza_3fasi.rpt</dllname>
    <major>20130328</major>
    <minor>131925</minor>
    <build>0</build>
  </DLL>
  <DLL>
    <dllname>partitario_competenza_4fasi_spesa.rpt</dllname>
    <major>20130328</major>
    <minor>131925</minor>
    <build>0</build>
  </DLL>
  <DLL>
    <dllname>partitario_competenza_5fasi_spesa.rpt</dllname>
    <major>20130328</major>
    <minor>131925</minor>
    <build>0</build>
  </DLL>
  <DLL>
    <dllname>partitario_entrate_intestazione_cassa.rpt</dllname>
    <major>20160405</major>
    <minor>85211</minor>
    <build>0</build>
  </DLL>
  <DLL>
    <dllname>partitario_entrate_intestazione_cassa_responsabile.rpt</dllname>
    <major>20160405</major>
    <minor>85406</minor>
    <build>0</build>
  </DLL>
  <DLL>
    <dllname>partitario_entrate_intestazione_competenza.rpt</dllname>
    <major>20160405</major>
    <minor>85437</minor>
    <build>0</build>
  </DLL>
  <DLL>
    <dllname>partitario_entrate_intestazione_competenza_responsabile.rpt</dllname>
    <major>20160405</major>
    <minor>85230</minor>
    <build>0</build>
  </DLL>
  <DLL>
    <dllname>partitario_per_classificazione.rpt</dllname>
    <major>20080609</major>
    <minor>81721</minor>
    <build>0</build>
  </DLL>
  <DLL>
    <dllname>partitario_pluriennale_2fasi.rpt</dllname>
    <major>20081113</major>
    <minor>84353</minor>
    <build>0</build>
  </DLL>
  <DLL>
    <dllname>partitario_pluriennale_2fasi_bil.rpt</dllname>
    <major>20081113</major>
    <minor>84923</minor>
    <build>0</build>
  </DLL>
  <DLL>
    <dllname>partitario_pluriennale_3fasi.rpt</dllname>
    <major>20081112</major>
    <minor>164804</minor>
    <build>0</build>
  </DLL>
  <DLL>
    <dllname>partitario_pluriennale_3fasi_bil.rpt</dllname>
    <major>20081113</major>
    <minor>84754</minor>
    <build>0</build>
  </DLL>
  <DLL>
    <dllname>partitario_pluriennale_4fasi.rpt</dllname>
    <major>20081113</major>
    <minor>84417</minor>
    <build>0</build>
  </DLL>
  <DLL>
    <dllname>partitario_pluriennale_4fasi_bil.rpt</dllname>
    <major>20081113</major>
    <minor>84901</minor>
    <build>0</build>
  </DLL>
  <DLL>
    <dllname>partitario_residui_2fasi.rpt</dllname>
    <major>20160404</major>
    <minor>90147</minor>
    <build>0</build>
  </DLL>
  <DLL>
    <dllname>partitario_residui_3fasi.rpt</dllname>
    <major>20160404</major>
    <minor>85053</minor>
    <build>0</build>
  </DLL>
  <DLL>
    <dllname>partitario_residui_4fasi_spesa.rpt</dllname>
    <major>20150506</major>
    <minor>84042</minor>
    <build>0</build>
  </DLL>
  <DLL>
    <dllname>partitario_residui_5fasi_spesa.rpt</dllname>
    <major>20130328</major>
    <minor>131927</minor>
    <build>0</build>
  </DLL>
  <DLL>
    <dllname>partitario_spese_2f_resp_generale.rpt</dllname>
    <major>20140212</major>
    <minor>104307</minor>
    <build>0</build>
  </DLL>
  <DLL>
    <dllname>partitario_spese_2f_resp_generale_fin.rpt</dllname>
    <major>20140212</major>
    <minor>104254</minor>
    <build>0</build>
  </DLL>
  <DLL>
    <dllname>partitario_spese_3f_resp_generale.rpt</dllname>
    <major>20140212</major>
    <minor>104518</minor>
    <build>0</build>
  </DLL>
  <DLL>
    <dllname>partitario_spese_4f_resp_generale.rpt</dllname>
    <major>20140212</major>
    <minor>105317</minor>
    <build>0</build>
  </DLL>
  <DLL>
    <dllname>partitario_spese_5f_resp_generale.rpt</dllname>
    <major>20130624</major>
    <minor>120258</minor>
    <build>0</build>
  </DLL>
  <DLL>
    <dllname>partitario_spese_intestazione_cassa.rpt</dllname>
    <major>20160405</major>
    <minor>85310</minor>
    <build>0</build>
  </DLL>
  <DLL>
    <dllname>partitario_spese_intestazione_cassa_respons.rpt</dllname>
    <major>20160405</major>
    <minor>85250</minor>
    <build>0</build>
  </DLL>
  <DLL>
    <dllname>partitario_spese_intestazione_cassa_responsabile.rpt</dllname>
    <major>20160405</major>
    <minor>85332</minor>
    <build>0</build>
  </DLL>
  <DLL>
    <dllname>partitario_spese_intestazione_cassa_resp_bil.rpt</dllname>
    <major>20101108</major>
    <minor>144716</minor>
    <build>0</build>
  </DLL>
  <DLL>
    <dllname>partitario_spese_intestazione_competenza.rpt</dllname>
    <major>20160405</major>
    <minor>85421</minor>
    <build>0</build>
  </DLL>
  <DLL>
    <dllname>partitario_spese_intestazione_competenza_responsabile.rpt</dllname>
    <major>20160405</major>
    <minor>85453</minor>
    <build>0</build>
  </DLL>
  <DLL>
    <dllname>partitario_spese_intestazione_competenza_resp_bil.rpt</dllname>
    <major>20101013</major>
    <minor>150820</minor>
    <build>0</build>
  </DLL>
  <DLL>
    <dllname>partitario_spese_resp_disponibile_dm.rpt</dllname>
    <major>20071112</major>
    <minor>123415</minor>
    <build>0</build>
  </DLL>
  <DLL>
    <dllname>prelieviperunitaorganizzativa.rpt</dllname>
    <major>20111212</major>
    <minor>132458</minor>
    <build>0</build>
  </DLL>
  <DLL>
    <dllname>prestatoridopera.rpt</dllname>
    <major>20091102</major>
    <minor>94250</minor>
    <build>0</build>
  </DLL>
  <DLL>
    <dllname>previsionebudget.rpt</dllname>
    <major>20170222</major>
    <minor>163506</minor>
    <build>0</build>
  </DLL>
  <DLL>
    <dllname>previsionebudget_triennale.rpt</dllname>
    <major>20141110</major>
    <minor>93006</minor>
    <build>0</build>
  </DLL>
  <DLL>
    <dllname>propostevarprevisione_crediti_cassa.rpt</dllname>
    <major>20140428</major>
    <minor>85055</minor>
    <build>0</build>
  </DLL>
  <DLL>
    <dllname>registroacquisti.rpt</dllname>
    <major>20161003</major>
    <minor>92037</minor>
    <build>0</build>
  </DLL>
  <DLL>
    <dllname>registroacquisticonsolidato.rpt</dllname>
    <major>20070510</major>
    <minor>114357</minor>
    <build>0</build>
  </DLL>
  <DLL>
    <dllname>registroacquisti_old.rpt</dllname>
    <major>20071120</major>
    <minor>132449</minor>
    <build>0</build>
  </DLL>
  <DLL>
    <dllname>registrocorrispettivi.rpt</dllname>
    <major>20160323</major>
    <minor>90719</minor>
    <build>0</build>
  </DLL>
  <DLL>
    <dllname>registroiva.rpt</dllname>
    <major>20160323</major>
    <minor>90730</minor>
    <build>0</build>
  </DLL>
  <DLL>
    <dllname>registrounico.rpt</dllname>
    <major>20141128</major>
    <minor>94642</minor>
    <build>0</build>
  </DLL>
  <DLL>
    <dllname>registrovendite.rpt</dllname>
    <major>20161003</major>
    <minor>92051</minor>
    <build>0</build>
  </DLL>
  <DLL>
    <dllname>registrovenditeconsolidato.rpt</dllname>
    <major>20070510</major>
    <minor>114357</minor>
    <build>0</build>
  </DLL>
  <DLL>
    <dllname>registrovendite_old.rpt</dllname>
    <major>20071120</major>
    <minor>132459</minor>
    <build>0</build>
  </DLL>
  <DLL>
    <dllname>registro_ammortamenti_ente.rpt</dllname>
    <major>20090324</major>
    <minor>105206</minor>
    <build>0</build>
  </DLL>
  <DLL>
    <dllname>registro_ammortamenti_ente_con_simulazione.rpt</dllname>
    <major>20160705</major>
    <minor>124609</minor>
    <build>0</build>
  </DLL>
  <DLL>
    <dllname>registro_ammortamenti_ente_suduerighe.rpt</dllname>
    <major>20160708</major>
    <minor>131808</minor>
    <build>0</build>
  </DLL>
  <DLL>
    <dllname>rendicontofinanziario.rpt</dllname>
    <major>20170110</major>
    <minor>175339</minor>
    <build>0</build>
  </DLL>
  <DLL>
    <dllname>rendicontomagazzino.rpt</dllname>
    <major>20140318</major>
    <minor>170636</minor>
    <build>0</build>
  </DLL>
  <DLL>
    <dllname>rendiconto_class_mov.rpt</dllname>
    <major>20110110</major>
    <minor>151703</minor>
    <build>0</build>
  </DLL>
  <DLL>
    <dllname>repertori_fe.rpt</dllname>
    <major>20150616</major>
    <minor>94820</minor>
    <build>0</build>
  </DLL>
  <DLL>
    <dllname>reversale.rpt</dllname>
    <major>20080305</major>
    <minor>123351</minor>
    <build>0</build>
  </DLL>
  <DLL>
    <dllname>reversale_incasso_siope.rpt</dllname>
    <major>20151102</major>
    <minor>110435</minor>
    <build>0</build>
  </DLL>
  <DLL>
    <dllname>riepilogoannuale.rpt</dllname>
    <major>20160329</major>
    <minor>121537</minor>
    <build>0</build>
  </DLL>
  <DLL>
    <dllname>riepilogoannualeacquisti.rpt</dllname>
    <major>20160323</major>
    <minor>90805</minor>
    <build>0</build>
  </DLL>
  <DLL>
    <dllname>riepilogoregistroacquisti.rpt</dllname>
    <major>20161012</major>
    <minor>72717</minor>
    <build>0</build>
  </DLL>
  <DLL>
    <dllname>riepilogoregistroacquisti_old.rpt</dllname>
    <major>20071122</major>
    <minor>95458</minor>
    <build>0</build>
  </DLL>
  <DLL>
    <dllname>riepilogoregistrovendite.rpt</dllname>
    <major>20170217</major>
    <minor>140141</minor>
    <build>0</build>
  </DLL>
  <DLL>
    <dllname>riepilogoregistrovendite_old.rpt</dllname>
    <major>20071122</major>
    <minor>95518</minor>
    <build>0</build>
  </DLL>
  <DLL>
    <dllname>riepilogo_ritenute_applicate.rpt</dllname>
    <major>20150428</major>
    <minor>115539</minor>
    <build>0</build>
  </DLL>
  <DLL>
    <dllname>riepilogo_ritenute_applicate_impon.rpt</dllname>
    <major>20150428</major>
    <minor>114236</minor>
    <build>0</build>
  </DLL>
  <DLL>
    <dllname>riepilogo_ritenute_applicate_impon_dip.rpt</dllname>
    <major>20130708</major>
    <minor>111106</minor>
    <build>0</build>
  </DLL>
  <DLL>
    <dllname>scrittureep.rpt</dllname>
    <major>20150928</major>
    <minor>92258</minor>
    <build>0</build>
  </DLL>
  <DLL>
    <dllname>show_expense.rpt</dllname>
    <major>20160412</major>
    <minor>75609</minor>
    <build>0</build>
  </DLL>
  <DLL>
    <dllname>show_income.rpt</dllname>
    <major>20170216</major>
    <minor>110413</minor>
    <build>0</build>
  </DLL>
  <DLL>
    <dllname>sitbilancioarticoli_respons_spesa.rpt</dllname>
    <major>20101014</major>
    <minor>122825</minor>
    <build>0</build>
  </DLL>
  <DLL>
    <dllname>sitbilancioarticoli_respons_spesa_2fasi.rpt</dllname>
    <major>20101014</major>
    <minor>122511</minor>
    <build>0</build>
  </DLL>
  <DLL>
    <dllname>sitbilancio_entrata.rpt</dllname>
    <major>20140211</major>
    <minor>94411</minor>
    <build>0</build>
  </DLL>
  <DLL>
    <dllname>sitbilancio_entrata_capitolo.rpt</dllname>
    <major>20140211</major>
    <minor>94412</minor>
    <build>0</build>
  </DLL>
  <DLL>
    <dllname>sitbilancio_residui_entrata.rpt</dllname>
    <major>20070914</major>
    <minor>104335</minor>
    <build>0</build>
  </DLL>
  <DLL>
    <dllname>sitbilancio_residui_respons_entrata.rpt</dllname>
    <major>20080508</major>
    <minor>145359</minor>
    <build>0</build>
  </DLL>
  <DLL>
    <dllname>sitbilancio_respons_entrata.rpt</dllname>
    <major>20170220</major>
    <minor>133830</minor>
    <build>0</build>
  </DLL>
  <DLL>
    <dllname>sitbilancio_respons_spesa.rpt</dllname>
    <major>20140905</major>
    <minor>152505</minor>
    <build>0</build>
  </DLL>
  <DLL>
    <dllname>sitbilancio_respons_spesa_2fasi.rpt</dllname>
    <major>20130412</major>
    <minor>73419</minor>
    <build>0</build>
  </DLL>
  <DLL>
    <dllname>sitbilancio_respons_spesa_4fasi.rpt</dllname>
    <major>20130412</major>
    <minor>73419</minor>
    <build>0</build>
  </DLL>
  <DLL>
    <dllname>sitbilancio_spesa.rpt</dllname>
    <major>20140409</major>
    <minor>124215</minor>
    <build>0</build>
  </DLL>
  <DLL>
    <dllname>sitbilancio_spesa_2fasi.rpt</dllname>
    <major>20140409</major>
    <minor>125239</minor>
    <build>0</build>
  </DLL>
  <DLL>
    <dllname>sitbilancio_spesa_2fasi_capitolo.rpt</dllname>
    <major>20140409</major>
    <minor>124538</minor>
    <build>0</build>
  </DLL>
  <DLL>
    <dllname>sitbilancio_spesa_4fasi.rpt</dllname>
    <major>20140409</major>
    <minor>124934</minor>
    <build>0</build>
  </DLL>
  <DLL>
    <dllname>sitbilancio_spesa_4fasi_capitolo.rpt</dllname>
    <major>20150604</major>
    <minor>73246</minor>
    <build>0</build>
  </DLL>
  <DLL>
    <dllname>sitbilancio_spesa_capitolo.rpt</dllname>
    <major>20140409</major>
    <minor>125215</minor>
    <build>0</build>
  </DLL>
  <DLL>
    <dllname>sitpatrim_afferenza.rpt</dllname>
    <major>20130513</major>
    <minor>103030</minor>
    <build>0</build>
  </DLL>
  <DLL>
    <dllname>sitpatrim_assetsubmanager.rpt</dllname>
    <major>20160226</major>
    <minor>94737</minor>
    <build>0</build>
  </DLL>
  <DLL>
    <dllname>sitpatrim_class.rpt</dllname>
    <major>20150608</major>
    <minor>75704</minor>
    <build>0</build>
  </DLL>
  <DLL>
    <dllname>sitpatrim_ente.rpt</dllname>
    <major>20130513</major>
    <minor>102712</minor>
    <build>0</build>
  </DLL>
  <DLL>
    <dllname>sitpatrim_ente_causale.rpt</dllname>
    <major>20130513</major>
    <minor>102728</minor>
    <build>0</build>
  </DLL>
  <DLL>
    <dllname>sitpatrim_ente_lecce.rpt</dllname>
    <major>20160930</major>
    <minor>121249</minor>
    <build>0</build>
  </DLL>
  <DLL>
    <dllname>sitpatrim_ente_po.rpt</dllname>
    <major>20130513</major>
    <minor>102756</minor>
    <build>0</build>
  </DLL>
  <DLL>
    <dllname>sitpatrim_resp.rpt</dllname>
    <major>20130513</major>
    <minor>102810</minor>
    <build>0</build>
  </DLL>
  <DLL>
    <dllname>sitpatrim_subresp.rpt</dllname>
    <major>20160621</major>
    <minor>132809</minor>
    <build>0</build>
  </DLL>
  <DLL>
    <dllname>sitpatrim_totale.rpt</dllname>
    <major>20130513</major>
    <minor>102903</minor>
    <build>0</build>
  </DLL>
  <DLL>
    <dllname>sitpatrim_totale_causale.rpt</dllname>
    <major>20130513</major>
    <minor>102647</minor>
    <build>0</build>
  </DLL>
  <DLL>
    <dllname>sitpatrim_ubic.rpt</dllname>
    <major>20140108</major>
    <minor>85311</minor>
    <build>0</build>
  </DLL>
  <DLL>
    <dllname>situazionebudget.rpt</dllname>
    <major>20161129</major>
    <minor>160013</minor>
    <build>0</build>
  </DLL>
  <DLL>
    <dllname>situazioneeconomica.rpt</dllname>
    <major>20150907</major>
    <minor>91511</minor>
    <build>0</build>
  </DLL>
  <DLL>
    <dllname>situazionemagazzino.rpt</dllname>
    <major>20110616</major>
    <minor>90405</minor>
    <build>0</build>
  </DLL>
  <DLL>
    <dllname>situazionepatrimoniale.rpt</dllname>
    <major>20160314</major>
    <minor>104203</minor>
    <build>0</build>
  </DLL>
  <DLL>
    <dllname>situazionesaldicontabili.rpt</dllname>
    <major>20150728</major>
    <minor>131527</minor>
    <build>0</build>
  </DLL>
  <DLL>
    <dllname>sit_cdr_classificazioneupb.rpt</dllname>
    <major>20130724</major>
    <minor>210748</minor>
    <build>0</build>
  </DLL>
  <DLL>
    <dllname>sit_classificazioneupb_cdr.rpt</dllname>
    <major>20130724</major>
    <minor>212025</minor>
    <build>0</build>
  </DLL>
  <DLL>
    <dllname>sit_classificazioneupb_cdr_cons.rpt</dllname>
    <major>20130724</major>
    <minor>142526</minor>
    <build>0</build>
  </DLL>
  <DLL>
    <dllname>sit_classificazioneupb_cdr_cons_compatto.rpt</dllname>
    <major>20130725</major>
    <minor>134943</minor>
    <build>0</build>
  </DLL>
  <DLL>
    <dllname>sit_classificazioneupb_cdr_prev.rpt</dllname>
    <major>20130724</major>
    <minor>145027</minor>
    <build>0</build>
  </DLL>
  <DLL>
    <dllname>sit_classificazioneupb_cdr_prev_compatto.rpt</dllname>
    <major>20130724</major>
    <minor>150339</minor>
    <build>0</build>
  </DLL>
  <DLL>
    <dllname>sit_residui_impgiur_per_anno.rpt</dllname>
    <major>20100211</major>
    <minor>95604</minor>
    <build>0</build>
  </DLL>
  <DLL>
    <dllname>sit_residui_per_anno.rpt</dllname>
    <major>20100205</major>
    <minor>155421</minor>
    <build>0</build>
  </DLL>
  <DLL>
    <dllname>sit_residui_per_anno_dett.rpt</dllname>
    <major>20160930</major>
    <minor>152531</minor>
    <build>0</build>
  </DLL>
  <DLL>
    <dllname>sit_residui_per_anno_elenco.rpt</dllname>
    <major>20160708</major>
    <minor>81336</minor>
    <build>0</build>
  </DLL>
  <DLL>
    <dllname>statopatrimoniale.rpt</dllname>
    <major>20170105</major>
    <minor>143842</minor>
    <build>0</build>
  </DLL>
  <DLL>
    <dllname>statopatrimoniale_dm2012.rpt</dllname>
    <major>20170105</major>
    <minor>143737</minor>
    <build>0</build>
  </DLL>
  <DLL>
    <dllname>statopatrimoniale_dm2012_dett.rpt</dllname>
    <major>20161014</major>
    <minor>145221</minor>
    <build>0</build>
  </DLL>
  <DLL>
    <dllname>statopatrimoniale_dm2014.rpt</dllname>
    <major>20170105</major>
    <minor>143816</minor>
    <build>0</build>
  </DLL>
  <DLL>
    <dllname>trasm_mandato_pagamento.rpt</dllname>
    <major>20160912</major>
    <minor>132330</minor>
    <build>0</build>
  </DLL>
  <DLL>
    <dllname>trasm_reversale_incasso.rpt</dllname>
    <major>20150611</major>
    <minor>80505</minor>
    <build>0</build>
  </DLL>
  <DLL>
    <dllname>uscitamagazzino.rpt</dllname>
    <major>20111121</major>
    <minor>132439</minor>
    <build>0</build>
  </DLL>
  <DLL>
    <dllname>varbudget.rpt</dllname>
    <major>20140605</major>
    <minor>93712</minor>
    <build>0</build>
  </DLL>
  <DLL>
    <dllname>varprevisione_bgtputo.rpt</dllname>
    <major>20160525</major>
    <minor>131934</minor>
    <build>0</build>
  </DLL>
  <DLL>
    <dllname>varprevisione_crediti_cassa.rpt</dllname>
    <major>20160408</major>
    <minor>131334</minor>
    <build>0</build>
  </DLL>
  <DLL>
    <dllname>varprevisione_crediti_cassa_official.rpt</dllname>
    <major>20160408</major>
    <minor>131345</minor>
    <build>0</build>
  </DLL>
  <DLL>
    <dllname>verbale_consegna_beni.rpt</dllname>
    <major>20161207</major>
    <minor>143246</minor>
    <build>0</build>
  </DLL>
  <DLL>
    <dllname>verifica_saldo_cc.rpt</dllname>
    <major>20160708</major>
    <minor>135431</minor>
    <build>0</build>
  </DLL>
</DsDLLIndex>