
/*
Easy
Copyright (C) 2022 Università degli Studi di Catania (www.unict.it)
This program is free software: you can redistribute it and/or modify
it under the terms of the GNU General Public License as published by
the Free Software Foundation, either version 3 of the License, or
(at your option) any later version.
This program is distributed in the hope that it will be useful,
but WITHOUT ANY WARRANTY; without even the implied warranty of
MERCHANTABILITY or FITNESS FOR A PARTICULAR PURPOSE.  See the
GNU General Public License for more details.
You should have received a copy of the GNU General Public License
along with this program.  If not, see <http://www.gnu.org/licenses/>.
*/


exec menuweb_addentry @idmenuwebparent = 177, @tableName = 'affidamentokind', @editType = 'default', @label = 'Tipologie di affidamento';
exec menuweb_addentry @idmenuwebparent = 41, @tableName = 'ambitoareadisc', @editType = 'default', @label = 'Ambiti o aree disciplinari';
exec menuweb_addentry @idmenuwebparent = 86, @tableName = 'aoo', @editType = 'default', @label = 'Aree organizzative omogenee';
exec menuweb_addentry @idmenuwebparent = 179, @tableName = 'appello', @editType = 'default', @label = 'Appelli';
exec menuweb_addentry @idmenuwebparent = 177, @tableName = 'appelloazionekind', @editType = 'default', @label = 'Titologie di azione in appello';
exec menuweb_addentry @idmenuwebparent = 177, @tableName = 'appellokind', @editType = 'default', @label = 'Tipologie di appello';
exec menuweb_addentry @idmenuwebparent = 41, @tableName = 'areadidattica', @editType = 'default', @label = 'Aeree didattiche';
exec menuweb_addentry @idmenuwebparent = 41, @tableName = 'ateco', @editType = 'default', @label = 'Classificazione ATECO';
exec menuweb_addentry @idmenuwebparent = 82, @tableName = 'aula', @editType = 'default', @label = 'Aule';
exec menuweb_addentry @idmenuwebparent = 177, @tableName = 'aulakind', @editType = 'default', @label = 'Tipologie delle aule';
exec menuweb_addentry @idmenuwebparent = 41, @tableName = 'ccnl', @editType = 'default', @label = 'Contratti Collettivi Nazionali del Lavoro';
exec menuweb_addentry @idmenuwebparent = 41, @tableName = 'changes', @editType = 'default', @label = 'Cambiamento per learning agreement';
exec menuweb_addentry @idmenuwebparent = 41, @tableName = 'changeskind', @editType = 'default', @label = 'Tipo di cambiamenti';
exec menuweb_addentry @idmenuwebparent = 41, @tableName = 'classconsorsuale', @editType = 'default', @label = 'Classi di concorso MIUR';
exec menuweb_addentry @idmenuwebparent = 41, @tableName = 'classescuola', @editType = 'default', @label = 'Scuole / Classi di laurea';
exec menuweb_addentry @idmenuwebparent = 41, @tableName = 'classescuolaarea', @editType = 'default', @label = 'Area della scuola / classe di laurea';
exec menuweb_addentry @idmenuwebparent = 41, @tableName = 'classescuolakind', @editType = 'default', @label = 'Tipologia della scuola / classe di laurea';
exec menuweb_addentry @idmenuwebparent = 177, @tableName = 'contrattokind', @editType = 'default', @label = 'Tipologie di contratto';
exec menuweb_addentry @idmenuwebparent = 313, @tableName = 'convenzione', @editType = 'seg', @label = 'Convenzioni';
exec menuweb_addentry @idmenuwebparent = 179, @tableName = 'corsostudio', @editType = 'default', @label = 'Corsi di studio';
exec menuweb_addentry @idmenuwebparent = 179, @tableName = 'corsostudio', @editType = 'dotmas', @label = 'Master';
exec menuweb_addentry @idmenuwebparent = 179, @tableName = 'corsostudio', @editType = 'ingresso', @label = 'Prove di ammissione';
exec menuweb_addentry @idmenuwebparent = 179, @tableName = 'corsostudio', @editType = 'stato', @label = 'Esami di stato';
exec menuweb_addentry @idmenuwebparent = 177, @tableName = 'corsostudiokind', @editType = 'default', @label = 'Tipologie dei corsi di studio';
exec menuweb_addentry @idmenuwebparent = 41, @tableName = 'corsostudiolivello', @editType = 'default', @label = 'Livelli dei corsi di studio';
exec menuweb_addentry @idmenuwebparent = 41, @tableName = 'corsostudionorma', @editType = 'default', @label = 'Normativa dei corsi di studio';
exec menuweb_addentry @idmenuwebparent = 244, @tableName = 'costoscontodef', @editType = 'default', @label = 'Costi';
exec menuweb_addentry @idmenuwebparent = 244, @tableName = 'costoscontodef', @editType = 'more', @label = 'Indennità / More';
exec menuweb_addentry @idmenuwebparent = 244, @tableName = 'costoscontodef', @editType = 'sconti', @label = 'Sconti';
exec menuweb_addentry @idmenuwebparent = 244, @tableName = 'costoscontodefdettagliokind', @editType = 'default', @label = 'Voci dei dettaglio debito';
exec menuweb_addentry @idmenuwebparent = 244, @tableName = 'costoscontodefkind', @editType = 'default', @label = 'Tipologia tra Costo, Sconto, Mora, indennizzo';
exec menuweb_addentry @idmenuwebparent = 84, @tableName = 'decadenza', @editType = 'seg', @label = 'Decadenza';
exec menuweb_addentry @idmenuwebparent = 177, @tableName = 'dichiarkind', @editType = 'default', @label = 'Tipi di dichiarazione';
exec menuweb_addentry @idmenuwebparent = 179, @tableName = 'diderog', @editType = 'default', @label = 'Didattica Erogata';
exec menuweb_addentry @idmenuwebparent = 179, @tableName = 'didprog', @editType = 'default', @label = 'Didattiche programmate';
exec menuweb_addentry @idmenuwebparent = 177, @tableName = 'duratakind', @editType = 'default', @label = 'Tipo di durata';
exec menuweb_addentry @idmenuwebparent = 82, @tableName = 'edificio', @editType = 'default', @label = 'Edifici';
exec menuweb_addentry @idmenuwebparent = 177, @tableName = 'erogazkind', @editType = 'default', @label = 'Tipologie di erogazione della didattica';
exec menuweb_addentry @idmenuwebparent = 244, @tableName = 'esonero', @editType = 'default', @label = 'Definizione degli esoneri generici';
exec menuweb_addentry @idmenuwebparent = 244, @tableName = 'esonero', @editType = 'carriera', @label = 'Definizione degli esoneri  derivanti dalla carriera';
exec menuweb_addentry @idmenuwebparent = 244, @tableName = 'esonero', @editType = 'disabil', @label = 'Definizione degli esoneri di invalidità';
exec menuweb_addentry @idmenuwebparent = 244, @tableName = 'esonero', @editType = 'titolostudio', @label = 'Definizione degli esoneri per titoli di studio conseguiti';
exec menuweb_addentry @idmenuwebparent = 244, @tableName = 'fasciaisee', @editType = 'default', @label = 'Fasce ISEE';
exec menuweb_addentry @idmenuwebparent = 41, @tableName = 'fonteindicebibliometrico', @editType = 'seg', @label = 'Fonti degli indici bibliometrici';
exec menuweb_addentry @idmenuwebparent = 41, @tableName = 'geo_city', @editType = 'seg', @label = 'Comuni';
exec menuweb_addentry @idmenuwebparent = 41, @tableName = 'geo_continent', @editType = 'default', @label = 'Continenti';
exec menuweb_addentry @idmenuwebparent = 41, @tableName = 'geo_country', @editType = 'seg', @label = 'Province';
exec menuweb_addentry @idmenuwebparent = 41, @tableName = 'geo_nation', @editType = 'seg', @label = 'Nazioni';
exec menuweb_addentry @idmenuwebparent = 41, @tableName = 'geo_region', @editType = 'seg', @label = 'Regioni';
exec menuweb_addentry @idmenuwebparent = 143, @tableName = 'graduatoria', @editType = 'default', @label = 'Definizioni delle graduatorie';
exec menuweb_addentry @idmenuwebparent = 143, @tableName = 'graduatoriavar', @editType = 'default', @label = 'Variabili delle graduatorie';
exec menuweb_addentry @idmenuwebparent = 82, @tableName = 'insegn', @editType = 'default', @label = 'Insegnamenti';
exec menuweb_addentry @idmenuwebparent = 41, @tableName = 'inventorytree', @editType = 'seg', @label = 'Inventario';
exec menuweb_addentry @idmenuwebparent = 84, @tableName = 'iscrizione', @editType = 'seg', @label = 'Iscrizioni';
exec menuweb_addentry @idmenuwebparent = 280, @tableName = 'istanza', @editType = 'imm_seg', @label = 'Istanze di immatricolazione';
exec menuweb_addentry @idmenuwebparent = 280, @tableName = 'istanza', @editType = 'imm_segpre', @label = 'Istanze di preimmatricolazione';
exec menuweb_addentry @idmenuwebparent = 280, @tableName = 'istanza', @editType = 'imm_segrin', @label = 'Istanze di rinnovo della iscrizione';
exec menuweb_addentry @idmenuwebparent = 177, @tableName = 'istanzakind', @editType = 'default', @label = 'Tipologie di istanza';
exec menuweb_addentry @idmenuwebparent = 41, @tableName = 'istattitolistudio', @editType = 'default', @label = 'Titoli di studio ISTAT';
exec menuweb_addentry @idmenuwebparent = 177, @tableName = 'istitutokind', @editType = 'default', @label = 'Tipologia di istituto';
exec menuweb_addentry @idmenuwebparent = 41, @tableName = 'nace', @editType = 'default', @label = 'Classificazione delle attività economiche nella Comunità Europea';
exec menuweb_addentry @idmenuwebparent = 41, @tableName = 'naturagiur', @editType = 'default', @label = 'Natura giuridica';
exec menuweb_addentry @idmenuwebparent = 41, @tableName = 'numerodip', @editType = 'default', @label = 'Numero dipendenti';
exec menuweb_addentry @idmenuwebparent = 177, @tableName = 'ofakind', @editType = 'default', @label = 'Titologie di obblighi formativi aggiuntivi';
exec menuweb_addentry @idmenuwebparent = 177, @tableName = 'orakind', @editType = 'seg', @label = 'Tipologia di ore';
exec menuweb_addentry @idmenuwebparent = 244, @tableName = 'pagamentokind', @editType = 'default', @label = 'Tipologie di pagamento';
exec menuweb_addentry @idmenuwebparent = 179, @tableName = 'pianostudio', @editType = 'segstud', @label = 'Piani di studio';
exec menuweb_addentry @idmenuwebparent = 41, @tableName = 'pianostudiostatus', @editType = 'default', @label = 'Stati dei piani di studio';
exec menuweb_addentry @idmenuwebparent = 179, @tableName = 'pratica', @editType = 'segstud', @label = 'Pratica di convalida/riconoscimento/dispensa';
exec menuweb_addentry @idmenuwebparent = 177, @tableName = 'progettoactivitykind', @editType = 'default', @label = 'Tipo di attività o progetto';
exec menuweb_addentry @idmenuwebparent = 296, @tableName = 'progettokind', @editType = 'seg', @label = 'Modelli di attività o progetto';
exec menuweb_addentry @idmenuwebparent = 41, @tableName = 'progettostatuskind', @editType = 'default', @label = 'Stati delle attività o progetti';
exec menuweb_addentry @idmenuwebparent = 283, @tableName = 'protocollo', @editType = 'seg', @label = 'Registrazioni di protocollo';
exec menuweb_addentry @idmenuwebparent = 283, @tableName = 'protocollodockind', @editType = 'seg', @label = 'Tipo di documento protocollato';
exec menuweb_addentry @idmenuwebparent = 283, @tableName = 'protocollorifkind', @editType = 'seg', @label = 'Tipo di documento di riferimento';
exec menuweb_addentry @idmenuwebparent = 177, @tableName = 'publicazkind', @editType = 'default', @label = 'Tipologie di pubblicazione ';
exec menuweb_addentry @idmenuwebparent = 143, @tableName = 'questionario', @editType = 'default', @label = 'Questionari';
exec menuweb_addentry @idmenuwebparent = 177, @tableName = 'questionariodomkind', @editType = 'default', @label = 'Tipologie di  domande del questionario';
exec menuweb_addentry @idmenuwebparent = 177, @tableName = 'questionariokind', @editType = 'default', @label = 'Tipologie di questionario';
exec menuweb_addentry @idmenuwebparent = 244, @tableName = 'ratakind', @editType = 'default', @label = 'Rate';
exec menuweb_addentry @idmenuwebparent = 86, @tableName = 'registry', @editType = 'default', @label = 'Anagrafica generale';
exec menuweb_addentry @idmenuwebparent = 86, @tableName = 'registry', @editType = 'amministrativi', @label = 'Personale Amministrativo';
exec menuweb_addentry @idmenuwebparent = 86, @tableName = 'registry', @editType = 'aziende', @label = 'Enti e Aziende';
exec menuweb_addentry @idmenuwebparent = 86, @tableName = 'registry', @editType = 'istituti', @label = 'Istituti';
exec menuweb_addentry @idmenuwebparent = 143, @tableName = 'registry', @editType = 'istituti_princ', @label = 'Istituto in gestione';
exec menuweb_addentry @idmenuwebparent = 86, @tableName = 'registry', @editType = 'istitutiesteri', @label = 'Istituti esteri';
exec menuweb_addentry @idmenuwebparent = 86, @tableName = 'registry', @editType = 'studenti', @label = 'Studenti';
exec menuweb_addentry @idmenuwebparent = 143, @tableName = 'registry', @editType = 'user', @label = 'Pagina di registrazione';
exec menuweb_addentry @idmenuwebparent = 177, @tableName = 'registryclass', @editType = 'default', @label = 'Tipologia fiscale';
exec menuweb_addentry @idmenuwebparent = 177, @tableName = 'rendicontaltrokind', @editType = 'default', @label = 'Tipologia delle attività da rendicontare oltre le lezioni ';
exec menuweb_addentry @idmenuwebparent = 41, @tableName = 'sasd', @editType = 'default', @label = 'Settori artistico-scientifico disciplinari';
exec menuweb_addentry @idmenuwebparent = 41, @tableName = 'sasdgruppo', @editType = 'default', @label = 'Gruppo';
exec menuweb_addentry @idmenuwebparent = 86, @tableName = 'sede', @editType = 'default', @label = 'Sedi';
exec menuweb_addentry @idmenuwebparent = 179, @tableName = 'sessione', @editType = 'default', @label = 'Sessioni di esami';
exec menuweb_addentry @idmenuwebparent = 177, @tableName = 'sessionekind', @editType = 'default', @label = 'Tipologie di sessione';
exec menuweb_addentry @idmenuwebparent = 41, @tableName = 'settoreerc', @editType = 'seg', @label = 'Settori dell''European Research Council';
exec menuweb_addentry @idmenuwebparent = 41, @tableName = 'settoreerc', @editType = 'segprog', @label = 'Settori dell''European Research Council';
exec menuweb_addentry @idmenuwebparent = 177, @tableName = 'sostenimentoesito', @editType = 'default', @label = 'Esito';
exec menuweb_addentry @idmenuwebparent = 41, @tableName = 'stipendiokind', @editType = 'default', @label = 'Tabelle stipendiali';
exec menuweb_addentry @idmenuwebparent = 86, @tableName = 'struttura', @editType = 'default', @label = 'Struttura / Unità organizzativa';
exec menuweb_addentry @idmenuwebparent = 177, @tableName = 'strutturakind', @editType = 'default', @label = 'Tipologia delle strutture';
exec menuweb_addentry @idmenuwebparent = 177, @tableName = 'studdirittokind', @editType = 'default', @label = 'Categoria dello studente per il diritto allo studio';
exec menuweb_addentry @idmenuwebparent = 177, @tableName = 'studprenotkind', @editType = 'default', @label = 'Tipologia di studente durante la prenotazione';
exec menuweb_addentry @idmenuwebparent = 244, @tableName = 'tassaconf', @editType = 'default', @label = 'Definizione dei costi generici';
exec menuweb_addentry @idmenuwebparent = 244, @tableName = 'tassaconfkind', @editType = 'default', @label = 'Definizione delle tasse generiche';
exec menuweb_addentry @idmenuwebparent = 244, @tableName = 'tassacsingconf', @editType = 'default', @label = 'Definizione dei costi dei corsi singoli';
exec menuweb_addentry @idmenuwebparent = 244, @tableName = 'tassaiscrizioneconf', @editType = 'default', @label = 'Definizione delle tasse di iscrizione';
exec menuweb_addentry @idmenuwebparent = 244, @tableName = 'tassaistanzaconf', @editType = 'default', @label = 'Definizione dei costi delle istanze';
exec menuweb_addentry @idmenuwebparent = 177, @tableName = 'tipoattform', @editType = 'default', @label = 'Tipologia delle attività formative';
exec menuweb_addentry @idmenuwebparent = 177, @tableName = 'tirociniocandidaturakind', @editType = 'default', @label = 'Tipologia di candidatura ad un tirocinio';
exec menuweb_addentry @idmenuwebparent = 313, @tableName = 'tirocinioproposto', @editType = 'seg', @label = 'Proposte di tirocinio';
exec menuweb_addentry @idmenuwebparent = 177, @tableName = 'tirociniostato', @editType = 'default', @label = 'Stato dei tirocini';
exec menuweb_addentry @idmenuwebparent = 41, @tableName = 'upb', @editType = 'default', @label = 'Unità previsionali di base';
exec menuweb_addentry @idmenuwebparent = 177, @tableName = 'valutazionekind', @editType = 'default', @label = 'Tipologia di valutazione di una attività didattica';
exec menuweb_addentry @idmenuwebparent = 177, @tableName = 'valutazionekind', @editType = 'seg_child', @label = 'Tipologia di valutazione di una attività didattica';
exec menuweb_addentry @idmenuwebparent = 349, @tableName = 'accordoscambiomi', @editType = 'seg', @label = 'Accordi bilaterali';
exec menuweb_addentry @idmenuwebparent = 349, @tableName = 'programmami', @editType = 'seg', @label = 'Programmi di cooperazione';
exec menuweb_addentry @idmenuwebparent = 349, @tableName = 'bandomi', @editType = 'seg', @label = 'Bandi di mobilità';
exec menuweb_addentry @idmenuwebparent = 41, @tableName = 'isced2013', @editType = 'default', @label = 'International Standard Classification of Education (ISCED)';
exec menuweb_addentry @idmenuwebparent = 41, @tableName = 'cefr', @editType = 'default', @label = 'Quadro europeo comune di riferimento per le lingue';
exec menuweb_addentry @idmenuwebparent = 349, @tableName = 'assicurazione', @editType = 'default', @label = 'Assicurazione';
exec menuweb_addentry @idmenuwebparent = 41, @tableName = 'bandomobilitaintkind', @editType = 'default', @label = 'Tipologa del bando di mobilità internanzionale';
exec menuweb_addentry @idmenuwebparent = 177, @tableName = 'convalidakind', @editType = 'default', @label = 'Tipologie di convalida';
exec menuweb_addentry @idmenuwebparent = 359, @tableName = 'bandods', @editType = 'seg', @label = 'Bandi di diritto allo studio';
exec menuweb_addentry @idmenuwebparent = 177, @tableName = 'accreditokind', @editType = 'default', @label = 'Tipi di accredito in una richiesta di partecipazione al bando per il diritto allo studio';
exec menuweb_addentry @idmenuwebparent = 177, @tableName = 'dichiardisabilkind', @editType = 'default', @label = 'Tipologie di disabilità';
exec menuweb_addentry @idmenuwebparent = 177, @tableName = 'dichiardisabilsuppkind', @editType = 'default', @label = 'Tipologie dichiarazioni disabilita';
exec menuweb_addentry @idmenuwebparent = 367, @tableName = 'dichiar', @editType = 'disabil_seg', @label = 'Dichiarazione di disabilità';
exec menuweb_addentry @idmenuwebparent = 367, @tableName = 'dichiar', @editType = 'isee_seg', @label = 'Attestazione ISEE';
exec menuweb_addentry @idmenuwebparent = 367, @tableName = 'dichiar', @editType = 'altrititoli_seg', @label = 'Altri titoli';
exec menuweb_addentry @idmenuwebparent = 367, @tableName = 'dichiar', @editType = 'altre_seg', @label = 'Altre dichiarazioni';
exec menuweb_addentry @idmenuwebparent = 84, @tableName = 'sostenimento', @editType = 'segcons', @label = 'Conseguimento del titolo';
exec menuweb_addentry @idmenuwebparent = 274, @tableName = 'decadenza', @editType = 'seg', @label = 'Decadenza';
exec menuweb_addentry @idmenuwebparent = 177, @tableName = 'dichiaraltrekind', @editType = 'default', @label = 'Tipologia delle altre dichiarazioni';
exec menuweb_addentry @idmenuwebparent = 177, @tableName = 'dichiaraltrekind', @editType = 'elenchi', @label = 'Tipologia delle altre dichiarazioni';
exec menuweb_addentry @idmenuwebparent = 367, @tableName = 'dichiar', @editType = 'titolo_seg', @label = 'Dichiarazione titoli di studio';
exec menuweb_addentry @idmenuwebparent = 280, @tableName = 'istanza', @editType = 'rin_seg', @label = 'Istanza di rinuncia agli studi';
exec menuweb_addentry @idmenuwebparent = 280, @tableName = 'istanza', @editType = 'tru_seg', @label = 'Istanza di trasferimento in uscita';
exec menuweb_addentry @idmenuwebparent = 280, @tableName = 'istanza', @editType = 'eq_seg', @label = 'Istanza di equipollenza ';
exec menuweb_addentry @idmenuwebparent = 280, @tableName = 'istanza', @editType = 'cert_seg', @label = 'Richiesta di certificato';
exec menuweb_addentry @idmenuwebparent = 280, @tableName = 'istanza', @editType = 'sosp_seg', @label = 'Istanza di sospensione degli studi';
exec menuweb_addentry @idmenuwebparent = 280, @tableName = 'delibera', @editType = 'seg', @label = 'Delibere';
exec menuweb_addentry @idmenuwebparent = 179, @tableName = 'getcostididattica', @editType = 'default', @label = 'Riepilogo dei costi degli affidamenti';
exec menuweb_addentry @idmenuwebparent = 41, @tableName = 'inventorytree', @editType = 'seg', @label = 'Classificazione inventariale';
exec menuweb_addentry @idmenuwebparent = 41, @tableName = 'currency', @editType = 'default', @label = 'Valute';
exec menuweb_addentry @idmenuwebparent = 296, @idx = 297, @tableName = 'progetto', @editType = 'seg', @label = 'Attività e progetti';
exec menuweb_addentry @idmenuwebparent = 296, @idx = 299, @tableName = 'progettokind', @editType = 'seg', @label = 'Tipo di progetto o attività';
exec menuweb_addentry @idmenuwebparent = 82, @idx = 79, @tableName = 'registry', @editType = 'docenti', @label = 'Docenti';
exec menuweb_addentry @idmenuwebparent = 86, @idx = 300, @tableName = 'registry', @editType = 'amministrativi', @label = 'Personale Amministrativo';
exec menuweb_addentry @idmenuwebparent = 82, @idx = 136, @tableName = 'publicaz', @editType = 'default', @label = 'Pubblicazioni';
exec menuweb_addentry @idmenuwebparent = 41, @idx = 307, @tableName = 'tax', @editType = 'seg', @label = 'Tipi di ritenuta';
exec menuweb_addentry @idmenuwebparent = 177, @idx = 401, @tableName = 'progettoudrmembrokind', @editType = 'default', @label = 'Tipologia di membro delle unità di personale';
--menu? INSERT INTO [dbo].[web_listredir] ([tablename],[listtype],[newtablename],[newlisttype],[ct],[cu],[lt],[lu])VALUES('duratakind', 'default', 'duratakinddefaultview', 'default', NULL, NULL, NULL, NULL)
 INSERT INTO [dbo].[web_listredir] ([tablename],[listtype],[newtablename],[newlisttype],[ct],[cu],[lt],[lu])VALUES('progetto', 'seg', 'progettosegview', 'seg', NULL, NULL, NULL, NULL)
 INSERT INTO [dbo].[web_listredir] ([tablename],[listtype],[newtablename],[newlisttype],[ct],[cu],[lt],[lu])VALUES('naturagiur', 'default', 'naturagiurdefaultview', 'default', NULL, NULL, NULL, NULL)
 INSERT INTO [dbo].[web_listredir] ([tablename],[listtype],[newtablename],[newlisttype],[ct],[cu],[lt],[lu])VALUES('accmotive', 'seg', 'accmotivesegview', 'seg', NULL, NULL, NULL, NULL)
 INSERT INTO [dbo].[web_listredir] ([tablename],[listtype],[newtablename],[newlisttype],[ct],[cu],[lt],[lu])VALUES('address', 'seg', 'addresssegview', 'seg', NULL, NULL, NULL, NULL)
 INSERT INTO [dbo].[web_listredir] ([tablename],[listtype],[newtablename],[newlisttype],[ct],[cu],[lt],[lu])VALUES('affidamento', 'default', 'affidamentodefaultview', 'default', NULL, NULL, NULL, NULL)
 INSERT INTO [dbo].[web_listredir] ([tablename],[listtype],[newtablename],[newlisttype],[ct],[cu],[lt],[lu])VALUES('affidamento', 'seg', 'affidamentosegview', 'seg', NULL, NULL, NULL, NULL)
 INSERT INTO [dbo].[web_listredir] ([tablename],[listtype],[newtablename],[newlisttype],[ct],[cu],[lt],[lu])VALUES('affidamentokind', 'default', 'affidamentokinddefaultview', 'default', NULL, NULL, NULL, NULL)
 INSERT INTO [dbo].[web_listredir] ([tablename],[listtype],[newtablename],[newlisttype],[ct],[cu],[lt],[lu])VALUES('ambitoareadisc', 'default', 'ambitoareadiscdefaultview', 'default', NULL, NULL, NULL, NULL)
 INSERT INTO [dbo].[web_listredir] ([tablename],[listtype],[newtablename],[newlisttype],[ct],[cu],[lt],[lu])VALUES('aoo', 'default', 'aoodefaultview', 'default', NULL, NULL, NULL, NULL)
 INSERT INTO [dbo].[web_listredir] ([tablename],[listtype],[newtablename],[newlisttype],[ct],[cu],[lt],[lu])VALUES('aoo', 'princ', 'aooprincview', 'princ', NULL, NULL, NULL, NULL)
 INSERT INTO [dbo].[web_listredir] ([tablename],[listtype],[newtablename],[newlisttype],[ct],[cu],[lt],[lu])VALUES('appello', 'default', 'appellodefaultview', 'default', NULL, NULL, NULL, NULL)
 INSERT INTO [dbo].[web_listredir] ([tablename],[listtype],[newtablename],[newlisttype],[ct],[cu],[lt],[lu])VALUES('appello', 'erogata', 'appelloerogataview', 'erogata', NULL, NULL, NULL, NULL)
 INSERT INTO [dbo].[web_listredir] ([tablename],[listtype],[newtablename],[newlisttype],[ct],[cu],[lt],[lu])VALUES('appelloazionekind', 'default', 'appelloazionekinddefaultview', 'default', NULL, NULL, NULL, NULL)
 INSERT INTO [dbo].[web_listredir] ([tablename],[listtype],[newtablename],[newlisttype],[ct],[cu],[lt],[lu])VALUES('appellokind', 'default', 'appellokinddefaultview', 'default', NULL, NULL, NULL, NULL)
 INSERT INTO [dbo].[web_listredir] ([tablename],[listtype],[newtablename],[newlisttype],[ct],[cu],[lt],[lu])VALUES('areadidattica', 'default', 'areadidatticadefaultview', 'default', NULL, NULL, NULL, NULL)
 INSERT INTO [dbo].[web_listredir] ([tablename],[listtype],[newtablename],[newlisttype],[ct],[cu],[lt],[lu])VALUES('asset', 'seg', 'assetsegview', 'seg', NULL, NULL, NULL, NULL)
 INSERT INTO [dbo].[web_listredir] ([tablename],[listtype],[newtablename],[newlisttype],[ct],[cu],[lt],[lu])VALUES('ateco', 'default', 'atecodefaultview', 'default', NULL, NULL, NULL, NULL)
 INSERT INTO [dbo].[web_listredir] ([tablename],[listtype],[newtablename],[newlisttype],[ct],[cu],[lt],[lu])VALUES('attivform', 'appello', 'attivformappelloview', 'appello', NULL, NULL, NULL, NULL)
 INSERT INTO [dbo].[web_listredir] ([tablename],[listtype],[newtablename],[newlisttype],[ct],[cu],[lt],[lu])VALUES('attivform', 'default', 'attivformdefaultview', 'default', NULL, NULL, NULL, NULL)
 INSERT INTO [dbo].[web_listredir] ([tablename],[listtype],[newtablename],[newlisttype],[ct],[cu],[lt],[lu])VALUES('attivform', 'erogata', 'attivformerogataview', 'erogata', NULL, NULL, NULL, NULL)
 INSERT INTO [dbo].[web_listredir] ([tablename],[listtype],[newtablename],[newlisttype],[ct],[cu],[lt],[lu])VALUES('attivform', 'gruppo', 'attivformgruppoview', 'gruppo', NULL, NULL, NULL, NULL)
 INSERT INTO [dbo].[web_listredir] ([tablename],[listtype],[newtablename],[newlisttype],[ct],[cu],[lt],[lu])VALUES('attivform', 'proped', 'attivformpropedview', 'proped', NULL, NULL, NULL, NULL)
 INSERT INTO [dbo].[web_listredir] ([tablename],[listtype],[newtablename],[newlisttype],[ct],[cu],[lt],[lu])VALUES('aula', 'default', 'auladefaultview', 'default', NULL, NULL, NULL, NULL)
 INSERT INTO [dbo].[web_listredir] ([tablename],[listtype],[newtablename],[newlisttype],[ct],[cu],[lt],[lu])VALUES('aula', 'seg_child', 'aulaseg_childview', 'seg_child', NULL, NULL, NULL, NULL)
 INSERT INTO [dbo].[web_listredir] ([tablename],[listtype],[newtablename],[newlisttype],[ct],[cu],[lt],[lu])VALUES('aulakind', 'default', 'aulakinddefaultview', 'default', NULL, NULL, NULL, NULL)
 INSERT INTO [dbo].[web_listredir] ([tablename],[listtype],[newtablename],[newlisttype],[ct],[cu],[lt],[lu])VALUES('canale', 'erogata', 'canaleerogataview', 'erogata', NULL, NULL, NULL, NULL)
 INSERT INTO [dbo].[web_listredir] ([tablename],[listtype],[newtablename],[newlisttype],[ct],[cu],[lt],[lu])VALUES('ccnl', 'default', 'ccnldefaultview', 'default', NULL, NULL, NULL, NULL)
 INSERT INTO [dbo].[web_listredir] ([tablename],[listtype],[newtablename],[newlisttype],[ct],[cu],[lt],[lu])VALUES('changeskind', 'default', 'changeskinddefaultview', 'default', NULL, NULL, NULL, NULL)
 INSERT INTO [dbo].[web_listredir] ([tablename],[listtype],[newtablename],[newlisttype],[ct],[cu],[lt],[lu])VALUES('classconsorsuale', 'default', 'classconsorsualedefaultview', 'default', NULL, NULL, NULL, NULL)
 INSERT INTO [dbo].[web_listredir] ([tablename],[listtype],[newtablename],[newlisttype],[ct],[cu],[lt],[lu])VALUES('classescuola', 'default', 'classescuoladefaultview', 'default', NULL, NULL, NULL, NULL)
 INSERT INTO [dbo].[web_listredir] ([tablename],[listtype],[newtablename],[newlisttype],[ct],[cu],[lt],[lu])VALUES('classescuolakind', 'default', 'classescuolakinddefaultview', 'default', NULL, NULL, NULL, NULL)
 INSERT INTO [dbo].[web_listredir] ([tablename],[listtype],[newtablename],[newlisttype],[ct],[cu],[lt],[lu])VALUES('contrattokind', 'default', 'contrattokinddefaultview', 'default', NULL, NULL, NULL, NULL)
 INSERT INTO [dbo].[web_listredir] ([tablename],[listtype],[newtablename],[newlisttype],[ct],[cu],[lt],[lu])VALUES('convenzione', 'seg', 'convenzionesegview', 'seg', NULL, NULL, NULL, NULL)
 INSERT INTO [dbo].[web_listredir] ([tablename],[listtype],[newtablename],[newlisttype],[ct],[cu],[lt],[lu])VALUES('corsostudio', 'default', 'corsostudiodefaultview', 'default', NULL, NULL, NULL, NULL)
 INSERT INTO [dbo].[web_listredir] ([tablename],[listtype],[newtablename],[newlisttype],[ct],[cu],[lt],[lu])VALUES('corsostudio', 'dotmas', 'corsostudiodotmasview', 'dotmas', NULL, NULL, NULL, NULL)
 INSERT INTO [dbo].[web_listredir] ([tablename],[listtype],[newtablename],[newlisttype],[ct],[cu],[lt],[lu])VALUES('corsostudio', 'ingresso', 'corsostudioingressoview', 'ingresso', NULL, NULL, NULL, NULL)
 INSERT INTO [dbo].[web_listredir] ([tablename],[listtype],[newtablename],[newlisttype],[ct],[cu],[lt],[lu])VALUES('corsostudio', 'stato', 'corsostudiostatoview', 'stato', NULL, NULL, NULL, NULL)
 INSERT INTO [dbo].[web_listredir] ([tablename],[listtype],[newtablename],[newlisttype],[ct],[cu],[lt],[lu])VALUES('corsostudiokind', 'default', 'corsostudiokinddefaultview', 'default', NULL, NULL, NULL, NULL)
 INSERT INTO [dbo].[web_listredir] ([tablename],[listtype],[newtablename],[newlisttype],[ct],[cu],[lt],[lu])VALUES('corsostudiolivello', 'default', 'corsostudiolivellodefaultview', 'default', NULL, NULL, NULL, NULL)
 INSERT INTO [dbo].[web_listredir] ([tablename],[listtype],[newtablename],[newlisttype],[ct],[cu],[lt],[lu])VALUES('corsostudionorma', 'default', 'corsostudionormadefaultview', 'default', NULL, NULL, NULL, NULL)
 INSERT INTO [dbo].[web_listredir] ([tablename],[listtype],[newtablename],[newlisttype],[ct],[cu],[lt],[lu])VALUES('costoscontodef', 'more', 'costoscontodefmoreview', 'more', NULL, NULL, NULL, NULL)
 INSERT INTO [dbo].[web_listredir] ([tablename],[listtype],[newtablename],[newlisttype],[ct],[cu],[lt],[lu])VALUES('costoscontodef', 'sconti', 'costoscontodefscontiview', 'sconti', NULL, NULL, NULL, NULL)
 INSERT INTO [dbo].[web_listredir] ([tablename],[listtype],[newtablename],[newlisttype],[ct],[cu],[lt],[lu])VALUES('costoscontodefkind', 'default', 'costoscontodefkinddefaultview', 'default', NULL, NULL, NULL, NULL)
 INSERT INTO [dbo].[web_listredir] ([tablename],[listtype],[newtablename],[newlisttype],[ct],[cu],[lt],[lu])VALUES('decadenza', 'seg', 'decadenzasegview', 'seg', NULL, NULL, NULL, NULL)
 INSERT INTO [dbo].[web_listredir] ([tablename],[listtype],[newtablename],[newlisttype],[ct],[cu],[lt],[lu])VALUES('dichiar', 'seg', 'dichiarsegview', 'seg', NULL, NULL, NULL, NULL)
 INSERT INTO [dbo].[web_listredir] ([tablename],[listtype],[newtablename],[newlisttype],[ct],[cu],[lt],[lu])VALUES('dichiarkind', 'default', 'dichiarkinddefaultview', 'default', NULL, NULL, NULL, NULL)
 INSERT INTO [dbo].[web_listredir] ([tablename],[listtype],[newtablename],[newlisttype],[ct],[cu],[lt],[lu])VALUES('diderog', 'default', 'diderogdefaultview', 'default', NULL, NULL, NULL, NULL)
 INSERT INTO [dbo].[web_listredir] ([tablename],[listtype],[newtablename],[newlisttype],[ct],[cu],[lt],[lu])VALUES('didprog', 'default', 'didprogdefaultview', 'default', NULL, NULL, NULL, NULL)
 INSERT INTO [dbo].[web_listredir] ([tablename],[listtype],[newtablename],[newlisttype],[ct],[cu],[lt],[lu])VALUES('didprog', 'dotmas', 'didprogdotmasview', 'dotmas', NULL, NULL, NULL, NULL)
 INSERT INTO [dbo].[web_listredir] ([tablename],[listtype],[newtablename],[newlisttype],[ct],[cu],[lt],[lu])VALUES('didprog', 'ingresso', 'didprogingressoview', 'ingresso', NULL, NULL, NULL, NULL)
 INSERT INTO [dbo].[web_listredir] ([tablename],[listtype],[newtablename],[newlisttype],[ct],[cu],[lt],[lu])VALUES('didprog', 'stato', 'didprogstatoview', 'stato', NULL, NULL, NULL, NULL)
 INSERT INTO [dbo].[web_listredir] ([tablename],[listtype],[newtablename],[newlisttype],[ct],[cu],[lt],[lu])VALUES('didproganno', 'default', 'didprogannodefaultview', 'default', NULL, NULL, NULL, NULL)
 INSERT INTO [dbo].[web_listredir] ([tablename],[listtype],[newtablename],[newlisttype],[ct],[cu],[lt],[lu])VALUES('didprogori', 'default', 'didprogoridefaultview', 'default', NULL, NULL, NULL, NULL)
 INSERT INTO [dbo].[web_listredir] ([tablename],[listtype],[newtablename],[newlisttype],[ct],[cu],[lt],[lu])VALUES('didprogori', 'sceltacorso', 'didprogorisceltacorsoview', 'sceltacorso', NULL, NULL, NULL, NULL)
 INSERT INTO [dbo].[web_listredir] ([tablename],[listtype],[newtablename],[newlisttype],[ct],[cu],[lt],[lu])VALUES('didprogporzanno', 'default', 'didprogporzannodefaultview', 'default', NULL, NULL, NULL, NULL)
 INSERT INTO [dbo].[web_listredir] ([tablename],[listtype],[newtablename],[newlisttype],[ct],[cu],[lt],[lu])VALUES('edificio', 'default', 'edificiodefaultview', 'default', NULL, NULL, NULL, NULL)
 INSERT INTO [dbo].[web_listredir] ([tablename],[listtype],[newtablename],[newlisttype],[ct],[cu],[lt],[lu])VALUES('edificio', 'seg_child', 'edificioseg_childview', 'seg_child', NULL, NULL, NULL, NULL)
 INSERT INTO [dbo].[web_listredir] ([tablename],[listtype],[newtablename],[newlisttype],[ct],[cu],[lt],[lu])VALUES('erogazkind', 'default', 'erogazkinddefaultview', 'default', NULL, NULL, NULL, NULL)
 INSERT INTO [dbo].[web_listredir] ([tablename],[listtype],[newtablename],[newlisttype],[ct],[cu],[lt],[lu])VALUES('esonero', 'default', 'esonerodefaultview', 'default', NULL, NULL, NULL, NULL)
 INSERT INTO [dbo].[web_listredir] ([tablename],[listtype],[newtablename],[newlisttype],[ct],[cu],[lt],[lu])VALUES('esonero', 'carriera', 'esonerocarrieraview', 'carriera', NULL, NULL, NULL, NULL)
 INSERT INTO [dbo].[web_listredir] ([tablename],[listtype],[newtablename],[newlisttype],[ct],[cu],[lt],[lu])VALUES('esonero', 'disabil', 'esonerodisabilview', 'disabil', NULL, NULL, NULL, NULL)
 INSERT INTO [dbo].[web_listredir] ([tablename],[listtype],[newtablename],[newlisttype],[ct],[cu],[lt],[lu])VALUES('esonero', 'titolostudio', 'esonerotitolostudioview', 'titolostudio', NULL, NULL, NULL, NULL)
 INSERT INTO [dbo].[web_listredir] ([tablename],[listtype],[newtablename],[newlisttype],[ct],[cu],[lt],[lu])VALUES('expense', 'seg', 'expensesegview', 'seg', NULL, NULL, NULL, NULL)
 INSERT INTO [dbo].[web_listredir] ([tablename],[listtype],[newtablename],[newlisttype],[ct],[cu],[lt],[lu])VALUES('fasciaiseedef', 'default', 'fasciaiseedefdefaultview', 'default', NULL, NULL, NULL, NULL)
 INSERT INTO [dbo].[web_listredir] ([tablename],[listtype],[newtablename],[newlisttype],[ct],[cu],[lt],[lu])VALUES('fasciaiseedef', 'more', 'fasciaiseedefmoreview', 'more', NULL, NULL, NULL, NULL)
 INSERT INTO [dbo].[web_listredir] ([tablename],[listtype],[newtablename],[newlisttype],[ct],[cu],[lt],[lu])VALUES('fasciaiseedef', 'sconti', 'fasciaiseedefscontiview', 'sconti', NULL, NULL, NULL, NULL)
 INSERT INTO [dbo].[web_listredir] ([tablename],[listtype],[newtablename],[newlisttype],[ct],[cu],[lt],[lu])VALUES('fonteindicebibliometrico', 'seg', 'fonteindicebibliometricosegview', 'seg', NULL, NULL, NULL, NULL)
 INSERT INTO [dbo].[web_listredir] ([tablename],[listtype],[newtablename],[newlisttype],[ct],[cu],[lt],[lu])VALUES('geo_city', 'default', 'geo_citydefaultview', 'default', NULL, NULL, NULL, NULL)
 INSERT INTO [dbo].[web_listredir] ([tablename],[listtype],[newtablename],[newlisttype],[ct],[cu],[lt],[lu])VALUES('geo_city', 'seg', 'geo_citysegview', 'seg', NULL, NULL, NULL, NULL)
 INSERT INTO [dbo].[web_listredir] ([tablename],[listtype],[newtablename],[newlisttype],[ct],[cu],[lt],[lu])VALUES('geo_city', 'segchild', 'geo_citysegchildview', 'segchild', NULL, NULL, NULL, NULL)
 INSERT INTO [dbo].[web_listredir] ([tablename],[listtype],[newtablename],[newlisttype],[ct],[cu],[lt],[lu])VALUES('geo_country', 'seg', 'geo_countrysegview', 'seg', NULL, NULL, NULL, NULL)
 INSERT INTO [dbo].[web_listredir] ([tablename],[listtype],[newtablename],[newlisttype],[ct],[cu],[lt],[lu])VALUES('geo_country', 'segchild', 'geo_countrysegchildview', 'segchild', NULL, NULL, NULL, NULL)
 INSERT INTO [dbo].[web_listredir] ([tablename],[listtype],[newtablename],[newlisttype],[ct],[cu],[lt],[lu])VALUES('geo_nation', 'lingue', 'geo_nationlingueview', 'lingue', NULL, NULL, NULL, NULL)
 INSERT INTO [dbo].[web_listredir] ([tablename],[listtype],[newtablename],[newlisttype],[ct],[cu],[lt],[lu])VALUES('geo_nation', 'seg', 'geo_nationsegview', 'seg', NULL, NULL, NULL, NULL)
 INSERT INTO [dbo].[web_listredir] ([tablename],[listtype],[newtablename],[newlisttype],[ct],[cu],[lt],[lu])VALUES('geo_nation', 'segchild', 'geo_nationsegchildview', 'segchild', NULL, NULL, NULL, NULL)
 INSERT INTO [dbo].[web_listredir] ([tablename],[listtype],[newtablename],[newlisttype],[ct],[cu],[lt],[lu])VALUES('geo_region', 'seg', 'geo_regionsegview', 'seg', NULL, NULL, NULL, NULL)
 INSERT INTO [dbo].[web_listredir] ([tablename],[listtype],[newtablename],[newlisttype],[ct],[cu],[lt],[lu])VALUES('graduatoriavar', 'default', 'graduatoriavardefaultview', 'default', NULL, NULL, NULL, NULL)
 INSERT INTO [dbo].[web_listredir] ([tablename],[listtype],[newtablename],[newlisttype],[ct],[cu],[lt],[lu])VALUES('inquadramento', 'default', 'inquadramentodefaultview', 'default', NULL, NULL, NULL, NULL)
 INSERT INTO [dbo].[web_listredir] ([tablename],[listtype],[newtablename],[newlisttype],[ct],[cu],[lt],[lu])VALUES('insegn', 'default', 'insegndefaultview', 'default', NULL, NULL, NULL, NULL)
 INSERT INTO [dbo].[web_listredir] ([tablename],[listtype],[newtablename],[newlisttype],[ct],[cu],[lt],[lu])VALUES('insegninteg', 'default', 'insegnintegdefaultview', 'default', NULL, NULL, NULL, NULL)
 INSERT INTO [dbo].[web_listredir] ([tablename],[listtype],[newtablename],[newlisttype],[ct],[cu],[lt],[lu])VALUES('iscrizione', 'default', 'iscrizionedefaultview', 'default', NULL, NULL, NULL, NULL)
 INSERT INTO [dbo].[web_listredir] ([tablename],[listtype],[newtablename],[newlisttype],[ct],[cu],[lt],[lu])VALUES('iscrizione', 'didprog', 'iscrizionedidprogview', 'didprog', NULL, NULL, NULL, NULL)
 INSERT INTO [dbo].[web_listredir] ([tablename],[listtype],[newtablename],[newlisttype],[ct],[cu],[lt],[lu])VALUES('iscrizione', 'dotmas', 'iscrizionedotmasview', 'dotmas', NULL, NULL, NULL, NULL)
 INSERT INTO [dbo].[web_listredir] ([tablename],[listtype],[newtablename],[newlisttype],[ct],[cu],[lt],[lu])VALUES('iscrizione', 'ingresso', 'iscrizioneingressoview', 'ingresso', NULL, NULL, NULL, NULL)
 INSERT INTO [dbo].[web_listredir] ([tablename],[listtype],[newtablename],[newlisttype],[ct],[cu],[lt],[lu])VALUES('iscrizione', 'seg', 'iscrizionesegview', 'seg', NULL, NULL, NULL, NULL)
 INSERT INTO [dbo].[web_listredir] ([tablename],[listtype],[newtablename],[newlisttype],[ct],[cu],[lt],[lu])VALUES('iscrizione', 'seganagstu', 'iscrizioneseganagstuview', 'seganagstu', NULL, NULL, NULL, NULL)
 INSERT INTO [dbo].[web_listredir] ([tablename],[listtype],[newtablename],[newlisttype],[ct],[cu],[lt],[lu])VALUES('iscrizione', 'seganagstuacc', 'iscrizioneseganagstuaccview', 'seganagstuacc', NULL, NULL, NULL, NULL)
 INSERT INTO [dbo].[web_listredir] ([tablename],[listtype],[newtablename],[newlisttype],[ct],[cu],[lt],[lu])VALUES('iscrizione', 'seganagstumast', 'iscrizioneseganagstumastview', 'seganagstumast', NULL, NULL, NULL, NULL)
 INSERT INTO [dbo].[web_listredir] ([tablename],[listtype],[newtablename],[newlisttype],[ct],[cu],[lt],[lu])VALUES('iscrizione', 'seganagstusing', 'iscrizioneseganagstusingview', 'seganagstusing', NULL, NULL, NULL, NULL)
 INSERT INTO [dbo].[web_listredir] ([tablename],[listtype],[newtablename],[newlisttype],[ct],[cu],[lt],[lu])VALUES('iscrizione', 'seganagstustato', 'iscrizioneseganagstustatoview', 'seganagstustato', NULL, NULL, NULL, NULL)
 INSERT INTO [dbo].[web_listredir] ([tablename],[listtype],[newtablename],[newlisttype],[ct],[cu],[lt],[lu])VALUES('iscrizione', 'stato', 'iscrizionestatoview', 'stato', NULL, NULL, NULL, NULL)
 INSERT INTO [dbo].[web_listredir] ([tablename],[listtype],[newtablename],[newlisttype],[ct],[cu],[lt],[lu])VALUES('istanza', 'seganagstusonpre', 'istanzaseganagstusonpreview', 'seganagstusonpre', NULL, NULL, NULL, NULL)
 INSERT INTO [dbo].[web_listredir] ([tablename],[listtype],[newtablename],[newlisttype],[ct],[cu],[lt],[lu])VALUES('istanza', 'imm_seg', 'istanzaimm_segview', 'imm_seg', NULL, NULL, NULL, NULL)
 INSERT INTO [dbo].[web_listredir] ([tablename],[listtype],[newtablename],[newlisttype],[ct],[cu],[lt],[lu])VALUES('istanza', 'imm_seganagstu', 'istanzaimm_seganagstuview', 'imm_seganagstu', NULL, NULL, NULL, NULL)
 INSERT INTO [dbo].[web_listredir] ([tablename],[listtype],[newtablename],[newlisttype],[ct],[cu],[lt],[lu])VALUES('istanza', 'imm_seganagstupre', 'istanzaimm_seganagstupreview', 'imm_seganagstupre', NULL, NULL, NULL, NULL)
 INSERT INTO [dbo].[web_listredir] ([tablename],[listtype],[newtablename],[newlisttype],[ct],[cu],[lt],[lu])VALUES('istanza', 'imm_seganagsturin', 'istanzaimm_seganagsturinview', 'imm_seganagsturin', NULL, NULL, NULL, NULL)
 INSERT INTO [dbo].[web_listredir] ([tablename],[listtype],[newtablename],[newlisttype],[ct],[cu],[lt],[lu])VALUES('istanza', 'imm_segpre', 'istanzaimm_segpreview', 'imm_segpre', NULL, NULL, NULL, NULL)
 INSERT INTO [dbo].[web_listredir] ([tablename],[listtype],[newtablename],[newlisttype],[ct],[cu],[lt],[lu])VALUES('istanza', 'imm_segrin', 'istanzaimm_segrinview', 'imm_segrin', NULL, NULL, NULL, NULL)
 INSERT INTO [dbo].[web_listredir] ([tablename],[listtype],[newtablename],[newlisttype],[ct],[cu],[lt],[lu])VALUES('istanza', 'pas_seganagstu', 'istanzapas_seganagstuview', 'pas_seganagstu', NULL, NULL, NULL, NULL)
 INSERT INTO [dbo].[web_listredir] ([tablename],[listtype],[newtablename],[newlisttype],[ct],[cu],[lt],[lu])VALUES('istanzakind', 'default', 'istanzakinddefaultview', 'default', NULL, NULL, NULL, NULL)
 INSERT INTO [dbo].[web_listredir] ([tablename],[listtype],[newtablename],[newlisttype],[ct],[cu],[lt],[lu])VALUES('itineration', 'seg', 'itinerationsegview', 'seg', NULL, NULL, NULL, NULL)
 INSERT INTO [dbo].[web_listredir] ([tablename],[listtype],[newtablename],[newlisttype],[ct],[cu],[lt],[lu])VALUES('nace', 'default', 'nacedefaultview', 'default', NULL, NULL, NULL, NULL)
 INSERT INTO [dbo].[web_listredir] ([tablename],[listtype],[newtablename],[newlisttype],[ct],[cu],[lt],[lu])VALUES('nullaosta', 'imm_seganagstu', 'nullaostaimm_seganagstuview', 'imm_seganagstu', NULL, NULL, NULL, NULL)
 INSERT INTO [dbo].[web_listredir] ([tablename],[listtype],[newtablename],[newlisttype],[ct],[cu],[lt],[lu])VALUES('nullaosta', 'imm_seganagstupre', 'nullaostaimm_seganagstupreview', 'imm_seganagstupre', NULL, NULL, NULL, NULL)
 INSERT INTO [dbo].[web_listredir] ([tablename],[listtype],[newtablename],[newlisttype],[ct],[cu],[lt],[lu])VALUES('nullaosta', 'imm_seganagsturin', 'nullaostaimm_seganagsturinview', 'imm_seganagsturin', NULL, NULL, NULL, NULL)
 INSERT INTO [dbo].[web_listredir] ([tablename],[listtype],[newtablename],[newlisttype],[ct],[cu],[lt],[lu])VALUES('ofakind', 'default', 'ofakinddefaultview', 'default', NULL, NULL, NULL, NULL)
 INSERT INTO [dbo].[web_listredir] ([tablename],[listtype],[newtablename],[newlisttype],[ct],[cu],[lt],[lu])VALUES('orakind', 'seg', 'orakindsegview', 'seg', NULL, NULL, NULL, NULL)
 INSERT INTO [dbo].[web_listredir] ([tablename],[listtype],[newtablename],[newlisttype],[ct],[cu],[lt],[lu])VALUES('pagamentokind', 'default', 'pagamentokinddefaultview', 'default', NULL, NULL, NULL, NULL)
 INSERT INTO [dbo].[web_listredir] ([tablename],[listtype],[newtablename],[newlisttype],[ct],[cu],[lt],[lu])VALUES('pettycash', 'seg', 'pettycashsegview', 'seg', NULL, NULL, NULL, NULL)
 INSERT INTO [dbo].[web_listredir] ([tablename],[listtype],[newtablename],[newlisttype],[ct],[cu],[lt],[lu])VALUES('pianostudio', 'segstud', 'pianostudiosegstudview', 'segstud', NULL, NULL, NULL, NULL)
 INSERT INTO [dbo].[web_listredir] ([tablename],[listtype],[newtablename],[newlisttype],[ct],[cu],[lt],[lu])VALUES('pianostudiostatus', 'default', 'pianostudiostatusdefaultview', 'default', NULL, NULL, NULL, NULL)
 INSERT INTO [dbo].[web_listredir] ([tablename],[listtype],[newtablename],[newlisttype],[ct],[cu],[lt],[lu])VALUES('pratica', 'segstud', 'praticasegstudview', 'segstud', NULL, NULL, NULL, NULL)
 INSERT INTO [dbo].[web_listredir] ([tablename],[listtype],[newtablename],[newlisttype],[ct],[cu],[lt],[lu])VALUES('progettoactivitykind', 'default', 'progettoactivitykinddefaultview', 'default', NULL, NULL, NULL, NULL)
 INSERT INTO [dbo].[web_listredir] ([tablename],[listtype],[newtablename],[newlisttype],[ct],[cu],[lt],[lu])VALUES('progettokind', 'seg', 'progettokindsegview', 'seg', NULL, NULL, NULL, NULL)
 INSERT INTO [dbo].[web_listredir] ([tablename],[listtype],[newtablename],[newlisttype],[ct],[cu],[lt],[lu])VALUES('progettotipocosto', 'seg', 'progettotipocostosegview', 'seg', NULL, NULL, NULL, NULL)
 INSERT INTO [dbo].[web_listredir] ([tablename],[listtype],[newtablename],[newlisttype],[ct],[cu],[lt],[lu])VALUES('protocollo', 'seg', 'protocollosegview', 'seg', NULL, NULL, NULL, NULL)
 INSERT INTO [dbo].[web_listredir] ([tablename],[listtype],[newtablename],[newlisttype],[ct],[cu],[lt],[lu])VALUES('protocollodockind', 'seg', 'protocollodockindsegview', 'seg', NULL, NULL, NULL, NULL)
 INSERT INTO [dbo].[web_listredir] ([tablename],[listtype],[newtablename],[newlisttype],[ct],[cu],[lt],[lu])VALUES('protocollorifkind', 'seg', 'protocollorifkindsegview', 'seg', NULL, NULL, NULL, NULL)
 INSERT INTO [dbo].[web_listredir] ([tablename],[listtype],[newtablename],[newlisttype],[ct],[cu],[lt],[lu])VALUES('prova', 'aula', 'provaaulaview', 'aula', NULL, NULL, NULL, NULL)
 INSERT INTO [dbo].[web_listredir] ([tablename],[listtype],[newtablename],[newlisttype],[ct],[cu],[lt],[lu])VALUES('prova', 'default', 'provadefaultview', 'default', NULL, NULL, NULL, NULL)
 INSERT INTO [dbo].[web_listredir] ([tablename],[listtype],[newtablename],[newlisttype],[ct],[cu],[lt],[lu])VALUES('prova', 'dotmas', 'provadotmasview', 'dotmas', NULL, NULL, NULL, NULL)
 INSERT INTO [dbo].[web_listredir] ([tablename],[listtype],[newtablename],[newlisttype],[ct],[cu],[lt],[lu])VALUES('prova', 'ingresso', 'provaingressoview', 'ingresso', NULL, NULL, NULL, NULL)
 INSERT INTO [dbo].[web_listredir] ([tablename],[listtype],[newtablename],[newlisttype],[ct],[cu],[lt],[lu])VALUES('prova', 'stato', 'provastatoview', 'stato', NULL, NULL, NULL, NULL)
 INSERT INTO [dbo].[web_listredir] ([tablename],[listtype],[newtablename],[newlisttype],[ct],[cu],[lt],[lu])VALUES('publicazkind', 'default', 'publicazkinddefaultview', 'default', NULL, NULL, NULL, NULL)
 INSERT INTO [dbo].[web_listredir] ([tablename],[listtype],[newtablename],[newlisttype],[ct],[cu],[lt],[lu])VALUES('questionario', 'default', 'questionariodefaultview', 'default', NULL, NULL, NULL, NULL)
 INSERT INTO [dbo].[web_listredir] ([tablename],[listtype],[newtablename],[newlisttype],[ct],[cu],[lt],[lu])VALUES('questionariodomkind', 'default', 'questionariodomkinddefaultview', 'default', NULL, NULL, NULL, NULL)
 INSERT INTO [dbo].[web_listredir] ([tablename],[listtype],[newtablename],[newlisttype],[ct],[cu],[lt],[lu])VALUES('questionariokind', 'default', 'questionariokinddefaultview', 'default', NULL, NULL, NULL, NULL)
 INSERT INTO [dbo].[web_listredir] ([tablename],[listtype],[newtablename],[newlisttype],[ct],[cu],[lt],[lu])VALUES('ratadef', 'default', 'ratadefdefaultview', 'default', NULL, NULL, NULL, NULL)
 INSERT INTO [dbo].[web_listredir] ([tablename],[listtype],[newtablename],[newlisttype],[ct],[cu],[lt],[lu])VALUES('ratadef', 'more', 'ratadefmoreview', 'more', NULL, NULL, NULL, NULL)
 INSERT INTO [dbo].[web_listredir] ([tablename],[listtype],[newtablename],[newlisttype],[ct],[cu],[lt],[lu])VALUES('ratadef', 'sconti', 'ratadefscontiview', 'sconti', NULL, NULL, NULL, NULL)
 INSERT INTO [dbo].[web_listredir] ([tablename],[listtype],[newtablename],[newlisttype],[ct],[cu],[lt],[lu])VALUES('ratakind', 'default', 'ratakinddefaultview', 'default', NULL, NULL, NULL, NULL)
 INSERT INTO [dbo].[web_listredir] ([tablename],[listtype],[newtablename],[newlisttype],[ct],[cu],[lt],[lu])VALUES('registry', 'default', 'registrydefaultview', 'default', NULL, NULL, NULL, NULL)
 INSERT INTO [dbo].[web_listredir] ([tablename],[listtype],[newtablename],[newlisttype],[ct],[cu],[lt],[lu])VALUES('registry', 'amministrativi', 'registryamministrativiview', 'amministrativi', NULL, NULL, NULL, NULL)
 INSERT INTO [dbo].[web_listredir] ([tablename],[listtype],[newtablename],[newlisttype],[ct],[cu],[lt],[lu])VALUES('registry', 'aziende', 'registryaziendeview', 'aziende', NULL, NULL, NULL, NULL)
 INSERT INTO [dbo].[web_listredir] ([tablename],[listtype],[newtablename],[newlisttype],[ct],[cu],[lt],[lu])VALUES('registry', 'docenti', 'registrydocentiview', 'docenti', NULL, NULL, NULL, NULL)
 INSERT INTO [dbo].[web_listredir] ([tablename],[listtype],[newtablename],[newlisttype],[ct],[cu],[lt],[lu])VALUES('registry', 'istituti', 'registryistitutiview', 'istituti', NULL, NULL, NULL, NULL)
 INSERT INTO [dbo].[web_listredir] ([tablename],[listtype],[newtablename],[newlisttype],[ct],[cu],[lt],[lu])VALUES('registry', 'istituti_princ', 'registryistituti_princview', 'istituti_princ', NULL, NULL, NULL, NULL)
 INSERT INTO [dbo].[web_listredir] ([tablename],[listtype],[newtablename],[newlisttype],[ct],[cu],[lt],[lu])VALUES('registry', 'istitutiesteri', 'registryistitutiesteriview', 'istitutiesteri', NULL, NULL, NULL, NULL)
 INSERT INTO [dbo].[web_listredir] ([tablename],[listtype],[newtablename],[newlisttype],[ct],[cu],[lt],[lu])VALUES('registry', 'studenti', 'registrystudentiview', 'studenti', NULL, NULL, NULL, NULL)
 INSERT INTO [dbo].[web_listredir] ([tablename],[listtype],[newtablename],[newlisttype],[ct],[cu],[lt],[lu])VALUES('registry', 'user', 'registryuserview', 'user', NULL, NULL, NULL, NULL)
 INSERT INTO [dbo].[web_listredir] ([tablename],[listtype],[newtablename],[newlisttype],[ct],[cu],[lt],[lu])VALUES('registryaddress', 'seg', 'registryaddresssegview', 'seg', NULL, NULL, NULL, NULL)
 INSERT INTO [dbo].[web_listredir] ([tablename],[listtype],[newtablename],[newlisttype],[ct],[cu],[lt],[lu])VALUES('registryaddress', 'user', 'registryaddressuserview', 'user', NULL, NULL, NULL, NULL)
 INSERT INTO [dbo].[web_listredir] ([tablename],[listtype],[newtablename],[newlisttype],[ct],[cu],[lt],[lu])VALUES('registryclass', 'aziende', 'registryclassaziendeview', 'aziende', NULL, NULL, NULL, NULL)
 INSERT INTO [dbo].[web_listredir] ([tablename],[listtype],[newtablename],[newlisttype],[ct],[cu],[lt],[lu])VALUES('registryclass', 'default', 'registryclassdefaultview', 'default', NULL, NULL, NULL, NULL)
 INSERT INTO [dbo].[web_listredir] ([tablename],[listtype],[newtablename],[newlisttype],[ct],[cu],[lt],[lu])VALUES('registryclass', 'persone', 'registryclasspersoneview', 'persone', NULL, NULL, NULL, NULL)
 INSERT INTO [dbo].[web_listredir] ([tablename],[listtype],[newtablename],[newlisttype],[ct],[cu],[lt],[lu])VALUES('registryprogfin', 'seg', 'registryprogfinsegview', 'seg', NULL, NULL, NULL, NULL)
 INSERT INTO [dbo].[web_listredir] ([tablename],[listtype],[newtablename],[newlisttype],[ct],[cu],[lt],[lu])VALUES('registryprogfinbando', 'seg', 'registryprogfinbandosegview', 'seg', NULL, NULL, NULL, NULL)
 INSERT INTO [dbo].[web_listredir] ([tablename],[listtype],[newtablename],[newlisttype],[ct],[cu],[lt],[lu])VALUES('rendicontaltrokind', 'default', 'rendicontaltrokinddefaultview', 'default', NULL, NULL, NULL, NULL)
 INSERT INTO [dbo].[web_listredir] ([tablename],[listtype],[newtablename],[newlisttype],[ct],[cu],[lt],[lu])VALUES('rendicontattivitaprogetto', 'anag', 'rendicontattivitaprogettoanagview', 'anag', NULL, NULL, NULL, NULL)
 INSERT INTO [dbo].[web_listredir] ([tablename],[listtype],[newtablename],[newlisttype],[ct],[cu],[lt],[lu])VALUES('rendicontattivitaprogetto', 'anagamm', 'rendicontattivitaprogettoanagammview', 'anagamm', NULL, NULL, NULL, NULL)
 INSERT INTO [dbo].[web_listredir] ([tablename],[listtype],[newtablename],[newlisttype],[ct],[cu],[lt],[lu])VALUES('rendicontattivitaprogetto', 'seg', 'rendicontattivitaprogettosegview', 'seg', NULL, NULL, NULL, NULL)
 INSERT INTO [dbo].[web_listredir] ([tablename],[listtype],[newtablename],[newlisttype],[ct],[cu],[lt],[lu])VALUES('sasd', 'default', 'sasddefaultview', 'default', NULL, NULL, NULL, NULL)
 INSERT INTO [dbo].[web_listredir] ([tablename],[listtype],[newtablename],[newlisttype],[ct],[cu],[lt],[lu])VALUES('sasdgruppo', 'default', 'sasdgruppodefaultview', 'default', NULL, NULL, NULL, NULL)
 INSERT INTO [dbo].[web_listredir] ([tablename],[listtype],[newtablename],[newlisttype],[ct],[cu],[lt],[lu])VALUES('sede', 'default', 'sededefaultview', 'default', NULL, NULL, NULL, NULL)
 INSERT INTO [dbo].[web_listredir] ([tablename],[listtype],[newtablename],[newlisttype],[ct],[cu],[lt],[lu])VALUES('sede', 'seg_child', 'sedeseg_childview', 'seg_child', NULL, NULL, NULL, NULL)
 INSERT INTO [dbo].[web_listredir] ([tablename],[listtype],[newtablename],[newlisttype],[ct],[cu],[lt],[lu])VALUES('sede', 'seg_child_azienda', 'sedeseg_child_aziendaview', 'seg_child_azienda', NULL, NULL, NULL, NULL)
 INSERT INTO [dbo].[web_listredir] ([tablename],[listtype],[newtablename],[newlisttype],[ct],[cu],[lt],[lu])VALUES('sessione', 'default', 'sessionedefaultview', 'default', NULL, NULL, NULL, NULL)
 INSERT INTO [dbo].[web_listredir] ([tablename],[listtype],[newtablename],[newlisttype],[ct],[cu],[lt],[lu])VALUES('sessionekind', 'default', 'sessionekinddefaultview', 'default', NULL, NULL, NULL, NULL)
 INSERT INTO [dbo].[web_listredir] ([tablename],[listtype],[newtablename],[newlisttype],[ct],[cu],[lt],[lu])VALUES('settoreerc', 'seg', 'settoreercsegview', 'seg', NULL, NULL, NULL, NULL)
 INSERT INTO [dbo].[web_listredir] ([tablename],[listtype],[newtablename],[newlisttype],[ct],[cu],[lt],[lu])VALUES('settoreerc', 'segprog', 'settoreercsegprogview', 'segprog', NULL, NULL, NULL, NULL)
 INSERT INTO [dbo].[web_listredir] ([tablename],[listtype],[newtablename],[newlisttype],[ct],[cu],[lt],[lu])VALUES('sostenimento', 'default', 'sostenimentodefaultview', 'default', NULL, NULL, NULL, NULL)
 INSERT INTO [dbo].[web_listredir] ([tablename],[listtype],[newtablename],[newlisttype],[ct],[cu],[lt],[lu])VALUES('sostenimento', 'didprog', 'sostenimentodidprogview', 'didprog', NULL, NULL, NULL, NULL)
 INSERT INTO [dbo].[web_listredir] ([tablename],[listtype],[newtablename],[newlisttype],[ct],[cu],[lt],[lu])VALUES('sostenimento', 'ingresso', 'sostenimentoingressoview', 'ingresso', NULL, NULL, NULL, NULL)
 INSERT INTO [dbo].[web_listredir] ([tablename],[listtype],[newtablename],[newlisttype],[ct],[cu],[lt],[lu])VALUES('sostenimento', 'seganagstu', 'sostenimentoseganagstuview', 'seganagstu', NULL, NULL, NULL, NULL)
 INSERT INTO [dbo].[web_listredir] ([tablename],[listtype],[newtablename],[newlisttype],[ct],[cu],[lt],[lu])VALUES('sostenimento', 'seganagstuacc', 'sostenimentoseganagstuaccview', 'seganagstuacc', NULL, NULL, NULL, NULL)
 INSERT INTO [dbo].[web_listredir] ([tablename],[listtype],[newtablename],[newlisttype],[ct],[cu],[lt],[lu])VALUES('sostenimento', 'seganagstuconsmast', 'sostenimentoseganagstuconsmastview', 'seganagstuconsmast', NULL, NULL, NULL, NULL)
 INSERT INTO [dbo].[web_listredir] ([tablename],[listtype],[newtablename],[newlisttype],[ct],[cu],[lt],[lu])VALUES('sostenimento', 'seganagstusing', 'sostenimentoseganagstusingview', 'seganagstusing', NULL, NULL, NULL, NULL)
 INSERT INTO [dbo].[web_listredir] ([tablename],[listtype],[newtablename],[newlisttype],[ct],[cu],[lt],[lu])VALUES('sostenimento', 'seganagstustato', 'sostenimentoseganagstustatoview', 'seganagstustato', NULL, NULL, NULL, NULL)
 INSERT INTO [dbo].[web_listredir] ([tablename],[listtype],[newtablename],[newlisttype],[ct],[cu],[lt],[lu])VALUES('sostenimento', 'segstud', 'sostenimentosegstudview', 'segstud', NULL, NULL, NULL, NULL)
 INSERT INTO [dbo].[web_listredir] ([tablename],[listtype],[newtablename],[newlisttype],[ct],[cu],[lt],[lu])VALUES('sostenimentoesito', 'default', 'sostenimentoesitodefaultview', 'default', NULL, NULL, NULL, NULL)
 INSERT INTO [dbo].[web_listredir] ([tablename],[listtype],[newtablename],[newlisttype],[ct],[cu],[lt],[lu])VALUES('stipendiokind', 'default', 'stipendiokinddefaultview', 'default', NULL, NULL, NULL, NULL)
 INSERT INTO [dbo].[web_listredir] ([tablename],[listtype],[newtablename],[newlisttype],[ct],[cu],[lt],[lu])VALUES('struttura', 'default', 'strutturadefaultview', 'default', NULL, NULL, NULL, NULL)
 INSERT INTO [dbo].[web_listredir] ([tablename],[listtype],[newtablename],[newlisttype],[ct],[cu],[lt],[lu])VALUES('struttura', 'princ', 'strutturaprincview', 'princ', NULL, NULL, NULL, NULL)
 INSERT INTO [dbo].[web_listredir] ([tablename],[listtype],[newtablename],[newlisttype],[ct],[cu],[lt],[lu])VALUES('struttura', 'seg_child', 'strutturaseg_childview', 'seg_child', NULL, NULL, NULL, NULL)
 INSERT INTO [dbo].[web_listredir] ([tablename],[listtype],[newtablename],[newlisttype],[ct],[cu],[lt],[lu])VALUES('strutturakind', 'default', 'strutturakinddefaultview', 'default', NULL, NULL, NULL, NULL)
 INSERT INTO [dbo].[web_listredir] ([tablename],[listtype],[newtablename],[newlisttype],[ct],[cu],[lt],[lu])VALUES('studdirittokind', 'default', 'studdirittokinddefaultview', 'default', NULL, NULL, NULL, NULL)
 INSERT INTO [dbo].[web_listredir] ([tablename],[listtype],[newtablename],[newlisttype],[ct],[cu],[lt],[lu])VALUES('studprenotkind', 'default', 'studprenotkinddefaultview', 'default', NULL, NULL, NULL, NULL)
 INSERT INTO [dbo].[web_listredir] ([tablename],[listtype],[newtablename],[newlisttype],[ct],[cu],[lt],[lu])VALUES('tassaconf', 'default', 'tassaconfdefaultview', 'default', NULL, NULL, NULL, NULL)
 INSERT INTO [dbo].[web_listredir] ([tablename],[listtype],[newtablename],[newlisttype],[ct],[cu],[lt],[lu])VALUES('tassaconfkind', 'default', 'tassaconfkinddefaultview', 'default', NULL, NULL, NULL, NULL)
 INSERT INTO [dbo].[web_listredir] ([tablename],[listtype],[newtablename],[newlisttype],[ct],[cu],[lt],[lu])VALUES('tassacsingconf', 'default', 'tassacsingconfdefaultview', 'default', NULL, NULL, NULL, NULL)
 INSERT INTO [dbo].[web_listredir] ([tablename],[listtype],[newtablename],[newlisttype],[ct],[cu],[lt],[lu])VALUES('tassaiscrizioneconf', 'default', 'tassaiscrizioneconfdefaultview', 'default', NULL, NULL, NULL, NULL)
 INSERT INTO [dbo].[web_listredir] ([tablename],[listtype],[newtablename],[newlisttype],[ct],[cu],[lt],[lu])VALUES('tassaistanzaconf', 'default', 'tassaistanzaconfdefaultview', 'default', NULL, NULL, NULL, NULL)
 INSERT INTO [dbo].[web_listredir] ([tablename],[listtype],[newtablename],[newlisttype],[ct],[cu],[lt],[lu])VALUES('tax', 'seg', 'taxsegview', 'seg', NULL, NULL, NULL, NULL)
 INSERT INTO [dbo].[web_listredir] ([tablename],[listtype],[newtablename],[newlisttype],[ct],[cu],[lt],[lu])VALUES('tipoattform', 'default', 'tipoattformdefaultview', 'default', NULL, NULL, NULL, NULL)
 INSERT INTO [dbo].[web_listredir] ([tablename],[listtype],[newtablename],[newlisttype],[ct],[cu],[lt],[lu])VALUES('tirociniocandidaturakind', 'default', 'tirociniocandidaturakinddefaultview', 'default', NULL, NULL, NULL, NULL)
 INSERT INTO [dbo].[web_listredir] ([tablename],[listtype],[newtablename],[newlisttype],[ct],[cu],[lt],[lu])VALUES('tirocinioprogetto', 'seg', 'tirocinioprogettosegview', 'seg', NULL, NULL, NULL, NULL)
 INSERT INTO [dbo].[web_listredir] ([tablename],[listtype],[newtablename],[newlisttype],[ct],[cu],[lt],[lu])VALUES('tirocinioproposto', 'seg', 'tirociniopropostosegview', 'seg', NULL, NULL, NULL, NULL)
 INSERT INTO [dbo].[web_listredir] ([tablename],[listtype],[newtablename],[newlisttype],[ct],[cu],[lt],[lu])VALUES('tirociniostato', 'default', 'tirociniostatodefaultview', 'default', NULL, NULL, NULL, NULL)
 INSERT INTO [dbo].[web_listredir] ([tablename],[listtype],[newtablename],[newlisttype],[ct],[cu],[lt],[lu])VALUES('titolostudio', 'docenti', 'titolostudiodocentiview', 'docenti', NULL, NULL, NULL, NULL)
 INSERT INTO [dbo].[web_listredir] ([tablename],[listtype],[newtablename],[newlisttype],[ct],[cu],[lt],[lu])VALUES('upb', 'default', 'upbdefaultview', 'default', NULL, NULL, NULL, NULL)
 INSERT INTO [dbo].[web_listredir] ([tablename],[listtype],[newtablename],[newlisttype],[ct],[cu],[lt],[lu])VALUES('upb', 'seg', 'upbsegview', 'seg', NULL, NULL, NULL, NULL)
 INSERT INTO [dbo].[web_listredir] ([tablename],[listtype],[newtablename],[newlisttype],[ct],[cu],[lt],[lu])VALUES('inventorytree', 'seg', 'inventorytreesegview', 'seg', NULL, NULL, NULL, NULL)
 INSERT INTO [dbo].[web_listredir] ([tablename],[listtype],[newtablename],[newlisttype],[ct],[cu],[lt],[lu])VALUES('accordoscambiomi', 'seg', 'accordoscambiomisegview', 'seg', NULL, NULL, NULL, NULL)
 INSERT INTO [dbo].[web_listredir] ([tablename],[listtype],[newtablename],[newlisttype],[ct],[cu],[lt],[lu])VALUES('bandomi', 'seg', 'bandomisegview', 'seg', NULL, NULL, NULL, NULL)
 INSERT INTO [dbo].[web_listredir] ([tablename],[listtype],[newtablename],[newlisttype],[ct],[cu],[lt],[lu])VALUES('cefr', 'default', 'cefrdefaultview', 'default', NULL, NULL, NULL, NULL)
 INSERT INTO [dbo].[web_listredir] ([tablename],[listtype],[newtablename],[newlisttype],[ct],[cu],[lt],[lu])VALUES('cefrlanglevel', 'default', 'cefrlangleveldefaultview', 'default', NULL, NULL, NULL, NULL)
 INSERT INTO [dbo].[web_listredir] ([tablename],[listtype],[newtablename],[newlisttype],[ct],[cu],[lt],[lu])VALUES('assicurazione', 'default', 'assicurazionedefaultview', 'default', NULL, NULL, NULL, NULL)
 INSERT INTO [dbo].[web_listredir] ([tablename],[listtype],[newtablename],[newlisttype],[ct],[cu],[lt],[lu])VALUES('bandomobilitaintkind', 'default', 'bandomobilitaintkinddefaultview', 'default', NULL, NULL, NULL, NULL)
 INSERT INTO [dbo].[web_listredir] ([tablename],[listtype],[newtablename],[newlisttype],[ct],[cu],[lt],[lu])VALUES('iscrizionebmi', 'seg', 'iscrizionebmisegview', 'seg', NULL, NULL, NULL, NULL)
 INSERT INTO [dbo].[web_listredir] ([tablename],[listtype],[newtablename],[newlisttype],[ct],[cu],[lt],[lu])VALUES('iscrizionebmiattach', 'seg', 'iscrizionebmiattachsegview', 'seg', NULL, NULL, NULL, NULL)
 INSERT INTO [dbo].[web_listredir] ([tablename],[listtype],[newtablename],[newlisttype],[ct],[cu],[lt],[lu])VALUES('bandods', 'seg', 'bandodssegview', 'seg', NULL, NULL, NULL, NULL)
 INSERT INTO [dbo].[web_listredir] ([tablename],[listtype],[newtablename],[newlisttype],[ct],[cu],[lt],[lu])VALUES('learningagrstud', 'seg', 'learningagrstudsegview', 'seg', NULL, NULL, NULL, NULL)
 INSERT INTO [dbo].[web_listredir] ([tablename],[listtype],[newtablename],[newlisttype],[ct],[cu],[lt],[lu])VALUES('tipologiastudente', 'seg', 'tipologiastudentesegview', 'seg', NULL, NULL, NULL, NULL)
 INSERT INTO [dbo].[web_listredir] ([tablename],[listtype],[newtablename],[newlisttype],[ct],[cu],[lt],[lu])VALUES('learningagrtrainer', 'seg', 'learningagrtrainersegview', 'seg', NULL, NULL, NULL, NULL)
 INSERT INTO [dbo].[web_listredir] ([tablename],[listtype],[newtablename],[newlisttype],[ct],[cu],[lt],[lu])VALUES('accreditokind', 'default', 'accreditokinddefaultview', 'default', NULL, NULL, NULL, NULL)
 INSERT INTO [dbo].[web_listredir] ([tablename],[listtype],[newtablename],[newlisttype],[ct],[cu],[lt],[lu])VALUES('dichiar', 'isee_seganagstu', 'dichiarisee_seganagstuview', 'isee_seganagstu', NULL, NULL, NULL, NULL)
 INSERT INTO [dbo].[web_listredir] ([tablename],[listtype],[newtablename],[newlisttype],[ct],[cu],[lt],[lu])VALUES('dichiar', 'disabil_seganagstu', 'dichiardisabil_seganagstuview', 'disabil_seganagstu', NULL, NULL, NULL, NULL)
 INSERT INTO [dbo].[web_listredir] ([tablename],[listtype],[newtablename],[newlisttype],[ct],[cu],[lt],[lu])VALUES('dichiardisabilkind', 'default', 'dichiardisabilkinddefaultview', 'default', NULL, NULL, NULL, NULL)
 INSERT INTO [dbo].[web_listredir] ([tablename],[listtype],[newtablename],[newlisttype],[ct],[cu],[lt],[lu])VALUES('dichiardisabilsuppkind', 'default', 'dichiardisabilsuppkinddefaultview', 'default', NULL, NULL, NULL, NULL)
 INSERT INTO [dbo].[web_listredir] ([tablename],[listtype],[newtablename],[newlisttype],[ct],[cu],[lt],[lu])VALUES('dichiar', 'disabil_seg', 'dichiardisabil_segview', 'disabil_seg', NULL, NULL, NULL, NULL)
 INSERT INTO [dbo].[web_listredir] ([tablename],[listtype],[newtablename],[newlisttype],[ct],[cu],[lt],[lu])VALUES('dichiar', 'isee_seg', 'dichiarisee_segview', 'isee_seg', NULL, NULL, NULL, NULL)
 INSERT INTO [dbo].[web_listredir] ([tablename],[listtype],[newtablename],[newlisttype],[ct],[cu],[lt],[lu])VALUES('dichiar', 'altrititoli_seg', 'dichiaraltrititoli_segview', 'altrititoli_seg', NULL, NULL, NULL, NULL)
 INSERT INTO [dbo].[web_listredir] ([tablename],[listtype],[newtablename],[newlisttype],[ct],[cu],[lt],[lu])VALUES('dichiar', 'altre_seg', 'dichiaraltre_segview', 'altre_seg', NULL, NULL, NULL, NULL)
 INSERT INTO [dbo].[web_listredir] ([tablename],[listtype],[newtablename],[newlisttype],[ct],[cu],[lt],[lu])VALUES('sostenimento', 'segcons', 'sostenimentosegconsview', 'segcons', NULL, NULL, NULL, NULL)
 INSERT INTO [dbo].[web_listredir] ([tablename],[listtype],[newtablename],[newlisttype],[ct],[cu],[lt],[lu])VALUES('dichiaraltrekind', 'default', 'dichiaraltrekinddefaultview', 'default', NULL, NULL, NULL, NULL)
 INSERT INTO [dbo].[web_listredir] ([tablename],[listtype],[newtablename],[newlisttype],[ct],[cu],[lt],[lu])VALUES('dichiar', 'titolo_seg', 'dichiartitolo_segview', 'titolo_seg', NULL, NULL, NULL, NULL)
 INSERT INTO [dbo].[web_listredir] ([tablename],[listtype],[newtablename],[newlisttype],[ct],[cu],[lt],[lu])VALUES('istanza', 'rin_seg', 'istanzarin_segview', 'rin_seg', NULL, NULL, NULL, NULL)
 INSERT INTO [dbo].[web_listredir] ([tablename],[listtype],[newtablename],[newlisttype],[ct],[cu],[lt],[lu])VALUES('istanza', 'tru_seg', 'istanzatru_segview', 'tru_seg', NULL, NULL, NULL, NULL)
 INSERT INTO [dbo].[web_listredir] ([tablename],[listtype],[newtablename],[newlisttype],[ct],[cu],[lt],[lu])VALUES('titolostudio', 'segtitolo', 'titolostudiosegtitoloview', 'segtitolo', NULL, NULL, NULL, NULL)
 INSERT INTO [dbo].[web_listredir] ([tablename],[listtype],[newtablename],[newlisttype],[ct],[cu],[lt],[lu])VALUES('istanza', 'eq_seg', 'istanzaeq_segview', 'eq_seg', NULL, NULL, NULL, NULL)
 INSERT INTO [dbo].[web_listredir] ([tablename],[listtype],[newtablename],[newlisttype],[ct],[cu],[lt],[lu])VALUES('istanza', 'cert_seg', 'istanzacert_segview', 'cert_seg', NULL, NULL, NULL, NULL)
 INSERT INTO [dbo].[web_listredir] ([tablename],[listtype],[newtablename],[newlisttype],[ct],[cu],[lt],[lu])VALUES('istanza', 'sosp_seg', 'istanzasosp_segview', 'sosp_seg', NULL, NULL, NULL, NULL)
 INSERT INTO [dbo].[web_listredir] ([tablename],[listtype],[newtablename],[newlisttype],[ct],[cu],[lt],[lu])VALUES('istanzaattach', 'seg', 'istanzaattachsegview', 'seg', NULL, NULL, NULL, NULL)
 INSERT INTO [dbo].[web_listredir] ([tablename],[listtype],[newtablename],[newlisttype],[ct],[cu],[lt],[lu])VALUES('delibera', 'seg', 'deliberasegview', 'seg', NULL, NULL, NULL, NULL)
 INSERT INTO [dbo].[web_listredir] ([tablename],[listtype],[newtablename],[newlisttype],[ct],[cu],[lt],[lu])VALUES('getdocentiperssd', 'seg', 'getdocentiperssdsegview', 'seg', NULL, NULL, NULL, NULL)
 INSERT INTO [dbo].[web_listredir] ([tablename],[listtype],[newtablename],[newlisttype],[ct],[cu],[lt],[lu])VALUES('getcostididattica', 'default', 'getcostididatticadefaultview', 'default', NULL, NULL, NULL, NULL)
 INSERT INTO [dbo].[web_listredir] ([tablename],[listtype],[newtablename],[newlisttype],[ct],[cu],[lt],[lu])VALUES('getregistrydocentiamministrativi', 'default', 'getregistrydocentiamministratividefaultview', 'default', NULL, NULL, NULL, NULL)
 INSERT INTO [dbo].[web_listredir] ([tablename],[listtype],[newtablename],[newlisttype],[ct],[cu],[lt],[lu])VALUES('getcostididattica', 'erogata', 'getcostididatticaerogataview', 'erogata', NULL, NULL, NULL, NULL)
 INSERT INTO [dbo].[web_listredir] ([tablename],[listtype],[newtablename],[newlisttype],[ct],[cu],[lt],[lu])VALUES('workpackage', 'seg', 'workpackagesegview', 'seg', NULL, NULL, NULL, NULL)
 INSERT INTO [dbo].[web_listredir] ([tablename],[listtype],[newtablename],[newlisttype],[ct],[cu],[lt],[lu])VALUES('accmotive', 'default', 'accmotivedefaultview', 'default', NULL, NULL, NULL, NULL)
 INSERT INTO [dbo].[web_listredir] ([tablename],[listtype],[newtablename],[newlisttype],[ct],[cu],[lt],[lu])VALUES('assetacquire', 'seg', 'assetacquiresegview', 'seg', NULL, NULL, NULL, NULL)
 INSERT INTO [dbo].[web_listredir] ([tablename],[listtype],[newtablename],[newlisttype],[ct],[cu],[lt],[lu])VALUES('publicaz', 'default', 'publicazdefaultview', 'default', NULL, NULL, NULL, NULL)
 INSERT INTO [dbo].[web_listredir] ([tablename],[listtype],[newtablename],[newlisttype],[ct],[cu],[lt],[lu])VALUES('publicaz', 'docenti', 'publicazdocentiview', 'docenti', NULL, NULL, NULL, NULL)
 INSERT INTO [dbo].[web_listredir] ([tablename],[listtype],[newtablename],[newlisttype],[ct],[cu],[lt],[lu])VALUES('progettoudrmembrokind', 'default', 'progettoudrmembrokinddefaultview', 'default', NULL, NULL, NULL, NULL)
 INSERT INTO [dbo].[web_listredir] ([tablename],[listtype],[newtablename],[newlisttype],[ct],[cu],[lt],[lu])VALUES('progettoasset', 'default', 'progettoassetdefaultview', 'default', NULL, NULL, NULL, NULL)
 --insert--[DBO]--
-- CREAZIONE TABELLA progetto --
IF NOT EXISTS(select * from sysobjects where id = object_id(N'[dbo].[progetto]') and OBJECTPROPERTY(id, N'IsUserTable') = 1)
BEGIN
CREATE TABLE [dbo].[progetto] (
idprogetto int NOT NULL,
budget decimal(14,2) NULL,
budgetcalcolato decimal(14,2) NULL,
budgetcalcolatodate datetime NULL,
capofilatxt nvarchar(2048) NULL,
codiceidentificativo varchar(2048) NULL,
contributo decimal(14,2) NULL,
contributoente decimal(14,2) NULL,
ct datetime NOT NULL,
cu varchar(64) NOT NULL,
cup varchar(15) NULL,
data date NULL,
description nvarchar(max) NULL,
durata int NULL,
finanziatoretxt nvarchar(2048) NULL,
idcorsostudio int NULL,
idcurrency int NULL,
idduratakind int NULL,
idprogettokind int NULL,
idprogettostatuskind int NULL,
idreg int NULL,
idreg_aziende int NULL,
idreg_aziende_fin int NULL,
idregistryprogfin int NULL,
idregistryprogfinbando int NULL,
lt datetime NOT NULL,
lu varchar(64) NOT NULL,
start date NULL,
stop date NULL,
title nvarchar(4000) NULL,
titolobreve nvarchar(2048) NULL,
totalbudget decimal(14,2) NULL,
totalcontributo decimal(14,2) NULL,
url varchar(1024) NULL,
 CONSTRAINT xpkprogetto PRIMARY KEY (idprogetto
)
)
END
GO

-- VERIFICA STRUTTURA progetto --
IF NOT exists(select * from [sysobjects] as T inner join syscolumns C on T.ID = C.ID where t.name = 'progetto' and C.name = 'idprogetto' AND (T.uid = USER_ID( ) OR T.uid = USER_ID('dbo')))
BEGIN
	ALTER TABLE [progetto] ADD idprogetto int NOT NULL DEFAULT 0
	declare @vincolo varchar(100)
	select @vincolo = object_name(const.constid) from syscolumns col join sysconstraints const on const.id = col.id and const.colid = col.colid where col.id = object_id('progetto') and col.name = 'idprogetto' and objectproperty(const.constid, 'IsDefaultCnst')=1
	exec ('ALTER TABLE [progetto] drop constraint '+@vincolo)
END
GO

IF NOT exists(select * from [sysobjects] as T inner join syscolumns C on T.ID = C.ID where t.name = 'progetto' and C.name = 'budget' AND (T.uid = USER_ID( ) OR T.uid = USER_ID('dbo')))
BEGIN
	ALTER TABLE [progetto] ADD budget decimal(14,2) NULL 
END
ELSE
	ALTER TABLE [progetto] ALTER COLUMN budget decimal(14,2) NULL
GO

IF NOT exists(select * from [sysobjects] as T inner join syscolumns C on T.ID = C.ID where t.name = 'progetto' and C.name = 'budgetcalcolato' AND (T.uid = USER_ID( ) OR T.uid = USER_ID('dbo')))
BEGIN
	ALTER TABLE [progetto] ADD budgetcalcolato decimal(14,2) NULL 
END
ELSE
	ALTER TABLE [progetto] ALTER COLUMN budgetcalcolato decimal(14,2) NULL
GO

IF NOT exists(select * from [sysobjects] as T inner join syscolumns C on T.ID = C.ID where t.name = 'progetto' and C.name = 'budgetcalcolatodate' AND (T.uid = USER_ID( ) OR T.uid = USER_ID('dbo')))
BEGIN
	ALTER TABLE [progetto] ADD budgetcalcolatodate datetime NULL 
END
ELSE
	ALTER TABLE [progetto] ALTER COLUMN budgetcalcolatodate datetime NULL
GO

IF NOT exists(select * from [sysobjects] as T inner join syscolumns C on T.ID = C.ID where t.name = 'progetto' and C.name = 'capofilatxt' AND (T.uid = USER_ID( ) OR T.uid = USER_ID('dbo')))
BEGIN
	ALTER TABLE [progetto] ADD capofilatxt nvarchar(2048) NULL 
END
ELSE
	ALTER TABLE [progetto] ALTER COLUMN capofilatxt nvarchar(2048) NULL
GO

IF NOT exists(select * from [sysobjects] as T inner join syscolumns C on T.ID = C.ID where t.name = 'progetto' and C.name = 'codiceidentificativo' AND (T.uid = USER_ID( ) OR T.uid = USER_ID('dbo')))
BEGIN
	ALTER TABLE [progetto] ADD codiceidentificativo varchar(2048) NULL 
END
ELSE
	ALTER TABLE [progetto] ALTER COLUMN codiceidentificativo varchar(2048) NULL
GO

IF NOT exists(select * from [sysobjects] as T inner join syscolumns C on T.ID = C.ID where t.name = 'progetto' and C.name = 'contributo' AND (T.uid = USER_ID( ) OR T.uid = USER_ID('dbo')))
BEGIN
	ALTER TABLE [progetto] ADD contributo decimal(14,2) NULL 
END
ELSE
	ALTER TABLE [progetto] ALTER COLUMN contributo decimal(14,2) NULL
GO

IF NOT exists(select * from [sysobjects] as T inner join syscolumns C on T.ID = C.ID where t.name = 'progetto' and C.name = 'contributoente' AND (T.uid = USER_ID( ) OR T.uid = USER_ID('dbo')))
BEGIN
	ALTER TABLE [progetto] ADD contributoente decimal(14,2) NULL 
END
ELSE
	ALTER TABLE [progetto] ALTER COLUMN contributoente decimal(14,2) NULL
GO

IF NOT exists(select * from [sysobjects] as T inner join syscolumns C on T.ID = C.ID where t.name = 'progetto' and C.name = 'ct' AND (T.uid = USER_ID( ) OR T.uid = USER_ID('dbo')))
BEGIN
	ALTER TABLE [progetto] ADD ct datetime NOT NULL DEFAULT 01/01/1000
	declare @vincolo varchar(100)
	select @vincolo = object_name(const.constid) from syscolumns col join sysconstraints const on const.id = col.id and const.colid = col.colid where col.id = object_id('progetto') and col.name = 'ct' and objectproperty(const.constid, 'IsDefaultCnst')=1
	exec ('ALTER TABLE [progetto] drop constraint '+@vincolo)
END
ELSE
	ALTER TABLE [progetto] ALTER COLUMN ct datetime NOT NULL
GO

IF NOT exists(select * from [sysobjects] as T inner join syscolumns C on T.ID = C.ID where t.name = 'progetto' and C.name = 'cu' AND (T.uid = USER_ID( ) OR T.uid = USER_ID('dbo')))
BEGIN
	ALTER TABLE [progetto] ADD cu varchar(64) NOT NULL DEFAULT ''
	declare @vincolo varchar(100)
	select @vincolo = object_name(const.constid) from syscolumns col join sysconstraints const on const.id = col.id and const.colid = col.colid where col.id = object_id('progetto') and col.name = 'cu' and objectproperty(const.constid, 'IsDefaultCnst')=1
	exec ('ALTER TABLE [progetto] drop constraint '+@vincolo)
END
ELSE
	ALTER TABLE [progetto] ALTER COLUMN cu varchar(64) NOT NULL
GO

IF NOT exists(select * from [sysobjects] as T inner join syscolumns C on T.ID = C.ID where t.name = 'progetto' and C.name = 'cup' AND (T.uid = USER_ID( ) OR T.uid = USER_ID('dbo')))
BEGIN
	ALTER TABLE [progetto] ADD cup varchar(15) NULL 
END
ELSE
	ALTER TABLE [progetto] ALTER COLUMN cup varchar(15) NULL
GO

IF NOT exists(select * from [sysobjects] as T inner join syscolumns C on T.ID = C.ID where t.name = 'progetto' and C.name = 'data' AND (T.uid = USER_ID( ) OR T.uid = USER_ID('dbo')))
BEGIN
	ALTER TABLE [progetto] ADD data date NULL 
END
ELSE
	ALTER TABLE [progetto] ALTER COLUMN data date NULL
GO

IF NOT exists(select * from [sysobjects] as T inner join syscolumns C on T.ID = C.ID where t.name = 'progetto' and C.name = 'description' AND (T.uid = USER_ID( ) OR T.uid = USER_ID('dbo')))
BEGIN
	ALTER TABLE [progetto] ADD description nvarchar(max) NULL 
END
ELSE
	ALTER TABLE [progetto] ALTER COLUMN description nvarchar(max) NULL
GO

IF NOT exists(select * from [sysobjects] as T inner join syscolumns C on T.ID = C.ID where t.name = 'progetto' and C.name = 'durata' AND (T.uid = USER_ID( ) OR T.uid = USER_ID('dbo')))
BEGIN
	ALTER TABLE [progetto] ADD durata int NULL 
END
ELSE
	ALTER TABLE [progetto] ALTER COLUMN durata int NULL
GO

IF NOT exists(select * from [sysobjects] as T inner join syscolumns C on T.ID = C.ID where t.name = 'progetto' and C.name = 'finanziatoretxt' AND (T.uid = USER_ID( ) OR T.uid = USER_ID('dbo')))
BEGIN
	ALTER TABLE [progetto] ADD finanziatoretxt nvarchar(2048) NULL 
END
ELSE
	ALTER TABLE [progetto] ALTER COLUMN finanziatoretxt nvarchar(2048) NULL
GO

IF NOT exists(select * from [sysobjects] as T inner join syscolumns C on T.ID = C.ID where t.name = 'progetto' and C.name = 'idcorsostudio' AND (T.uid = USER_ID( ) OR T.uid = USER_ID('dbo')))
BEGIN
	ALTER TABLE [progetto] ADD idcorsostudio int NULL 
END
ELSE
	ALTER TABLE [progetto] ALTER COLUMN idcorsostudio int NULL
GO

IF NOT exists(select * from [sysobjects] as T inner join syscolumns C on T.ID = C.ID where t.name = 'progetto' and C.name = 'idcurrency' AND (T.uid = USER_ID( ) OR T.uid = USER_ID('dbo')))
BEGIN
	ALTER TABLE [progetto] ADD idcurrency int NULL 
END
ELSE
	ALTER TABLE [progetto] ALTER COLUMN idcurrency int NULL
GO

IF NOT exists(select * from [sysobjects] as T inner join syscolumns C on T.ID = C.ID where t.name = 'progetto' and C.name = 'idduratakind' AND (T.uid = USER_ID( ) OR T.uid = USER_ID('dbo')))
BEGIN
	ALTER TABLE [progetto] ADD idduratakind int NULL 
END
ELSE
	ALTER TABLE [progetto] ALTER COLUMN idduratakind int NULL
GO

IF NOT exists(select * from [sysobjects] as T inner join syscolumns C on T.ID = C.ID where t.name = 'progetto' and C.name = 'idprogettokind' AND (T.uid = USER_ID( ) OR T.uid = USER_ID('dbo')))
BEGIN
	ALTER TABLE [progetto] ADD idprogettokind int NULL 
END
ELSE
	ALTER TABLE [progetto] ALTER COLUMN idprogettokind int NULL
GO

IF NOT exists(select * from [sysobjects] as T inner join syscolumns C on T.ID = C.ID where t.name = 'progetto' and C.name = 'idprogettostatuskind' AND (T.uid = USER_ID( ) OR T.uid = USER_ID('dbo')))
BEGIN
	ALTER TABLE [progetto] ADD idprogettostatuskind int NULL 
END
ELSE
	ALTER TABLE [progetto] ALTER COLUMN idprogettostatuskind int NULL
GO

IF NOT exists(select * from [sysobjects] as T inner join syscolumns C on T.ID = C.ID where t.name = 'progetto' and C.name = 'idreg' AND (T.uid = USER_ID( ) OR T.uid = USER_ID('dbo')))
BEGIN
	ALTER TABLE [progetto] ADD idreg int NULL 
END
ELSE
	ALTER TABLE [progetto] ALTER COLUMN idreg int NULL
GO

IF NOT exists(select * from [sysobjects] as T inner join syscolumns C on T.ID = C.ID where t.name = 'progetto' and C.name = 'idreg_aziende' AND (T.uid = USER_ID( ) OR T.uid = USER_ID('dbo')))
BEGIN
	ALTER TABLE [progetto] ADD idreg_aziende int NULL 
END
ELSE
	ALTER TABLE [progetto] ALTER COLUMN idreg_aziende int NULL
GO

IF NOT exists(select * from [sysobjects] as T inner join syscolumns C on T.ID = C.ID where t.name = 'progetto' and C.name = 'idreg_aziende_fin' AND (T.uid = USER_ID( ) OR T.uid = USER_ID('dbo')))
BEGIN
	ALTER TABLE [progetto] ADD idreg_aziende_fin int NULL 
END
ELSE
	ALTER TABLE [progetto] ALTER COLUMN idreg_aziende_fin int NULL
GO

IF NOT exists(select * from [sysobjects] as T inner join syscolumns C on T.ID = C.ID where t.name = 'progetto' and C.name = 'idregistryprogfin' AND (T.uid = USER_ID( ) OR T.uid = USER_ID('dbo')))
BEGIN
	ALTER TABLE [progetto] ADD idregistryprogfin int NULL 
END
ELSE
	ALTER TABLE [progetto] ALTER COLUMN idregistryprogfin int NULL
GO

IF NOT exists(select * from [sysobjects] as T inner join syscolumns C on T.ID = C.ID where t.name = 'progetto' and C.name = 'idregistryprogfinbando' AND (T.uid = USER_ID( ) OR T.uid = USER_ID('dbo')))
BEGIN
	ALTER TABLE [progetto] ADD idregistryprogfinbando int NULL 
END
ELSE
	ALTER TABLE [progetto] ALTER COLUMN idregistryprogfinbando int NULL
GO

IF NOT exists(select * from [sysobjects] as T inner join syscolumns C on T.ID = C.ID where t.name = 'progetto' and C.name = 'lt' AND (T.uid = USER_ID( ) OR T.uid = USER_ID('dbo')))
BEGIN
	ALTER TABLE [progetto] ADD lt datetime NOT NULL DEFAULT 01/01/1000
	declare @vincolo varchar(100)
	select @vincolo = object_name(const.constid) from syscolumns col join sysconstraints const on const.id = col.id and const.colid = col.colid where col.id = object_id('progetto') and col.name = 'lt' and objectproperty(const.constid, 'IsDefaultCnst')=1
	exec ('ALTER TABLE [progetto] drop constraint '+@vincolo)
END
ELSE
	ALTER TABLE [progetto] ALTER COLUMN lt datetime NOT NULL
GO

IF NOT exists(select * from [sysobjects] as T inner join syscolumns C on T.ID = C.ID where t.name = 'progetto' and C.name = 'lu' AND (T.uid = USER_ID( ) OR T.uid = USER_ID('dbo')))
BEGIN
	ALTER TABLE [progetto] ADD lu varchar(64) NOT NULL DEFAULT ''
	declare @vincolo varchar(100)
	select @vincolo = object_name(const.constid) from syscolumns col join sysconstraints const on const.id = col.id and const.colid = col.colid where col.id = object_id('progetto') and col.name = 'lu' and objectproperty(const.constid, 'IsDefaultCnst')=1
	exec ('ALTER TABLE [progetto] drop constraint '+@vincolo)
END
ELSE
	ALTER TABLE [progetto] ALTER COLUMN lu varchar(64) NOT NULL
GO

IF NOT exists(select * from [sysobjects] as T inner join syscolumns C on T.ID = C.ID where t.name = 'progetto' and C.name = 'start' AND (T.uid = USER_ID( ) OR T.uid = USER_ID('dbo')))
BEGIN
	ALTER TABLE [progetto] ADD start date NULL 
END
ELSE
	ALTER TABLE [progetto] ALTER COLUMN start date NULL
GO

IF NOT exists(select * from [sysobjects] as T inner join syscolumns C on T.ID = C.ID where t.name = 'progetto' and C.name = 'stop' AND (T.uid = USER_ID( ) OR T.uid = USER_ID('dbo')))
BEGIN
	ALTER TABLE [progetto] ADD stop date NULL 
END
ELSE
	ALTER TABLE [progetto] ALTER COLUMN stop date NULL
GO

IF NOT exists(select * from [sysobjects] as T inner join syscolumns C on T.ID = C.ID where t.name = 'progetto' and C.name = 'title' AND (T.uid = USER_ID( ) OR T.uid = USER_ID('dbo')))
BEGIN
	ALTER TABLE [progetto] ADD title nvarchar(4000) NULL 
END
ELSE
	ALTER TABLE [progetto] ALTER COLUMN title nvarchar(4000) NULL
GO

IF NOT exists(select * from [sysobjects] as T inner join syscolumns C on T.ID = C.ID where t.name = 'progetto' and C.name = 'titolobreve' AND (T.uid = USER_ID( ) OR T.uid = USER_ID('dbo')))
BEGIN
	ALTER TABLE [progetto] ADD titolobreve nvarchar(2048) NULL 
END
ELSE
	ALTER TABLE [progetto] ALTER COLUMN titolobreve nvarchar(2048) NULL
GO

IF NOT exists(select * from [sysobjects] as T inner join syscolumns C on T.ID = C.ID where t.name = 'progetto' and C.name = 'totalbudget' AND (T.uid = USER_ID( ) OR T.uid = USER_ID('dbo')))
BEGIN
	ALTER TABLE [progetto] ADD totalbudget decimal(14,2) NULL 
END
ELSE
	ALTER TABLE [progetto] ALTER COLUMN totalbudget decimal(14,2) NULL
GO

IF NOT exists(select * from [sysobjects] as T inner join syscolumns C on T.ID = C.ID where t.name = 'progetto' and C.name = 'totalcontributo' AND (T.uid = USER_ID( ) OR T.uid = USER_ID('dbo')))
BEGIN
	ALTER TABLE [progetto] ADD totalcontributo decimal(14,2) NULL 
END
ELSE
	ALTER TABLE [progetto] ALTER COLUMN totalcontributo decimal(14,2) NULL
GO

IF NOT exists(select * from [sysobjects] as T inner join syscolumns C on T.ID = C.ID where t.name = 'progetto' and C.name = 'url' AND (T.uid = USER_ID( ) OR T.uid = USER_ID('dbo')))
BEGIN
	ALTER TABLE [progetto] ADD url varchar(1024) NULL 
END
ELSE
	ALTER TABLE [progetto] ALTER COLUMN url varchar(1024) NULL
GO

-- VERIFICA DI progetto IN COLUMNTYPES --
DELETE FROM columntypes WHERE tablename = 'progetto'
INSERT INTO columntypes (format,allownull,tablename,sqldeclaration,createuser,field,col_len,denynull,sqltype,systemtype,defaultvalue,col_scale,lastmoduser,col_precision,iskey) VALUES('','N','progetto','int','assistenza','idprogetto','4','S','int','System.Int32','','','''assistenza''','','S')
GO

INSERT INTO columntypes (format,allownull,tablename,sqldeclaration,createuser,field,col_len,denynull,sqltype,systemtype,defaultvalue,col_scale,lastmoduser,col_precision,iskey) VALUES('','S','progetto','decimal(14,2)','assistenza','budget','9','N','decimal','System.Decimal','','2','''assistenza''','14','N')
GO

INSERT INTO columntypes (format,allownull,tablename,sqldeclaration,createuser,field,col_len,denynull,sqltype,systemtype,defaultvalue,col_scale,lastmoduser,col_precision,iskey) VALUES('','S','progetto','decimal(14,2)','assistenza','budgetcalcolato','9','N','decimal','System.Decimal','','2','''assistenza''','14','N')
GO

INSERT INTO columntypes (format,allownull,tablename,sqldeclaration,createuser,field,col_len,denynull,sqltype,systemtype,defaultvalue,col_scale,lastmoduser,col_precision,iskey) VALUES('','S','progetto','datetime','assistenza','budgetcalcolatodate','8','N','datetime','System.DateTime','','','''assistenza''','','N')
GO

INSERT INTO columntypes (format,allownull,tablename,sqldeclaration,createuser,field,col_len,denynull,sqltype,systemtype,defaultvalue,col_scale,lastmoduser,col_precision,iskey) VALUES('','S','progetto','nvarchar(2048)','assistenza','capofilatxt','2048','N','nvarchar','System.String','','','''assistenza''','','N')
GO

INSERT INTO columntypes (format,allownull,tablename,sqldeclaration,createuser,field,col_len,denynull,sqltype,systemtype,defaultvalue,col_scale,lastmoduser,col_precision,iskey) VALUES('','S','progetto','varchar(2048)','assistenza','codiceidentificativo','2048','N','varchar','System.String','','','''assistenza''','','N')
GO

INSERT INTO columntypes (format,allownull,tablename,sqldeclaration,createuser,field,col_len,denynull,sqltype,systemtype,defaultvalue,col_scale,lastmoduser,col_precision,iskey) VALUES('','S','progetto','decimal(14,2)','assistenza','contributo','9','N','decimal','System.Decimal','','2','''assistenza''','14','N')
GO

INSERT INTO columntypes (format,allownull,tablename,sqldeclaration,createuser,field,col_len,denynull,sqltype,systemtype,defaultvalue,col_scale,lastmoduser,col_precision,iskey) VALUES('','S','progetto','decimal(14,2)','assistenza','contributoente','9','N','decimal','System.Decimal','','2','''assistenza''','14','N')
GO

INSERT INTO columntypes (format,allownull,tablename,sqldeclaration,createuser,field,col_len,denynull,sqltype,systemtype,defaultvalue,col_scale,lastmoduser,col_precision,iskey) VALUES('','N','progetto','datetime','assistenza','ct','8','S','datetime','System.DateTime','','','''assistenza''','','N')
GO

INSERT INTO columntypes (format,allownull,tablename,sqldeclaration,createuser,field,col_len,denynull,sqltype,systemtype,defaultvalue,col_scale,lastmoduser,col_precision,iskey) VALUES('','N','progetto','varchar(64)','assistenza','cu','64','S','varchar','System.String','','','''assistenza''','','N')
GO

INSERT INTO columntypes (format,allownull,tablename,sqldeclaration,createuser,field,col_len,denynull,sqltype,systemtype,defaultvalue,col_scale,lastmoduser,col_precision,iskey) VALUES('','S','progetto','varchar(15)','assistenza','cup','15','N','varchar','System.String','','','''assistenza''','','N')
GO

INSERT INTO columntypes (format,allownull,tablename,sqldeclaration,createuser,field,col_len,denynull,sqltype,systemtype,defaultvalue,col_scale,lastmoduser,col_precision,iskey) VALUES('','S','progetto','date','assistenza','data','3','N','date','System.DateTime','','','''assistenza''','','N')
GO

INSERT INTO columntypes (format,allownull,tablename,sqldeclaration,createuser,field,col_len,denynull,sqltype,systemtype,defaultvalue,col_scale,lastmoduser,col_precision,iskey) VALUES('','S','progetto','nvarchar(max)','assistenza','description','0','N','nvarchar','System.String','','','''assistenza''','','N')
GO

INSERT INTO columntypes (format,allownull,tablename,sqldeclaration,createuser,field,col_len,denynull,sqltype,systemtype,defaultvalue,col_scale,lastmoduser,col_precision,iskey) VALUES('','S','progetto','int','assistenza','durata','4','N','int','System.Int32','','','''assistenza''','','N')
GO

INSERT INTO columntypes (format,allownull,tablename,sqldeclaration,createuser,field,col_len,denynull,sqltype,systemtype,defaultvalue,col_scale,lastmoduser,col_precision,iskey) VALUES('','S','progetto','nvarchar(2048)','assistenza','finanziatoretxt','2048','N','nvarchar','System.String','','','''assistenza''','','N')
GO

INSERT INTO columntypes (format,allownull,tablename,sqldeclaration,createuser,field,col_len,denynull,sqltype,systemtype,defaultvalue,col_scale,lastmoduser,col_precision,iskey) VALUES('','S','progetto','int','assistenza','idcorsostudio','4','N','int','System.Int32','','','''assistenza''','','N')
GO

INSERT INTO columntypes (format,allownull,tablename,sqldeclaration,createuser,field,col_len,denynull,sqltype,systemtype,defaultvalue,col_scale,lastmoduser,col_precision,iskey) VALUES('','S','progetto','int','assistenza','idcurrency','4','N','int','System.Int32','','','''assistenza''','','N')
GO

INSERT INTO columntypes (format,allownull,tablename,sqldeclaration,createuser,field,col_len,denynull,sqltype,systemtype,defaultvalue,col_scale,lastmoduser,col_precision,iskey) VALUES('','S','progetto','int','assistenza','idduratakind','4','N','int','System.Int32','','','''assistenza''','','N')
GO

INSERT INTO columntypes (format,allownull,tablename,sqldeclaration,createuser,field,col_len,denynull,sqltype,systemtype,defaultvalue,col_scale,lastmoduser,col_precision,iskey) VALUES('','S','progetto','int','assistenza','idprogettokind','4','N','int','System.Int32','','','''assistenza''','','N')
GO

INSERT INTO columntypes (format,allownull,tablename,sqldeclaration,createuser,field,col_len,denynull,sqltype,systemtype,defaultvalue,col_scale,lastmoduser,col_precision,iskey) VALUES('','S','progetto','int','assistenza','idprogettostatuskind','4','N','int','System.Int32','','','''assistenza''','','N')
GO

INSERT INTO columntypes (format,allownull,tablename,sqldeclaration,createuser,field,col_len,denynull,sqltype,systemtype,defaultvalue,col_scale,lastmoduser,col_precision,iskey) VALUES('','S','progetto','int','assistenza','idreg','4','N','int','System.Int32','','','''assistenza''','','N')
GO

INSERT INTO columntypes (format,allownull,tablename,sqldeclaration,createuser,field,col_len,denynull,sqltype,systemtype,defaultvalue,col_scale,lastmoduser,col_precision,iskey) VALUES('','S','progetto','int','assistenza','idreg_aziende','4','N','int','System.Int32','','','''assistenza''','','N')
GO

INSERT INTO columntypes (format,allownull,tablename,sqldeclaration,createuser,field,col_len,denynull,sqltype,systemtype,defaultvalue,col_scale,lastmoduser,col_precision,iskey) VALUES('','S','progetto','int','assistenza','idreg_aziende_fin','4','N','int','System.Int32','','','''assistenza''','','N')
GO

INSERT INTO columntypes (format,allownull,tablename,sqldeclaration,createuser,field,col_len,denynull,sqltype,systemtype,defaultvalue,col_scale,lastmoduser,col_precision,iskey) VALUES('','S','progetto','int','assistenza','idregistryprogfin','4','N','int','System.Int32','','','''assistenza''','','N')
GO

INSERT INTO columntypes (format,allownull,tablename,sqldeclaration,createuser,field,col_len,denynull,sqltype,systemtype,defaultvalue,col_scale,lastmoduser,col_precision,iskey) VALUES('','S','progetto','int','assistenza','idregistryprogfinbando','4','N','int','System.Int32','','','''assistenza''','','N')
GO

INSERT INTO columntypes (format,allownull,tablename,sqldeclaration,createuser,field,col_len,denynull,sqltype,systemtype,defaultvalue,col_scale,lastmoduser,col_precision,iskey) VALUES('','N','progetto','datetime','assistenza','lt','8','S','datetime','System.DateTime','','','''assistenza''','','N')
GO

INSERT INTO columntypes (format,allownull,tablename,sqldeclaration,createuser,field,col_len,denynull,sqltype,systemtype,defaultvalue,col_scale,lastmoduser,col_precision,iskey) VALUES('','N','progetto','varchar(64)','assistenza','lu','64','S','varchar','System.String','','','''assistenza''','','N')
GO

INSERT INTO columntypes (format,allownull,tablename,sqldeclaration,createuser,field,col_len,denynull,sqltype,systemtype,defaultvalue,col_scale,lastmoduser,col_precision,iskey) VALUES('','S','progetto','date','assistenza','start','3','N','date','System.DateTime','','','''assistenza''','','N')
GO

INSERT INTO columntypes (format,allownull,tablename,sqldeclaration,createuser,field,col_len,denynull,sqltype,systemtype,defaultvalue,col_scale,lastmoduser,col_precision,iskey) VALUES('','S','progetto','date','assistenza','stop','3','N','date','System.DateTime','','','''assistenza''','','N')
GO

INSERT INTO columntypes (format,allownull,tablename,sqldeclaration,createuser,field,col_len,denynull,sqltype,systemtype,defaultvalue,col_scale,lastmoduser,col_precision,iskey) VALUES('','S','progetto','nvarchar(4000)','assistenza','title','4000','N','nvarchar','System.String','','','''assistenza''','','N')
GO

INSERT INTO columntypes (format,allownull,tablename,sqldeclaration,createuser,field,col_len,denynull,sqltype,systemtype,defaultvalue,col_scale,lastmoduser,col_precision,iskey) VALUES('','S','progetto','nvarchar(2048)','assistenza','titolobreve','2048','N','nvarchar','System.String','','','''assistenza''','','N')
GO

INSERT INTO columntypes (format,allownull,tablename,sqldeclaration,createuser,field,col_len,denynull,sqltype,systemtype,defaultvalue,col_scale,lastmoduser,col_precision,iskey) VALUES('','S','progetto','decimal(14,2)','assistenza','totalbudget','9','N','decimal','System.Decimal','','2','''assistenza''','14','N')
GO

INSERT INTO columntypes (format,allownull,tablename,sqldeclaration,createuser,field,col_len,denynull,sqltype,systemtype,defaultvalue,col_scale,lastmoduser,col_precision,iskey) VALUES('','S','progetto','decimal(14,2)','assistenza','totalcontributo','9','N','decimal','System.Decimal','','2','''assistenza''','14','N')
GO

INSERT INTO columntypes (format,allownull,tablename,sqldeclaration,createuser,field,col_len,denynull,sqltype,systemtype,defaultvalue,col_scale,lastmoduser,col_precision,iskey) VALUES('','S','progetto','varchar(1024)','assistenza','url','1024','N','varchar','System.String','','','''assistenza''','','N')
GO

-- VERIFICA DI progetto IN CUSTOMOBJECT --
IF EXISTS(select * from customobject where objectname = 'progetto')
UPDATE customobject set isreal = 'S' where objectname = 'progetto'
ELSE
INSERT INTO customobject (objectname, isreal) values('progetto', 'S')
GO
-- FINE GENERAZIONE SCRIPT --


-- GENERAZIONE DATI PER tabledescr --
IF exists(SELECT * FROM [tabledescr] WHERE tablename = 'progetto')
UPDATE [tabledescr] SET description = 'Progetto di ricerca',idapplication = null,isdbo = 'N',lt = {ts '2020-05-20 14:00:37.623'},lu = 'assistenza',title = 'Progetto di ricerca' WHERE tablename = 'progetto'
ELSE
INSERT INTO [tabledescr] (tablename,description,idapplication,isdbo,lt,lu,title) VALUES ('progetto','Progetto di ricerca',null,'N',{ts '2020-05-20 14:00:37.623'},'assistenza','Progetto di ricerca')
GO

-- FINE GENERAZIONE SCRIPT --


-- GENERAZIONE DATI PER coldescr --
IF exists(SELECT * FROM [coldescr] WHERE colname = 'budget' AND tablename = 'progetto')
UPDATE [coldescr] SET col_len = '9',col_precision = '14',col_scale = '2',description = 'Costo totale per l''ateneo',kind = 'S',lt = {ts '2020-10-30 08:32:49.150'},lu = 'assistenza',primarykey = 'N',sql_declaration = 'decimal(14,2)',sql_type = 'decimal',system_type = 'System.Decimal' WHERE colname = 'budget' AND tablename = 'progetto'
ELSE
INSERT INTO [coldescr] (colname,tablename,col_len,col_precision,col_scale,description,kind,lt,lu,primarykey,sql_declaration,sql_type,system_type) VALUES ('budget','progetto','9','14','2','Costo totale per l''ateneo','S',{ts '2020-10-30 08:32:49.150'},'assistenza','N','decimal(14,2)','decimal','System.Decimal')
GO

IF exists(SELECT * FROM [coldescr] WHERE colname = 'budgetcalcolato' AND tablename = 'progetto')
UPDATE [coldescr] SET col_len = '9',col_precision = '14',col_scale = '2',description = 'Costo totale effettivo per l''ateneo',kind = 'S',lt = {ts '2020-10-30 08:32:49.150'},lu = 'assistenza',primarykey = 'N',sql_declaration = 'decimal(14,2)',sql_type = 'decimal',system_type = 'System.Decimal' WHERE colname = 'budgetcalcolato' AND tablename = 'progetto'
ELSE
INSERT INTO [coldescr] (colname,tablename,col_len,col_precision,col_scale,description,kind,lt,lu,primarykey,sql_declaration,sql_type,system_type) VALUES ('budgetcalcolato','progetto','9','14','2','Costo totale effettivo per l''ateneo','S',{ts '2020-10-30 08:32:49.150'},'assistenza','N','decimal(14,2)','decimal','System.Decimal')
GO

IF exists(SELECT * FROM [coldescr] WHERE colname = 'budgetcalcolatodate' AND tablename = 'progetto')
UPDATE [coldescr] SET col_len = '8',col_precision = null,col_scale = null,description = 'Calcolato il',kind = 'S',lt = {ts '2020-10-26 10:44:21.677'},lu = 'assistenza',primarykey = 'N',sql_declaration = 'datetime',sql_type = 'datetime',system_type = 'System.DateTime' WHERE colname = 'budgetcalcolatodate' AND tablename = 'progetto'
ELSE
INSERT INTO [coldescr] (colname,tablename,col_len,col_precision,col_scale,description,kind,lt,lu,primarykey,sql_declaration,sql_type,system_type) VALUES ('budgetcalcolatodate','progetto','8',null,null,'Calcolato il','S',{ts '2020-10-26 10:44:21.677'},'assistenza','N','datetime','datetime','System.DateTime')
GO

IF exists(SELECT * FROM [coldescr] WHERE colname = 'capofilatxt' AND tablename = 'progetto')
UPDATE [coldescr] SET col_len = '2048',col_precision = null,col_scale = null,description = 'Ente capofila non censito',kind = 'S',lt = {ts '2020-10-26 10:22:18.617'},lu = 'assistenza',primarykey = 'N',sql_declaration = 'nvarchar(2048)',sql_type = 'nvarchar',system_type = 'System.String' WHERE colname = 'capofilatxt' AND tablename = 'progetto'
ELSE
INSERT INTO [coldescr] (colname,tablename,col_len,col_precision,col_scale,description,kind,lt,lu,primarykey,sql_declaration,sql_type,system_type) VALUES ('capofilatxt','progetto','2048',null,null,'Ente capofila non censito','S',{ts '2020-10-26 10:22:18.617'},'assistenza','N','nvarchar(2048)','nvarchar','System.String')
GO

IF exists(SELECT * FROM [coldescr] WHERE colname = 'codiceidentificativo' AND tablename = 'progetto')
UPDATE [coldescr] SET col_len = '2048',col_precision = null,col_scale = null,description = 'Codice identificativo',kind = 'S',lt = {ts '2020-10-30 08:33:43.240'},lu = 'assistenza',primarykey = 'N',sql_declaration = 'varchar(2048)',sql_type = 'varchar',system_type = 'System.String' WHERE colname = 'codiceidentificativo' AND tablename = 'progetto'
ELSE
INSERT INTO [coldescr] (colname,tablename,col_len,col_precision,col_scale,description,kind,lt,lu,primarykey,sql_declaration,sql_type,system_type) VALUES ('codiceidentificativo','progetto','2048',null,null,'Codice identificativo','S',{ts '2020-10-30 08:33:43.240'},'assistenza','N','varchar(2048)','varchar','System.String')
GO

IF exists(SELECT * FROM [coldescr] WHERE colname = 'contributo' AND tablename = 'progetto')
UPDATE [coldescr] SET col_len = '9',col_precision = '14',col_scale = '2',description = 'Cofinanziamento richiesto all''ateneo',kind = 'S',lt = {ts '2020-10-30 08:32:49.150'},lu = 'assistenza',primarykey = 'N',sql_declaration = 'decimal(14,2)',sql_type = 'decimal',system_type = 'System.Decimal' WHERE colname = 'contributo' AND tablename = 'progetto'
ELSE
INSERT INTO [coldescr] (colname,tablename,col_len,col_precision,col_scale,description,kind,lt,lu,primarykey,sql_declaration,sql_type,system_type) VALUES ('contributo','progetto','9','14','2','Cofinanziamento richiesto all''ateneo','S',{ts '2020-10-30 08:32:49.150'},'assistenza','N','decimal(14,2)','decimal','System.Decimal')
GO

IF exists(SELECT * FROM [coldescr] WHERE colname = 'contributoente' AND tablename = 'progetto')
UPDATE [coldescr] SET col_len = '9',col_precision = '14',col_scale = '2',description = 'Contributo totale richiesto dall''ateneo all?ente finanziatore',kind = 'S',lt = {ts '2020-11-04 16:51:02.247'},lu = 'assistenza',primarykey = 'N',sql_declaration = 'decimal(14,2)',sql_type = 'decimal',system_type = 'System.Decimal' WHERE colname = 'contributoente' AND tablename = 'progetto'
ELSE
INSERT INTO [coldescr] (colname,tablename,col_len,col_precision,col_scale,description,kind,lt,lu,primarykey,sql_declaration,sql_type,system_type) VALUES ('contributoente','progetto','9','14','2','Contributo totale richiesto dall''ateneo all?ente finanziatore','S',{ts '2020-11-04 16:51:02.247'},'assistenza','N','decimal(14,2)','decimal','System.Decimal')
GO

IF exists(SELECT * FROM [coldescr] WHERE colname = 'ct' AND tablename = 'progetto')
UPDATE [coldescr] SET col_len = '8',col_precision = null,col_scale = null,description = null,kind = 'S',lt = {ts '2020-05-20 14:00:40.020'},lu = 'assistenza',primarykey = 'N',sql_declaration = 'datetime',sql_type = 'datetime',system_type = 'System.DateTime' WHERE colname = 'ct' AND tablename = 'progetto'
ELSE
INSERT INTO [coldescr] (colname,tablename,col_len,col_precision,col_scale,description,kind,lt,lu,primarykey,sql_declaration,sql_type,system_type) VALUES ('ct','progetto','8',null,null,null,'S',{ts '2020-05-20 14:00:40.020'},'assistenza','N','datetime','datetime','System.DateTime')
GO

IF exists(SELECT * FROM [coldescr] WHERE colname = 'cu' AND tablename = 'progetto')
UPDATE [coldescr] SET col_len = '64',col_precision = null,col_scale = null,description = null,kind = 'S',lt = {ts '2020-05-20 14:00:40.020'},lu = 'assistenza',primarykey = 'N',sql_declaration = 'varchar(64)',sql_type = 'varchar',system_type = 'System.String' WHERE colname = 'cu' AND tablename = 'progetto'
ELSE
INSERT INTO [coldescr] (colname,tablename,col_len,col_precision,col_scale,description,kind,lt,lu,primarykey,sql_declaration,sql_type,system_type) VALUES ('cu','progetto','64',null,null,null,'S',{ts '2020-05-20 14:00:40.020'},'assistenza','N','varchar(64)','varchar','System.String')
GO

IF exists(SELECT * FROM [coldescr] WHERE colname = 'cup' AND tablename = 'progetto')
UPDATE [coldescr] SET col_len = '15',col_precision = null,col_scale = null,description = 'Codice univoco progetto (CUP)',kind = 'S',lt = {ts '2020-10-30 17:51:30.213'},lu = 'assistenza',primarykey = 'N',sql_declaration = 'varchar(15)',sql_type = 'varchar',system_type = 'System.String' WHERE colname = 'cup' AND tablename = 'progetto'
ELSE
INSERT INTO [coldescr] (colname,tablename,col_len,col_precision,col_scale,description,kind,lt,lu,primarykey,sql_declaration,sql_type,system_type) VALUES ('cup','progetto','15',null,null,'Codice univoco progetto (CUP)','S',{ts '2020-10-30 17:51:30.213'},'assistenza','N','varchar(15)','varchar','System.String')
GO

IF exists(SELECT * FROM [coldescr] WHERE colname = 'data' AND tablename = 'progetto')
UPDATE [coldescr] SET col_len = '3',col_precision = null,col_scale = null,description = 'Data di presentazione',kind = 'S',lt = {ts '2020-05-25 13:14:10.947'},lu = 'assistenza',primarykey = 'N',sql_declaration = 'date',sql_type = 'date',system_type = 'System.DateTime' WHERE colname = 'data' AND tablename = 'progetto'
ELSE
INSERT INTO [coldescr] (colname,tablename,col_len,col_precision,col_scale,description,kind,lt,lu,primarykey,sql_declaration,sql_type,system_type) VALUES ('data','progetto','3',null,null,'Data di presentazione','S',{ts '2020-05-25 13:14:10.947'},'assistenza','N','date','date','System.DateTime')
GO

IF exists(SELECT * FROM [coldescr] WHERE colname = 'description' AND tablename = 'progetto')
UPDATE [coldescr] SET col_len = '0',col_precision = null,col_scale = null,description = 'Descrizione',kind = 'S',lt = {ts '2020-05-20 14:03:58.150'},lu = 'assistenza',primarykey = 'N',sql_declaration = 'nvarchar(max)',sql_type = 'nvarchar',system_type = 'System.String' WHERE colname = 'description' AND tablename = 'progetto'
ELSE
INSERT INTO [coldescr] (colname,tablename,col_len,col_precision,col_scale,description,kind,lt,lu,primarykey,sql_declaration,sql_type,system_type) VALUES ('description','progetto','0',null,null,'Descrizione','S',{ts '2020-05-20 14:03:58.150'},'assistenza','N','nvarchar(max)','nvarchar','System.String')
GO

IF exists(SELECT * FROM [coldescr] WHERE colname = 'durata' AND tablename = 'progetto')
UPDATE [coldescr] SET col_len = '4',col_precision = null,col_scale = null,description = null,kind = 'S',lt = {ts '2020-05-25 13:11:44.723'},lu = 'assistenza',primarykey = 'N',sql_declaration = 'int',sql_type = 'int',system_type = 'System.Int32' WHERE colname = 'durata' AND tablename = 'progetto'
ELSE
INSERT INTO [coldescr] (colname,tablename,col_len,col_precision,col_scale,description,kind,lt,lu,primarykey,sql_declaration,sql_type,system_type) VALUES ('durata','progetto','4',null,null,null,'S',{ts '2020-05-25 13:11:44.723'},'assistenza','N','int','int','System.Int32')
GO

IF exists(SELECT * FROM [coldescr] WHERE colname = 'finanziatoretxt' AND tablename = 'progetto')
UPDATE [coldescr] SET col_len = '2048',col_precision = null,col_scale = null,description = 'Ente finanziatore non censito',kind = 'S',lt = {ts '2020-10-26 10:22:18.617'},lu = 'assistenza',primarykey = 'N',sql_declaration = 'nvarchar(2048)',sql_type = 'nvarchar',system_type = 'System.String' WHERE colname = 'finanziatoretxt' AND tablename = 'progetto'
ELSE
INSERT INTO [coldescr] (colname,tablename,col_len,col_precision,col_scale,description,kind,lt,lu,primarykey,sql_declaration,sql_type,system_type) VALUES ('finanziatoretxt','progetto','2048',null,null,'Ente finanziatore non censito','S',{ts '2020-10-26 10:22:18.617'},'assistenza','N','nvarchar(2048)','nvarchar','System.String')
GO

IF exists(SELECT * FROM [coldescr] WHERE colname = 'idcorsostudio' AND tablename = 'progetto')
UPDATE [coldescr] SET col_len = '4',col_precision = null,col_scale = null,description = 'Didattica',kind = 'S',lt = {ts '2020-06-05 15:48:03.440'},lu = 'assistenza',primarykey = 'N',sql_declaration = 'int',sql_type = 'int',system_type = 'System.Int32' WHERE colname = 'idcorsostudio' AND tablename = 'progetto'
ELSE
INSERT INTO [coldescr] (colname,tablename,col_len,col_precision,col_scale,description,kind,lt,lu,primarykey,sql_declaration,sql_type,system_type) VALUES ('idcorsostudio','progetto','4',null,null,'Didattica','S',{ts '2020-06-05 15:48:03.440'},'assistenza','N','int','int','System.Int32')
GO

IF exists(SELECT * FROM [coldescr] WHERE colname = 'idcurrency' AND tablename = 'progetto')
UPDATE [coldescr] SET col_len = '4',col_precision = null,col_scale = null,description = 'Codice valuta',kind = 'S',lt = {ts '2020-11-02 18:34:42.180'},lu = 'assistenza',primarykey = 'N',sql_declaration = 'int',sql_type = 'int',system_type = 'System.Int32' WHERE colname = 'idcurrency' AND tablename = 'progetto'
ELSE
INSERT INTO [coldescr] (colname,tablename,col_len,col_precision,col_scale,description,kind,lt,lu,primarykey,sql_declaration,sql_type,system_type) VALUES ('idcurrency','progetto','4',null,null,'Codice valuta','S',{ts '2020-11-02 18:34:42.180'},'assistenza','N','int','int','System.Int32')
GO

IF exists(SELECT * FROM [coldescr] WHERE colname = 'idduratakind' AND tablename = 'progetto')
UPDATE [coldescr] SET col_len = '4',col_precision = null,col_scale = null,description = 'Espressa in',kind = 'S',lt = {ts '2020-05-25 13:14:10.947'},lu = 'assistenza',primarykey = 'N',sql_declaration = 'int',sql_type = 'int',system_type = 'System.Int32' WHERE colname = 'idduratakind' AND tablename = 'progetto'
ELSE
INSERT INTO [coldescr] (colname,tablename,col_len,col_precision,col_scale,description,kind,lt,lu,primarykey,sql_declaration,sql_type,system_type) VALUES ('idduratakind','progetto','4',null,null,'Espressa in','S',{ts '2020-05-25 13:14:10.947'},'assistenza','N','int','int','System.Int32')
GO

IF exists(SELECT * FROM [coldescr] WHERE colname = 'idprogetto' AND tablename = 'progetto')
UPDATE [coldescr] SET col_len = '4',col_precision = null,col_scale = null,description = 'Codice interno',kind = 'S',lt = {ts '2020-10-30 08:33:16.517'},lu = 'assistenza',primarykey = 'S',sql_declaration = 'int',sql_type = 'int',system_type = 'System.Int32' WHERE colname = 'idprogetto' AND tablename = 'progetto'
ELSE
INSERT INTO [coldescr] (colname,tablename,col_len,col_precision,col_scale,description,kind,lt,lu,primarykey,sql_declaration,sql_type,system_type) VALUES ('idprogetto','progetto','4',null,null,'Codice interno','S',{ts '2020-10-30 08:33:16.517'},'assistenza','S','int','int','System.Int32')
GO

IF exists(SELECT * FROM [coldescr] WHERE colname = 'idprogettokind' AND tablename = 'progetto')
UPDATE [coldescr] SET col_len = '4',col_precision = null,col_scale = null,description = 'Tipo di progetto o attivit?',kind = 'S',lt = {ts '2020-11-04 16:52:57.667'},lu = 'assistenza',primarykey = 'N',sql_declaration = 'int',sql_type = 'int',system_type = 'System.Int32' WHERE colname = 'idprogettokind' AND tablename = 'progetto'
ELSE
INSERT INTO [coldescr] (colname,tablename,col_len,col_precision,col_scale,description,kind,lt,lu,primarykey,sql_declaration,sql_type,system_type) VALUES ('idprogettokind','progetto','4',null,null,'Tipo di progetto o attivit?','S',{ts '2020-11-04 16:52:57.667'},'assistenza','N','int','int','System.Int32')
GO

IF exists(SELECT * FROM [coldescr] WHERE colname = 'idprogettostatuskind' AND tablename = 'progetto')
UPDATE [coldescr] SET col_len = '4',col_precision = null,col_scale = null,description = 'Stato del progetto o attivit?',kind = 'S',lt = {ts '2020-09-30 16:14:37.087'},lu = 'assistenza',primarykey = 'N',sql_declaration = 'int',sql_type = 'int',system_type = 'System.Int32' WHERE colname = 'idprogettostatuskind' AND tablename = 'progetto'
ELSE
INSERT INTO [coldescr] (colname,tablename,col_len,col_precision,col_scale,description,kind,lt,lu,primarykey,sql_declaration,sql_type,system_type) VALUES ('idprogettostatuskind','progetto','4',null,null,'Stato del progetto o attivit?','S',{ts '2020-09-30 16:14:37.087'},'assistenza','N','int','int','System.Int32')
GO

IF exists(SELECT * FROM [coldescr] WHERE colname = 'idreg' AND tablename = 'progetto')
UPDATE [coldescr] SET col_len = '4',col_precision = null,col_scale = null,description = 'Principal investigator / Responsabile di progetto ',kind = 'S',lt = {ts '2020-07-15 17:09:18.147'},lu = 'assistenza',primarykey = 'N',sql_declaration = 'int',sql_type = 'int',system_type = 'System.Int32' WHERE colname = 'idreg' AND tablename = 'progetto'
ELSE
INSERT INTO [coldescr] (colname,tablename,col_len,col_precision,col_scale,description,kind,lt,lu,primarykey,sql_declaration,sql_type,system_type) VALUES ('idreg','progetto','4',null,null,'Principal investigator / Responsabile di progetto ','S',{ts '2020-07-15 17:09:18.147'},'assistenza','N','int','int','System.Int32')
GO

IF exists(SELECT * FROM [coldescr] WHERE colname = 'idreg_aziende' AND tablename = 'progetto')
UPDATE [coldescr] SET col_len = '4',col_precision = null,col_scale = null,description = 'Ente capofila',kind = 'S',lt = {ts '2020-06-12 15:56:06.547'},lu = 'assistenza',primarykey = 'N',sql_declaration = 'int',sql_type = 'int',system_type = 'System.Int32' WHERE colname = 'idreg_aziende' AND tablename = 'progetto'
ELSE
INSERT INTO [coldescr] (colname,tablename,col_len,col_precision,col_scale,description,kind,lt,lu,primarykey,sql_declaration,sql_type,system_type) VALUES ('idreg_aziende','progetto','4',null,null,'Ente capofila','S',{ts '2020-06-12 15:56:06.547'},'assistenza','N','int','int','System.Int32')
GO

IF exists(SELECT * FROM [coldescr] WHERE colname = 'idreg_aziende_fin' AND tablename = 'progetto')
UPDATE [coldescr] SET col_len = '4',col_precision = null,col_scale = null,description = 'Ente finanziatore',kind = 'S',lt = {ts '2020-06-12 15:56:06.547'},lu = 'assistenza',primarykey = 'N',sql_declaration = 'int',sql_type = 'int',system_type = 'System.Int32' WHERE colname = 'idreg_aziende_fin' AND tablename = 'progetto'
ELSE
INSERT INTO [coldescr] (colname,tablename,col_len,col_precision,col_scale,description,kind,lt,lu,primarykey,sql_declaration,sql_type,system_type) VALUES ('idreg_aziende_fin','progetto','4',null,null,'Ente finanziatore','S',{ts '2020-06-12 15:56:06.547'},'assistenza','N','int','int','System.Int32')
GO

IF exists(SELECT * FROM [coldescr] WHERE colname = 'idregistryprogfin' AND tablename = 'progetto')
UPDATE [coldescr] SET col_len = '4',col_precision = null,col_scale = null,description = 'Programma di finanziamento',kind = 'S',lt = {ts '2020-06-12 15:56:06.547'},lu = 'assistenza',primarykey = 'N',sql_declaration = 'int',sql_type = 'int',system_type = 'System.Int32' WHERE colname = 'idregistryprogfin' AND tablename = 'progetto'
ELSE
INSERT INTO [coldescr] (colname,tablename,col_len,col_precision,col_scale,description,kind,lt,lu,primarykey,sql_declaration,sql_type,system_type) VALUES ('idregistryprogfin','progetto','4',null,null,'Programma di finanziamento','S',{ts '2020-06-12 15:56:06.547'},'assistenza','N','int','int','System.Int32')
GO

IF exists(SELECT * FROM [coldescr] WHERE colname = 'idregistryprogfinbando' AND tablename = 'progetto')
UPDATE [coldescr] SET col_len = '4',col_precision = null,col_scale = null,description = 'Bando di riferimento',kind = 'S',lt = {ts '2020-06-12 18:11:47.253'},lu = 'assistenza',primarykey = 'N',sql_declaration = 'int',sql_type = 'int',system_type = 'System.Int32' WHERE colname = 'idregistryprogfinbando' AND tablename = 'progetto'
ELSE
INSERT INTO [coldescr] (colname,tablename,col_len,col_precision,col_scale,description,kind,lt,lu,primarykey,sql_declaration,sql_type,system_type) VALUES ('idregistryprogfinbando','progetto','4',null,null,'Bando di riferimento','S',{ts '2020-06-12 18:11:47.253'},'assistenza','N','int','int','System.Int32')
GO

IF exists(SELECT * FROM [coldescr] WHERE colname = 'lt' AND tablename = 'progetto')
UPDATE [coldescr] SET col_len = '8',col_precision = null,col_scale = null,description = null,kind = 'S',lt = {ts '2020-05-20 14:00:40.020'},lu = 'assistenza',primarykey = 'N',sql_declaration = 'datetime',sql_type = 'datetime',system_type = 'System.DateTime' WHERE colname = 'lt' AND tablename = 'progetto'
ELSE
INSERT INTO [coldescr] (colname,tablename,col_len,col_precision,col_scale,description,kind,lt,lu,primarykey,sql_declaration,sql_type,system_type) VALUES ('lt','progetto','8',null,null,null,'S',{ts '2020-05-20 14:00:40.020'},'assistenza','N','datetime','datetime','System.DateTime')
GO

IF exists(SELECT * FROM [coldescr] WHERE colname = 'lu' AND tablename = 'progetto')
UPDATE [coldescr] SET col_len = '64',col_precision = null,col_scale = null,description = null,kind = 'S',lt = {ts '2020-05-20 14:00:40.020'},lu = 'assistenza',primarykey = 'N',sql_declaration = 'varchar(64)',sql_type = 'varchar',system_type = 'System.String' WHERE colname = 'lu' AND tablename = 'progetto'
ELSE
INSERT INTO [coldescr] (colname,tablename,col_len,col_precision,col_scale,description,kind,lt,lu,primarykey,sql_declaration,sql_type,system_type) VALUES ('lu','progetto','64',null,null,null,'S',{ts '2020-05-20 14:00:40.020'},'assistenza','N','varchar(64)','varchar','System.String')
GO

IF exists(SELECT * FROM [coldescr] WHERE colname = 'start' AND tablename = 'progetto')
UPDATE [coldescr] SET col_len = '3',col_precision = null,col_scale = null,description = 'Data di inizio',kind = 'S',lt = {ts '2020-06-05 15:48:03.440'},lu = 'assistenza',primarykey = 'N',sql_declaration = 'date',sql_type = 'date',system_type = 'System.DateTime' WHERE colname = 'start' AND tablename = 'progetto'
ELSE
INSERT INTO [coldescr] (colname,tablename,col_len,col_precision,col_scale,description,kind,lt,lu,primarykey,sql_declaration,sql_type,system_type) VALUES ('start','progetto','3',null,null,'Data di inizio','S',{ts '2020-06-05 15:48:03.440'},'assistenza','N','date','date','System.DateTime')
GO

IF exists(SELECT * FROM [coldescr] WHERE colname = 'stop' AND tablename = 'progetto')
UPDATE [coldescr] SET col_len = '3',col_precision = null,col_scale = null,description = 'Data di fine',kind = 'S',lt = {ts '2020-06-05 15:48:03.440'},lu = 'assistenza',primarykey = 'N',sql_declaration = 'date',sql_type = 'date',system_type = 'System.DateTime' WHERE colname = 'stop' AND tablename = 'progetto'
ELSE
INSERT INTO [coldescr] (colname,tablename,col_len,col_precision,col_scale,description,kind,lt,lu,primarykey,sql_declaration,sql_type,system_type) VALUES ('stop','progetto','3',null,null,'Data di fine','S',{ts '2020-06-05 15:48:03.440'},'assistenza','N','date','date','System.DateTime')
GO

IF exists(SELECT * FROM [coldescr] WHERE colname = 'title' AND tablename = 'progetto')
UPDATE [coldescr] SET col_len = '4000',col_precision = null,col_scale = null,description = 'Titolo',kind = 'S',lt = {ts '2020-10-30 08:32:49.150'},lu = 'assistenza',primarykey = 'N',sql_declaration = 'nvarchar(4000)',sql_type = 'nvarchar',system_type = 'System.String' WHERE colname = 'title' AND tablename = 'progetto'
ELSE
INSERT INTO [coldescr] (colname,tablename,col_len,col_precision,col_scale,description,kind,lt,lu,primarykey,sql_declaration,sql_type,system_type) VALUES ('title','progetto','4000',null,null,'Titolo','S',{ts '2020-10-30 08:32:49.150'},'assistenza','N','nvarchar(4000)','nvarchar','System.String')
GO

IF exists(SELECT * FROM [coldescr] WHERE colname = 'titolobreve' AND tablename = 'progetto')
UPDATE [coldescr] SET col_len = '2048',col_precision = null,col_scale = null,description = 'Titolo breve o acronimo',kind = 'S',lt = {ts '2020-05-20 14:03:58.153'},lu = 'assistenza',primarykey = 'N',sql_declaration = 'nvarchar(2048)',sql_type = 'nvarchar',system_type = 'System.String' WHERE colname = 'titolobreve' AND tablename = 'progetto'
ELSE
INSERT INTO [coldescr] (colname,tablename,col_len,col_precision,col_scale,description,kind,lt,lu,primarykey,sql_declaration,sql_type,system_type) VALUES ('titolobreve','progetto','2048',null,null,'Titolo breve o acronimo','S',{ts '2020-05-20 14:03:58.153'},'assistenza','N','nvarchar(2048)','nvarchar','System.String')
GO

IF exists(SELECT * FROM [coldescr] WHERE colname = 'totalbudget' AND tablename = 'progetto')
UPDATE [coldescr] SET col_len = '9',col_precision = '14',col_scale = '2',description = 'Costo globale del progetto per tutto il partenariato',kind = 'S',lt = {ts '2020-10-30 08:32:49.150'},lu = 'assistenza',primarykey = 'N',sql_declaration = 'decimal(14,2)',sql_type = 'decimal',system_type = 'System.Decimal' WHERE colname = 'totalbudget' AND tablename = 'progetto'
ELSE
INSERT INTO [coldescr] (colname,tablename,col_len,col_precision,col_scale,description,kind,lt,lu,primarykey,sql_declaration,sql_type,system_type) VALUES ('totalbudget','progetto','9','14','2','Costo globale del progetto per tutto il partenariato','S',{ts '2020-10-30 08:32:49.150'},'assistenza','N','decimal(14,2)','decimal','System.Decimal')
GO

IF exists(SELECT * FROM [coldescr] WHERE colname = 'totalcontributo' AND tablename = 'progetto')
UPDATE [coldescr] SET col_len = '9',col_precision = '14',col_scale = '2',description = 'Contributo globale del progetto per tutto il partenariato',kind = 'S',lt = {ts '2020-10-30 08:32:49.150'},lu = 'assistenza',primarykey = 'N',sql_declaration = 'decimal(14,2)',sql_type = 'decimal',system_type = 'System.Decimal' WHERE colname = 'totalcontributo' AND tablename = 'progetto'
ELSE
INSERT INTO [coldescr] (colname,tablename,col_len,col_precision,col_scale,description,kind,lt,lu,primarykey,sql_declaration,sql_type,system_type) VALUES ('totalcontributo','progetto','9','14','2','Contributo globale del progetto per tutto il partenariato','S',{ts '2020-10-30 08:32:49.150'},'assistenza','N','decimal(14,2)','decimal','System.Decimal')
GO

IF exists(SELECT * FROM [coldescr] WHERE colname = 'url' AND tablename = 'progetto')
UPDATE [coldescr] SET col_len = '1024',col_precision = null,col_scale = null,description = 'URL del sito del progetto',kind = 'S',lt = {ts '2020-11-02 18:28:26.997'},lu = 'assistenza',primarykey = 'N',sql_declaration = 'varchar(1024)',sql_type = 'varchar',system_type = 'System.String' WHERE colname = 'url' AND tablename = 'progetto'
ELSE
INSERT INTO [coldescr] (colname,tablename,col_len,col_precision,col_scale,description,kind,lt,lu,primarykey,sql_declaration,sql_type,system_type) VALUES ('url','progetto','1024',null,null,'URL del sito del progetto','S',{ts '2020-11-02 18:28:26.997'},'assistenza','N','varchar(1024)','varchar','System.String')
GO

-- FINE GENERAZIONE SCRIPT --

--[DBO]--
-- CREAZIONE TABELLA progettoasset --
IF NOT EXISTS(select * from sysobjects where id = object_id(N'[dbo].[progettoasset]') and OBJECTPROPERTY(id, N'IsUserTable') = 1)
BEGIN
CREATE TABLE [dbo].[progettoasset] (
idprogetto int NOT NULL,
idasset int NOT NULL,
idpiece int NOT NULL,
aggiunta char(1) NULL,
costoorario decimal(10,2) NULL,
ct datetime NOT NULL,
cu varchar(64) NOT NULL,
lt datetime NOT NULL,
lu varchar(64) NOT NULL,
 CONSTRAINT xpkprogettoasset PRIMARY KEY (idprogetto,
idasset,
idpiece
)
)
END
GO

-- VERIFICA STRUTTURA progettoasset --
IF NOT exists(select * from [sysobjects] as T inner join syscolumns C on T.ID = C.ID where t.name = 'progettoasset' and C.name = 'idprogetto' AND (T.uid = USER_ID( ) OR T.uid = USER_ID('dbo')))
BEGIN
	ALTER TABLE [progettoasset] ADD idprogetto int NOT NULL DEFAULT 0
	declare @vincolo varchar(100)
	select @vincolo = object_name(const.constid) from syscolumns col join sysconstraints const on const.id = col.id and const.colid = col.colid where col.id = object_id('progettoasset') and col.name = 'idprogetto' and objectproperty(const.constid, 'IsDefaultCnst')=1
	exec ('ALTER TABLE [progettoasset] drop constraint '+@vincolo)
END
GO

IF NOT exists(select * from [sysobjects] as T inner join syscolumns C on T.ID = C.ID where t.name = 'progettoasset' and C.name = 'idasset' AND (T.uid = USER_ID( ) OR T.uid = USER_ID('dbo')))
BEGIN
	ALTER TABLE [progettoasset] ADD idasset int NOT NULL DEFAULT 0
	declare @vincolo varchar(100)
	select @vincolo = object_name(const.constid) from syscolumns col join sysconstraints const on const.id = col.id and const.colid = col.colid where col.id = object_id('progettoasset') and col.name = 'idasset' and objectproperty(const.constid, 'IsDefaultCnst')=1
	exec ('ALTER TABLE [progettoasset] drop constraint '+@vincolo)
END
GO

IF NOT exists(select * from [sysobjects] as T inner join syscolumns C on T.ID = C.ID where t.name = 'progettoasset' and C.name = 'idpiece' AND (T.uid = USER_ID( ) OR T.uid = USER_ID('dbo')))
BEGIN
	ALTER TABLE [progettoasset] ADD idpiece int NOT NULL DEFAULT 0
	declare @vincolo varchar(100)
	select @vincolo = object_name(const.constid) from syscolumns col join sysconstraints const on const.id = col.id and const.colid = col.colid where col.id = object_id('progettoasset') and col.name = 'idpiece' and objectproperty(const.constid, 'IsDefaultCnst')=1
	exec ('ALTER TABLE [progettoasset] drop constraint '+@vincolo)
END
GO

IF NOT exists(select * from [sysobjects] as T inner join syscolumns C on T.ID = C.ID where t.name = 'progettoasset' and C.name = 'aggiunta' AND (T.uid = USER_ID( ) OR T.uid = USER_ID('dbo')))
BEGIN
	ALTER TABLE [progettoasset] ADD aggiunta char(1) NULL 
END
ELSE
	ALTER TABLE [progettoasset] ALTER COLUMN aggiunta char(1) NULL
GO

IF NOT exists(select * from [sysobjects] as T inner join syscolumns C on T.ID = C.ID where t.name = 'progettoasset' and C.name = 'costoorario' AND (T.uid = USER_ID( ) OR T.uid = USER_ID('dbo')))
BEGIN
	ALTER TABLE [progettoasset] ADD costoorario decimal(10,2) NULL 
END
ELSE
	ALTER TABLE [progettoasset] ALTER COLUMN costoorario decimal(10,2) NULL
GO

IF NOT exists(select * from [sysobjects] as T inner join syscolumns C on T.ID = C.ID where t.name = 'progettoasset' and C.name = 'ct' AND (T.uid = USER_ID( ) OR T.uid = USER_ID('dbo')))
BEGIN
	ALTER TABLE [progettoasset] ADD ct datetime NOT NULL DEFAULT 01/01/1000
	declare @vincolo varchar(100)
	select @vincolo = object_name(const.constid) from syscolumns col join sysconstraints const on const.id = col.id and const.colid = col.colid where col.id = object_id('progettoasset') and col.name = 'ct' and objectproperty(const.constid, 'IsDefaultCnst')=1
	exec ('ALTER TABLE [progettoasset] drop constraint '+@vincolo)
END
ELSE
	ALTER TABLE [progettoasset] ALTER COLUMN ct datetime NOT NULL
GO

IF NOT exists(select * from [sysobjects] as T inner join syscolumns C on T.ID = C.ID where t.name = 'progettoasset' and C.name = 'cu' AND (T.uid = USER_ID( ) OR T.uid = USER_ID('dbo')))
BEGIN
	ALTER TABLE [progettoasset] ADD cu varchar(64) NOT NULL DEFAULT ''
	declare @vincolo varchar(100)
	select @vincolo = object_name(const.constid) from syscolumns col join sysconstraints const on const.id = col.id and const.colid = col.colid where col.id = object_id('progettoasset') and col.name = 'cu' and objectproperty(const.constid, 'IsDefaultCnst')=1
	exec ('ALTER TABLE [progettoasset] drop constraint '+@vincolo)
END
ELSE
	ALTER TABLE [progettoasset] ALTER COLUMN cu varchar(64) NOT NULL
GO

IF NOT exists(select * from [sysobjects] as T inner join syscolumns C on T.ID = C.ID where t.name = 'progettoasset' and C.name = 'lt' AND (T.uid = USER_ID( ) OR T.uid = USER_ID('dbo')))
BEGIN
	ALTER TABLE [progettoasset] ADD lt datetime NOT NULL DEFAULT 01/01/1000
	declare @vincolo varchar(100)
	select @vincolo = object_name(const.constid) from syscolumns col join sysconstraints const on const.id = col.id and const.colid = col.colid where col.id = object_id('progettoasset') and col.name = 'lt' and objectproperty(const.constid, 'IsDefaultCnst')=1
	exec ('ALTER TABLE [progettoasset] drop constraint '+@vincolo)
END
ELSE
	ALTER TABLE [progettoasset] ALTER COLUMN lt datetime NOT NULL
GO

IF NOT exists(select * from [sysobjects] as T inner join syscolumns C on T.ID = C.ID where t.name = 'progettoasset' and C.name = 'lu' AND (T.uid = USER_ID( ) OR T.uid = USER_ID('dbo')))
BEGIN
	ALTER TABLE [progettoasset] ADD lu varchar(64) NOT NULL DEFAULT ''
	declare @vincolo varchar(100)
	select @vincolo = object_name(const.constid) from syscolumns col join sysconstraints const on const.id = col.id and const.colid = col.colid where col.id = object_id('progettoasset') and col.name = 'lu' and objectproperty(const.constid, 'IsDefaultCnst')=1
	exec ('ALTER TABLE [progettoasset] drop constraint '+@vincolo)
END
ELSE
	ALTER TABLE [progettoasset] ALTER COLUMN lu varchar(64) NOT NULL
GO

-- VERIFICA DI progettoasset IN COLUMNTYPES --
DELETE FROM columntypes WHERE tablename = 'progettoasset'
INSERT INTO columntypes (format,allownull,tablename,sqldeclaration,createuser,field,col_len,denynull,sqltype,systemtype,defaultvalue,col_scale,lastmoduser,col_precision,iskey) VALUES('','N','progettoasset','int','assistenza','idasset','4','S','int','System.Int32','','','''assistenza''','','S')
GO

INSERT INTO columntypes (format,allownull,tablename,sqldeclaration,createuser,field,col_len,denynull,sqltype,systemtype,defaultvalue,col_scale,lastmoduser,col_precision,iskey) VALUES('','N','progettoasset','int','assistenza','idpiece','4','S','int','System.Int32','','','''assistenza''','','S')
GO

INSERT INTO columntypes (format,allownull,tablename,sqldeclaration,createuser,field,col_len,denynull,sqltype,systemtype,defaultvalue,col_scale,lastmoduser,col_precision,iskey) VALUES('','N','progettoasset','int','assistenza','idprogetto','4','S','int','System.Int32','','','''assistenza''','','S')
GO

INSERT INTO columntypes (format,allownull,tablename,sqldeclaration,createuser,field,col_len,denynull,sqltype,systemtype,defaultvalue,col_scale,lastmoduser,col_precision,iskey) VALUES('','S','progettoasset','char(1)','assistenza','aggiunta','1','N','char','System.String','','','''assistenza''','','N')
GO

INSERT INTO columntypes (format,allownull,tablename,sqldeclaration,createuser,field,col_len,denynull,sqltype,systemtype,defaultvalue,col_scale,lastmoduser,col_precision,iskey) VALUES('','S','progettoasset','decimal(10,2)','assistenza','costoorario','9','N','decimal','System.Decimal','','2','''assistenza''','10','N')
GO

INSERT INTO columntypes (format,allownull,tablename,sqldeclaration,createuser,field,col_len,denynull,sqltype,systemtype,defaultvalue,col_scale,lastmoduser,col_precision,iskey) VALUES('','N','progettoasset','datetime','assistenza','ct','8','S','datetime','System.DateTime','','','''assistenza''','','N')
GO

INSERT INTO columntypes (format,allownull,tablename,sqldeclaration,createuser,field,col_len,denynull,sqltype,systemtype,defaultvalue,col_scale,lastmoduser,col_precision,iskey) VALUES('','N','progettoasset','varchar(64)','assistenza','cu','64','S','varchar','System.String','','','''assistenza''','','N')
GO

INSERT INTO columntypes (format,allownull,tablename,sqldeclaration,createuser,field,col_len,denynull,sqltype,systemtype,defaultvalue,col_scale,lastmoduser,col_precision,iskey) VALUES('','N','progettoasset','datetime','assistenza','lt','8','S','datetime','System.DateTime','','','''assistenza''','','N')
GO

INSERT INTO columntypes (format,allownull,tablename,sqldeclaration,createuser,field,col_len,denynull,sqltype,systemtype,defaultvalue,col_scale,lastmoduser,col_precision,iskey) VALUES('','N','progettoasset','varchar(64)','assistenza','lu','64','S','varchar','System.String','','','''assistenza''','','N')
GO

-- VERIFICA DI progettoasset IN CUSTOMOBJECT --
IF EXISTS(select * from customobject where objectname = 'progettoasset')
UPDATE customobject set isreal = 'S' where objectname = 'progettoasset'
ELSE
INSERT INTO customobject (objectname, isreal) values('progettoasset', 'S')
GO
-- FINE GENERAZIONE SCRIPT --


-- GENERAZIONE DATI PER tabledescr --
IF exists(SELECT * FROM [tabledescr] WHERE tablename = 'progettoasset')
UPDATE [tabledescr] SET description = 'Beni strumentali in uso nel progetto o attivit?',idapplication = null,isdbo = 'N',lt = {ts '2020-06-18 12:52:45.760'},lu = 'assistenza',title = 'Beni strumentali in uso nel progetto o attivit?' WHERE tablename = 'progettoasset'
ELSE
INSERT INTO [tabledescr] (tablename,description,idapplication,isdbo,lt,lu,title) VALUES ('progettoasset','Beni strumentali in uso nel progetto o attivit?',null,'N',{ts '2020-06-18 12:52:45.760'},'assistenza','Beni strumentali in uso nel progetto o attivit?')
GO

-- FINE GENERAZIONE SCRIPT --


-- GENERAZIONE DATI PER coldescr --
IF exists(SELECT * FROM [coldescr] WHERE colname = 'aggiunta' AND tablename = 'progettoasset')
UPDATE [coldescr] SET col_len = '1',col_precision = null,col_scale = null,description = 'Costo orario aggiuntivo o sostitutivo al costo di ammortamento',kind = 'S',lt = {ts '2020-11-17 13:02:52.377'},lu = 'assistenza',primarykey = 'N',sql_declaration = 'char(1)',sql_type = 'char',system_type = 'System.String' WHERE colname = 'aggiunta' AND tablename = 'progettoasset'
ELSE
INSERT INTO [coldescr] (colname,tablename,col_len,col_precision,col_scale,description,kind,lt,lu,primarykey,sql_declaration,sql_type,system_type) VALUES ('aggiunta','progettoasset','1',null,null,'Costo orario aggiuntivo o sostitutivo al costo di ammortamento','S',{ts '2020-11-17 13:02:52.377'},'assistenza','N','char(1)','char','System.String')
GO

IF exists(SELECT * FROM [coldescr] WHERE colname = 'costoorario' AND tablename = 'progettoasset')
UPDATE [coldescr] SET col_len = '9',col_precision = '10',col_scale = '2',description = 'Costo orario',kind = 'S',lt = {ts '2020-11-17 13:02:52.383'},lu = 'assistenza',primarykey = 'N',sql_declaration = 'decimal(10,2)',sql_type = 'decimal',system_type = 'System.Decimal' WHERE colname = 'costoorario' AND tablename = 'progettoasset'
ELSE
INSERT INTO [coldescr] (colname,tablename,col_len,col_precision,col_scale,description,kind,lt,lu,primarykey,sql_declaration,sql_type,system_type) VALUES ('costoorario','progettoasset','9','10','2','Costo orario','S',{ts '2020-11-17 13:02:52.383'},'assistenza','N','decimal(10,2)','decimal','System.Decimal')
GO

IF exists(SELECT * FROM [coldescr] WHERE colname = 'ct' AND tablename = 'progettoasset')
UPDATE [coldescr] SET col_len = '8',col_precision = null,col_scale = null,description = null,kind = 'S',lt = {ts '2020-06-18 12:52:48.613'},lu = 'assistenza',primarykey = 'N',sql_declaration = 'datetime',sql_type = 'datetime',system_type = 'System.DateTime' WHERE colname = 'ct' AND tablename = 'progettoasset'
ELSE
INSERT INTO [coldescr] (colname,tablename,col_len,col_precision,col_scale,description,kind,lt,lu,primarykey,sql_declaration,sql_type,system_type) VALUES ('ct','progettoasset','8',null,null,null,'S',{ts '2020-06-18 12:52:48.613'},'assistenza','N','datetime','datetime','System.DateTime')
GO

IF exists(SELECT * FROM [coldescr] WHERE colname = 'cu' AND tablename = 'progettoasset')
UPDATE [coldescr] SET col_len = '64',col_precision = null,col_scale = null,description = null,kind = 'S',lt = {ts '2020-06-18 12:52:48.613'},lu = 'assistenza',primarykey = 'N',sql_declaration = 'varchar(64)',sql_type = 'varchar',system_type = 'System.String' WHERE colname = 'cu' AND tablename = 'progettoasset'
ELSE
INSERT INTO [coldescr] (colname,tablename,col_len,col_precision,col_scale,description,kind,lt,lu,primarykey,sql_declaration,sql_type,system_type) VALUES ('cu','progettoasset','64',null,null,null,'S',{ts '2020-06-18 12:52:48.613'},'assistenza','N','varchar(64)','varchar','System.String')
GO

IF exists(SELECT * FROM [coldescr] WHERE colname = 'idasset' AND tablename = 'progettoasset')
UPDATE [coldescr] SET col_len = '4',col_precision = null,col_scale = null,description = 'Bene',kind = 'S',lt = {ts '2020-06-18 13:03:11.497'},lu = 'assistenza',primarykey = 'S',sql_declaration = 'int',sql_type = 'int',system_type = 'System.Int32' WHERE colname = 'idasset' AND tablename = 'progettoasset'
ELSE
INSERT INTO [coldescr] (colname,tablename,col_len,col_precision,col_scale,description,kind,lt,lu,primarykey,sql_declaration,sql_type,system_type) VALUES ('idasset','progettoasset','4',null,null,'Bene','S',{ts '2020-06-18 13:03:11.497'},'assistenza','S','int','int','System.Int32')
GO

IF exists(SELECT * FROM [coldescr] WHERE colname = 'idpiece' AND tablename = 'progettoasset')
UPDATE [coldescr] SET col_len = '4',col_precision = null,col_scale = null,description = 'Parte',kind = 'S',lt = {ts '2020-06-18 13:03:11.497'},lu = 'assistenza',primarykey = 'S',sql_declaration = 'int',sql_type = 'int',system_type = 'System.Int32' WHERE colname = 'idpiece' AND tablename = 'progettoasset'
ELSE
INSERT INTO [coldescr] (colname,tablename,col_len,col_precision,col_scale,description,kind,lt,lu,primarykey,sql_declaration,sql_type,system_type) VALUES ('idpiece','progettoasset','4',null,null,'Parte','S',{ts '2020-06-18 13:03:11.497'},'assistenza','S','int','int','System.Int32')
GO

IF exists(SELECT * FROM [coldescr] WHERE colname = 'idprogetto' AND tablename = 'progettoasset')
UPDATE [coldescr] SET col_len = '4',col_precision = null,col_scale = null,description = 'Progetto',kind = 'S',lt = {ts '2020-06-18 13:03:11.497'},lu = 'assistenza',primarykey = 'S',sql_declaration = 'int',sql_type = 'int',system_type = 'System.Int32' WHERE colname = 'idprogetto' AND tablename = 'progettoasset'
ELSE
INSERT INTO [coldescr] (colname,tablename,col_len,col_precision,col_scale,description,kind,lt,lu,primarykey,sql_declaration,sql_type,system_type) VALUES ('idprogetto','progettoasset','4',null,null,'Progetto','S',{ts '2020-06-18 13:03:11.497'},'assistenza','S','int','int','System.Int32')
GO

IF exists(SELECT * FROM [coldescr] WHERE colname = 'lt' AND tablename = 'progettoasset')
UPDATE [coldescr] SET col_len = '8',col_precision = null,col_scale = null,description = null,kind = 'S',lt = {ts '2020-06-18 12:52:48.617'},lu = 'assistenza',primarykey = 'N',sql_declaration = 'datetime',sql_type = 'datetime',system_type = 'System.DateTime' WHERE colname = 'lt' AND tablename = 'progettoasset'
ELSE
INSERT INTO [coldescr] (colname,tablename,col_len,col_precision,col_scale,description,kind,lt,lu,primarykey,sql_declaration,sql_type,system_type) VALUES ('lt','progettoasset','8',null,null,null,'S',{ts '2020-06-18 12:52:48.617'},'assistenza','N','datetime','datetime','System.DateTime')
GO

IF exists(SELECT * FROM [coldescr] WHERE colname = 'lu' AND tablename = 'progettoasset')
UPDATE [coldescr] SET col_len = '64',col_precision = null,col_scale = null,description = null,kind = 'S',lt = {ts '2020-06-18 12:52:48.617'},lu = 'assistenza',primarykey = 'N',sql_declaration = 'varchar(64)',sql_type = 'varchar',system_type = 'System.String' WHERE colname = 'lu' AND tablename = 'progettoasset'
ELSE
INSERT INTO [coldescr] (colname,tablename,col_len,col_precision,col_scale,description,kind,lt,lu,primarykey,sql_declaration,sql_type,system_type) VALUES ('lu','progettoasset','64',null,null,null,'S',{ts '2020-06-18 12:52:48.617'},'assistenza','N','varchar(64)','varchar','System.String')
GO

-- FINE GENERAZIONE SCRIPT --

--[DBO]--
-- CREAZIONE TABELLA progettokind --
IF NOT EXISTS(select * from sysobjects where id = object_id(N'[dbo].[progettokind]') and OBJECTPROPERTY(id, N'IsUserTable') = 1)
BEGIN
CREATE TABLE [dbo].[progettokind] (
idprogettokind int NOT NULL,
ct datetime NULL,
cu varchar(64) NULL,
description nvarchar(max) NULL,
idprogettoactivitykind int NULL,
lt datetime NULL,
lu varchar(64) NULL,
oredivisionecostostipendio int NULL,
title nvarchar(2048) NULL,
 CONSTRAINT xpkprogettokind PRIMARY KEY (idprogettokind
)
)
END
GO

-- VERIFICA STRUTTURA progettokind --
IF NOT exists(select * from [sysobjects] as T inner join syscolumns C on T.ID = C.ID where t.name = 'progettokind' and C.name = 'idprogettokind' AND (T.uid = USER_ID( ) OR T.uid = USER_ID('dbo')))
BEGIN
	ALTER TABLE [progettokind] ADD idprogettokind int NOT NULL DEFAULT 0
	declare @vincolo varchar(100)
	select @vincolo = object_name(const.constid) from syscolumns col join sysconstraints const on const.id = col.id and const.colid = col.colid where col.id = object_id('progettokind') and col.name = 'idprogettokind' and objectproperty(const.constid, 'IsDefaultCnst')=1
	exec ('ALTER TABLE [progettokind] drop constraint '+@vincolo)
END
GO

IF NOT exists(select * from [sysobjects] as T inner join syscolumns C on T.ID = C.ID where t.name = 'progettokind' and C.name = 'ct' AND (T.uid = USER_ID( ) OR T.uid = USER_ID('dbo')))
BEGIN
	ALTER TABLE [progettokind] ADD ct datetime NULL 
END
ELSE
	ALTER TABLE [progettokind] ALTER COLUMN ct datetime NULL
GO

IF NOT exists(select * from [sysobjects] as T inner join syscolumns C on T.ID = C.ID where t.name = 'progettokind' and C.name = 'cu' AND (T.uid = USER_ID( ) OR T.uid = USER_ID('dbo')))
BEGIN
	ALTER TABLE [progettokind] ADD cu varchar(64) NULL 
END
ELSE
	ALTER TABLE [progettokind] ALTER COLUMN cu varchar(64) NULL
GO

IF NOT exists(select * from [sysobjects] as T inner join syscolumns C on T.ID = C.ID where t.name = 'progettokind' and C.name = 'description' AND (T.uid = USER_ID( ) OR T.uid = USER_ID('dbo')))
BEGIN
	ALTER TABLE [progettokind] ADD description nvarchar(max) NULL 
END
ELSE
	ALTER TABLE [progettokind] ALTER COLUMN description nvarchar(max) NULL
GO

IF NOT exists(select * from [sysobjects] as T inner join syscolumns C on T.ID = C.ID where t.name = 'progettokind' and C.name = 'idprogettoactivitykind' AND (T.uid = USER_ID( ) OR T.uid = USER_ID('dbo')))
BEGIN
	ALTER TABLE [progettokind] ADD idprogettoactivitykind int NULL 
END
ELSE
	ALTER TABLE [progettokind] ALTER COLUMN idprogettoactivitykind int NULL
GO

IF NOT exists(select * from [sysobjects] as T inner join syscolumns C on T.ID = C.ID where t.name = 'progettokind' and C.name = 'lt' AND (T.uid = USER_ID( ) OR T.uid = USER_ID('dbo')))
BEGIN
	ALTER TABLE [progettokind] ADD lt datetime NULL 
END
ELSE
	ALTER TABLE [progettokind] ALTER COLUMN lt datetime NULL
GO

IF NOT exists(select * from [sysobjects] as T inner join syscolumns C on T.ID = C.ID where t.name = 'progettokind' and C.name = 'lu' AND (T.uid = USER_ID( ) OR T.uid = USER_ID('dbo')))
BEGIN
	ALTER TABLE [progettokind] ADD lu varchar(64) NULL 
END
ELSE
	ALTER TABLE [progettokind] ALTER COLUMN lu varchar(64) NULL
GO

IF NOT exists(select * from [sysobjects] as T inner join syscolumns C on T.ID = C.ID where t.name = 'progettokind' and C.name = 'oredivisionecostostipendio' AND (T.uid = USER_ID( ) OR T.uid = USER_ID('dbo')))
BEGIN
	ALTER TABLE [progettokind] ADD oredivisionecostostipendio int NULL 
END
ELSE
	ALTER TABLE [progettokind] ALTER COLUMN oredivisionecostostipendio int NULL
GO

IF NOT exists(select * from [sysobjects] as T inner join syscolumns C on T.ID = C.ID where t.name = 'progettokind' and C.name = 'title' AND (T.uid = USER_ID( ) OR T.uid = USER_ID('dbo')))
BEGIN
	ALTER TABLE [progettokind] ADD title nvarchar(2048) NULL 
END
ELSE
	ALTER TABLE [progettokind] ALTER COLUMN title nvarchar(2048) NULL
GO

-- VERIFICA DI progettokind IN COLUMNTYPES --
DELETE FROM columntypes WHERE tablename = 'progettokind'
INSERT INTO columntypes (format,allownull,tablename,sqldeclaration,createuser,field,col_len,denynull,sqltype,systemtype,defaultvalue,col_scale,lastmoduser,col_precision,iskey) VALUES('','N','progettokind','int','ASSISTENZA','idprogettokind','4','S','int','System.Int32','','','''ASSISTENZA''','','S')
GO

INSERT INTO columntypes (format,allownull,tablename,sqldeclaration,createuser,field,col_len,denynull,sqltype,systemtype,defaultvalue,col_scale,lastmoduser,col_precision,iskey) VALUES('','S','progettokind','datetime','ASSISTENZA','ct','8','N','datetime','System.DateTime','','','''ASSISTENZA''','','N')
GO

INSERT INTO columntypes (format,allownull,tablename,sqldeclaration,createuser,field,col_len,denynull,sqltype,systemtype,defaultvalue,col_scale,lastmoduser,col_precision,iskey) VALUES('','S','progettokind','varchar(64)','ASSISTENZA','cu','64','N','varchar','System.String','','','''ASSISTENZA''','','N')
GO

INSERT INTO columntypes (format,allownull,tablename,sqldeclaration,createuser,field,col_len,denynull,sqltype,systemtype,defaultvalue,col_scale,lastmoduser,col_precision,iskey) VALUES('','S','progettokind','nvarchar(max)','ASSISTENZA','description','0','N','nvarchar','System.String','','','''ASSISTENZA''','','N')
GO

INSERT INTO columntypes (format,allownull,tablename,sqldeclaration,createuser,field,col_len,denynull,sqltype,systemtype,defaultvalue,col_scale,lastmoduser,col_precision,iskey) VALUES('','S','progettokind','int','ASSISTENZA','idprogettoactivitykind','4','N','int','System.Int32','','','''ASSISTENZA''','','N')
GO

INSERT INTO columntypes (format,allownull,tablename,sqldeclaration,createuser,field,col_len,denynull,sqltype,systemtype,defaultvalue,col_scale,lastmoduser,col_precision,iskey) VALUES('','S','progettokind','datetime','ASSISTENZA','lt','8','N','datetime','System.DateTime','','','''ASSISTENZA''','','N')
GO

INSERT INTO columntypes (format,allownull,tablename,sqldeclaration,createuser,field,col_len,denynull,sqltype,systemtype,defaultvalue,col_scale,lastmoduser,col_precision,iskey) VALUES('','S','progettokind','varchar(64)','ASSISTENZA','lu','64','N','varchar','System.String','','','''ASSISTENZA''','','N')
GO

INSERT INTO columntypes (format,allownull,tablename,sqldeclaration,createuser,field,col_len,denynull,sqltype,systemtype,defaultvalue,col_scale,lastmoduser,col_precision,iskey) VALUES('','S','progettokind','int','ASSISTENZA','oredivisionecostostipendio','4','N','int','System.Int32','','','''ASSISTENZA''','','N')
GO

INSERT INTO columntypes (format,allownull,tablename,sqldeclaration,createuser,field,col_len,denynull,sqltype,systemtype,defaultvalue,col_scale,lastmoduser,col_precision,iskey) VALUES('','S','progettokind','nvarchar(2048)','ASSISTENZA','title','2048','N','nvarchar','System.String','','','''ASSISTENZA''','','N')
GO

-- VERIFICA DI progettokind IN CUSTOMOBJECT --
IF EXISTS(select * from customobject where objectname = 'progettokind')
UPDATE customobject set isreal = 'S' where objectname = 'progettokind'
ELSE
INSERT INTO customobject (objectname, isreal) values('progettokind', 'S')
GO
-- FINE GENERAZIONE SCRIPT --


-- GENERAZIONE DATI PER tabledescr --
IF exists(SELECT * FROM [tabledescr] WHERE tablename = 'progettokind')
UPDATE [tabledescr] SET description = 'Tipologie di progetto',idapplication = null,isdbo = 'N',lt = {ts '2020-05-22 12:54:10.557'},lu = 'assistenza',title = 'Tipologie di progetto' WHERE tablename = 'progettokind'
ELSE
INSERT INTO [tabledescr] (tablename,description,idapplication,isdbo,lt,lu,title) VALUES ('progettokind','Tipologie di progetto',null,'N',{ts '2020-05-22 12:54:10.557'},'assistenza','Tipologie di progetto')
GO

-- FINE GENERAZIONE SCRIPT --


-- GENERAZIONE DATI PER coldescr --
IF exists(SELECT * FROM [coldescr] WHERE colname = 'ct' AND tablename = 'progettokind')
UPDATE [coldescr] SET col_len = '8',col_precision = null,col_scale = null,description = null,kind = 'S',lt = {ts '2020-07-14 15:42:22.470'},lu = 'assistenza',primarykey = 'N',sql_declaration = 'datetime',sql_type = 'datetime',system_type = 'System.DateTime' WHERE colname = 'ct' AND tablename = 'progettokind'
ELSE
INSERT INTO [coldescr] (colname,tablename,col_len,col_precision,col_scale,description,kind,lt,lu,primarykey,sql_declaration,sql_type,system_type) VALUES ('ct','progettokind','8',null,null,null,'S',{ts '2020-07-14 15:42:22.470'},'assistenza','N','datetime','datetime','System.DateTime')
GO

IF exists(SELECT * FROM [coldescr] WHERE colname = 'cu' AND tablename = 'progettokind')
UPDATE [coldescr] SET col_len = '64',col_precision = null,col_scale = null,description = null,kind = 'S',lt = {ts '2020-07-14 15:42:22.470'},lu = 'assistenza',primarykey = 'N',sql_declaration = 'varchar(64)',sql_type = 'varchar',system_type = 'System.String' WHERE colname = 'cu' AND tablename = 'progettokind'
ELSE
INSERT INTO [coldescr] (colname,tablename,col_len,col_precision,col_scale,description,kind,lt,lu,primarykey,sql_declaration,sql_type,system_type) VALUES ('cu','progettokind','64',null,null,null,'S',{ts '2020-07-14 15:42:22.470'},'assistenza','N','varchar(64)','varchar','System.String')
GO

IF exists(SELECT * FROM [coldescr] WHERE colname = 'description' AND tablename = 'progettokind')
UPDATE [coldescr] SET col_len = '0',col_precision = null,col_scale = null,description = 'Descrizione',kind = 'S',lt = {ts '2020-05-22 12:55:03.843'},lu = 'assistenza',primarykey = 'N',sql_declaration = 'nvarchar(max)',sql_type = 'nvarchar',system_type = 'System.String' WHERE colname = 'description' AND tablename = 'progettokind'
ELSE
INSERT INTO [coldescr] (colname,tablename,col_len,col_precision,col_scale,description,kind,lt,lu,primarykey,sql_declaration,sql_type,system_type) VALUES ('description','progettokind','0',null,null,'Descrizione','S',{ts '2020-05-22 12:55:03.843'},'assistenza','N','nvarchar(max)','nvarchar','System.String')
GO

IF exists(SELECT * FROM [coldescr] WHERE colname = 'idprogettoactivitykind' AND tablename = 'progettokind')
UPDATE [coldescr] SET col_len = '4',col_precision = null,col_scale = null,description = 'Tipologia',kind = 'S',lt = {ts '2020-07-14 15:44:27.693'},lu = 'assistenza',primarykey = 'N',sql_declaration = 'int',sql_type = 'int',system_type = 'System.Int32' WHERE colname = 'idprogettoactivitykind' AND tablename = 'progettokind'
ELSE
INSERT INTO [coldescr] (colname,tablename,col_len,col_precision,col_scale,description,kind,lt,lu,primarykey,sql_declaration,sql_type,system_type) VALUES ('idprogettoactivitykind','progettokind','4',null,null,'Tipologia','S',{ts '2020-07-14 15:44:27.693'},'assistenza','N','int','int','System.Int32')
GO

IF exists(SELECT * FROM [coldescr] WHERE colname = 'idprogettokind' AND tablename = 'progettokind')
UPDATE [coldescr] SET col_len = '4',col_precision = null,col_scale = null,description = null,kind = 'S',lt = {ts '2020-06-05 16:30:12.453'},lu = 'assistenza',primarykey = 'S',sql_declaration = 'int',sql_type = 'int',system_type = 'System.Int32' WHERE colname = 'idprogettokind' AND tablename = 'progettokind'
ELSE
INSERT INTO [coldescr] (colname,tablename,col_len,col_precision,col_scale,description,kind,lt,lu,primarykey,sql_declaration,sql_type,system_type) VALUES ('idprogettokind','progettokind','4',null,null,null,'S',{ts '2020-06-05 16:30:12.453'},'assistenza','S','int','int','System.Int32')
GO

IF exists(SELECT * FROM [coldescr] WHERE colname = 'idprogettokindkind' AND tablename = 'progettokind')
UPDATE [coldescr] SET col_len = '4',col_precision = null,col_scale = null,description = 'Tipologia',kind = 'S',lt = {ts '2020-06-05 16:30:12.453'},lu = 'assistenza',primarykey = 'N',sql_declaration = 'int',sql_type = 'int',system_type = 'System.Int32' WHERE colname = 'idprogettokindkind' AND tablename = 'progettokind'
ELSE
INSERT INTO [coldescr] (colname,tablename,col_len,col_precision,col_scale,description,kind,lt,lu,primarykey,sql_declaration,sql_type,system_type) VALUES ('idprogettokindkind','progettokind','4',null,null,'Tipologia','S',{ts '2020-06-05 16:30:12.453'},'assistenza','N','int','int','System.Int32')
GO

IF exists(SELECT * FROM [coldescr] WHERE colname = 'lt' AND tablename = 'progettokind')
UPDATE [coldescr] SET col_len = '8',col_precision = null,col_scale = null,description = null,kind = 'S',lt = {ts '2020-07-14 15:42:22.470'},lu = 'assistenza',primarykey = 'N',sql_declaration = 'datetime',sql_type = 'datetime',system_type = 'System.DateTime' WHERE colname = 'lt' AND tablename = 'progettokind'
ELSE
INSERT INTO [coldescr] (colname,tablename,col_len,col_precision,col_scale,description,kind,lt,lu,primarykey,sql_declaration,sql_type,system_type) VALUES ('lt','progettokind','8',null,null,null,'S',{ts '2020-07-14 15:42:22.470'},'assistenza','N','datetime','datetime','System.DateTime')
GO

IF exists(SELECT * FROM [coldescr] WHERE colname = 'lu' AND tablename = 'progettokind')
UPDATE [coldescr] SET col_len = '64',col_precision = null,col_scale = null,description = null,kind = 'S',lt = {ts '2020-07-14 15:42:22.470'},lu = 'assistenza',primarykey = 'N',sql_declaration = 'varchar(64)',sql_type = 'varchar',system_type = 'System.String' WHERE colname = 'lu' AND tablename = 'progettokind'
ELSE
INSERT INTO [coldescr] (colname,tablename,col_len,col_precision,col_scale,description,kind,lt,lu,primarykey,sql_declaration,sql_type,system_type) VALUES ('lu','progettokind','64',null,null,null,'S',{ts '2020-07-14 15:42:22.470'},'assistenza','N','varchar(64)','varchar','System.String')
GO

IF exists(SELECT * FROM [coldescr] WHERE colname = 'oredivisionecostostipendio' AND tablename = 'progettokind')
UPDATE [coldescr] SET col_len = '4',col_precision = null,col_scale = null,description = 'Numero ore lavorate in un anno dal personale',kind = 'S',lt = {ts '2020-07-14 15:44:27.693'},lu = 'assistenza',primarykey = 'N',sql_declaration = 'int',sql_type = 'int',system_type = 'System.Int32' WHERE colname = 'oredivisionecostostipendio' AND tablename = 'progettokind'
ELSE
INSERT INTO [coldescr] (colname,tablename,col_len,col_precision,col_scale,description,kind,lt,lu,primarykey,sql_declaration,sql_type,system_type) VALUES ('oredivisionecostostipendio','progettokind','4',null,null,'Numero ore lavorate in un anno dal personale','S',{ts '2020-07-14 15:44:27.693'},'assistenza','N','int','int','System.Int32')
GO

IF exists(SELECT * FROM [coldescr] WHERE colname = 'title' AND tablename = 'progettokind')
UPDATE [coldescr] SET col_len = '2048',col_precision = null,col_scale = null,description = 'Titolo',kind = 'S',lt = {ts '2020-05-22 12:55:03.843'},lu = 'assistenza',primarykey = 'N',sql_declaration = 'nvarchar(2048)',sql_type = 'nvarchar',system_type = 'System.String' WHERE colname = 'title' AND tablename = 'progettokind'
ELSE
INSERT INTO [coldescr] (colname,tablename,col_len,col_precision,col_scale,description,kind,lt,lu,primarykey,sql_declaration,sql_type,system_type) VALUES ('title','progettokind','2048',null,null,'Titolo','S',{ts '2020-05-22 12:55:03.843'},'assistenza','N','nvarchar(2048)','nvarchar','System.String')
GO

-- FINE GENERAZIONE SCRIPT --

--[DBO]--
-- CREAZIONE TABELLA progettotipocosto --
IF NOT EXISTS(select * from sysobjects where id = object_id(N'[dbo].[progettotipocosto]') and OBJECTPROPERTY(id, N'IsUserTable') = 1)
BEGIN
CREATE TABLE [dbo].[progettotipocosto] (
idprogettotipocosto int NOT NULL,
idprogetto int NOT NULL,
ammissibilita decimal(5,2) NULL,
ct datetime NULL,
cu varchar(64) NULL,
idprogettotipocostokind int NULL,
lt datetime NULL,
lu varchar(64) NULL,
sortcode int NULL,
title varchar(2048) NULL,
 CONSTRAINT xpkprogettotipocosto PRIMARY KEY (idprogettotipocosto,
idprogetto
)
)
END
GO

-- VERIFICA STRUTTURA progettotipocosto --
IF NOT exists(select * from [sysobjects] as T inner join syscolumns C on T.ID = C.ID where t.name = 'progettotipocosto' and C.name = 'idprogettotipocosto' AND (T.uid = USER_ID( ) OR T.uid = USER_ID('dbo')))
BEGIN
	ALTER TABLE [progettotipocosto] ADD idprogettotipocosto int NOT NULL DEFAULT 0
	declare @vincolo varchar(100)
	select @vincolo = object_name(const.constid) from syscolumns col join sysconstraints const on const.id = col.id and const.colid = col.colid where col.id = object_id('progettotipocosto') and col.name = 'idprogettotipocosto' and objectproperty(const.constid, 'IsDefaultCnst')=1
	exec ('ALTER TABLE [progettotipocosto] drop constraint '+@vincolo)
END
GO

IF NOT exists(select * from [sysobjects] as T inner join syscolumns C on T.ID = C.ID where t.name = 'progettotipocosto' and C.name = 'idprogetto' AND (T.uid = USER_ID( ) OR T.uid = USER_ID('dbo')))
BEGIN
	ALTER TABLE [progettotipocosto] ADD idprogetto int NOT NULL DEFAULT 0
	declare @vincolo varchar(100)
	select @vincolo = object_name(const.constid) from syscolumns col join sysconstraints const on const.id = col.id and const.colid = col.colid where col.id = object_id('progettotipocosto') and col.name = 'idprogetto' and objectproperty(const.constid, 'IsDefaultCnst')=1
	exec ('ALTER TABLE [progettotipocosto] drop constraint '+@vincolo)
END
GO

IF NOT exists(select * from [sysobjects] as T inner join syscolumns C on T.ID = C.ID where t.name = 'progettotipocosto' and C.name = 'ammissibilita' AND (T.uid = USER_ID( ) OR T.uid = USER_ID('dbo')))
BEGIN
	ALTER TABLE [progettotipocosto] ADD ammissibilita decimal(5,2) NULL 
END
ELSE
	ALTER TABLE [progettotipocosto] ALTER COLUMN ammissibilita decimal(5,2) NULL
GO

IF NOT exists(select * from [sysobjects] as T inner join syscolumns C on T.ID = C.ID where t.name = 'progettotipocosto' and C.name = 'ct' AND (T.uid = USER_ID( ) OR T.uid = USER_ID('dbo')))
BEGIN
	ALTER TABLE [progettotipocosto] ADD ct datetime NULL 
END
ELSE
	ALTER TABLE [progettotipocosto] ALTER COLUMN ct datetime NULL
GO

IF NOT exists(select * from [sysobjects] as T inner join syscolumns C on T.ID = C.ID where t.name = 'progettotipocosto' and C.name = 'cu' AND (T.uid = USER_ID( ) OR T.uid = USER_ID('dbo')))
BEGIN
	ALTER TABLE [progettotipocosto] ADD cu varchar(64) NULL 
END
ELSE
	ALTER TABLE [progettotipocosto] ALTER COLUMN cu varchar(64) NULL
GO

IF NOT exists(select * from [sysobjects] as T inner join syscolumns C on T.ID = C.ID where t.name = 'progettotipocosto' and C.name = 'idprogettotipocostokind' AND (T.uid = USER_ID( ) OR T.uid = USER_ID('dbo')))
BEGIN
	ALTER TABLE [progettotipocosto] ADD idprogettotipocostokind int NULL 
END
ELSE
	ALTER TABLE [progettotipocosto] ALTER COLUMN idprogettotipocostokind int NULL
GO

IF NOT exists(select * from [sysobjects] as T inner join syscolumns C on T.ID = C.ID where t.name = 'progettotipocosto' and C.name = 'lt' AND (T.uid = USER_ID( ) OR T.uid = USER_ID('dbo')))
BEGIN
	ALTER TABLE [progettotipocosto] ADD lt datetime NULL 
END
ELSE
	ALTER TABLE [progettotipocosto] ALTER COLUMN lt datetime NULL
GO

IF NOT exists(select * from [sysobjects] as T inner join syscolumns C on T.ID = C.ID where t.name = 'progettotipocosto' and C.name = 'lu' AND (T.uid = USER_ID( ) OR T.uid = USER_ID('dbo')))
BEGIN
	ALTER TABLE [progettotipocosto] ADD lu varchar(64) NULL 
END
ELSE
	ALTER TABLE [progettotipocosto] ALTER COLUMN lu varchar(64) NULL
GO

IF NOT exists(select * from [sysobjects] as T inner join syscolumns C on T.ID = C.ID where t.name = 'progettotipocosto' and C.name = 'sortcode' AND (T.uid = USER_ID( ) OR T.uid = USER_ID('dbo')))
BEGIN
	ALTER TABLE [progettotipocosto] ADD sortcode int NULL 
END
ELSE
	ALTER TABLE [progettotipocosto] ALTER COLUMN sortcode int NULL
GO

IF NOT exists(select * from [sysobjects] as T inner join syscolumns C on T.ID = C.ID where t.name = 'progettotipocosto' and C.name = 'title' AND (T.uid = USER_ID( ) OR T.uid = USER_ID('dbo')))
BEGIN
	ALTER TABLE [progettotipocosto] ADD title varchar(2048) NULL 
END
ELSE
	ALTER TABLE [progettotipocosto] ALTER COLUMN title varchar(2048) NULL
GO

-- VERIFICA DI progettotipocosto IN COLUMNTYPES --
DELETE FROM columntypes WHERE tablename = 'progettotipocosto'
INSERT INTO columntypes (format,allownull,tablename,sqldeclaration,createuser,field,col_len,denynull,sqltype,systemtype,defaultvalue,col_scale,lastmoduser,col_precision,iskey) VALUES('','N','progettotipocosto','int','assistenza','idprogetto','4','S','int','System.Int32','','','''assistenza''','','S')
GO

INSERT INTO columntypes (format,allownull,tablename,sqldeclaration,createuser,field,col_len,denynull,sqltype,systemtype,defaultvalue,col_scale,lastmoduser,col_precision,iskey) VALUES('','N','progettotipocosto','int','assistenza','idprogettotipocosto','4','S','int','System.Int32','','','''assistenza''','','S')
GO

INSERT INTO columntypes (format,allownull,tablename,sqldeclaration,createuser,field,col_len,denynull,sqltype,systemtype,defaultvalue,col_scale,lastmoduser,col_precision,iskey) VALUES('','S','progettotipocosto','decimal(5,2)','assistenza','ammissibilita','5','N','decimal','System.Decimal','','2','''assistenza''','5','N')
GO

INSERT INTO columntypes (format,allownull,tablename,sqldeclaration,createuser,field,col_len,denynull,sqltype,systemtype,defaultvalue,col_scale,lastmoduser,col_precision,iskey) VALUES('','S','progettotipocosto','datetime','assistenza','ct','8','N','datetime','System.DateTime','','','''assistenza''','','N')
GO

INSERT INTO columntypes (format,allownull,tablename,sqldeclaration,createuser,field,col_len,denynull,sqltype,systemtype,defaultvalue,col_scale,lastmoduser,col_precision,iskey) VALUES('','S','progettotipocosto','varchar(64)','assistenza','cu','64','N','varchar','System.String','','','''assistenza''','','N')
GO

INSERT INTO columntypes (format,allownull,tablename,sqldeclaration,createuser,field,col_len,denynull,sqltype,systemtype,defaultvalue,col_scale,lastmoduser,col_precision,iskey) VALUES('','S','progettotipocosto','int','assistenza','idprogettotipocostokind','4','N','int','System.Int32','','','''assistenza''','','N')
GO

INSERT INTO columntypes (format,allownull,tablename,sqldeclaration,createuser,field,col_len,denynull,sqltype,systemtype,defaultvalue,col_scale,lastmoduser,col_precision,iskey) VALUES('','S','progettotipocosto','datetime','assistenza','lt','8','N','datetime','System.DateTime','','','''assistenza''','','N')
GO

INSERT INTO columntypes (format,allownull,tablename,sqldeclaration,createuser,field,col_len,denynull,sqltype,systemtype,defaultvalue,col_scale,lastmoduser,col_precision,iskey) VALUES('','S','progettotipocosto','varchar(64)','assistenza','lu','64','N','varchar','System.String','','','''assistenza''','','N')
GO

INSERT INTO columntypes (format,allownull,tablename,sqldeclaration,createuser,field,col_len,denynull,sqltype,systemtype,defaultvalue,col_scale,lastmoduser,col_precision,iskey) VALUES('','S','progettotipocosto','int','assistenza','sortcode','4','N','int','System.Int32','','','''assistenza''','','N')
GO

INSERT INTO columntypes (format,allownull,tablename,sqldeclaration,createuser,field,col_len,denynull,sqltype,systemtype,defaultvalue,col_scale,lastmoduser,col_precision,iskey) VALUES('','S','progettotipocosto','varchar(2048)','assistenza','title','2048','N','varchar','System.String','','','''assistenza''','','N')
GO

-- VERIFICA DI progettotipocosto IN CUSTOMOBJECT --
IF EXISTS(select * from customobject where objectname = 'progettotipocosto')
UPDATE customobject set isreal = 'S' where objectname = 'progettotipocosto'
ELSE
INSERT INTO customobject (objectname, isreal) values('progettotipocosto', 'S')
GO
-- FINE GENERAZIONE SCRIPT --


-- GENERAZIONE DATI PER tabledescr --
IF exists(SELECT * FROM [tabledescr] WHERE tablename = 'progettotipocosto')
UPDATE [tabledescr] SET description = '2.7.4 Voce di costo',idapplication = null,isdbo = 'N',lt = {ts '2020-06-18 12:04:23.783'},lu = 'assistenza',title = 'Voce di costo' WHERE tablename = 'progettotipocosto'
ELSE
INSERT INTO [tabledescr] (tablename,description,idapplication,isdbo,lt,lu,title) VALUES ('progettotipocosto','2.7.4 Voce di costo',null,'N',{ts '2020-06-18 12:04:23.783'},'assistenza','Voce di costo')
GO

-- FINE GENERAZIONE SCRIPT --


-- GENERAZIONE DATI PER coldescr --
IF exists(SELECT * FROM [coldescr] WHERE colname = 'ammissibilita' AND tablename = 'progettotipocosto')
UPDATE [coldescr] SET col_len = '5',col_precision = '5',col_scale = '2',description = 'Ammissibilit? (%)',kind = 'S',lt = {ts '2020-11-02 18:41:54.357'},lu = 'assistenza',primarykey = 'N',sql_declaration = 'decimal(5,2)',sql_type = 'decimal',system_type = 'System.Decimal' WHERE colname = 'ammissibilita' AND tablename = 'progettotipocosto'
ELSE
INSERT INTO [coldescr] (colname,tablename,col_len,col_precision,col_scale,description,kind,lt,lu,primarykey,sql_declaration,sql_type,system_type) VALUES ('ammissibilita','progettotipocosto','5','5','2','Ammissibilit? (%)','S',{ts '2020-11-02 18:41:54.357'},'assistenza','N','decimal(5,2)','decimal','System.Decimal')
GO

IF exists(SELECT * FROM [coldescr] WHERE colname = 'ct' AND tablename = 'progettotipocosto')
UPDATE [coldescr] SET col_len = '8',col_precision = null,col_scale = null,description = null,kind = 'S',lt = {ts '2020-06-18 12:04:28.390'},lu = 'assistenza',primarykey = 'N',sql_declaration = 'datetime',sql_type = 'datetime',system_type = 'System.DateTime' WHERE colname = 'ct' AND tablename = 'progettotipocosto'
ELSE
INSERT INTO [coldescr] (colname,tablename,col_len,col_precision,col_scale,description,kind,lt,lu,primarykey,sql_declaration,sql_type,system_type) VALUES ('ct','progettotipocosto','8',null,null,null,'S',{ts '2020-06-18 12:04:28.390'},'assistenza','N','datetime','datetime','System.DateTime')
GO

IF exists(SELECT * FROM [coldescr] WHERE colname = 'cu' AND tablename = 'progettotipocosto')
UPDATE [coldescr] SET col_len = '64',col_precision = null,col_scale = null,description = null,kind = 'S',lt = {ts '2020-06-18 12:04:28.390'},lu = 'assistenza',primarykey = 'N',sql_declaration = 'varchar(64)',sql_type = 'varchar',system_type = 'System.String' WHERE colname = 'cu' AND tablename = 'progettotipocosto'
ELSE
INSERT INTO [coldescr] (colname,tablename,col_len,col_precision,col_scale,description,kind,lt,lu,primarykey,sql_declaration,sql_type,system_type) VALUES ('cu','progettotipocosto','64',null,null,null,'S',{ts '2020-06-18 12:04:28.390'},'assistenza','N','varchar(64)','varchar','System.String')
GO

IF exists(SELECT * FROM [coldescr] WHERE colname = 'idprogetto' AND tablename = 'progettotipocosto')
UPDATE [coldescr] SET col_len = '4',col_precision = null,col_scale = null,description = null,kind = 'S',lt = {ts '2020-06-18 12:04:28.390'},lu = 'assistenza',primarykey = 'S',sql_declaration = 'int',sql_type = 'int',system_type = 'System.Int32' WHERE colname = 'idprogetto' AND tablename = 'progettotipocosto'
ELSE
INSERT INTO [coldescr] (colname,tablename,col_len,col_precision,col_scale,description,kind,lt,lu,primarykey,sql_declaration,sql_type,system_type) VALUES ('idprogetto','progettotipocosto','4',null,null,null,'S',{ts '2020-06-18 12:04:28.390'},'assistenza','S','int','int','System.Int32')
GO

IF exists(SELECT * FROM [coldescr] WHERE colname = 'idprogettotipocosto' AND tablename = 'progettotipocosto')
UPDATE [coldescr] SET col_len = '4',col_precision = null,col_scale = null,description = null,kind = 'S',lt = {ts '2020-06-18 12:04:28.393'},lu = 'assistenza',primarykey = 'S',sql_declaration = 'int',sql_type = 'int',system_type = 'System.Int32' WHERE colname = 'idprogettotipocosto' AND tablename = 'progettotipocosto'
ELSE
INSERT INTO [coldescr] (colname,tablename,col_len,col_precision,col_scale,description,kind,lt,lu,primarykey,sql_declaration,sql_type,system_type) VALUES ('idprogettotipocosto','progettotipocosto','4',null,null,null,'S',{ts '2020-06-18 12:04:28.393'},'assistenza','S','int','int','System.Int32')
GO

IF exists(SELECT * FROM [coldescr] WHERE colname = 'idprogettotipocostokind' AND tablename = 'progettotipocosto')
UPDATE [coldescr] SET col_len = '4',col_precision = null,col_scale = null,description = 'Voce di costo',kind = 'S',lt = {ts '2020-06-18 12:07:21.417'},lu = 'assistenza',primarykey = 'N',sql_declaration = 'int',sql_type = 'int',system_type = 'System.Int32' WHERE colname = 'idprogettotipocostokind' AND tablename = 'progettotipocosto'
ELSE
INSERT INTO [coldescr] (colname,tablename,col_len,col_precision,col_scale,description,kind,lt,lu,primarykey,sql_declaration,sql_type,system_type) VALUES ('idprogettotipocostokind','progettotipocosto','4',null,null,'Voce di costo','S',{ts '2020-06-18 12:07:21.417'},'assistenza','N','int','int','System.Int32')
GO

IF exists(SELECT * FROM [coldescr] WHERE colname = 'lt' AND tablename = 'progettotipocosto')
UPDATE [coldescr] SET col_len = '8',col_precision = null,col_scale = null,description = null,kind = 'S',lt = {ts '2020-06-18 12:04:28.393'},lu = 'assistenza',primarykey = 'N',sql_declaration = 'datetime',sql_type = 'datetime',system_type = 'System.DateTime' WHERE colname = 'lt' AND tablename = 'progettotipocosto'
ELSE
INSERT INTO [coldescr] (colname,tablename,col_len,col_precision,col_scale,description,kind,lt,lu,primarykey,sql_declaration,sql_type,system_type) VALUES ('lt','progettotipocosto','8',null,null,null,'S',{ts '2020-06-18 12:04:28.393'},'assistenza','N','datetime','datetime','System.DateTime')
GO

IF exists(SELECT * FROM [coldescr] WHERE colname = 'lu' AND tablename = 'progettotipocosto')
UPDATE [coldescr] SET col_len = '64',col_precision = null,col_scale = null,description = null,kind = 'S',lt = {ts '2020-06-18 12:04:28.393'},lu = 'assistenza',primarykey = 'N',sql_declaration = 'varchar(64)',sql_type = 'varchar',system_type = 'System.String' WHERE colname = 'lu' AND tablename = 'progettotipocosto'
ELSE
INSERT INTO [coldescr] (colname,tablename,col_len,col_precision,col_scale,description,kind,lt,lu,primarykey,sql_declaration,sql_type,system_type) VALUES ('lu','progettotipocosto','64',null,null,null,'S',{ts '2020-06-18 12:04:28.393'},'assistenza','N','varchar(64)','varchar','System.String')
GO

IF exists(SELECT * FROM [coldescr] WHERE colname = 'sortcode' AND tablename = 'progettotipocosto')
UPDATE [coldescr] SET col_len = '4',col_precision = null,col_scale = null,description = 'Ordinamento',kind = 'S',lt = {ts '2020-06-18 12:07:21.420'},lu = 'assistenza',primarykey = 'N',sql_declaration = 'int',sql_type = 'int',system_type = 'System.Int32' WHERE colname = 'sortcode' AND tablename = 'progettotipocosto'
ELSE
INSERT INTO [coldescr] (colname,tablename,col_len,col_precision,col_scale,description,kind,lt,lu,primarykey,sql_declaration,sql_type,system_type) VALUES ('sortcode','progettotipocosto','4',null,null,'Ordinamento','S',{ts '2020-06-18 12:07:21.420'},'assistenza','N','int','int','System.Int32')
GO

IF exists(SELECT * FROM [coldescr] WHERE colname = 'title' AND tablename = 'progettotipocosto')
UPDATE [coldescr] SET col_len = '2048',col_precision = null,col_scale = null,description = 'Voce',kind = 'S',lt = {ts '2020-11-04 17:14:46.367'},lu = 'assistenza',primarykey = 'N',sql_declaration = 'varchar(2048)',sql_type = 'varchar',system_type = 'System.String' WHERE colname = 'title' AND tablename = 'progettotipocosto'
ELSE
INSERT INTO [coldescr] (colname,tablename,col_len,col_precision,col_scale,description,kind,lt,lu,primarykey,sql_declaration,sql_type,system_type) VALUES ('title','progettotipocosto','2048',null,null,'Voce','S',{ts '2020-11-04 17:14:46.367'},'assistenza','N','varchar(2048)','varchar','System.String')
GO

-- FINE GENERAZIONE SCRIPT --

--[DBO]--
-- CREAZIONE TABELLA progettotipocostokind --
IF NOT EXISTS(select * from sysobjects where id = object_id(N'[dbo].[progettotipocostokind]') and OBJECTPROPERTY(id, N'IsUserTable') = 1)
BEGIN
CREATE TABLE [dbo].[progettotipocostokind] (
idprogettotipocostokind int NOT NULL,
idprogettokind int NOT NULL,
ct datetime NULL,
cu varchar(64) NULL,
description nvarchar(2048) NULL,
lt datetime NULL,
lu varchar(64) NULL,
title nvarchar(2048) NULL,
 CONSTRAINT xpkprogettotipocostokind PRIMARY KEY (idprogettotipocostokind,
idprogettokind
)
)
END
GO

-- VERIFICA STRUTTURA progettotipocostokind --
IF NOT exists(select * from [sysobjects] as T inner join syscolumns C on T.ID = C.ID where t.name = 'progettotipocostokind' and C.name = 'idprogettotipocostokind' AND (T.uid = USER_ID( ) OR T.uid = USER_ID('dbo')))
BEGIN
	ALTER TABLE [progettotipocostokind] ADD idprogettotipocostokind int NOT NULL DEFAULT 0
	declare @vincolo varchar(100)
	select @vincolo = object_name(const.constid) from syscolumns col join sysconstraints const on const.id = col.id and const.colid = col.colid where col.id = object_id('progettotipocostokind') and col.name = 'idprogettotipocostokind' and objectproperty(const.constid, 'IsDefaultCnst')=1
	exec ('ALTER TABLE [progettotipocostokind] drop constraint '+@vincolo)
END
GO

IF NOT exists(select * from [sysobjects] as T inner join syscolumns C on T.ID = C.ID where t.name = 'progettotipocostokind' and C.name = 'idprogettokind' AND (T.uid = USER_ID( ) OR T.uid = USER_ID('dbo')))
BEGIN
	ALTER TABLE [progettotipocostokind] ADD idprogettokind int NOT NULL DEFAULT 0
	declare @vincolo varchar(100)
	select @vincolo = object_name(const.constid) from syscolumns col join sysconstraints const on const.id = col.id and const.colid = col.colid where col.id = object_id('progettotipocostokind') and col.name = 'idprogettokind' and objectproperty(const.constid, 'IsDefaultCnst')=1
	exec ('ALTER TABLE [progettotipocostokind] drop constraint '+@vincolo)
END
GO

IF NOT exists(select * from [sysobjects] as T inner join syscolumns C on T.ID = C.ID where t.name = 'progettotipocostokind' and C.name = 'ct' AND (T.uid = USER_ID( ) OR T.uid = USER_ID('dbo')))
BEGIN
	ALTER TABLE [progettotipocostokind] ADD ct datetime NULL 
END
ELSE
	ALTER TABLE [progettotipocostokind] ALTER COLUMN ct datetime NULL
GO

IF NOT exists(select * from [sysobjects] as T inner join syscolumns C on T.ID = C.ID where t.name = 'progettotipocostokind' and C.name = 'cu' AND (T.uid = USER_ID( ) OR T.uid = USER_ID('dbo')))
BEGIN
	ALTER TABLE [progettotipocostokind] ADD cu varchar(64) NULL 
END
ELSE
	ALTER TABLE [progettotipocostokind] ALTER COLUMN cu varchar(64) NULL
GO

IF NOT exists(select * from [sysobjects] as T inner join syscolumns C on T.ID = C.ID where t.name = 'progettotipocostokind' and C.name = 'description' AND (T.uid = USER_ID( ) OR T.uid = USER_ID('dbo')))
BEGIN
	ALTER TABLE [progettotipocostokind] ADD description nvarchar(2048) NULL 
END
ELSE
	ALTER TABLE [progettotipocostokind] ALTER COLUMN description nvarchar(2048) NULL
GO

IF NOT exists(select * from [sysobjects] as T inner join syscolumns C on T.ID = C.ID where t.name = 'progettotipocostokind' and C.name = 'lt' AND (T.uid = USER_ID( ) OR T.uid = USER_ID('dbo')))
BEGIN
	ALTER TABLE [progettotipocostokind] ADD lt datetime NULL 
END
ELSE
	ALTER TABLE [progettotipocostokind] ALTER COLUMN lt datetime NULL
GO

IF NOT exists(select * from [sysobjects] as T inner join syscolumns C on T.ID = C.ID where t.name = 'progettotipocostokind' and C.name = 'lu' AND (T.uid = USER_ID( ) OR T.uid = USER_ID('dbo')))
BEGIN
	ALTER TABLE [progettotipocostokind] ADD lu varchar(64) NULL 
END
ELSE
	ALTER TABLE [progettotipocostokind] ALTER COLUMN lu varchar(64) NULL
GO

IF NOT exists(select * from [sysobjects] as T inner join syscolumns C on T.ID = C.ID where t.name = 'progettotipocostokind' and C.name = 'title' AND (T.uid = USER_ID( ) OR T.uid = USER_ID('dbo')))
BEGIN
	ALTER TABLE [progettotipocostokind] ADD title nvarchar(2048) NULL 
END
ELSE
	ALTER TABLE [progettotipocostokind] ALTER COLUMN title nvarchar(2048) NULL
GO

-- VERIFICA DI progettotipocostokind IN COLUMNTYPES --
DELETE FROM columntypes WHERE tablename = 'progettotipocostokind'
INSERT INTO columntypes (format,allownull,tablename,sqldeclaration,createuser,field,col_len,denynull,sqltype,systemtype,defaultvalue,col_scale,lastmoduser,col_precision,iskey) VALUES('','N','progettotipocostokind','int','ASSISTENZA','idprogettokind','4','S','int','System.Int32','','','''ASSISTENZA''','','S')
GO

INSERT INTO columntypes (format,allownull,tablename,sqldeclaration,createuser,field,col_len,denynull,sqltype,systemtype,defaultvalue,col_scale,lastmoduser,col_precision,iskey) VALUES('','N','progettotipocostokind','int','ASSISTENZA','idprogettotipocostokind','4','S','int','System.Int32','','','''ASSISTENZA''','','S')
GO

INSERT INTO columntypes (format,allownull,tablename,sqldeclaration,createuser,field,col_len,denynull,sqltype,systemtype,defaultvalue,col_scale,lastmoduser,col_precision,iskey) VALUES('','S','progettotipocostokind','datetime','ASSISTENZA','ct','8','N','datetime','System.DateTime','','','''ASSISTENZA''','','N')
GO

INSERT INTO columntypes (format,allownull,tablename,sqldeclaration,createuser,field,col_len,denynull,sqltype,systemtype,defaultvalue,col_scale,lastmoduser,col_precision,iskey) VALUES('','S','progettotipocostokind','varchar(64)','ASSISTENZA','cu','64','N','varchar','System.String','','','''ASSISTENZA''','','N')
GO

INSERT INTO columntypes (format,allownull,tablename,sqldeclaration,createuser,field,col_len,denynull,sqltype,systemtype,defaultvalue,col_scale,lastmoduser,col_precision,iskey) VALUES('','S','progettotipocostokind','nvarchar(2048)','ASSISTENZA','description','2048','N','nvarchar','System.String','','','''ASSISTENZA''','','N')
GO

INSERT INTO columntypes (format,allownull,tablename,sqldeclaration,createuser,field,col_len,denynull,sqltype,systemtype,defaultvalue,col_scale,lastmoduser,col_precision,iskey) VALUES('','S','progettotipocostokind','datetime','ASSISTENZA','lt','8','N','datetime','System.DateTime','','','''ASSISTENZA''','','N')
GO

INSERT INTO columntypes (format,allownull,tablename,sqldeclaration,createuser,field,col_len,denynull,sqltype,systemtype,defaultvalue,col_scale,lastmoduser,col_precision,iskey) VALUES('','S','progettotipocostokind','varchar(64)','ASSISTENZA','lu','64','N','varchar','System.String','','','''ASSISTENZA''','','N')
GO

INSERT INTO columntypes (format,allownull,tablename,sqldeclaration,createuser,field,col_len,denynull,sqltype,systemtype,defaultvalue,col_scale,lastmoduser,col_precision,iskey) VALUES('','S','progettotipocostokind','nvarchar(2048)','ASSISTENZA','title','2048','N','nvarchar','System.String','','','''ASSISTENZA''','','N')
GO

-- VERIFICA DI progettotipocostokind IN CUSTOMOBJECT --
IF EXISTS(select * from customobject where objectname = 'progettotipocostokind')
UPDATE customobject set isreal = 'S' where objectname = 'progettotipocostokind'
ELSE
INSERT INTO customobject (objectname, isreal) values('progettotipocostokind', 'S')
GO
-- FINE GENERAZIONE SCRIPT --


-- GENERAZIONE DATI PER tabledescr --
IF exists(SELECT * FROM [tabledescr] WHERE tablename = 'progettotipocostokind')
UPDATE [tabledescr] SET description = 'Configurazione delle voci di costo dei progetti',idapplication = null,isdbo = 'N',lt = {ts '2020-06-18 12:09:25.463'},lu = 'assistenza',title = 'Voci di costo' WHERE tablename = 'progettotipocostokind'
ELSE
INSERT INTO [tabledescr] (tablename,description,idapplication,isdbo,lt,lu,title) VALUES ('progettotipocostokind','Configurazione delle voci di costo dei progetti',null,'N',{ts '2020-06-18 12:09:25.463'},'assistenza','Voci di costo')
GO

-- FINE GENERAZIONE SCRIPT --


-- GENERAZIONE DATI PER coldescr --
IF exists(SELECT * FROM [coldescr] WHERE colname = 'ct' AND tablename = 'progettotipocostokind')
UPDATE [coldescr] SET col_len = '8',col_precision = null,col_scale = null,description = null,kind = 'S',lt = {ts '2020-06-18 12:09:29.033'},lu = 'assistenza',primarykey = 'N',sql_declaration = 'datetime',sql_type = 'datetime',system_type = 'System.DateTime' WHERE colname = 'ct' AND tablename = 'progettotipocostokind'
ELSE
INSERT INTO [coldescr] (colname,tablename,col_len,col_precision,col_scale,description,kind,lt,lu,primarykey,sql_declaration,sql_type,system_type) VALUES ('ct','progettotipocostokind','8',null,null,null,'S',{ts '2020-06-18 12:09:29.033'},'assistenza','N','datetime','datetime','System.DateTime')
GO

IF exists(SELECT * FROM [coldescr] WHERE colname = 'cu' AND tablename = 'progettotipocostokind')
UPDATE [coldescr] SET col_len = '64',col_precision = null,col_scale = null,description = null,kind = 'S',lt = {ts '2020-06-18 12:09:29.033'},lu = 'assistenza',primarykey = 'N',sql_declaration = 'varchar(64)',sql_type = 'varchar',system_type = 'System.String' WHERE colname = 'cu' AND tablename = 'progettotipocostokind'
ELSE
INSERT INTO [coldescr] (colname,tablename,col_len,col_precision,col_scale,description,kind,lt,lu,primarykey,sql_declaration,sql_type,system_type) VALUES ('cu','progettotipocostokind','64',null,null,null,'S',{ts '2020-06-18 12:09:29.033'},'assistenza','N','varchar(64)','varchar','System.String')
GO

IF exists(SELECT * FROM [coldescr] WHERE colname = 'description' AND tablename = 'progettotipocostokind')
UPDATE [coldescr] SET col_len = '2048',col_precision = null,col_scale = null,description = 'Descrizione',kind = 'S',lt = {ts '2020-06-18 12:10:05.090'},lu = 'assistenza',primarykey = 'N',sql_declaration = 'nvarchar(2048)',sql_type = 'nvarchar',system_type = 'System.String' WHERE colname = 'description' AND tablename = 'progettotipocostokind'
ELSE
INSERT INTO [coldescr] (colname,tablename,col_len,col_precision,col_scale,description,kind,lt,lu,primarykey,sql_declaration,sql_type,system_type) VALUES ('description','progettotipocostokind','2048',null,null,'Descrizione','S',{ts '2020-06-18 12:10:05.090'},'assistenza','N','nvarchar(2048)','nvarchar','System.String')
GO

IF exists(SELECT * FROM [coldescr] WHERE colname = 'idprogettokind' AND tablename = 'progettotipocostokind')
UPDATE [coldescr] SET col_len = '4',col_precision = null,col_scale = null,description = null,kind = 'S',lt = {ts '2020-06-18 12:09:29.033'},lu = 'assistenza',primarykey = 'S',sql_declaration = 'int',sql_type = 'int',system_type = 'System.Int32' WHERE colname = 'idprogettokind' AND tablename = 'progettotipocostokind'
ELSE
INSERT INTO [coldescr] (colname,tablename,col_len,col_precision,col_scale,description,kind,lt,lu,primarykey,sql_declaration,sql_type,system_type) VALUES ('idprogettokind','progettotipocostokind','4',null,null,null,'S',{ts '2020-06-18 12:09:29.033'},'assistenza','S','int','int','System.Int32')
GO

IF exists(SELECT * FROM [coldescr] WHERE colname = 'idprogettotipocostokind' AND tablename = 'progettotipocostokind')
UPDATE [coldescr] SET col_len = '4',col_precision = null,col_scale = null,description = null,kind = 'S',lt = {ts '2020-06-18 12:09:29.033'},lu = 'assistenza',primarykey = 'S',sql_declaration = 'int',sql_type = 'int',system_type = 'System.Int32' WHERE colname = 'idprogettotipocostokind' AND tablename = 'progettotipocostokind'
ELSE
INSERT INTO [coldescr] (colname,tablename,col_len,col_precision,col_scale,description,kind,lt,lu,primarykey,sql_declaration,sql_type,system_type) VALUES ('idprogettotipocostokind','progettotipocostokind','4',null,null,null,'S',{ts '2020-06-18 12:09:29.033'},'assistenza','S','int','int','System.Int32')
GO

IF exists(SELECT * FROM [coldescr] WHERE colname = 'lt' AND tablename = 'progettotipocostokind')
UPDATE [coldescr] SET col_len = '8',col_precision = null,col_scale = null,description = null,kind = 'S',lt = {ts '2020-06-18 12:09:29.033'},lu = 'assistenza',primarykey = 'N',sql_declaration = 'datetime',sql_type = 'datetime',system_type = 'System.DateTime' WHERE colname = 'lt' AND tablename = 'progettotipocostokind'
ELSE
INSERT INTO [coldescr] (colname,tablename,col_len,col_precision,col_scale,description,kind,lt,lu,primarykey,sql_declaration,sql_type,system_type) VALUES ('lt','progettotipocostokind','8',null,null,null,'S',{ts '2020-06-18 12:09:29.033'},'assistenza','N','datetime','datetime','System.DateTime')
GO

IF exists(SELECT * FROM [coldescr] WHERE colname = 'lu' AND tablename = 'progettotipocostokind')
UPDATE [coldescr] SET col_len = '64',col_precision = null,col_scale = null,description = null,kind = 'S',lt = {ts '2020-06-18 12:09:29.033'},lu = 'assistenza',primarykey = 'N',sql_declaration = 'varchar(64)',sql_type = 'varchar',system_type = 'System.String' WHERE colname = 'lu' AND tablename = 'progettotipocostokind'
ELSE
INSERT INTO [coldescr] (colname,tablename,col_len,col_precision,col_scale,description,kind,lt,lu,primarykey,sql_declaration,sql_type,system_type) VALUES ('lu','progettotipocostokind','64',null,null,null,'S',{ts '2020-06-18 12:09:29.033'},'assistenza','N','varchar(64)','varchar','System.String')
GO

IF exists(SELECT * FROM [coldescr] WHERE colname = 'title' AND tablename = 'progettotipocostokind')
UPDATE [coldescr] SET col_len = '2048',col_precision = null,col_scale = null,description = 'Voce',kind = 'S',lt = {ts '2020-06-18 12:10:05.090'},lu = 'assistenza',primarykey = 'N',sql_declaration = 'nvarchar(2048)',sql_type = 'nvarchar',system_type = 'System.String' WHERE colname = 'title' AND tablename = 'progettotipocostokind'
ELSE
INSERT INTO [coldescr] (colname,tablename,col_len,col_precision,col_scale,description,kind,lt,lu,primarykey,sql_declaration,sql_type,system_type) VALUES ('title','progettotipocostokind','2048',null,null,'Voce','S',{ts '2020-06-18 12:10:05.090'},'assistenza','N','nvarchar(2048)','nvarchar','System.String')
GO

-- FINE GENERAZIONE SCRIPT --

--[DBO]--
-- CREAZIONE TABELLA progettotipocostokindtax --
IF NOT EXISTS(select * from sysobjects where id = object_id(N'[dbo].[progettotipocostokindtax]') and OBJECTPROPERTY(id, N'IsUserTable') = 1)
BEGIN
CREATE TABLE [dbo].[progettotipocostokindtax] (
idprogettotipocostokind int NOT NULL,
taxcode int NOT NULL,
idprogettokind int NOT NULL,
ct datetime NULL,
cu varchar(64) NULL,
lt datetime NULL,
lu varchar(64) NULL,
 CONSTRAINT xpkprogettotipocostokindtax PRIMARY KEY (idprogettotipocostokind,
taxcode,
idprogettokind
)
)
END
GO

-- VERIFICA STRUTTURA progettotipocostokindtax --
IF NOT exists(select * from [sysobjects] as T inner join syscolumns C on T.ID = C.ID where t.name = 'progettotipocostokindtax' and C.name = 'idprogettotipocostokind' AND (T.uid = USER_ID( ) OR T.uid = USER_ID('dbo')))
BEGIN
	ALTER TABLE [progettotipocostokindtax] ADD idprogettotipocostokind int NOT NULL DEFAULT 0
	declare @vincolo varchar(100)
	select @vincolo = object_name(const.constid) from syscolumns col join sysconstraints const on const.id = col.id and const.colid = col.colid where col.id = object_id('progettotipocostokindtax') and col.name = 'idprogettotipocostokind' and objectproperty(const.constid, 'IsDefaultCnst')=1
	exec ('ALTER TABLE [progettotipocostokindtax] drop constraint '+@vincolo)
END
GO

IF NOT exists(select * from [sysobjects] as T inner join syscolumns C on T.ID = C.ID where t.name = 'progettotipocostokindtax' and C.name = 'taxcode' AND (T.uid = USER_ID( ) OR T.uid = USER_ID('dbo')))
BEGIN
	ALTER TABLE [progettotipocostokindtax] ADD taxcode int NOT NULL DEFAULT 0
	declare @vincolo varchar(100)
	select @vincolo = object_name(const.constid) from syscolumns col join sysconstraints const on const.id = col.id and const.colid = col.colid where col.id = object_id('progettotipocostokindtax') and col.name = 'taxcode' and objectproperty(const.constid, 'IsDefaultCnst')=1
	exec ('ALTER TABLE [progettotipocostokindtax] drop constraint '+@vincolo)
END
GO

IF NOT exists(select * from [sysobjects] as T inner join syscolumns C on T.ID = C.ID where t.name = 'progettotipocostokindtax' and C.name = 'idprogettokind' AND (T.uid = USER_ID( ) OR T.uid = USER_ID('dbo')))
BEGIN
	ALTER TABLE [progettotipocostokindtax] ADD idprogettokind int NOT NULL DEFAULT 0
	declare @vincolo varchar(100)
	select @vincolo = object_name(const.constid) from syscolumns col join sysconstraints const on const.id = col.id and const.colid = col.colid where col.id = object_id('progettotipocostokindtax') and col.name = 'idprogettokind' and objectproperty(const.constid, 'IsDefaultCnst')=1
	exec ('ALTER TABLE [progettotipocostokindtax] drop constraint '+@vincolo)
END
GO

IF NOT exists(select * from [sysobjects] as T inner join syscolumns C on T.ID = C.ID where t.name = 'progettotipocostokindtax' and C.name = 'ct' AND (T.uid = USER_ID( ) OR T.uid = USER_ID('dbo')))
BEGIN
	ALTER TABLE [progettotipocostokindtax] ADD ct datetime NULL 
END
ELSE
	ALTER TABLE [progettotipocostokindtax] ALTER COLUMN ct datetime NULL
GO

IF NOT exists(select * from [sysobjects] as T inner join syscolumns C on T.ID = C.ID where t.name = 'progettotipocostokindtax' and C.name = 'cu' AND (T.uid = USER_ID( ) OR T.uid = USER_ID('dbo')))
BEGIN
	ALTER TABLE [progettotipocostokindtax] ADD cu varchar(64) NULL 
END
ELSE
	ALTER TABLE [progettotipocostokindtax] ALTER COLUMN cu varchar(64) NULL
GO

IF NOT exists(select * from [sysobjects] as T inner join syscolumns C on T.ID = C.ID where t.name = 'progettotipocostokindtax' and C.name = 'lt' AND (T.uid = USER_ID( ) OR T.uid = USER_ID('dbo')))
BEGIN
	ALTER TABLE [progettotipocostokindtax] ADD lt datetime NULL 
END
ELSE
	ALTER TABLE [progettotipocostokindtax] ALTER COLUMN lt datetime NULL
GO

IF NOT exists(select * from [sysobjects] as T inner join syscolumns C on T.ID = C.ID where t.name = 'progettotipocostokindtax' and C.name = 'lu' AND (T.uid = USER_ID( ) OR T.uid = USER_ID('dbo')))
BEGIN
	ALTER TABLE [progettotipocostokindtax] ADD lu varchar(64) NULL 
END
ELSE
	ALTER TABLE [progettotipocostokindtax] ALTER COLUMN lu varchar(64) NULL
GO

-- VERIFICA DI progettotipocostokindtax IN COLUMNTYPES --
DELETE FROM columntypes WHERE tablename = 'progettotipocostokindtax'
INSERT INTO columntypes (format,allownull,tablename,sqldeclaration,createuser,field,col_len,denynull,sqltype,systemtype,defaultvalue,col_scale,lastmoduser,col_precision,iskey) VALUES('','N','progettotipocostokindtax','int','ASSISTENZA','idprogettokind','4','S','int','System.Int32','','','''ASSISTENZA''','','S')
GO

INSERT INTO columntypes (format,allownull,tablename,sqldeclaration,createuser,field,col_len,denynull,sqltype,systemtype,defaultvalue,col_scale,lastmoduser,col_precision,iskey) VALUES('','N','progettotipocostokindtax','int','ASSISTENZA','idprogettotipocostokind','4','S','int','System.Int32','','','''ASSISTENZA''','','S')
GO

INSERT INTO columntypes (format,allownull,tablename,sqldeclaration,createuser,field,col_len,denynull,sqltype,systemtype,defaultvalue,col_scale,lastmoduser,col_precision,iskey) VALUES('','N','progettotipocostokindtax','int','ASSISTENZA','taxcode','4','S','int','System.Int32','','','''ASSISTENZA''','','S')
GO

INSERT INTO columntypes (format,allownull,tablename,sqldeclaration,createuser,field,col_len,denynull,sqltype,systemtype,defaultvalue,col_scale,lastmoduser,col_precision,iskey) VALUES('','S','progettotipocostokindtax','datetime','ASSISTENZA','ct','8','N','datetime','System.DateTime','','','''ASSISTENZA''','','N')
GO

INSERT INTO columntypes (format,allownull,tablename,sqldeclaration,createuser,field,col_len,denynull,sqltype,systemtype,defaultvalue,col_scale,lastmoduser,col_precision,iskey) VALUES('','S','progettotipocostokindtax','varchar(64)','ASSISTENZA','cu','64','N','varchar','System.String','','','''ASSISTENZA''','','N')
GO

INSERT INTO columntypes (format,allownull,tablename,sqldeclaration,createuser,field,col_len,denynull,sqltype,systemtype,defaultvalue,col_scale,lastmoduser,col_precision,iskey) VALUES('','S','progettotipocostokindtax','datetime','ASSISTENZA','lt','8','N','datetime','System.DateTime','','','''ASSISTENZA''','','N')
GO

INSERT INTO columntypes (format,allownull,tablename,sqldeclaration,createuser,field,col_len,denynull,sqltype,systemtype,defaultvalue,col_scale,lastmoduser,col_precision,iskey) VALUES('','S','progettotipocostokindtax','varchar(64)','ASSISTENZA','lu','64','N','varchar','System.String','','','''ASSISTENZA''','','N')
GO

-- VERIFICA DI progettotipocostokindtax IN CUSTOMOBJECT --
IF EXISTS(select * from customobject where objectname = 'progettotipocostokindtax')
UPDATE customobject set isreal = 'S' where objectname = 'progettotipocostokindtax'
ELSE
INSERT INTO customobject (objectname, isreal) values('progettotipocostokindtax', 'S')
GO
-- FINE GENERAZIONE SCRIPT --


-- GENERAZIONE DATI PER tabledescr --
IF exists(SELECT * FROM [tabledescr] WHERE tablename = 'progettotipocostokindtax')
UPDATE [tabledescr] SET description = 'Tipi di ritenuta associati alla voce di costo della attivit? o progetto (modello)',idapplication = null,isdbo = 'N',lt = {ts '2020-06-18 18:32:05.590'},lu = 'assistenza',title = 'Tipi di ritenuta associati' WHERE tablename = 'progettotipocostokindtax'
ELSE
INSERT INTO [tabledescr] (tablename,description,idapplication,isdbo,lt,lu,title) VALUES ('progettotipocostokindtax','Tipi di ritenuta associati alla voce di costo della attivit? o progetto (modello)',null,'N',{ts '2020-06-18 18:32:05.590'},'assistenza','Tipi di ritenuta associati')
GO

-- FINE GENERAZIONE SCRIPT --


-- GENERAZIONE DATI PER coldescr --
IF exists(SELECT * FROM [coldescr] WHERE colname = 'ct' AND tablename = 'progettotipocostokindtax')
UPDATE [coldescr] SET col_len = '8',col_precision = null,col_scale = null,description = null,kind = 'S',lt = {ts '2020-06-18 18:32:08.673'},lu = 'assistenza',primarykey = 'N',sql_declaration = 'datetime',sql_type = 'datetime',system_type = 'System.DateTime' WHERE colname = 'ct' AND tablename = 'progettotipocostokindtax'
ELSE
INSERT INTO [coldescr] (colname,tablename,col_len,col_precision,col_scale,description,kind,lt,lu,primarykey,sql_declaration,sql_type,system_type) VALUES ('ct','progettotipocostokindtax','8',null,null,null,'S',{ts '2020-06-18 18:32:08.673'},'assistenza','N','datetime','datetime','System.DateTime')
GO

IF exists(SELECT * FROM [coldescr] WHERE colname = 'cu' AND tablename = 'progettotipocostokindtax')
UPDATE [coldescr] SET col_len = '64',col_precision = null,col_scale = null,description = null,kind = 'S',lt = {ts '2020-06-18 18:32:08.673'},lu = 'assistenza',primarykey = 'N',sql_declaration = 'varchar(64)',sql_type = 'varchar',system_type = 'System.String' WHERE colname = 'cu' AND tablename = 'progettotipocostokindtax'
ELSE
INSERT INTO [coldescr] (colname,tablename,col_len,col_precision,col_scale,description,kind,lt,lu,primarykey,sql_declaration,sql_type,system_type) VALUES ('cu','progettotipocostokindtax','64',null,null,null,'S',{ts '2020-06-18 18:32:08.673'},'assistenza','N','varchar(64)','varchar','System.String')
GO

IF exists(SELECT * FROM [coldescr] WHERE colname = 'idprogettokind' AND tablename = 'progettotipocostokindtax')
UPDATE [coldescr] SET col_len = '4',col_precision = null,col_scale = null,description = null,kind = 'S',lt = {ts '2020-06-18 18:32:08.673'},lu = 'assistenza',primarykey = 'S',sql_declaration = 'int',sql_type = 'int',system_type = 'System.Int32' WHERE colname = 'idprogettokind' AND tablename = 'progettotipocostokindtax'
ELSE
INSERT INTO [coldescr] (colname,tablename,col_len,col_precision,col_scale,description,kind,lt,lu,primarykey,sql_declaration,sql_type,system_type) VALUES ('idprogettokind','progettotipocostokindtax','4',null,null,null,'S',{ts '2020-06-18 18:32:08.673'},'assistenza','S','int','int','System.Int32')
GO

IF exists(SELECT * FROM [coldescr] WHERE colname = 'idprogettotipocostokind' AND tablename = 'progettotipocostokindtax')
UPDATE [coldescr] SET col_len = '4',col_precision = null,col_scale = null,description = null,kind = 'S',lt = {ts '2020-06-18 18:32:08.673'},lu = 'assistenza',primarykey = 'S',sql_declaration = 'int',sql_type = 'int',system_type = 'System.Int32' WHERE colname = 'idprogettotipocostokind' AND tablename = 'progettotipocostokindtax'
ELSE
INSERT INTO [coldescr] (colname,tablename,col_len,col_precision,col_scale,description,kind,lt,lu,primarykey,sql_declaration,sql_type,system_type) VALUES ('idprogettotipocostokind','progettotipocostokindtax','4',null,null,null,'S',{ts '2020-06-18 18:32:08.673'},'assistenza','S','int','int','System.Int32')
GO

IF exists(SELECT * FROM [coldescr] WHERE colname = 'lt' AND tablename = 'progettotipocostokindtax')
UPDATE [coldescr] SET col_len = '8',col_precision = null,col_scale = null,description = null,kind = 'S',lt = {ts '2020-06-18 18:32:08.673'},lu = 'assistenza',primarykey = 'N',sql_declaration = 'datetime',sql_type = 'datetime',system_type = 'System.DateTime' WHERE colname = 'lt' AND tablename = 'progettotipocostokindtax'
ELSE
INSERT INTO [coldescr] (colname,tablename,col_len,col_precision,col_scale,description,kind,lt,lu,primarykey,sql_declaration,sql_type,system_type) VALUES ('lt','progettotipocostokindtax','8',null,null,null,'S',{ts '2020-06-18 18:32:08.673'},'assistenza','N','datetime','datetime','System.DateTime')
GO

IF exists(SELECT * FROM [coldescr] WHERE colname = 'lu' AND tablename = 'progettotipocostokindtax')
UPDATE [coldescr] SET col_len = '64',col_precision = null,col_scale = null,description = null,kind = 'S',lt = {ts '2020-06-18 18:32:08.673'},lu = 'assistenza',primarykey = 'N',sql_declaration = 'varchar(64)',sql_type = 'varchar',system_type = 'System.String' WHERE colname = 'lu' AND tablename = 'progettotipocostokindtax'
ELSE
INSERT INTO [coldescr] (colname,tablename,col_len,col_precision,col_scale,description,kind,lt,lu,primarykey,sql_declaration,sql_type,system_type) VALUES ('lu','progettotipocostokindtax','64',null,null,null,'S',{ts '2020-06-18 18:32:08.673'},'assistenza','N','varchar(64)','varchar','System.String')
GO

IF exists(SELECT * FROM [coldescr] WHERE colname = 'taxcode' AND tablename = 'progettotipocostokindtax')
UPDATE [coldescr] SET col_len = '4',col_precision = null,col_scale = null,description = 'Tipi di ritenuta',kind = 'S',lt = {ts '2020-06-18 18:32:29.427'},lu = 'assistenza',primarykey = 'S',sql_declaration = 'int',sql_type = 'int',system_type = 'System.Int32' WHERE colname = 'taxcode' AND tablename = 'progettotipocostokindtax'
ELSE
INSERT INTO [coldescr] (colname,tablename,col_len,col_precision,col_scale,description,kind,lt,lu,primarykey,sql_declaration,sql_type,system_type) VALUES ('taxcode','progettotipocostokindtax','4',null,null,'Tipi di ritenuta','S',{ts '2020-06-18 18:32:29.427'},'assistenza','S','int','int','System.Int32')
GO

-- FINE GENERAZIONE SCRIPT --

--[DBO]--
-- CREAZIONE TABELLA progettotipocostotax --
IF NOT EXISTS(select * from sysobjects where id = object_id(N'[dbo].[progettotipocostotax]') and OBJECTPROPERTY(id, N'IsUserTable') = 1)
BEGIN
CREATE TABLE [dbo].[progettotipocostotax] (
idprogettotipocosto int NOT NULL,
taxcode int NOT NULL,
idprogetto int NOT NULL,
ct datetime NULL,
cu varchar(64) NULL,
lt datetime NULL,
lu varchar(64) NULL,
 CONSTRAINT xpkprogettotipocostotax PRIMARY KEY (idprogettotipocosto,
taxcode,
idprogetto
)
)
END
GO

-- VERIFICA STRUTTURA progettotipocostotax --
IF NOT exists(select * from [sysobjects] as T inner join syscolumns C on T.ID = C.ID where t.name = 'progettotipocostotax' and C.name = 'idprogettotipocosto' AND (T.uid = USER_ID( ) OR T.uid = USER_ID('dbo')))
BEGIN
	ALTER TABLE [progettotipocostotax] ADD idprogettotipocosto int NOT NULL DEFAULT 0
	declare @vincolo varchar(100)
	select @vincolo = object_name(const.constid) from syscolumns col join sysconstraints const on const.id = col.id and const.colid = col.colid where col.id = object_id('progettotipocostotax') and col.name = 'idprogettotipocosto' and objectproperty(const.constid, 'IsDefaultCnst')=1
	exec ('ALTER TABLE [progettotipocostotax] drop constraint '+@vincolo)
END
GO

IF NOT exists(select * from [sysobjects] as T inner join syscolumns C on T.ID = C.ID where t.name = 'progettotipocostotax' and C.name = 'taxcode' AND (T.uid = USER_ID( ) OR T.uid = USER_ID('dbo')))
BEGIN
	ALTER TABLE [progettotipocostotax] ADD taxcode int NOT NULL DEFAULT 0
	declare @vincolo varchar(100)
	select @vincolo = object_name(const.constid) from syscolumns col join sysconstraints const on const.id = col.id and const.colid = col.colid where col.id = object_id('progettotipocostotax') and col.name = 'taxcode' and objectproperty(const.constid, 'IsDefaultCnst')=1
	exec ('ALTER TABLE [progettotipocostotax] drop constraint '+@vincolo)
END
GO

IF NOT exists(select * from [sysobjects] as T inner join syscolumns C on T.ID = C.ID where t.name = 'progettotipocostotax' and C.name = 'idprogetto' AND (T.uid = USER_ID( ) OR T.uid = USER_ID('dbo')))
BEGIN
	ALTER TABLE [progettotipocostotax] ADD idprogetto int NOT NULL DEFAULT 0
	declare @vincolo varchar(100)
	select @vincolo = object_name(const.constid) from syscolumns col join sysconstraints const on const.id = col.id and const.colid = col.colid where col.id = object_id('progettotipocostotax') and col.name = 'idprogetto' and objectproperty(const.constid, 'IsDefaultCnst')=1
	exec ('ALTER TABLE [progettotipocostotax] drop constraint '+@vincolo)
END
GO

IF NOT exists(select * from [sysobjects] as T inner join syscolumns C on T.ID = C.ID where t.name = 'progettotipocostotax' and C.name = 'ct' AND (T.uid = USER_ID( ) OR T.uid = USER_ID('dbo')))
BEGIN
	ALTER TABLE [progettotipocostotax] ADD ct datetime NULL 
END
ELSE
	ALTER TABLE [progettotipocostotax] ALTER COLUMN ct datetime NULL
GO

IF NOT exists(select * from [sysobjects] as T inner join syscolumns C on T.ID = C.ID where t.name = 'progettotipocostotax' and C.name = 'cu' AND (T.uid = USER_ID( ) OR T.uid = USER_ID('dbo')))
BEGIN
	ALTER TABLE [progettotipocostotax] ADD cu varchar(64) NULL 
END
ELSE
	ALTER TABLE [progettotipocostotax] ALTER COLUMN cu varchar(64) NULL
GO

IF NOT exists(select * from [sysobjects] as T inner join syscolumns C on T.ID = C.ID where t.name = 'progettotipocostotax' and C.name = 'lt' AND (T.uid = USER_ID( ) OR T.uid = USER_ID('dbo')))
BEGIN
	ALTER TABLE [progettotipocostotax] ADD lt datetime NULL 
END
ELSE
	ALTER TABLE [progettotipocostotax] ALTER COLUMN lt datetime NULL
GO

IF NOT exists(select * from [sysobjects] as T inner join syscolumns C on T.ID = C.ID where t.name = 'progettotipocostotax' and C.name = 'lu' AND (T.uid = USER_ID( ) OR T.uid = USER_ID('dbo')))
BEGIN
	ALTER TABLE [progettotipocostotax] ADD lu varchar(64) NULL 
END
ELSE
	ALTER TABLE [progettotipocostotax] ALTER COLUMN lu varchar(64) NULL
GO

-- VERIFICA DI progettotipocostotax IN COLUMNTYPES --
DELETE FROM columntypes WHERE tablename = 'progettotipocostotax'
INSERT INTO columntypes (format,allownull,tablename,sqldeclaration,createuser,field,col_len,denynull,sqltype,systemtype,defaultvalue,col_scale,lastmoduser,col_precision,iskey) VALUES('','N','progettotipocostotax','int','ASSISTENZA','idprogetto','4','S','int','System.Int32','','','''ASSISTENZA''','','S')
GO

INSERT INTO columntypes (format,allownull,tablename,sqldeclaration,createuser,field,col_len,denynull,sqltype,systemtype,defaultvalue,col_scale,lastmoduser,col_precision,iskey) VALUES('','N','progettotipocostotax','int','ASSISTENZA','idprogettotipocosto','4','S','int','System.Int32','','','''ASSISTENZA''','','S')
GO

INSERT INTO columntypes (format,allownull,tablename,sqldeclaration,createuser,field,col_len,denynull,sqltype,systemtype,defaultvalue,col_scale,lastmoduser,col_precision,iskey) VALUES('','N','progettotipocostotax','int','ASSISTENZA','taxcode','4','S','int','System.Int32','','','''ASSISTENZA''','','S')
GO

INSERT INTO columntypes (format,allownull,tablename,sqldeclaration,createuser,field,col_len,denynull,sqltype,systemtype,defaultvalue,col_scale,lastmoduser,col_precision,iskey) VALUES('','S','progettotipocostotax','datetime','ASSISTENZA','ct','8','N','datetime','System.DateTime','','','''ASSISTENZA''','','N')
GO

INSERT INTO columntypes (format,allownull,tablename,sqldeclaration,createuser,field,col_len,denynull,sqltype,systemtype,defaultvalue,col_scale,lastmoduser,col_precision,iskey) VALUES('','S','progettotipocostotax','varchar(64)','ASSISTENZA','cu','64','N','varchar','System.String','','','''ASSISTENZA''','','N')
GO

INSERT INTO columntypes (format,allownull,tablename,sqldeclaration,createuser,field,col_len,denynull,sqltype,systemtype,defaultvalue,col_scale,lastmoduser,col_precision,iskey) VALUES('','S','progettotipocostotax','datetime','ASSISTENZA','lt','8','N','datetime','System.DateTime','','','''ASSISTENZA''','','N')
GO

INSERT INTO columntypes (format,allownull,tablename,sqldeclaration,createuser,field,col_len,denynull,sqltype,systemtype,defaultvalue,col_scale,lastmoduser,col_precision,iskey) VALUES('','S','progettotipocostotax','varchar(64)','ASSISTENZA','lu','64','N','varchar','System.String','','','''ASSISTENZA''','','N')
GO

-- VERIFICA DI progettotipocostotax IN CUSTOMOBJECT --
IF EXISTS(select * from customobject where objectname = 'progettotipocostotax')
UPDATE customobject set isreal = 'S' where objectname = 'progettotipocostotax'
ELSE
INSERT INTO customobject (objectname, isreal) values('progettotipocostotax', 'S')
GO
-- FINE GENERAZIONE SCRIPT --


-- GENERAZIONE DATI PER tabledescr --
IF exists(SELECT * FROM [tabledescr] WHERE tablename = 'progettotipocostotax')
UPDATE [tabledescr] SET description = 'Tipi di ritenuta associati alla voce di costo della attivit? o progetto',idapplication = null,isdbo = 'N',lt = {ts '2020-06-18 18:32:03.350'},lu = 'assistenza',title = 'Tipi di ritenuta associati' WHERE tablename = 'progettotipocostotax'
ELSE
INSERT INTO [tabledescr] (tablename,description,idapplication,isdbo,lt,lu,title) VALUES ('progettotipocostotax','Tipi di ritenuta associati alla voce di costo della attivit? o progetto',null,'N',{ts '2020-06-18 18:32:03.350'},'assistenza','Tipi di ritenuta associati')
GO

-- FINE GENERAZIONE SCRIPT --


-- GENERAZIONE DATI PER coldescr --
IF exists(SELECT * FROM [coldescr] WHERE colname = 'ct' AND tablename = 'progettotipocostotax')
UPDATE [coldescr] SET col_len = '8',col_precision = null,col_scale = null,description = null,kind = 'S',lt = {ts '2020-06-18 18:32:11.607'},lu = 'assistenza',primarykey = 'N',sql_declaration = 'datetime',sql_type = 'datetime',system_type = 'System.DateTime' WHERE colname = 'ct' AND tablename = 'progettotipocostotax'
ELSE
INSERT INTO [coldescr] (colname,tablename,col_len,col_precision,col_scale,description,kind,lt,lu,primarykey,sql_declaration,sql_type,system_type) VALUES ('ct','progettotipocostotax','8',null,null,null,'S',{ts '2020-06-18 18:32:11.607'},'assistenza','N','datetime','datetime','System.DateTime')
GO

IF exists(SELECT * FROM [coldescr] WHERE colname = 'cu' AND tablename = 'progettotipocostotax')
UPDATE [coldescr] SET col_len = '64',col_precision = null,col_scale = null,description = null,kind = 'S',lt = {ts '2020-06-18 18:32:11.607'},lu = 'assistenza',primarykey = 'N',sql_declaration = 'varchar(64)',sql_type = 'varchar',system_type = 'System.String' WHERE colname = 'cu' AND tablename = 'progettotipocostotax'
ELSE
INSERT INTO [coldescr] (colname,tablename,col_len,col_precision,col_scale,description,kind,lt,lu,primarykey,sql_declaration,sql_type,system_type) VALUES ('cu','progettotipocostotax','64',null,null,null,'S',{ts '2020-06-18 18:32:11.607'},'assistenza','N','varchar(64)','varchar','System.String')
GO

IF exists(SELECT * FROM [coldescr] WHERE colname = 'idprogetto' AND tablename = 'progettotipocostotax')
UPDATE [coldescr] SET col_len = '4',col_precision = null,col_scale = null,description = null,kind = 'S',lt = {ts '2020-06-18 18:32:11.607'},lu = 'assistenza',primarykey = 'S',sql_declaration = 'int',sql_type = 'int',system_type = 'System.Int32' WHERE colname = 'idprogetto' AND tablename = 'progettotipocostotax'
ELSE
INSERT INTO [coldescr] (colname,tablename,col_len,col_precision,col_scale,description,kind,lt,lu,primarykey,sql_declaration,sql_type,system_type) VALUES ('idprogetto','progettotipocostotax','4',null,null,null,'S',{ts '2020-06-18 18:32:11.607'},'assistenza','S','int','int','System.Int32')
GO

IF exists(SELECT * FROM [coldescr] WHERE colname = 'idprogettotipocosto' AND tablename = 'progettotipocostotax')
UPDATE [coldescr] SET col_len = '4',col_precision = null,col_scale = null,description = null,kind = 'S',lt = {ts '2020-06-18 18:32:11.607'},lu = 'assistenza',primarykey = 'S',sql_declaration = 'int',sql_type = 'int',system_type = 'System.Int32' WHERE colname = 'idprogettotipocosto' AND tablename = 'progettotipocostotax'
ELSE
INSERT INTO [coldescr] (colname,tablename,col_len,col_precision,col_scale,description,kind,lt,lu,primarykey,sql_declaration,sql_type,system_type) VALUES ('idprogettotipocosto','progettotipocostotax','4',null,null,null,'S',{ts '2020-06-18 18:32:11.607'},'assistenza','S','int','int','System.Int32')
GO

IF exists(SELECT * FROM [coldescr] WHERE colname = 'lt' AND tablename = 'progettotipocostotax')
UPDATE [coldescr] SET col_len = '8',col_precision = null,col_scale = null,description = null,kind = 'S',lt = {ts '2020-06-18 18:32:11.607'},lu = 'assistenza',primarykey = 'N',sql_declaration = 'datetime',sql_type = 'datetime',system_type = 'System.DateTime' WHERE colname = 'lt' AND tablename = 'progettotipocostotax'
ELSE
INSERT INTO [coldescr] (colname,tablename,col_len,col_precision,col_scale,description,kind,lt,lu,primarykey,sql_declaration,sql_type,system_type) VALUES ('lt','progettotipocostotax','8',null,null,null,'S',{ts '2020-06-18 18:32:11.607'},'assistenza','N','datetime','datetime','System.DateTime')
GO

IF exists(SELECT * FROM [coldescr] WHERE colname = 'lu' AND tablename = 'progettotipocostotax')
UPDATE [coldescr] SET col_len = '64',col_precision = null,col_scale = null,description = null,kind = 'S',lt = {ts '2020-06-18 18:32:11.607'},lu = 'assistenza',primarykey = 'N',sql_declaration = 'varchar(64)',sql_type = 'varchar',system_type = 'System.String' WHERE colname = 'lu' AND tablename = 'progettotipocostotax'
ELSE
INSERT INTO [coldescr] (colname,tablename,col_len,col_precision,col_scale,description,kind,lt,lu,primarykey,sql_declaration,sql_type,system_type) VALUES ('lu','progettotipocostotax','64',null,null,null,'S',{ts '2020-06-18 18:32:11.607'},'assistenza','N','varchar(64)','varchar','System.String')
GO

IF exists(SELECT * FROM [coldescr] WHERE colname = 'taxcode' AND tablename = 'progettotipocostotax')
UPDATE [coldescr] SET col_len = '4',col_precision = null,col_scale = null,description = 'Tipi di ritenuta',kind = 'S',lt = {ts '2020-06-18 18:32:23.803'},lu = 'assistenza',primarykey = 'S',sql_declaration = 'int',sql_type = 'int',system_type = 'System.Int32' WHERE colname = 'taxcode' AND tablename = 'progettotipocostotax'
ELSE
INSERT INTO [coldescr] (colname,tablename,col_len,col_precision,col_scale,description,kind,lt,lu,primarykey,sql_declaration,sql_type,system_type) VALUES ('taxcode','progettotipocostotax','4',null,null,'Tipi di ritenuta','S',{ts '2020-06-18 18:32:23.803'},'assistenza','S','int','int','System.Int32')
GO

-- FINE GENERAZIONE SCRIPT --

--[DBO]--
-- CREAZIONE TABELLA progettoudr --
IF NOT EXISTS(select * from sysobjects where id = object_id(N'[dbo].[progettoudr]') and OBJECTPROPERTY(id, N'IsUserTable') = 1)
BEGIN
CREATE TABLE [dbo].[progettoudr] (
idprogettoudr int NOT NULL,
idprogetto int NOT NULL,
assegniricerca int NULL,
borsedottorati int NULL,
budget decimal(10,2) NULL,
contrattirtd int NULL,
contributo decimal(10,2) NULL,
ct datetime NULL,
cu varchar(64) NULL,
description varchar(max) NULL,
impegnototale int NULL,
lt datetime NULL,
lu varchar(64) NULL,
title nvarchar(2048) NULL,
 CONSTRAINT xpkprogettoudr PRIMARY KEY (idprogettoudr,
idprogetto
)
)
END
GO

-- VERIFICA STRUTTURA progettoudr --
IF NOT exists(select * from [sysobjects] as T inner join syscolumns C on T.ID = C.ID where t.name = 'progettoudr' and C.name = 'idprogettoudr' AND (T.uid = USER_ID( ) OR T.uid = USER_ID('dbo')))
BEGIN
	ALTER TABLE [progettoudr] ADD idprogettoudr int NOT NULL DEFAULT 0
	declare @vincolo varchar(100)
	select @vincolo = object_name(const.constid) from syscolumns col join sysconstraints const on const.id = col.id and const.colid = col.colid where col.id = object_id('progettoudr') and col.name = 'idprogettoudr' and objectproperty(const.constid, 'IsDefaultCnst')=1
	exec ('ALTER TABLE [progettoudr] drop constraint '+@vincolo)
END
GO

IF NOT exists(select * from [sysobjects] as T inner join syscolumns C on T.ID = C.ID where t.name = 'progettoudr' and C.name = 'idprogetto' AND (T.uid = USER_ID( ) OR T.uid = USER_ID('dbo')))
BEGIN
	ALTER TABLE [progettoudr] ADD idprogetto int NOT NULL DEFAULT 0
	declare @vincolo varchar(100)
	select @vincolo = object_name(const.constid) from syscolumns col join sysconstraints const on const.id = col.id and const.colid = col.colid where col.id = object_id('progettoudr') and col.name = 'idprogetto' and objectproperty(const.constid, 'IsDefaultCnst')=1
	exec ('ALTER TABLE [progettoudr] drop constraint '+@vincolo)
END
GO

IF NOT exists(select * from [sysobjects] as T inner join syscolumns C on T.ID = C.ID where t.name = 'progettoudr' and C.name = 'assegniricerca' AND (T.uid = USER_ID( ) OR T.uid = USER_ID('dbo')))
BEGIN
	ALTER TABLE [progettoudr] ADD assegniricerca int NULL 
END
ELSE
	ALTER TABLE [progettoudr] ALTER COLUMN assegniricerca int NULL
GO

IF NOT exists(select * from [sysobjects] as T inner join syscolumns C on T.ID = C.ID where t.name = 'progettoudr' and C.name = 'borsedottorati' AND (T.uid = USER_ID( ) OR T.uid = USER_ID('dbo')))
BEGIN
	ALTER TABLE [progettoudr] ADD borsedottorati int NULL 
END
ELSE
	ALTER TABLE [progettoudr] ALTER COLUMN borsedottorati int NULL
GO

IF NOT exists(select * from [sysobjects] as T inner join syscolumns C on T.ID = C.ID where t.name = 'progettoudr' and C.name = 'budget' AND (T.uid = USER_ID( ) OR T.uid = USER_ID('dbo')))
BEGIN
	ALTER TABLE [progettoudr] ADD budget decimal(10,2) NULL 
END
ELSE
	ALTER TABLE [progettoudr] ALTER COLUMN budget decimal(10,2) NULL
GO

IF NOT exists(select * from [sysobjects] as T inner join syscolumns C on T.ID = C.ID where t.name = 'progettoudr' and C.name = 'contrattirtd' AND (T.uid = USER_ID( ) OR T.uid = USER_ID('dbo')))
BEGIN
	ALTER TABLE [progettoudr] ADD contrattirtd int NULL 
END
ELSE
	ALTER TABLE [progettoudr] ALTER COLUMN contrattirtd int NULL
GO

IF NOT exists(select * from [sysobjects] as T inner join syscolumns C on T.ID = C.ID where t.name = 'progettoudr' and C.name = 'contributo' AND (T.uid = USER_ID( ) OR T.uid = USER_ID('dbo')))
BEGIN
	ALTER TABLE [progettoudr] ADD contributo decimal(10,2) NULL 
END
ELSE
	ALTER TABLE [progettoudr] ALTER COLUMN contributo decimal(10,2) NULL
GO

IF NOT exists(select * from [sysobjects] as T inner join syscolumns C on T.ID = C.ID where t.name = 'progettoudr' and C.name = 'ct' AND (T.uid = USER_ID( ) OR T.uid = USER_ID('dbo')))
BEGIN
	ALTER TABLE [progettoudr] ADD ct datetime NULL 
END
ELSE
	ALTER TABLE [progettoudr] ALTER COLUMN ct datetime NULL
GO

IF NOT exists(select * from [sysobjects] as T inner join syscolumns C on T.ID = C.ID where t.name = 'progettoudr' and C.name = 'cu' AND (T.uid = USER_ID( ) OR T.uid = USER_ID('dbo')))
BEGIN
	ALTER TABLE [progettoudr] ADD cu varchar(64) NULL 
END
ELSE
	ALTER TABLE [progettoudr] ALTER COLUMN cu varchar(64) NULL
GO

IF NOT exists(select * from [sysobjects] as T inner join syscolumns C on T.ID = C.ID where t.name = 'progettoudr' and C.name = 'description' AND (T.uid = USER_ID( ) OR T.uid = USER_ID('dbo')))
BEGIN
	ALTER TABLE [progettoudr] ADD description varchar(max) NULL 
END
ELSE
	ALTER TABLE [progettoudr] ALTER COLUMN description varchar(max) NULL
GO

IF NOT exists(select * from [sysobjects] as T inner join syscolumns C on T.ID = C.ID where t.name = 'progettoudr' and C.name = 'impegnototale' AND (T.uid = USER_ID( ) OR T.uid = USER_ID('dbo')))
BEGIN
	ALTER TABLE [progettoudr] ADD impegnototale int NULL 
END
ELSE
	ALTER TABLE [progettoudr] ALTER COLUMN impegnototale int NULL
GO

IF NOT exists(select * from [sysobjects] as T inner join syscolumns C on T.ID = C.ID where t.name = 'progettoudr' and C.name = 'lt' AND (T.uid = USER_ID( ) OR T.uid = USER_ID('dbo')))
BEGIN
	ALTER TABLE [progettoudr] ADD lt datetime NULL 
END
ELSE
	ALTER TABLE [progettoudr] ALTER COLUMN lt datetime NULL
GO

IF NOT exists(select * from [sysobjects] as T inner join syscolumns C on T.ID = C.ID where t.name = 'progettoudr' and C.name = 'lu' AND (T.uid = USER_ID( ) OR T.uid = USER_ID('dbo')))
BEGIN
	ALTER TABLE [progettoudr] ADD lu varchar(64) NULL 
END
ELSE
	ALTER TABLE [progettoudr] ALTER COLUMN lu varchar(64) NULL
GO

IF NOT exists(select * from [sysobjects] as T inner join syscolumns C on T.ID = C.ID where t.name = 'progettoudr' and C.name = 'title' AND (T.uid = USER_ID( ) OR T.uid = USER_ID('dbo')))
BEGIN
	ALTER TABLE [progettoudr] ADD title nvarchar(2048) NULL 
END
ELSE
	ALTER TABLE [progettoudr] ALTER COLUMN title nvarchar(2048) NULL
GO

-- VERIFICA DI progettoudr IN COLUMNTYPES --
DELETE FROM columntypes WHERE tablename = 'progettoudr'
INSERT INTO columntypes (format,allownull,tablename,sqldeclaration,createuser,field,col_len,denynull,sqltype,systemtype,defaultvalue,col_scale,lastmoduser,col_precision,iskey) VALUES('','N','progettoudr','int','ASSISTENZA','idprogetto','4','S','int','System.Int32','','','''ASSISTENZA''','','S')
GO

INSERT INTO columntypes (format,allownull,tablename,sqldeclaration,createuser,field,col_len,denynull,sqltype,systemtype,defaultvalue,col_scale,lastmoduser,col_precision,iskey) VALUES('','N','progettoudr','int','ASSISTENZA','idprogettoudr','4','S','int','System.Int32','','','''ASSISTENZA''','','S')
GO

INSERT INTO columntypes (format,allownull,tablename,sqldeclaration,createuser,field,col_len,denynull,sqltype,systemtype,defaultvalue,col_scale,lastmoduser,col_precision,iskey) VALUES('','S','progettoudr','int','ASSISTENZA','assegniricerca','4','N','int','System.Int32','','','''ASSISTENZA''','','N')
GO

INSERT INTO columntypes (format,allownull,tablename,sqldeclaration,createuser,field,col_len,denynull,sqltype,systemtype,defaultvalue,col_scale,lastmoduser,col_precision,iskey) VALUES('','S','progettoudr','int','ASSISTENZA','borsedottorati','4','N','int','System.Int32','','','''ASSISTENZA''','','N')
GO

INSERT INTO columntypes (format,allownull,tablename,sqldeclaration,createuser,field,col_len,denynull,sqltype,systemtype,defaultvalue,col_scale,lastmoduser,col_precision,iskey) VALUES('','S','progettoudr','decimal(10,2)','ASSISTENZA','budget','9','N','decimal','System.Decimal','','2','''ASSISTENZA''','10','N')
GO

INSERT INTO columntypes (format,allownull,tablename,sqldeclaration,createuser,field,col_len,denynull,sqltype,systemtype,defaultvalue,col_scale,lastmoduser,col_precision,iskey) VALUES('','S','progettoudr','int','ASSISTENZA','contrattirtd','4','N','int','System.Int32','','','''ASSISTENZA''','','N')
GO

INSERT INTO columntypes (format,allownull,tablename,sqldeclaration,createuser,field,col_len,denynull,sqltype,systemtype,defaultvalue,col_scale,lastmoduser,col_precision,iskey) VALUES('','S','progettoudr','decimal(10,2)','ASSISTENZA','contributo','9','N','decimal','System.Decimal','','2','''ASSISTENZA''','10','N')
GO

INSERT INTO columntypes (format,allownull,tablename,sqldeclaration,createuser,field,col_len,denynull,sqltype,systemtype,defaultvalue,col_scale,lastmoduser,col_precision,iskey) VALUES('','S','progettoudr','datetime','ASSISTENZA','ct','8','N','datetime','System.DateTime','','','''ASSISTENZA''','','N')
GO

INSERT INTO columntypes (format,allownull,tablename,sqldeclaration,createuser,field,col_len,denynull,sqltype,systemtype,defaultvalue,col_scale,lastmoduser,col_precision,iskey) VALUES('','S','progettoudr','varchar(64)','ASSISTENZA','cu','64','N','varchar','System.String','','','''ASSISTENZA''','','N')
GO

INSERT INTO columntypes (format,allownull,tablename,sqldeclaration,createuser,field,col_len,denynull,sqltype,systemtype,defaultvalue,col_scale,lastmoduser,col_precision,iskey) VALUES('','S','progettoudr','varchar(max)','ASSISTENZA','description','-1','N','varchar','System.String','','','''ASSISTENZA''','','N')
GO

INSERT INTO columntypes (format,allownull,tablename,sqldeclaration,createuser,field,col_len,denynull,sqltype,systemtype,defaultvalue,col_scale,lastmoduser,col_precision,iskey) VALUES('','S','progettoudr','int','ASSISTENZA','impegnototale','4','N','int','System.Int32','','','''ASSISTENZA''','','N')
GO

INSERT INTO columntypes (format,allownull,tablename,sqldeclaration,createuser,field,col_len,denynull,sqltype,systemtype,defaultvalue,col_scale,lastmoduser,col_precision,iskey) VALUES('','S','progettoudr','datetime','ASSISTENZA','lt','8','N','datetime','System.DateTime','','','''ASSISTENZA''','','N')
GO

INSERT INTO columntypes (format,allownull,tablename,sqldeclaration,createuser,field,col_len,denynull,sqltype,systemtype,defaultvalue,col_scale,lastmoduser,col_precision,iskey) VALUES('','S','progettoudr','varchar(64)','ASSISTENZA','lu','64','N','varchar','System.String','','','''ASSISTENZA''','','N')
GO

INSERT INTO columntypes (format,allownull,tablename,sqldeclaration,createuser,field,col_len,denynull,sqltype,systemtype,defaultvalue,col_scale,lastmoduser,col_precision,iskey) VALUES('','S','progettoudr','nvarchar(2048)','ASSISTENZA','title','2048','N','nvarchar','System.String','','','''ASSISTENZA''','','N')
GO

-- VERIFICA DI progettoudr IN CUSTOMOBJECT --
IF EXISTS(select * from customobject where objectname = 'progettoudr')
UPDATE customobject set isreal = 'S' where objectname = 'progettoudr'
ELSE
INSERT INTO customobject (objectname, isreal) values('progettoudr', 'S')
GO
-- FINE GENERAZIONE SCRIPT --


-- GENERAZIONE DATI PER tabledescr --
IF exists(SELECT * FROM [tabledescr] WHERE tablename = 'progettoudr')
UPDATE [tabledescr] SET description = '2.7.7 Unit? di ricerca',idapplication = null,isdbo = 'N',lt = {ts '2020-05-25 13:19:18.160'},lu = 'assistenza',title = 'Unit? di ricerca' WHERE tablename = 'progettoudr'
ELSE
INSERT INTO [tabledescr] (tablename,description,idapplication,isdbo,lt,lu,title) VALUES ('progettoudr','2.7.7 Unit? di ricerca',null,'N',{ts '2020-05-25 13:19:18.160'},'assistenza','Unit? di ricerca')
GO

-- FINE GENERAZIONE SCRIPT --


-- GENERAZIONE DATI PER coldescr --
IF exists(SELECT * FROM [coldescr] WHERE colname = 'assegniricerca' AND tablename = 'progettoudr')
UPDATE [coldescr] SET col_len = '4',col_precision = null,col_scale = null,description = 'Numero assegni di ricerca previsti',kind = 'S',lt = {ts '2020-05-25 13:21:53.137'},lu = 'assistenza',primarykey = 'N',sql_declaration = 'int',sql_type = 'int',system_type = 'System.Int32' WHERE colname = 'assegniricerca' AND tablename = 'progettoudr'
ELSE
INSERT INTO [coldescr] (colname,tablename,col_len,col_precision,col_scale,description,kind,lt,lu,primarykey,sql_declaration,sql_type,system_type) VALUES ('assegniricerca','progettoudr','4',null,null,'Numero assegni di ricerca previsti','S',{ts '2020-05-25 13:21:53.137'},'assistenza','N','int','int','System.Int32')
GO

IF exists(SELECT * FROM [coldescr] WHERE colname = 'borsedottorati' AND tablename = 'progettoudr')
UPDATE [coldescr] SET col_len = '4',col_precision = null,col_scale = null,description = 'Numero borse di dottorato previste',kind = 'S',lt = {ts '2020-05-25 13:21:53.137'},lu = 'assistenza',primarykey = 'N',sql_declaration = 'int',sql_type = 'int',system_type = 'System.Int32' WHERE colname = 'borsedottorati' AND tablename = 'progettoudr'
ELSE
INSERT INTO [coldescr] (colname,tablename,col_len,col_precision,col_scale,description,kind,lt,lu,primarykey,sql_declaration,sql_type,system_type) VALUES ('borsedottorati','progettoudr','4',null,null,'Numero borse di dottorato previste','S',{ts '2020-05-25 13:21:53.137'},'assistenza','N','int','int','System.Int32')
GO

IF exists(SELECT * FROM [coldescr] WHERE colname = 'budget' AND tablename = 'progettoudr')
UPDATE [coldescr] SET col_len = '5',col_precision = '5',col_scale = '2',description = 'Costo complessivo',kind = 'S',lt = {ts '2020-06-08 18:40:28.390'},lu = 'assistenza',primarykey = 'N',sql_declaration = 'decimal(5,2)',sql_type = 'decimal',system_type = 'System.Decimal' WHERE colname = 'budget' AND tablename = 'progettoudr'
ELSE
INSERT INTO [coldescr] (colname,tablename,col_len,col_precision,col_scale,description,kind,lt,lu,primarykey,sql_declaration,sql_type,system_type) VALUES ('budget','progettoudr','5','5','2','Costo complessivo','S',{ts '2020-06-08 18:40:28.390'},'assistenza','N','decimal(5,2)','decimal','System.Decimal')
GO

IF exists(SELECT * FROM [coldescr] WHERE colname = 'contrattirtd' AND tablename = 'progettoudr')
UPDATE [coldescr] SET col_len = '4',col_precision = null,col_scale = null,description = 'Numero contratti RTD previsti',kind = 'S',lt = {ts '2020-05-25 13:21:53.137'},lu = 'assistenza',primarykey = 'N',sql_declaration = 'int',sql_type = 'int',system_type = 'System.Int32' WHERE colname = 'contrattirtd' AND tablename = 'progettoudr'
ELSE
INSERT INTO [coldescr] (colname,tablename,col_len,col_precision,col_scale,description,kind,lt,lu,primarykey,sql_declaration,sql_type,system_type) VALUES ('contrattirtd','progettoudr','4',null,null,'Numero contratti RTD previsti','S',{ts '2020-05-25 13:21:53.137'},'assistenza','N','int','int','System.Int32')
GO

IF exists(SELECT * FROM [coldescr] WHERE colname = 'contributo' AND tablename = 'progettoudr')
UPDATE [coldescr] SET col_len = '5',col_precision = '5',col_scale = '2',description = 'Contributo richiesto ',kind = 'S',lt = {ts '2020-06-08 18:40:28.390'},lu = 'assistenza',primarykey = 'N',sql_declaration = 'decimal(5,2)',sql_type = 'decimal',system_type = 'System.Decimal' WHERE colname = 'contributo' AND tablename = 'progettoudr'
ELSE
INSERT INTO [coldescr] (colname,tablename,col_len,col_precision,col_scale,description,kind,lt,lu,primarykey,sql_declaration,sql_type,system_type) VALUES ('contributo','progettoudr','5','5','2','Contributo richiesto ','S',{ts '2020-06-08 18:40:28.390'},'assistenza','N','decimal(5,2)','decimal','System.Decimal')
GO

IF exists(SELECT * FROM [coldescr] WHERE colname = 'ct' AND tablename = 'progettoudr')
UPDATE [coldescr] SET col_len = '8',col_precision = null,col_scale = null,description = null,kind = 'S',lt = {ts '2020-05-25 13:19:20.470'},lu = 'assistenza',primarykey = 'N',sql_declaration = 'datetime',sql_type = 'datetime',system_type = 'System.DateTime' WHERE colname = 'ct' AND tablename = 'progettoudr'
ELSE
INSERT INTO [coldescr] (colname,tablename,col_len,col_precision,col_scale,description,kind,lt,lu,primarykey,sql_declaration,sql_type,system_type) VALUES ('ct','progettoudr','8',null,null,null,'S',{ts '2020-05-25 13:19:20.470'},'assistenza','N','datetime','datetime','System.DateTime')
GO

IF exists(SELECT * FROM [coldescr] WHERE colname = 'cu' AND tablename = 'progettoudr')
UPDATE [coldescr] SET col_len = '64',col_precision = null,col_scale = null,description = null,kind = 'S',lt = {ts '2020-05-25 13:19:20.470'},lu = 'assistenza',primarykey = 'N',sql_declaration = 'varchar(64)',sql_type = 'varchar',system_type = 'System.String' WHERE colname = 'cu' AND tablename = 'progettoudr'
ELSE
INSERT INTO [coldescr] (colname,tablename,col_len,col_precision,col_scale,description,kind,lt,lu,primarykey,sql_declaration,sql_type,system_type) VALUES ('cu','progettoudr','64',null,null,null,'S',{ts '2020-05-25 13:19:20.470'},'assistenza','N','varchar(64)','varchar','System.String')
GO

IF exists(SELECT * FROM [coldescr] WHERE colname = 'description' AND tablename = 'progettoudr')
UPDATE [coldescr] SET col_len = '-1',col_precision = null,col_scale = null,description = 'Descrizione',kind = 'S',lt = {ts '2020-05-25 13:21:53.137'},lu = 'assistenza',primarykey = 'N',sql_declaration = 'varchar(max)',sql_type = 'varchar',system_type = 'System.String' WHERE colname = 'description' AND tablename = 'progettoudr'
ELSE
INSERT INTO [coldescr] (colname,tablename,col_len,col_precision,col_scale,description,kind,lt,lu,primarykey,sql_declaration,sql_type,system_type) VALUES ('description','progettoudr','-1',null,null,'Descrizione','S',{ts '2020-05-25 13:21:53.137'},'assistenza','N','varchar(max)','varchar','System.String')
GO

IF exists(SELECT * FROM [coldescr] WHERE colname = 'idprogetto' AND tablename = 'progettoudr')
UPDATE [coldescr] SET col_len = '4',col_precision = null,col_scale = null,description = null,kind = 'S',lt = {ts '2020-05-25 13:19:20.473'},lu = 'assistenza',primarykey = 'S',sql_declaration = 'int',sql_type = 'int',system_type = 'System.Int32' WHERE colname = 'idprogetto' AND tablename = 'progettoudr'
ELSE
INSERT INTO [coldescr] (colname,tablename,col_len,col_precision,col_scale,description,kind,lt,lu,primarykey,sql_declaration,sql_type,system_type) VALUES ('idprogetto','progettoudr','4',null,null,null,'S',{ts '2020-05-25 13:19:20.473'},'assistenza','S','int','int','System.Int32')
GO

IF exists(SELECT * FROM [coldescr] WHERE colname = 'idprogettoudr' AND tablename = 'progettoudr')
UPDATE [coldescr] SET col_len = '4',col_precision = null,col_scale = null,description = null,kind = 'S',lt = {ts '2020-05-25 13:19:20.473'},lu = 'assistenza',primarykey = 'S',sql_declaration = 'int',sql_type = 'int',system_type = 'System.Int32' WHERE colname = 'idprogettoudr' AND tablename = 'progettoudr'
ELSE
INSERT INTO [coldescr] (colname,tablename,col_len,col_precision,col_scale,description,kind,lt,lu,primarykey,sql_declaration,sql_type,system_type) VALUES ('idprogettoudr','progettoudr','4',null,null,null,'S',{ts '2020-05-25 13:19:20.473'},'assistenza','S','int','int','System.Int32')
GO

IF exists(SELECT * FROM [coldescr] WHERE colname = 'impegnototale' AND tablename = 'progettoudr')
UPDATE [coldescr] SET col_len = '4',col_precision = null,col_scale = null,description = 'Impegno temporale complessivo prevedibile in mesi/uomo',kind = 'S',lt = {ts '2020-05-25 13:21:53.137'},lu = 'assistenza',primarykey = 'N',sql_declaration = 'int',sql_type = 'int',system_type = 'System.Int32' WHERE colname = 'impegnototale' AND tablename = 'progettoudr'
ELSE
INSERT INTO [coldescr] (colname,tablename,col_len,col_precision,col_scale,description,kind,lt,lu,primarykey,sql_declaration,sql_type,system_type) VALUES ('impegnototale','progettoudr','4',null,null,'Impegno temporale complessivo prevedibile in mesi/uomo','S',{ts '2020-05-25 13:21:53.137'},'assistenza','N','int','int','System.Int32')
GO

IF exists(SELECT * FROM [coldescr] WHERE colname = 'lt' AND tablename = 'progettoudr')
UPDATE [coldescr] SET col_len = '8',col_precision = null,col_scale = null,description = null,kind = 'S',lt = {ts '2020-05-25 13:19:20.483'},lu = 'assistenza',primarykey = 'N',sql_declaration = 'datetime',sql_type = 'datetime',system_type = 'System.DateTime' WHERE colname = 'lt' AND tablename = 'progettoudr'
ELSE
INSERT INTO [coldescr] (colname,tablename,col_len,col_precision,col_scale,description,kind,lt,lu,primarykey,sql_declaration,sql_type,system_type) VALUES ('lt','progettoudr','8',null,null,null,'S',{ts '2020-05-25 13:19:20.483'},'assistenza','N','datetime','datetime','System.DateTime')
GO

IF exists(SELECT * FROM [coldescr] WHERE colname = 'lu' AND tablename = 'progettoudr')
UPDATE [coldescr] SET col_len = '64',col_precision = null,col_scale = null,description = null,kind = 'S',lt = {ts '2020-05-25 13:19:20.483'},lu = 'assistenza',primarykey = 'N',sql_declaration = 'varchar(64)',sql_type = 'varchar',system_type = 'System.String' WHERE colname = 'lu' AND tablename = 'progettoudr'
ELSE
INSERT INTO [coldescr] (colname,tablename,col_len,col_precision,col_scale,description,kind,lt,lu,primarykey,sql_declaration,sql_type,system_type) VALUES ('lu','progettoudr','64',null,null,null,'S',{ts '2020-05-25 13:19:20.483'},'assistenza','N','varchar(64)','varchar','System.String')
GO

IF exists(SELECT * FROM [coldescr] WHERE colname = 'title' AND tablename = 'progettoudr')
UPDATE [coldescr] SET col_len = '2048',col_precision = null,col_scale = null,description = 'Denominazione',kind = 'S',lt = {ts '2020-05-25 13:21:53.137'},lu = 'assistenza',primarykey = 'N',sql_declaration = 'nvarchar(2048)',sql_type = 'nvarchar',system_type = 'System.String' WHERE colname = 'title' AND tablename = 'progettoudr'
ELSE
INSERT INTO [coldescr] (colname,tablename,col_len,col_precision,col_scale,description,kind,lt,lu,primarykey,sql_declaration,sql_type,system_type) VALUES ('title','progettoudr','2048',null,null,'Denominazione','S',{ts '2020-05-25 13:21:53.137'},'assistenza','N','nvarchar(2048)','nvarchar','System.String')
GO

-- FINE GENERAZIONE SCRIPT --

--[DBO]--
-- CREAZIONE TABELLA progettoudrmembro --
IF NOT EXISTS(select * from sysobjects where id = object_id(N'[dbo].[progettoudrmembro]') and OBJECTPROPERTY(id, N'IsUserTable') = 1)
BEGIN
CREATE TABLE [dbo].[progettoudrmembro] (
idprogettoudrmembro int NOT NULL,
idprogettoudr int NOT NULL,
idprogetto int NOT NULL,
costoorario decimal(10,2) NULL,
ct datetime NULL,
cu varchar(64) NULL,
idprogettoudrmembrokind int NULL,
idreg int NULL,
impegno int NULL,
lt datetime NULL,
lu varchar(64) NULL,
 CONSTRAINT xpkprogettoudrmembro PRIMARY KEY (idprogettoudrmembro,
idprogettoudr,
idprogetto
)
)
END
GO

-- VERIFICA STRUTTURA progettoudrmembro --
IF NOT exists(select * from [sysobjects] as T inner join syscolumns C on T.ID = C.ID where t.name = 'progettoudrmembro' and C.name = 'idprogettoudrmembro' AND (T.uid = USER_ID( ) OR T.uid = USER_ID('dbo')))
BEGIN
	ALTER TABLE [progettoudrmembro] ADD idprogettoudrmembro int NOT NULL DEFAULT 0
	declare @vincolo varchar(100)
	select @vincolo = object_name(const.constid) from syscolumns col join sysconstraints const on const.id = col.id and const.colid = col.colid where col.id = object_id('progettoudrmembro') and col.name = 'idprogettoudrmembro' and objectproperty(const.constid, 'IsDefaultCnst')=1
	exec ('ALTER TABLE [progettoudrmembro] drop constraint '+@vincolo)
END
GO

IF NOT exists(select * from [sysobjects] as T inner join syscolumns C on T.ID = C.ID where t.name = 'progettoudrmembro' and C.name = 'idprogettoudr' AND (T.uid = USER_ID( ) OR T.uid = USER_ID('dbo')))
BEGIN
	ALTER TABLE [progettoudrmembro] ADD idprogettoudr int NOT NULL DEFAULT 0
	declare @vincolo varchar(100)
	select @vincolo = object_name(const.constid) from syscolumns col join sysconstraints const on const.id = col.id and const.colid = col.colid where col.id = object_id('progettoudrmembro') and col.name = 'idprogettoudr' and objectproperty(const.constid, 'IsDefaultCnst')=1
	exec ('ALTER TABLE [progettoudrmembro] drop constraint '+@vincolo)
END
GO

IF NOT exists(select * from [sysobjects] as T inner join syscolumns C on T.ID = C.ID where t.name = 'progettoudrmembro' and C.name = 'idprogetto' AND (T.uid = USER_ID( ) OR T.uid = USER_ID('dbo')))
BEGIN
	ALTER TABLE [progettoudrmembro] ADD idprogetto int NOT NULL DEFAULT 0
	declare @vincolo varchar(100)
	select @vincolo = object_name(const.constid) from syscolumns col join sysconstraints const on const.id = col.id and const.colid = col.colid where col.id = object_id('progettoudrmembro') and col.name = 'idprogetto' and objectproperty(const.constid, 'IsDefaultCnst')=1
	exec ('ALTER TABLE [progettoudrmembro] drop constraint '+@vincolo)
END
GO

IF NOT exists(select * from [sysobjects] as T inner join syscolumns C on T.ID = C.ID where t.name = 'progettoudrmembro' and C.name = 'costoorario' AND (T.uid = USER_ID( ) OR T.uid = USER_ID('dbo')))
BEGIN
	ALTER TABLE [progettoudrmembro] ADD costoorario decimal(10,2) NULL 
END
ELSE
	ALTER TABLE [progettoudrmembro] ALTER COLUMN costoorario decimal(10,2) NULL
GO

IF NOT exists(select * from [sysobjects] as T inner join syscolumns C on T.ID = C.ID where t.name = 'progettoudrmembro' and C.name = 'ct' AND (T.uid = USER_ID( ) OR T.uid = USER_ID('dbo')))
BEGIN
	ALTER TABLE [progettoudrmembro] ADD ct datetime NULL 
END
ELSE
	ALTER TABLE [progettoudrmembro] ALTER COLUMN ct datetime NULL
GO

IF NOT exists(select * from [sysobjects] as T inner join syscolumns C on T.ID = C.ID where t.name = 'progettoudrmembro' and C.name = 'cu' AND (T.uid = USER_ID( ) OR T.uid = USER_ID('dbo')))
BEGIN
	ALTER TABLE [progettoudrmembro] ADD cu varchar(64) NULL 
END
ELSE
	ALTER TABLE [progettoudrmembro] ALTER COLUMN cu varchar(64) NULL
GO

IF NOT exists(select * from [sysobjects] as T inner join syscolumns C on T.ID = C.ID where t.name = 'progettoudrmembro' and C.name = 'idprogettoudrmembrokind' AND (T.uid = USER_ID( ) OR T.uid = USER_ID('dbo')))
BEGIN
	ALTER TABLE [progettoudrmembro] ADD idprogettoudrmembrokind int NULL 
END
ELSE
	ALTER TABLE [progettoudrmembro] ALTER COLUMN idprogettoudrmembrokind int NULL
GO

IF NOT exists(select * from [sysobjects] as T inner join syscolumns C on T.ID = C.ID where t.name = 'progettoudrmembro' and C.name = 'idreg' AND (T.uid = USER_ID( ) OR T.uid = USER_ID('dbo')))
BEGIN
	ALTER TABLE [progettoudrmembro] ADD idreg int NULL 
END
ELSE
	ALTER TABLE [progettoudrmembro] ALTER COLUMN idreg int NULL
GO

IF NOT exists(select * from [sysobjects] as T inner join syscolumns C on T.ID = C.ID where t.name = 'progettoudrmembro' and C.name = 'impegno' AND (T.uid = USER_ID( ) OR T.uid = USER_ID('dbo')))
BEGIN
	ALTER TABLE [progettoudrmembro] ADD impegno int NULL 
END
ELSE
	ALTER TABLE [progettoudrmembro] ALTER COLUMN impegno int NULL
GO

IF NOT exists(select * from [sysobjects] as T inner join syscolumns C on T.ID = C.ID where t.name = 'progettoudrmembro' and C.name = 'lt' AND (T.uid = USER_ID( ) OR T.uid = USER_ID('dbo')))
BEGIN
	ALTER TABLE [progettoudrmembro] ADD lt datetime NULL 
END
ELSE
	ALTER TABLE [progettoudrmembro] ALTER COLUMN lt datetime NULL
GO

IF NOT exists(select * from [sysobjects] as T inner join syscolumns C on T.ID = C.ID where t.name = 'progettoudrmembro' and C.name = 'lu' AND (T.uid = USER_ID( ) OR T.uid = USER_ID('dbo')))
BEGIN
	ALTER TABLE [progettoudrmembro] ADD lu varchar(64) NULL 
END
ELSE
	ALTER TABLE [progettoudrmembro] ALTER COLUMN lu varchar(64) NULL
GO

-- VERIFICA DI progettoudrmembro IN COLUMNTYPES --
DELETE FROM columntypes WHERE tablename = 'progettoudrmembro'
INSERT INTO columntypes (format,allownull,tablename,sqldeclaration,createuser,field,col_len,denynull,sqltype,systemtype,defaultvalue,col_scale,lastmoduser,col_precision,iskey) VALUES('','N','progettoudrmembro','int','assistenza','idprogetto','4','S','int','System.Int32','','','''assistenza''','','S')
GO

INSERT INTO columntypes (format,allownull,tablename,sqldeclaration,createuser,field,col_len,denynull,sqltype,systemtype,defaultvalue,col_scale,lastmoduser,col_precision,iskey) VALUES('','N','progettoudrmembro','int','assistenza','idprogettoudr','4','S','int','System.Int32','','','''assistenza''','','S')
GO

INSERT INTO columntypes (format,allownull,tablename,sqldeclaration,createuser,field,col_len,denynull,sqltype,systemtype,defaultvalue,col_scale,lastmoduser,col_precision,iskey) VALUES('','N','progettoudrmembro','int','assistenza','idprogettoudrmembro','4','S','int','System.Int32','','','''assistenza''','','S')
GO

INSERT INTO columntypes (format,allownull,tablename,sqldeclaration,createuser,field,col_len,denynull,sqltype,systemtype,defaultvalue,col_scale,lastmoduser,col_precision,iskey) VALUES('','S','progettoudrmembro','decimal(10,2)','assistenza','costoorario','9','N','decimal','System.Decimal','','2','''assistenza''','10','N')
GO

INSERT INTO columntypes (format,allownull,tablename,sqldeclaration,createuser,field,col_len,denynull,sqltype,systemtype,defaultvalue,col_scale,lastmoduser,col_precision,iskey) VALUES('','S','progettoudrmembro','datetime','assistenza','ct','8','N','datetime','System.DateTime','','','''assistenza''','','N')
GO

INSERT INTO columntypes (format,allownull,tablename,sqldeclaration,createuser,field,col_len,denynull,sqltype,systemtype,defaultvalue,col_scale,lastmoduser,col_precision,iskey) VALUES('','S','progettoudrmembro','varchar(64)','assistenza','cu','64','N','varchar','System.String','','','''assistenza''','','N')
GO

INSERT INTO columntypes (format,allownull,tablename,sqldeclaration,createuser,field,col_len,denynull,sqltype,systemtype,defaultvalue,col_scale,lastmoduser,col_precision,iskey) VALUES('','S','progettoudrmembro','int','assistenza','idprogettoudrmembrokind','4','N','int','System.Int32','','','''assistenza''','','N')
GO

INSERT INTO columntypes (format,allownull,tablename,sqldeclaration,createuser,field,col_len,denynull,sqltype,systemtype,defaultvalue,col_scale,lastmoduser,col_precision,iskey) VALUES('','S','progettoudrmembro','int','assistenza','idreg','4','N','int','System.Int32','','','''assistenza''','','N')
GO

INSERT INTO columntypes (format,allownull,tablename,sqldeclaration,createuser,field,col_len,denynull,sqltype,systemtype,defaultvalue,col_scale,lastmoduser,col_precision,iskey) VALUES('','S','progettoudrmembro','int','assistenza','impegno','4','N','int','System.Int32','','','''assistenza''','','N')
GO

INSERT INTO columntypes (format,allownull,tablename,sqldeclaration,createuser,field,col_len,denynull,sqltype,systemtype,defaultvalue,col_scale,lastmoduser,col_precision,iskey) VALUES('','S','progettoudrmembro','datetime','assistenza','lt','8','N','datetime','System.DateTime','','','''assistenza''','','N')
GO

INSERT INTO columntypes (format,allownull,tablename,sqldeclaration,createuser,field,col_len,denynull,sqltype,systemtype,defaultvalue,col_scale,lastmoduser,col_precision,iskey) VALUES('','S','progettoudrmembro','varchar(64)','assistenza','lu','64','N','varchar','System.String','','','''assistenza''','','N')
GO

-- VERIFICA DI progettoudrmembro IN CUSTOMOBJECT --
IF EXISTS(select * from customobject where objectname = 'progettoudrmembro')
UPDATE customobject set isreal = 'S' where objectname = 'progettoudrmembro'
ELSE
INSERT INTO customobject (objectname, isreal) values('progettoudrmembro', 'S')
GO
-- FINE GENERAZIONE SCRIPT --


-- GENERAZIONE DATI PER tabledescr --
IF exists(SELECT * FROM [tabledescr] WHERE tablename = 'progettoudrmembro')
UPDATE [tabledescr] SET description = '2.7.9 Membro di una UdR',idapplication = null,isdbo = 'N',lt = {ts '2020-05-25 13:23:14.820'},lu = 'assistenza',title = 'Membri della UdR' WHERE tablename = 'progettoudrmembro'
ELSE
INSERT INTO [tabledescr] (tablename,description,idapplication,isdbo,lt,lu,title) VALUES ('progettoudrmembro','2.7.9 Membro di una UdR',null,'N',{ts '2020-05-25 13:23:14.820'},'assistenza','Membri della UdR')
GO

-- FINE GENERAZIONE SCRIPT --


-- GENERAZIONE DATI PER coldescr --
IF exists(SELECT * FROM [coldescr] WHERE colname = 'costoorario' AND tablename = 'progettoudrmembro')
UPDATE [coldescr] SET col_len = '9',col_precision = '10',col_scale = '2',description = 'Costo orario',kind = 'S',lt = {ts '2020-11-10 15:26:00.810'},lu = 'assistenza',primarykey = 'N',sql_declaration = 'decimal(10,2)',sql_type = 'decimal',system_type = 'System.Decimal' WHERE colname = 'costoorario' AND tablename = 'progettoudrmembro'
ELSE
INSERT INTO [coldescr] (colname,tablename,col_len,col_precision,col_scale,description,kind,lt,lu,primarykey,sql_declaration,sql_type,system_type) VALUES ('costoorario','progettoudrmembro','9','10','2','Costo orario','S',{ts '2020-11-10 15:26:00.810'},'assistenza','N','decimal(10,2)','decimal','System.Decimal')
GO

IF exists(SELECT * FROM [coldescr] WHERE colname = 'ct' AND tablename = 'progettoudrmembro')
UPDATE [coldescr] SET col_len = '8',col_precision = null,col_scale = null,description = null,kind = 'S',lt = {ts '2020-05-25 13:23:18.950'},lu = 'assistenza',primarykey = 'N',sql_declaration = 'datetime',sql_type = 'datetime',system_type = 'System.DateTime' WHERE colname = 'ct' AND tablename = 'progettoudrmembro'
ELSE
INSERT INTO [coldescr] (colname,tablename,col_len,col_precision,col_scale,description,kind,lt,lu,primarykey,sql_declaration,sql_type,system_type) VALUES ('ct','progettoudrmembro','8',null,null,null,'S',{ts '2020-05-25 13:23:18.950'},'assistenza','N','datetime','datetime','System.DateTime')
GO

IF exists(SELECT * FROM [coldescr] WHERE colname = 'cu' AND tablename = 'progettoudrmembro')
UPDATE [coldescr] SET col_len = '64',col_precision = null,col_scale = null,description = null,kind = 'S',lt = {ts '2020-05-25 13:23:18.950'},lu = 'assistenza',primarykey = 'N',sql_declaration = 'varchar(64)',sql_type = 'varchar',system_type = 'System.String' WHERE colname = 'cu' AND tablename = 'progettoudrmembro'
ELSE
INSERT INTO [coldescr] (colname,tablename,col_len,col_precision,col_scale,description,kind,lt,lu,primarykey,sql_declaration,sql_type,system_type) VALUES ('cu','progettoudrmembro','64',null,null,null,'S',{ts '2020-05-25 13:23:18.950'},'assistenza','N','varchar(64)','varchar','System.String')
GO

IF exists(SELECT * FROM [coldescr] WHERE colname = 'idprogetto' AND tablename = 'progettoudrmembro')
UPDATE [coldescr] SET col_len = '4',col_precision = null,col_scale = null,description = null,kind = 'S',lt = {ts '2020-05-25 13:23:18.950'},lu = 'assistenza',primarykey = 'S',sql_declaration = 'int',sql_type = 'int',system_type = 'System.Int32' WHERE colname = 'idprogetto' AND tablename = 'progettoudrmembro'
ELSE
INSERT INTO [coldescr] (colname,tablename,col_len,col_precision,col_scale,description,kind,lt,lu,primarykey,sql_declaration,sql_type,system_type) VALUES ('idprogetto','progettoudrmembro','4',null,null,null,'S',{ts '2020-05-25 13:23:18.950'},'assistenza','S','int','int','System.Int32')
GO

IF exists(SELECT * FROM [coldescr] WHERE colname = 'idprogettoudr' AND tablename = 'progettoudrmembro')
UPDATE [coldescr] SET col_len = '4',col_precision = null,col_scale = null,description = null,kind = 'S',lt = {ts '2020-05-25 13:23:18.950'},lu = 'assistenza',primarykey = 'S',sql_declaration = 'int',sql_type = 'int',system_type = 'System.Int32' WHERE colname = 'idprogettoudr' AND tablename = 'progettoudrmembro'
ELSE
INSERT INTO [coldescr] (colname,tablename,col_len,col_precision,col_scale,description,kind,lt,lu,primarykey,sql_declaration,sql_type,system_type) VALUES ('idprogettoudr','progettoudrmembro','4',null,null,null,'S',{ts '2020-05-25 13:23:18.950'},'assistenza','S','int','int','System.Int32')
GO

IF exists(SELECT * FROM [coldescr] WHERE colname = 'idprogettoudrmembro' AND tablename = 'progettoudrmembro')
UPDATE [coldescr] SET col_len = '4',col_precision = null,col_scale = null,description = null,kind = 'S',lt = {ts '2020-05-25 13:23:18.950'},lu = 'assistenza',primarykey = 'S',sql_declaration = 'int',sql_type = 'int',system_type = 'System.Int32' WHERE colname = 'idprogettoudrmembro' AND tablename = 'progettoudrmembro'
ELSE
INSERT INTO [coldescr] (colname,tablename,col_len,col_precision,col_scale,description,kind,lt,lu,primarykey,sql_declaration,sql_type,system_type) VALUES ('idprogettoudrmembro','progettoudrmembro','4',null,null,null,'S',{ts '2020-05-25 13:23:18.950'},'assistenza','S','int','int','System.Int32')
GO

IF exists(SELECT * FROM [coldescr] WHERE colname = 'idprogettoudrmembrokind' AND tablename = 'progettoudrmembro')
UPDATE [coldescr] SET col_len = '4',col_precision = null,col_scale = null,description = 'Ruolo',kind = 'S',lt = {ts '2020-11-17 13:06:26.967'},lu = 'assistenza',primarykey = 'N',sql_declaration = 'int',sql_type = 'int',system_type = 'System.Int32' WHERE colname = 'idprogettoudrmembrokind' AND tablename = 'progettoudrmembro'
ELSE
INSERT INTO [coldescr] (colname,tablename,col_len,col_precision,col_scale,description,kind,lt,lu,primarykey,sql_declaration,sql_type,system_type) VALUES ('idprogettoudrmembrokind','progettoudrmembro','4',null,null,'Ruolo','S',{ts '2020-11-17 13:06:26.967'},'assistenza','N','int','int','System.Int32')
GO

IF exists(SELECT * FROM [coldescr] WHERE colname = 'idreg' AND tablename = 'progettoudrmembro')
UPDATE [coldescr] SET col_len = '4',col_precision = null,col_scale = null,description = 'Membro',kind = 'S',lt = {ts '2020-07-14 16:25:22.687'},lu = 'assistenza',primarykey = 'N',sql_declaration = 'int',sql_type = 'int',system_type = 'System.Int32' WHERE colname = 'idreg' AND tablename = 'progettoudrmembro'
ELSE
INSERT INTO [coldescr] (colname,tablename,col_len,col_precision,col_scale,description,kind,lt,lu,primarykey,sql_declaration,sql_type,system_type) VALUES ('idreg','progettoudrmembro','4',null,null,'Membro','S',{ts '2020-07-14 16:25:22.687'},'assistenza','N','int','int','System.Int32')
GO

IF exists(SELECT * FROM [coldescr] WHERE colname = 'impegno' AND tablename = 'progettoudrmembro')
UPDATE [coldescr] SET col_len = '4',col_precision = null,col_scale = null,description = 'Mesi/uomo preventivati',kind = 'S',lt = {ts '2020-05-25 13:24:30.863'},lu = 'assistenza',primarykey = 'N',sql_declaration = 'int',sql_type = 'int',system_type = 'System.Int32' WHERE colname = 'impegno' AND tablename = 'progettoudrmembro'
ELSE
INSERT INTO [coldescr] (colname,tablename,col_len,col_precision,col_scale,description,kind,lt,lu,primarykey,sql_declaration,sql_type,system_type) VALUES ('impegno','progettoudrmembro','4',null,null,'Mesi/uomo preventivati','S',{ts '2020-05-25 13:24:30.863'},'assistenza','N','int','int','System.Int32')
GO

IF exists(SELECT * FROM [coldescr] WHERE colname = 'lt' AND tablename = 'progettoudrmembro')
UPDATE [coldescr] SET col_len = '8',col_precision = null,col_scale = null,description = null,kind = 'S',lt = {ts '2020-05-25 13:23:18.953'},lu = 'assistenza',primarykey = 'N',sql_declaration = 'datetime',sql_type = 'datetime',system_type = 'System.DateTime' WHERE colname = 'lt' AND tablename = 'progettoudrmembro'
ELSE
INSERT INTO [coldescr] (colname,tablename,col_len,col_precision,col_scale,description,kind,lt,lu,primarykey,sql_declaration,sql_type,system_type) VALUES ('lt','progettoudrmembro','8',null,null,null,'S',{ts '2020-05-25 13:23:18.953'},'assistenza','N','datetime','datetime','System.DateTime')
GO

IF exists(SELECT * FROM [coldescr] WHERE colname = 'lu' AND tablename = 'progettoudrmembro')
UPDATE [coldescr] SET col_len = '64',col_precision = null,col_scale = null,description = null,kind = 'S',lt = {ts '2020-05-25 13:23:18.953'},lu = 'assistenza',primarykey = 'N',sql_declaration = 'varchar(64)',sql_type = 'varchar',system_type = 'System.String' WHERE colname = 'lu' AND tablename = 'progettoudrmembro'
ELSE
INSERT INTO [coldescr] (colname,tablename,col_len,col_precision,col_scale,description,kind,lt,lu,primarykey,sql_declaration,sql_type,system_type) VALUES ('lu','progettoudrmembro','64',null,null,null,'S',{ts '2020-05-25 13:23:18.953'},'assistenza','N','varchar(64)','varchar','System.String')
GO

-- FINE GENERAZIONE SCRIPT --

--[DBO]--
-- CREAZIONE TABELLA progettoudrmembrokind --
IF NOT EXISTS(select * from sysobjects where id = object_id(N'[dbo].[progettoudrmembrokind]') and OBJECTPROPERTY(id, N'IsUserTable') = 1)
BEGIN
CREATE TABLE [dbo].[progettoudrmembrokind] (
idprogettoudrmembrokind int NOT NULL,
active char(1) NOT NULL,
ct datetime NOT NULL,
cu varchar(64) NOT NULL,
description varchar(2048) NULL,
lt datetime NOT NULL,
lu varchar(64) NOT NULL,
sortcode int NULL,
title varchar(50) NULL,
 CONSTRAINT xpkprogettoudrmembrokind PRIMARY KEY (idprogettoudrmembrokind
)
)
END
GO

-- VERIFICA STRUTTURA progettoudrmembrokind --
IF NOT exists(select * from [sysobjects] as T inner join syscolumns C on T.ID = C.ID where t.name = 'progettoudrmembrokind' and C.name = 'idprogettoudrmembrokind' AND (T.uid = USER_ID( ) OR T.uid = USER_ID('dbo')))
BEGIN
	ALTER TABLE [progettoudrmembrokind] ADD idprogettoudrmembrokind int NOT NULL DEFAULT 0
	declare @vincolo varchar(100)
	select @vincolo = object_name(const.constid) from syscolumns col join sysconstraints const on const.id = col.id and const.colid = col.colid where col.id = object_id('progettoudrmembrokind') and col.name = 'idprogettoudrmembrokind' and objectproperty(const.constid, 'IsDefaultCnst')=1
	exec ('ALTER TABLE [progettoudrmembrokind] drop constraint '+@vincolo)
END
GO

IF NOT exists(select * from [sysobjects] as T inner join syscolumns C on T.ID = C.ID where t.name = 'progettoudrmembrokind' and C.name = 'active' AND (T.uid = USER_ID( ) OR T.uid = USER_ID('dbo')))
BEGIN
	ALTER TABLE [progettoudrmembrokind] ADD active char(1) NOT NULL DEFAULT ''
	declare @vincolo varchar(100)
	select @vincolo = object_name(const.constid) from syscolumns col join sysconstraints const on const.id = col.id and const.colid = col.colid where col.id = object_id('progettoudrmembrokind') and col.name = 'active' and objectproperty(const.constid, 'IsDefaultCnst')=1
	exec ('ALTER TABLE [progettoudrmembrokind] drop constraint '+@vincolo)
END
ELSE
	ALTER TABLE [progettoudrmembrokind] ALTER COLUMN active char(1) NOT NULL
GO

IF NOT exists(select * from [sysobjects] as T inner join syscolumns C on T.ID = C.ID where t.name = 'progettoudrmembrokind' and C.name = 'ct' AND (T.uid = USER_ID( ) OR T.uid = USER_ID('dbo')))
BEGIN
	ALTER TABLE [progettoudrmembrokind] ADD ct datetime NOT NULL DEFAULT 01/01/1000
	declare @vincolo varchar(100)
	select @vincolo = object_name(const.constid) from syscolumns col join sysconstraints const on const.id = col.id and const.colid = col.colid where col.id = object_id('progettoudrmembrokind') and col.name = 'ct' and objectproperty(const.constid, 'IsDefaultCnst')=1
	exec ('ALTER TABLE [progettoudrmembrokind] drop constraint '+@vincolo)
END
ELSE
	ALTER TABLE [progettoudrmembrokind] ALTER COLUMN ct datetime NOT NULL
GO

IF NOT exists(select * from [sysobjects] as T inner join syscolumns C on T.ID = C.ID where t.name = 'progettoudrmembrokind' and C.name = 'cu' AND (T.uid = USER_ID( ) OR T.uid = USER_ID('dbo')))
BEGIN
	ALTER TABLE [progettoudrmembrokind] ADD cu varchar(64) NOT NULL DEFAULT ''
	declare @vincolo varchar(100)
	select @vincolo = object_name(const.constid) from syscolumns col join sysconstraints const on const.id = col.id and const.colid = col.colid where col.id = object_id('progettoudrmembrokind') and col.name = 'cu' and objectproperty(const.constid, 'IsDefaultCnst')=1
	exec ('ALTER TABLE [progettoudrmembrokind] drop constraint '+@vincolo)
END
ELSE
	ALTER TABLE [progettoudrmembrokind] ALTER COLUMN cu varchar(64) NOT NULL
GO

IF NOT exists(select * from [sysobjects] as T inner join syscolumns C on T.ID = C.ID where t.name = 'progettoudrmembrokind' and C.name = 'description' AND (T.uid = USER_ID( ) OR T.uid = USER_ID('dbo')))
BEGIN
	ALTER TABLE [progettoudrmembrokind] ADD description varchar(2048) NULL 
END
ELSE
	ALTER TABLE [progettoudrmembrokind] ALTER COLUMN description varchar(2048) NULL
GO

IF NOT exists(select * from [sysobjects] as T inner join syscolumns C on T.ID = C.ID where t.name = 'progettoudrmembrokind' and C.name = 'lt' AND (T.uid = USER_ID( ) OR T.uid = USER_ID('dbo')))
BEGIN
	ALTER TABLE [progettoudrmembrokind] ADD lt datetime NOT NULL DEFAULT 01/01/1000
	declare @vincolo varchar(100)
	select @vincolo = object_name(const.constid) from syscolumns col join sysconstraints const on const.id = col.id and const.colid = col.colid where col.id = object_id('progettoudrmembrokind') and col.name = 'lt' and objectproperty(const.constid, 'IsDefaultCnst')=1
	exec ('ALTER TABLE [progettoudrmembrokind] drop constraint '+@vincolo)
END
ELSE
	ALTER TABLE [progettoudrmembrokind] ALTER COLUMN lt datetime NOT NULL
GO

IF NOT exists(select * from [sysobjects] as T inner join syscolumns C on T.ID = C.ID where t.name = 'progettoudrmembrokind' and C.name = 'lu' AND (T.uid = USER_ID( ) OR T.uid = USER_ID('dbo')))
BEGIN
	ALTER TABLE [progettoudrmembrokind] ADD lu varchar(64) NOT NULL DEFAULT ''
	declare @vincolo varchar(100)
	select @vincolo = object_name(const.constid) from syscolumns col join sysconstraints const on const.id = col.id and const.colid = col.colid where col.id = object_id('progettoudrmembrokind') and col.name = 'lu' and objectproperty(const.constid, 'IsDefaultCnst')=1
	exec ('ALTER TABLE [progettoudrmembrokind] drop constraint '+@vincolo)
END
ELSE
	ALTER TABLE [progettoudrmembrokind] ALTER COLUMN lu varchar(64) NOT NULL
GO

IF NOT exists(select * from [sysobjects] as T inner join syscolumns C on T.ID = C.ID where t.name = 'progettoudrmembrokind' and C.name = 'sortcode' AND (T.uid = USER_ID( ) OR T.uid = USER_ID('dbo')))
BEGIN
	ALTER TABLE [progettoudrmembrokind] ADD sortcode int NULL 
END
ELSE
	ALTER TABLE [progettoudrmembrokind] ALTER COLUMN sortcode int NULL
GO

IF NOT exists(select * from [sysobjects] as T inner join syscolumns C on T.ID = C.ID where t.name = 'progettoudrmembrokind' and C.name = 'title' AND (T.uid = USER_ID( ) OR T.uid = USER_ID('dbo')))
BEGIN
	ALTER TABLE [progettoudrmembrokind] ADD title varchar(50) NULL 
END
ELSE
	ALTER TABLE [progettoudrmembrokind] ALTER COLUMN title varchar(50) NULL
GO

-- VERIFICA DI progettoudrmembrokind IN COLUMNTYPES --
DELETE FROM columntypes WHERE tablename = 'progettoudrmembrokind'
INSERT INTO columntypes (format,allownull,tablename,sqldeclaration,createuser,field,col_len,denynull,sqltype,systemtype,defaultvalue,col_scale,lastmoduser,col_precision,iskey) VALUES('','N','progettoudrmembrokind','int','assistenza','idprogettoudrmembrokind','4','S','int','System.Int32','','','''assistenza''','','S')
GO

INSERT INTO columntypes (format,allownull,tablename,sqldeclaration,createuser,field,col_len,denynull,sqltype,systemtype,defaultvalue,col_scale,lastmoduser,col_precision,iskey) VALUES('','N','progettoudrmembrokind','char(1)','assistenza','active','1','S','char','System.String','','','''assistenza''','','N')
GO

INSERT INTO columntypes (format,allownull,tablename,sqldeclaration,createuser,field,col_len,denynull,sqltype,systemtype,defaultvalue,col_scale,lastmoduser,col_precision,iskey) VALUES('','N','progettoudrmembrokind','datetime','assistenza','ct','8','S','datetime','System.DateTime','','','''assistenza''','','N')
GO

INSERT INTO columntypes (format,allownull,tablename,sqldeclaration,createuser,field,col_len,denynull,sqltype,systemtype,defaultvalue,col_scale,lastmoduser,col_precision,iskey) VALUES('','N','progettoudrmembrokind','varchar(64)','assistenza','cu','64','S','varchar','System.String','','','''assistenza''','','N')
GO

INSERT INTO columntypes (format,allownull,tablename,sqldeclaration,createuser,field,col_len,denynull,sqltype,systemtype,defaultvalue,col_scale,lastmoduser,col_precision,iskey) VALUES('','S','progettoudrmembrokind','varchar(2048)','assistenza','description','2048','N','varchar','System.String','','','''assistenza''','','N')
GO

INSERT INTO columntypes (format,allownull,tablename,sqldeclaration,createuser,field,col_len,denynull,sqltype,systemtype,defaultvalue,col_scale,lastmoduser,col_precision,iskey) VALUES('','N','progettoudrmembrokind','datetime','assistenza','lt','8','S','datetime','System.DateTime','','','''assistenza''','','N')
GO

INSERT INTO columntypes (format,allownull,tablename,sqldeclaration,createuser,field,col_len,denynull,sqltype,systemtype,defaultvalue,col_scale,lastmoduser,col_precision,iskey) VALUES('','N','progettoudrmembrokind','varchar(64)','assistenza','lu','64','S','varchar','System.String','','','''assistenza''','','N')
GO

INSERT INTO columntypes (format,allownull,tablename,sqldeclaration,createuser,field,col_len,denynull,sqltype,systemtype,defaultvalue,col_scale,lastmoduser,col_precision,iskey) VALUES('','S','progettoudrmembrokind','int','assistenza','sortcode','4','N','int','System.Int32','','','''assistenza''','','N')
GO

INSERT INTO columntypes (format,allownull,tablename,sqldeclaration,createuser,field,col_len,denynull,sqltype,systemtype,defaultvalue,col_scale,lastmoduser,col_precision,iskey) VALUES('','S','progettoudrmembrokind','varchar(50)','assistenza','title','50','N','varchar','System.String','','','''assistenza''','','N')
GO

-- VERIFICA DI progettoudrmembrokind IN CUSTOMOBJECT --
IF EXISTS(select * from customobject where objectname = 'progettoudrmembrokind')
UPDATE customobject set isreal = 'S' where objectname = 'progettoudrmembrokind'
ELSE
INSERT INTO customobject (objectname, isreal) values('progettoudrmembrokind', 'S')
GO

-- GENERAZIONE DATI PER progettoudrmembrokind --
IF exists(SELECT * FROM [progettoudrmembrokind] WHERE idprogettoudrmembrokind = '1')
UPDATE [progettoudrmembrokind] SET active = 'S',ct = {ts '2020-06-02 21:49:48.130'},cu = 'ferdinando',description = null,lt = {ts '2020-06-02 21:49:48.130'},lu = 'ferdinando',sortcode = '1',title = 'Membro' WHERE idprogettoudrmembrokind = '1'
ELSE
INSERT INTO [progettoudrmembrokind] (idprogettoudrmembrokind,active,ct,cu,description,lt,lu,sortcode,title) VALUES ('1','S',{ts '2020-06-02 21:49:48.130'},'ferdinando',null,{ts '2020-06-02 21:49:48.130'},'ferdinando','1','Membro')
GO

IF exists(SELECT * FROM [progettoudrmembrokind] WHERE idprogettoudrmembrokind = '2')
UPDATE [progettoudrmembrokind] SET active = 'S',ct = {ts '2020-06-02 21:49:48.130'},cu = 'ferdinando',description = null,lt = {ts '2020-06-02 21:49:48.130'},lu = 'ferdinando',sortcode = '2',title = 'Responsabile scientifico' WHERE idprogettoudrmembrokind = '2'
ELSE
INSERT INTO [progettoudrmembrokind] (idprogettoudrmembrokind,active,ct,cu,description,lt,lu,sortcode,title) VALUES ('2','S',{ts '2020-06-02 21:49:48.130'},'ferdinando',null,{ts '2020-06-02 21:49:48.130'},'ferdinando','2','Responsabile scientifico')
GO

IF exists(SELECT * FROM [progettoudrmembrokind] WHERE idprogettoudrmembrokind = '3')
UPDATE [progettoudrmembrokind] SET active = 'S',ct = {ts '2020-06-02 21:49:48.130'},cu = 'ferdinando',description = null,lt = {ts '2020-06-02 21:49:48.130'},lu = 'ferdinando',sortcode = '3',title = 'Responsabile amministrativo' WHERE idprogettoudrmembrokind = '3'
ELSE
INSERT INTO [progettoudrmembrokind] (idprogettoudrmembrokind,active,ct,cu,description,lt,lu,sortcode,title) VALUES ('3','S',{ts '2020-06-02 21:49:48.130'},'ferdinando',null,{ts '2020-06-02 21:49:48.130'},'ferdinando','3','Responsabile amministrativo')
GO

-- FINE GENERAZIONE SCRIPT --


-- GENERAZIONE DATI PER tabledescr --
IF exists(SELECT * FROM [tabledescr] WHERE tablename = 'progettoudrmembrokind')
UPDATE [tabledescr] SET description = 'Tipologia di membro delle unit? di personale',idapplication = null,isdbo = 'N',lt = {ts '2020-11-17 13:03:42.090'},lu = 'assistenza',title = 'Tipologia di membro delle unit? di personale' WHERE tablename = 'progettoudrmembrokind'
ELSE
INSERT INTO [tabledescr] (tablename,description,idapplication,isdbo,lt,lu,title) VALUES ('progettoudrmembrokind','Tipologia di membro delle unit? di personale',null,'N',{ts '2020-11-17 13:03:42.090'},'assistenza','Tipologia di membro delle unit? di personale')
GO

-- FINE GENERAZIONE SCRIPT --


-- GENERAZIONE DATI PER coldescr --
IF exists(SELECT * FROM [coldescr] WHERE colname = 'active' AND tablename = 'progettoudrmembrokind')
UPDATE [coldescr] SET col_len = '1',col_precision = null,col_scale = null,description = 'Attivo',kind = 'S',lt = {ts '2020-11-17 13:04:49.847'},lu = 'assistenza',primarykey = 'N',sql_declaration = 'char(1)',sql_type = 'char',system_type = 'System.String' WHERE colname = 'active' AND tablename = 'progettoudrmembrokind'
ELSE
INSERT INTO [coldescr] (colname,tablename,col_len,col_precision,col_scale,description,kind,lt,lu,primarykey,sql_declaration,sql_type,system_type) VALUES ('active','progettoudrmembrokind','1',null,null,'Attivo','S',{ts '2020-11-17 13:04:49.847'},'assistenza','N','char(1)','char','System.String')
GO

IF exists(SELECT * FROM [coldescr] WHERE colname = 'ct' AND tablename = 'progettoudrmembrokind')
UPDATE [coldescr] SET col_len = '8',col_precision = null,col_scale = null,description = null,kind = 'S',lt = {ts '2020-11-17 13:03:44.817'},lu = 'assistenza',primarykey = 'N',sql_declaration = 'datetime',sql_type = 'datetime',system_type = 'System.DateTime' WHERE colname = 'ct' AND tablename = 'progettoudrmembrokind'
ELSE
INSERT INTO [coldescr] (colname,tablename,col_len,col_precision,col_scale,description,kind,lt,lu,primarykey,sql_declaration,sql_type,system_type) VALUES ('ct','progettoudrmembrokind','8',null,null,null,'S',{ts '2020-11-17 13:03:44.817'},'assistenza','N','datetime','datetime','System.DateTime')
GO

IF exists(SELECT * FROM [coldescr] WHERE colname = 'cu' AND tablename = 'progettoudrmembrokind')
UPDATE [coldescr] SET col_len = '64',col_precision = null,col_scale = null,description = null,kind = 'S',lt = {ts '2020-11-17 13:03:44.817'},lu = 'assistenza',primarykey = 'N',sql_declaration = 'varchar(64)',sql_type = 'varchar',system_type = 'System.String' WHERE colname = 'cu' AND tablename = 'progettoudrmembrokind'
ELSE
INSERT INTO [coldescr] (colname,tablename,col_len,col_precision,col_scale,description,kind,lt,lu,primarykey,sql_declaration,sql_type,system_type) VALUES ('cu','progettoudrmembrokind','64',null,null,null,'S',{ts '2020-11-17 13:03:44.817'},'assistenza','N','varchar(64)','varchar','System.String')
GO

IF exists(SELECT * FROM [coldescr] WHERE colname = 'description' AND tablename = 'progettoudrmembrokind')
UPDATE [coldescr] SET col_len = '2048',col_precision = null,col_scale = null,description = 'Descrizione',kind = 'S',lt = {ts '2020-11-17 13:04:49.847'},lu = 'assistenza',primarykey = 'N',sql_declaration = 'varchar(2048)',sql_type = 'varchar',system_type = 'System.String' WHERE colname = 'description' AND tablename = 'progettoudrmembrokind'
ELSE
INSERT INTO [coldescr] (colname,tablename,col_len,col_precision,col_scale,description,kind,lt,lu,primarykey,sql_declaration,sql_type,system_type) VALUES ('description','progettoudrmembrokind','2048',null,null,'Descrizione','S',{ts '2020-11-17 13:04:49.847'},'assistenza','N','varchar(2048)','varchar','System.String')
GO

IF exists(SELECT * FROM [coldescr] WHERE colname = 'idprogettoudrmembrokind' AND tablename = 'progettoudrmembrokind')
UPDATE [coldescr] SET col_len = '4',col_precision = null,col_scale = null,description = null,kind = 'S',lt = {ts '2020-11-17 13:03:44.820'},lu = 'assistenza',primarykey = 'S',sql_declaration = 'int',sql_type = 'int',system_type = 'System.Int32' WHERE colname = 'idprogettoudrmembrokind' AND tablename = 'progettoudrmembrokind'
ELSE
INSERT INTO [coldescr] (colname,tablename,col_len,col_precision,col_scale,description,kind,lt,lu,primarykey,sql_declaration,sql_type,system_type) VALUES ('idprogettoudrmembrokind','progettoudrmembrokind','4',null,null,null,'S',{ts '2020-11-17 13:03:44.820'},'assistenza','S','int','int','System.Int32')
GO

IF exists(SELECT * FROM [coldescr] WHERE colname = 'lt' AND tablename = 'progettoudrmembrokind')
UPDATE [coldescr] SET col_len = '8',col_precision = null,col_scale = null,description = null,kind = 'S',lt = {ts '2020-11-17 13:03:44.820'},lu = 'assistenza',primarykey = 'N',sql_declaration = 'datetime',sql_type = 'datetime',system_type = 'System.DateTime' WHERE colname = 'lt' AND tablename = 'progettoudrmembrokind'
ELSE
INSERT INTO [coldescr] (colname,tablename,col_len,col_precision,col_scale,description,kind,lt,lu,primarykey,sql_declaration,sql_type,system_type) VALUES ('lt','progettoudrmembrokind','8',null,null,null,'S',{ts '2020-11-17 13:03:44.820'},'assistenza','N','datetime','datetime','System.DateTime')
GO

IF exists(SELECT * FROM [coldescr] WHERE colname = 'lu' AND tablename = 'progettoudrmembrokind')
UPDATE [coldescr] SET col_len = '64',col_precision = null,col_scale = null,description = null,kind = 'S',lt = {ts '2020-11-17 13:03:44.820'},lu = 'assistenza',primarykey = 'N',sql_declaration = 'varchar(64)',sql_type = 'varchar',system_type = 'System.String' WHERE colname = 'lu' AND tablename = 'progettoudrmembrokind'
ELSE
INSERT INTO [coldescr] (colname,tablename,col_len,col_precision,col_scale,description,kind,lt,lu,primarykey,sql_declaration,sql_type,system_type) VALUES ('lu','progettoudrmembrokind','64',null,null,null,'S',{ts '2020-11-17 13:03:44.820'},'assistenza','N','varchar(64)','varchar','System.String')
GO

IF exists(SELECT * FROM [coldescr] WHERE colname = 'sortcode' AND tablename = 'progettoudrmembrokind')
UPDATE [coldescr] SET col_len = '4',col_precision = null,col_scale = null,description = 'Ordinamento',kind = 'S',lt = {ts '2020-11-17 13:04:49.847'},lu = 'assistenza',primarykey = 'N',sql_declaration = 'int',sql_type = 'int',system_type = 'System.Int32' WHERE colname = 'sortcode' AND tablename = 'progettoudrmembrokind'
ELSE
INSERT INTO [coldescr] (colname,tablename,col_len,col_precision,col_scale,description,kind,lt,lu,primarykey,sql_declaration,sql_type,system_type) VALUES ('sortcode','progettoudrmembrokind','4',null,null,'Ordinamento','S',{ts '2020-11-17 13:04:49.847'},'assistenza','N','int','int','System.Int32')
GO

IF exists(SELECT * FROM [coldescr] WHERE colname = 'title' AND tablename = 'progettoudrmembrokind')
UPDATE [coldescr] SET col_len = '50',col_precision = null,col_scale = null,description = 'Tipo di membro',kind = 'S',lt = {ts '2020-11-17 13:04:49.847'},lu = 'assistenza',primarykey = 'N',sql_declaration = 'varchar(50)',sql_type = 'varchar',system_type = 'System.String' WHERE colname = 'title' AND tablename = 'progettoudrmembrokind'
ELSE
INSERT INTO [coldescr] (colname,tablename,col_len,col_precision,col_scale,description,kind,lt,lu,primarykey,sql_declaration,sql_type,system_type) VALUES ('title','progettoudrmembrokind','50',null,null,'Tipo di membro','S',{ts '2020-11-17 13:04:49.847'},'assistenza','N','varchar(50)','varchar','System.String')
GO

-- FINE GENERAZIONE SCRIPT --

--[DBO]--
-- CREAZIONE TABELLA rendicontattivitaprogetto --
IF NOT EXISTS(select * from sysobjects where id = object_id(N'[dbo].[rendicontattivitaprogetto]') and OBJECTPROPERTY(id, N'IsUserTable') = 1)
BEGIN
CREATE TABLE [dbo].[rendicontattivitaprogetto] (
idrendicontattivitaprogetto int NOT NULL,
ct datetime NOT NULL,
cu varchar(64) NOT NULL,
datainizioprevista date NULL,
description varchar(max) NULL,
iditineration int NULL,
idprogetto int NOT NULL,
idreg int NOT NULL,
idworkpackage int NOT NULL,
lt datetime NOT NULL,
lu varchar(64) NOT NULL,
orepreventivate int NULL,
 CONSTRAINT xpkrendicontattivitaprogetto PRIMARY KEY (idrendicontattivitaprogetto
)
)
END
GO

-- VERIFICA STRUTTURA rendicontattivitaprogetto --
IF NOT exists(select * from [sysobjects] as T inner join syscolumns C on T.ID = C.ID where t.name = 'rendicontattivitaprogetto' and C.name = 'idrendicontattivitaprogetto' AND (T.uid = USER_ID( ) OR T.uid = USER_ID('dbo')))
BEGIN
	ALTER TABLE [rendicontattivitaprogetto] ADD idrendicontattivitaprogetto int NOT NULL DEFAULT 0
	declare @vincolo varchar(100)
	select @vincolo = object_name(const.constid) from syscolumns col join sysconstraints const on const.id = col.id and const.colid = col.colid where col.id = object_id('rendicontattivitaprogetto') and col.name = 'idrendicontattivitaprogetto' and objectproperty(const.constid, 'IsDefaultCnst')=1
	exec ('ALTER TABLE [rendicontattivitaprogetto] drop constraint '+@vincolo)
END
GO

IF NOT exists(select * from [sysobjects] as T inner join syscolumns C on T.ID = C.ID where t.name = 'rendicontattivitaprogetto' and C.name = 'ct' AND (T.uid = USER_ID( ) OR T.uid = USER_ID('dbo')))
BEGIN
	ALTER TABLE [rendicontattivitaprogetto] ADD ct datetime NOT NULL DEFAULT 01/01/1000
	declare @vincolo varchar(100)
	select @vincolo = object_name(const.constid) from syscolumns col join sysconstraints const on const.id = col.id and const.colid = col.colid where col.id = object_id('rendicontattivitaprogetto') and col.name = 'ct' and objectproperty(const.constid, 'IsDefaultCnst')=1
	exec ('ALTER TABLE [rendicontattivitaprogetto] drop constraint '+@vincolo)
END
ELSE
	ALTER TABLE [rendicontattivitaprogetto] ALTER COLUMN ct datetime NOT NULL
GO

IF NOT exists(select * from [sysobjects] as T inner join syscolumns C on T.ID = C.ID where t.name = 'rendicontattivitaprogetto' and C.name = 'cu' AND (T.uid = USER_ID( ) OR T.uid = USER_ID('dbo')))
BEGIN
	ALTER TABLE [rendicontattivitaprogetto] ADD cu varchar(64) NOT NULL DEFAULT ''
	declare @vincolo varchar(100)
	select @vincolo = object_name(const.constid) from syscolumns col join sysconstraints const on const.id = col.id and const.colid = col.colid where col.id = object_id('rendicontattivitaprogetto') and col.name = 'cu' and objectproperty(const.constid, 'IsDefaultCnst')=1
	exec ('ALTER TABLE [rendicontattivitaprogetto] drop constraint '+@vincolo)
END
ELSE
	ALTER TABLE [rendicontattivitaprogetto] ALTER COLUMN cu varchar(64) NOT NULL
GO

IF NOT exists(select * from [sysobjects] as T inner join syscolumns C on T.ID = C.ID where t.name = 'rendicontattivitaprogetto' and C.name = 'datainizioprevista' AND (T.uid = USER_ID( ) OR T.uid = USER_ID('dbo')))
BEGIN
	ALTER TABLE [rendicontattivitaprogetto] ADD datainizioprevista date NULL 
END
ELSE
	ALTER TABLE [rendicontattivitaprogetto] ALTER COLUMN datainizioprevista date NULL
GO

IF NOT exists(select * from [sysobjects] as T inner join syscolumns C on T.ID = C.ID where t.name = 'rendicontattivitaprogetto' and C.name = 'description' AND (T.uid = USER_ID( ) OR T.uid = USER_ID('dbo')))
BEGIN
	ALTER TABLE [rendicontattivitaprogetto] ADD description varchar(max) NULL 
END
ELSE
	ALTER TABLE [rendicontattivitaprogetto] ALTER COLUMN description varchar(max) NULL
GO

IF NOT exists(select * from [sysobjects] as T inner join syscolumns C on T.ID = C.ID where t.name = 'rendicontattivitaprogetto' and C.name = 'iditineration' AND (T.uid = USER_ID( ) OR T.uid = USER_ID('dbo')))
BEGIN
	ALTER TABLE [rendicontattivitaprogetto] ADD iditineration int NULL 
END
ELSE
	ALTER TABLE [rendicontattivitaprogetto] ALTER COLUMN iditineration int NULL
GO

IF NOT exists(select * from [sysobjects] as T inner join syscolumns C on T.ID = C.ID where t.name = 'rendicontattivitaprogetto' and C.name = 'idprogetto' AND (T.uid = USER_ID( ) OR T.uid = USER_ID('dbo')))
BEGIN
	ALTER TABLE [rendicontattivitaprogetto] ADD idprogetto int NOT NULL DEFAULT 0
	declare @vincolo varchar(100)
	select @vincolo = object_name(const.constid) from syscolumns col join sysconstraints const on const.id = col.id and const.colid = col.colid where col.id = object_id('rendicontattivitaprogetto') and col.name = 'idprogetto' and objectproperty(const.constid, 'IsDefaultCnst')=1
	exec ('ALTER TABLE [rendicontattivitaprogetto] drop constraint '+@vincolo)
END
ELSE
	ALTER TABLE [rendicontattivitaprogetto] ALTER COLUMN idprogetto int NOT NULL
GO

IF NOT exists(select * from [sysobjects] as T inner join syscolumns C on T.ID = C.ID where t.name = 'rendicontattivitaprogetto' and C.name = 'idreg' AND (T.uid = USER_ID( ) OR T.uid = USER_ID('dbo')))
BEGIN
	ALTER TABLE [rendicontattivitaprogetto] ADD idreg int NOT NULL DEFAULT 0
	declare @vincolo varchar(100)
	select @vincolo = object_name(const.constid) from syscolumns col join sysconstraints const on const.id = col.id and const.colid = col.colid where col.id = object_id('rendicontattivitaprogetto') and col.name = 'idreg' and objectproperty(const.constid, 'IsDefaultCnst')=1
	exec ('ALTER TABLE [rendicontattivitaprogetto] drop constraint '+@vincolo)
END
ELSE
	ALTER TABLE [rendicontattivitaprogetto] ALTER COLUMN idreg int NOT NULL
GO

IF NOT exists(select * from [sysobjects] as T inner join syscolumns C on T.ID = C.ID where t.name = 'rendicontattivitaprogetto' and C.name = 'idworkpackage' AND (T.uid = USER_ID( ) OR T.uid = USER_ID('dbo')))
BEGIN
	ALTER TABLE [rendicontattivitaprogetto] ADD idworkpackage int NOT NULL DEFAULT 0
	declare @vincolo varchar(100)
	select @vincolo = object_name(const.constid) from syscolumns col join sysconstraints const on const.id = col.id and const.colid = col.colid where col.id = object_id('rendicontattivitaprogetto') and col.name = 'idworkpackage' and objectproperty(const.constid, 'IsDefaultCnst')=1
	exec ('ALTER TABLE [rendicontattivitaprogetto] drop constraint '+@vincolo)
END
ELSE
	ALTER TABLE [rendicontattivitaprogetto] ALTER COLUMN idworkpackage int NOT NULL
GO

IF NOT exists(select * from [sysobjects] as T inner join syscolumns C on T.ID = C.ID where t.name = 'rendicontattivitaprogetto' and C.name = 'lt' AND (T.uid = USER_ID( ) OR T.uid = USER_ID('dbo')))
BEGIN
	ALTER TABLE [rendicontattivitaprogetto] ADD lt datetime NOT NULL DEFAULT 01/01/1000
	declare @vincolo varchar(100)
	select @vincolo = object_name(const.constid) from syscolumns col join sysconstraints const on const.id = col.id and const.colid = col.colid where col.id = object_id('rendicontattivitaprogetto') and col.name = 'lt' and objectproperty(const.constid, 'IsDefaultCnst')=1
	exec ('ALTER TABLE [rendicontattivitaprogetto] drop constraint '+@vincolo)
END
ELSE
	ALTER TABLE [rendicontattivitaprogetto] ALTER COLUMN lt datetime NOT NULL
GO

IF NOT exists(select * from [sysobjects] as T inner join syscolumns C on T.ID = C.ID where t.name = 'rendicontattivitaprogetto' and C.name = 'lu' AND (T.uid = USER_ID( ) OR T.uid = USER_ID('dbo')))
BEGIN
	ALTER TABLE [rendicontattivitaprogetto] ADD lu varchar(64) NOT NULL DEFAULT ''
	declare @vincolo varchar(100)
	select @vincolo = object_name(const.constid) from syscolumns col join sysconstraints const on const.id = col.id and const.colid = col.colid where col.id = object_id('rendicontattivitaprogetto') and col.name = 'lu' and objectproperty(const.constid, 'IsDefaultCnst')=1
	exec ('ALTER TABLE [rendicontattivitaprogetto] drop constraint '+@vincolo)
END
ELSE
	ALTER TABLE [rendicontattivitaprogetto] ALTER COLUMN lu varchar(64) NOT NULL
GO

IF NOT exists(select * from [sysobjects] as T inner join syscolumns C on T.ID = C.ID where t.name = 'rendicontattivitaprogetto' and C.name = 'orepreventivate' AND (T.uid = USER_ID( ) OR T.uid = USER_ID('dbo')))
BEGIN
	ALTER TABLE [rendicontattivitaprogetto] ADD orepreventivate int NULL 
END
ELSE
	ALTER TABLE [rendicontattivitaprogetto] ALTER COLUMN orepreventivate int NULL
GO

-- VERIFICA DI rendicontattivitaprogetto IN COLUMNTYPES --
DELETE FROM columntypes WHERE tablename = 'rendicontattivitaprogetto'
INSERT INTO columntypes (format,allownull,tablename,sqldeclaration,createuser,field,col_len,denynull,sqltype,systemtype,defaultvalue,col_scale,lastmoduser,col_precision,iskey) VALUES('','N','rendicontattivitaprogetto','int','ASSISTENZA','idrendicontattivitaprogetto','4','S','int','System.Int32','','','''ASSISTENZA''','','S')
GO

INSERT INTO columntypes (format,allownull,tablename,sqldeclaration,createuser,field,col_len,denynull,sqltype,systemtype,defaultvalue,col_scale,lastmoduser,col_precision,iskey) VALUES('','N','rendicontattivitaprogetto','datetime','ASSISTENZA','ct','8','S','datetime','System.DateTime','','','''ASSISTENZA''','','N')
GO

INSERT INTO columntypes (format,allownull,tablename,sqldeclaration,createuser,field,col_len,denynull,sqltype,systemtype,defaultvalue,col_scale,lastmoduser,col_precision,iskey) VALUES('','N','rendicontattivitaprogetto','varchar(64)','ASSISTENZA','cu','64','S','varchar','System.String','','','''ASSISTENZA''','','N')
GO

INSERT INTO columntypes (format,allownull,tablename,sqldeclaration,createuser,field,col_len,denynull,sqltype,systemtype,defaultvalue,col_scale,lastmoduser,col_precision,iskey) VALUES('','S','rendicontattivitaprogetto','date','ASSISTENZA','datainizioprevista','3','N','date','System.DateTime','','','''ASSISTENZA''','','N')
GO

INSERT INTO columntypes (format,allownull,tablename,sqldeclaration,createuser,field,col_len,denynull,sqltype,systemtype,defaultvalue,col_scale,lastmoduser,col_precision,iskey) VALUES('','S','rendicontattivitaprogetto','varchar(max)','ASSISTENZA','description','-1','N','varchar','System.String','','','''ASSISTENZA''','','N')
GO

INSERT INTO columntypes (format,allownull,tablename,sqldeclaration,createuser,field,col_len,denynull,sqltype,systemtype,defaultvalue,col_scale,lastmoduser,col_precision,iskey) VALUES('','S','rendicontattivitaprogetto','int','ASSISTENZA','iditineration','4','N','int','System.Int32','','','''ASSISTENZA''','','N')
GO

INSERT INTO columntypes (format,allownull,tablename,sqldeclaration,createuser,field,col_len,denynull,sqltype,systemtype,defaultvalue,col_scale,lastmoduser,col_precision,iskey) VALUES('','N','rendicontattivitaprogetto','int','ASSISTENZA','idprogetto','4','S','int','System.Int32','','','''ASSISTENZA''','','N')
GO

INSERT INTO columntypes (format,allownull,tablename,sqldeclaration,createuser,field,col_len,denynull,sqltype,systemtype,defaultvalue,col_scale,lastmoduser,col_precision,iskey) VALUES('','N','rendicontattivitaprogetto','int','ASSISTENZA','idreg','4','S','int','System.Int32','','','''ASSISTENZA''','','N')
GO

INSERT INTO columntypes (format,allownull,tablename,sqldeclaration,createuser,field,col_len,denynull,sqltype,systemtype,defaultvalue,col_scale,lastmoduser,col_precision,iskey) VALUES('','N','rendicontattivitaprogetto','int','ASSISTENZA','idworkpackage','4','S','int','System.Int32','','','''ASSISTENZA''','','N')
GO

INSERT INTO columntypes (format,allownull,tablename,sqldeclaration,createuser,field,col_len,denynull,sqltype,systemtype,defaultvalue,col_scale,lastmoduser,col_precision,iskey) VALUES('','N','rendicontattivitaprogetto','datetime','ASSISTENZA','lt','8','S','datetime','System.DateTime','','','''ASSISTENZA''','','N')
GO

INSERT INTO columntypes (format,allownull,tablename,sqldeclaration,createuser,field,col_len,denynull,sqltype,systemtype,defaultvalue,col_scale,lastmoduser,col_precision,iskey) VALUES('','N','rendicontattivitaprogetto','varchar(64)','ASSISTENZA','lu','64','S','varchar','System.String','','','''ASSISTENZA''','','N')
GO

INSERT INTO columntypes (format,allownull,tablename,sqldeclaration,createuser,field,col_len,denynull,sqltype,systemtype,defaultvalue,col_scale,lastmoduser,col_precision,iskey) VALUES('','S','rendicontattivitaprogetto','int','ASSISTENZA','orepreventivate','4','N','int','System.Int32','','','''ASSISTENZA''','','N')
GO

-- VERIFICA DI rendicontattivitaprogetto IN CUSTOMOBJECT --
IF EXISTS(select * from customobject where objectname = 'rendicontattivitaprogetto')
UPDATE customobject set isreal = 'S' where objectname = 'rendicontattivitaprogetto'
ELSE
INSERT INTO customobject (objectname, isreal) values('rendicontattivitaprogetto', 'S')
GO
-- FINE GENERAZIONE SCRIPT --


-- GENERAZIONE DATI PER tabledescr --
IF exists(SELECT * FROM [tabledescr] WHERE tablename = 'rendicontattivitaprogetto')
UPDATE [tabledescr] SET description = '2.7.3 Attivit? di progetto',idapplication = null,isdbo = 'N',lt = {ts '2020-05-20 14:12:22.837'},lu = 'assistenza',title = 'Attivit? di progetto' WHERE tablename = 'rendicontattivitaprogetto'
ELSE
INSERT INTO [tabledescr] (tablename,description,idapplication,isdbo,lt,lu,title) VALUES ('rendicontattivitaprogetto','2.7.3 Attivit? di progetto',null,'N',{ts '2020-05-20 14:12:22.837'},'assistenza','Attivit? di progetto')
GO

-- FINE GENERAZIONE SCRIPT --


-- GENERAZIONE DATI PER coldescr --
IF exists(SELECT * FROM [coldescr] WHERE colname = 'ct' AND tablename = 'rendicontattivitaprogetto')
UPDATE [coldescr] SET col_len = '8',col_precision = null,col_scale = null,description = null,kind = 'S',lt = {ts '2020-05-20 14:06:42.277'},lu = 'assistenza',primarykey = 'N',sql_declaration = 'datetime',sql_type = 'datetime',system_type = 'System.DateTime' WHERE colname = 'ct' AND tablename = 'rendicontattivitaprogetto'
ELSE
INSERT INTO [coldescr] (colname,tablename,col_len,col_precision,col_scale,description,kind,lt,lu,primarykey,sql_declaration,sql_type,system_type) VALUES ('ct','rendicontattivitaprogetto','8',null,null,null,'S',{ts '2020-05-20 14:06:42.277'},'assistenza','N','datetime','datetime','System.DateTime')
GO

IF exists(SELECT * FROM [coldescr] WHERE colname = 'cu' AND tablename = 'rendicontattivitaprogetto')
UPDATE [coldescr] SET col_len = '64',col_precision = null,col_scale = null,description = null,kind = 'S',lt = {ts '2020-05-20 14:06:42.277'},lu = 'assistenza',primarykey = 'N',sql_declaration = 'varchar(64)',sql_type = 'varchar',system_type = 'System.String' WHERE colname = 'cu' AND tablename = 'rendicontattivitaprogetto'
ELSE
INSERT INTO [coldescr] (colname,tablename,col_len,col_precision,col_scale,description,kind,lt,lu,primarykey,sql_declaration,sql_type,system_type) VALUES ('cu','rendicontattivitaprogetto','64',null,null,null,'S',{ts '2020-05-20 14:06:42.277'},'assistenza','N','varchar(64)','varchar','System.String')
GO

IF exists(SELECT * FROM [coldescr] WHERE colname = 'datainizioprevista' AND tablename = 'rendicontattivitaprogetto')
UPDATE [coldescr] SET col_len = '3',col_precision = null,col_scale = null,description = 'Data inizio prevista',kind = 'S',lt = {ts '2020-06-23 10:48:50.413'},lu = 'assistenza',primarykey = 'N',sql_declaration = 'date',sql_type = 'date',system_type = 'System.DateTime' WHERE colname = 'datainizioprevista' AND tablename = 'rendicontattivitaprogetto'
ELSE
INSERT INTO [coldescr] (colname,tablename,col_len,col_precision,col_scale,description,kind,lt,lu,primarykey,sql_declaration,sql_type,system_type) VALUES ('datainizioprevista','rendicontattivitaprogetto','3',null,null,'Data inizio prevista','S',{ts '2020-06-23 10:48:50.413'},'assistenza','N','date','date','System.DateTime')
GO

IF exists(SELECT * FROM [coldescr] WHERE colname = 'description' AND tablename = 'rendicontattivitaprogetto')
UPDATE [coldescr] SET col_len = '-1',col_precision = null,col_scale = null,description = 'Descrizione',kind = 'S',lt = {ts '2020-06-23 10:47:33.167'},lu = 'assistenza',primarykey = 'N',sql_declaration = 'varchar(max)',sql_type = 'varchar',system_type = 'System.String' WHERE colname = 'description' AND tablename = 'rendicontattivitaprogetto'
ELSE
INSERT INTO [coldescr] (colname,tablename,col_len,col_precision,col_scale,description,kind,lt,lu,primarykey,sql_declaration,sql_type,system_type) VALUES ('description','rendicontattivitaprogetto','-1',null,null,'Descrizione','S',{ts '2020-06-23 10:47:33.167'},'assistenza','N','varchar(max)','varchar','System.String')
GO

IF exists(SELECT * FROM [coldescr] WHERE colname = 'iditineration' AND tablename = 'rendicontattivitaprogetto')
UPDATE [coldescr] SET col_len = '4',col_precision = null,col_scale = null,description = 'Missione',kind = 'S',lt = {ts '2020-06-23 10:48:50.413'},lu = 'assistenza',primarykey = 'N',sql_declaration = 'int',sql_type = 'int',system_type = 'System.Int32' WHERE colname = 'iditineration' AND tablename = 'rendicontattivitaprogetto'
ELSE
INSERT INTO [coldescr] (colname,tablename,col_len,col_precision,col_scale,description,kind,lt,lu,primarykey,sql_declaration,sql_type,system_type) VALUES ('iditineration','rendicontattivitaprogetto','4',null,null,'Missione','S',{ts '2020-06-23 10:48:50.413'},'assistenza','N','int','int','System.Int32')
GO

IF exists(SELECT * FROM [coldescr] WHERE colname = 'idprogetto' AND tablename = 'rendicontattivitaprogetto')
UPDATE [coldescr] SET col_len = '4',col_precision = null,col_scale = null,description = 'Progetto',kind = 'S',lt = {ts '2020-06-23 10:47:33.167'},lu = 'assistenza',primarykey = 'N',sql_declaration = 'int',sql_type = 'int',system_type = 'System.Int32' WHERE colname = 'idprogetto' AND tablename = 'rendicontattivitaprogetto'
ELSE
INSERT INTO [coldescr] (colname,tablename,col_len,col_precision,col_scale,description,kind,lt,lu,primarykey,sql_declaration,sql_type,system_type) VALUES ('idprogetto','rendicontattivitaprogetto','4',null,null,'Progetto','S',{ts '2020-06-23 10:47:33.167'},'assistenza','N','int','int','System.Int32')
GO

IF exists(SELECT * FROM [coldescr] WHERE colname = 'idreg' AND tablename = 'rendicontattivitaprogetto')
UPDATE [coldescr] SET col_len = '4',col_precision = null,col_scale = null,description = 'Partecipante',kind = 'S',lt = {ts '2020-06-23 10:47:33.167'},lu = 'assistenza',primarykey = 'N',sql_declaration = 'int',sql_type = 'int',system_type = 'System.Int32' WHERE colname = 'idreg' AND tablename = 'rendicontattivitaprogetto'
ELSE
INSERT INTO [coldescr] (colname,tablename,col_len,col_precision,col_scale,description,kind,lt,lu,primarykey,sql_declaration,sql_type,system_type) VALUES ('idreg','rendicontattivitaprogetto','4',null,null,'Partecipante','S',{ts '2020-06-23 10:47:33.167'},'assistenza','N','int','int','System.Int32')
GO

IF exists(SELECT * FROM [coldescr] WHERE colname = 'idrendicontattivitaprogetto' AND tablename = 'rendicontattivitaprogetto')
UPDATE [coldescr] SET col_len = '4',col_precision = null,col_scale = null,description = null,kind = 'S',lt = {ts '2020-05-20 14:06:42.277'},lu = 'assistenza',primarykey = 'S',sql_declaration = 'int',sql_type = 'int',system_type = 'System.Int32' WHERE colname = 'idrendicontattivitaprogetto' AND tablename = 'rendicontattivitaprogetto'
ELSE
INSERT INTO [coldescr] (colname,tablename,col_len,col_precision,col_scale,description,kind,lt,lu,primarykey,sql_declaration,sql_type,system_type) VALUES ('idrendicontattivitaprogetto','rendicontattivitaprogetto','4',null,null,null,'S',{ts '2020-05-20 14:06:42.277'},'assistenza','S','int','int','System.Int32')
GO

IF exists(SELECT * FROM [coldescr] WHERE colname = 'idworkpackage' AND tablename = 'rendicontattivitaprogetto')
UPDATE [coldescr] SET col_len = '4',col_precision = null,col_scale = null,description = 'Workpackage',kind = 'S',lt = {ts '2020-06-23 10:47:33.167'},lu = 'assistenza',primarykey = 'N',sql_declaration = 'int',sql_type = 'int',system_type = 'System.Int32' WHERE colname = 'idworkpackage' AND tablename = 'rendicontattivitaprogetto'
ELSE
INSERT INTO [coldescr] (colname,tablename,col_len,col_precision,col_scale,description,kind,lt,lu,primarykey,sql_declaration,sql_type,system_type) VALUES ('idworkpackage','rendicontattivitaprogetto','4',null,null,'Workpackage','S',{ts '2020-06-23 10:47:33.167'},'assistenza','N','int','int','System.Int32')
GO

IF exists(SELECT * FROM [coldescr] WHERE colname = 'lt' AND tablename = 'rendicontattivitaprogetto')
UPDATE [coldescr] SET col_len = '8',col_precision = null,col_scale = null,description = null,kind = 'S',lt = {ts '2020-05-20 14:06:42.277'},lu = 'assistenza',primarykey = 'N',sql_declaration = 'datetime',sql_type = 'datetime',system_type = 'System.DateTime' WHERE colname = 'lt' AND tablename = 'rendicontattivitaprogetto'
ELSE
INSERT INTO [coldescr] (colname,tablename,col_len,col_precision,col_scale,description,kind,lt,lu,primarykey,sql_declaration,sql_type,system_type) VALUES ('lt','rendicontattivitaprogetto','8',null,null,null,'S',{ts '2020-05-20 14:06:42.277'},'assistenza','N','datetime','datetime','System.DateTime')
GO

IF exists(SELECT * FROM [coldescr] WHERE colname = 'lu' AND tablename = 'rendicontattivitaprogetto')
UPDATE [coldescr] SET col_len = '64',col_precision = null,col_scale = null,description = null,kind = 'S',lt = {ts '2020-05-20 14:06:42.277'},lu = 'assistenza',primarykey = 'N',sql_declaration = 'varchar(64)',sql_type = 'varchar',system_type = 'System.String' WHERE colname = 'lu' AND tablename = 'rendicontattivitaprogetto'
ELSE
INSERT INTO [coldescr] (colname,tablename,col_len,col_precision,col_scale,description,kind,lt,lu,primarykey,sql_declaration,sql_type,system_type) VALUES ('lu','rendicontattivitaprogetto','64',null,null,null,'S',{ts '2020-05-20 14:06:42.277'},'assistenza','N','varchar(64)','varchar','System.String')
GO

IF exists(SELECT * FROM [coldescr] WHERE colname = 'orepreventivate' AND tablename = 'rendicontattivitaprogetto')
UPDATE [coldescr] SET col_len = '4',col_precision = null,col_scale = null,description = 'Numero di ore preventivate',kind = 'S',lt = {ts '2020-06-23 10:48:50.413'},lu = 'assistenza',primarykey = 'N',sql_declaration = 'int',sql_type = 'int',system_type = 'System.Int32' WHERE colname = 'orepreventivate' AND tablename = 'rendicontattivitaprogetto'
ELSE
INSERT INTO [coldescr] (colname,tablename,col_len,col_precision,col_scale,description,kind,lt,lu,primarykey,sql_declaration,sql_type,system_type) VALUES ('orepreventivate','rendicontattivitaprogetto','4',null,null,'Numero di ore preventivate','S',{ts '2020-06-23 10:48:50.413'},'assistenza','N','int','int','System.Int32')
GO

-- FINE GENERAZIONE SCRIPT --

--[DBO]--
-- CREAZIONE TABELLA tax --
IF NOT EXISTS(select * from sysobjects where id = object_id(N'[dbo].[tax]') and OBJECTPROPERTY(id, N'IsUserTable') = 1)
BEGIN
CREATE TABLE [dbo].[tax] (
taxcode int NOT NULL,
active char(1) NULL,
appliancebasis char(1) NULL,
ct datetime NOT NULL,
cu varchar(64) NOT NULL,
description varchar(50) NOT NULL,
fiscaltaxcode varchar(20) NULL,
fiscaltaxcodecredit varchar(20) NULL,
flagunabatable char(1) NULL,
geoappliance char(1) NULL,
idaccmotive_cost varchar(36) NULL,
idaccmotive_debit varchar(36) NULL,
idaccmotive_pay varchar(36) NULL,
insuranceagencycode varchar(10) NULL,
lt datetime NOT NULL,
lu varchar(64) NOT NULL,
maintaxcode int NULL,
taxablecode varchar(20) NULL,
taxkind smallint NOT NULL,
taxref varchar(20) NOT NULL,
 CONSTRAINT xpktax PRIMARY KEY (taxcode
)
)
END
GO

-- VERIFICA STRUTTURA tax --
IF NOT exists(select * from [sysobjects] as T inner join syscolumns C on T.ID = C.ID where t.name = 'tax' and C.name = 'taxcode' AND (T.uid = USER_ID( ) OR T.uid = USER_ID('dbo')))
BEGIN
	ALTER TABLE [tax] ADD taxcode int NOT NULL DEFAULT 0
	declare @vincolo varchar(100)
	select @vincolo = object_name(const.constid) from syscolumns col join sysconstraints const on const.id = col.id and const.colid = col.colid where col.id = object_id('tax') and col.name = 'taxcode' and objectproperty(const.constid, 'IsDefaultCnst')=1
	exec ('ALTER TABLE [tax] drop constraint '+@vincolo)
END
GO

IF NOT exists(select * from [sysobjects] as T inner join syscolumns C on T.ID = C.ID where t.name = 'tax' and C.name = 'active' AND (T.uid = USER_ID( ) OR T.uid = USER_ID('dbo')))
BEGIN
	ALTER TABLE [tax] ADD active char(1) NULL 
END
ELSE
	ALTER TABLE [tax] ALTER COLUMN active char(1) NULL
GO

IF NOT exists(select * from [sysobjects] as T inner join syscolumns C on T.ID = C.ID where t.name = 'tax' and C.name = 'appliancebasis' AND (T.uid = USER_ID( ) OR T.uid = USER_ID('dbo')))
BEGIN
	ALTER TABLE [tax] ADD appliancebasis char(1) NULL 
END
ELSE
	ALTER TABLE [tax] ALTER COLUMN appliancebasis char(1) NULL
GO

IF NOT exists(select * from [sysobjects] as T inner join syscolumns C on T.ID = C.ID where t.name = 'tax' and C.name = 'ct' AND (T.uid = USER_ID( ) OR T.uid = USER_ID('dbo')))
BEGIN
	ALTER TABLE [tax] ADD ct datetime NOT NULL DEFAULT 01/01/1000
	declare @vincolo varchar(100)
	select @vincolo = object_name(const.constid) from syscolumns col join sysconstraints const on const.id = col.id and const.colid = col.colid where col.id = object_id('tax') and col.name = 'ct' and objectproperty(const.constid, 'IsDefaultCnst')=1
	exec ('ALTER TABLE [tax] drop constraint '+@vincolo)
END
ELSE
	ALTER TABLE [tax] ALTER COLUMN ct datetime NOT NULL
GO

IF NOT exists(select * from [sysobjects] as T inner join syscolumns C on T.ID = C.ID where t.name = 'tax' and C.name = 'cu' AND (T.uid = USER_ID( ) OR T.uid = USER_ID('dbo')))
BEGIN
	ALTER TABLE [tax] ADD cu varchar(64) NOT NULL DEFAULT ''
	declare @vincolo varchar(100)
	select @vincolo = object_name(const.constid) from syscolumns col join sysconstraints const on const.id = col.id and const.colid = col.colid where col.id = object_id('tax') and col.name = 'cu' and objectproperty(const.constid, 'IsDefaultCnst')=1
	exec ('ALTER TABLE [tax] drop constraint '+@vincolo)
END
ELSE
	ALTER TABLE [tax] ALTER COLUMN cu varchar(64) NOT NULL
GO

IF NOT exists(select * from [sysobjects] as T inner join syscolumns C on T.ID = C.ID where t.name = 'tax' and C.name = 'description' AND (T.uid = USER_ID( ) OR T.uid = USER_ID('dbo')))
BEGIN
	ALTER TABLE [tax] ADD description varchar(50) NOT NULL DEFAULT ''
	declare @vincolo varchar(100)
	select @vincolo = object_name(const.constid) from syscolumns col join sysconstraints const on const.id = col.id and const.colid = col.colid where col.id = object_id('tax') and col.name = 'description' and objectproperty(const.constid, 'IsDefaultCnst')=1
	exec ('ALTER TABLE [tax] drop constraint '+@vincolo)
END
ELSE
	ALTER TABLE [tax] ALTER COLUMN description varchar(50) NOT NULL
GO

IF NOT exists(select * from [sysobjects] as T inner join syscolumns C on T.ID = C.ID where t.name = 'tax' and C.name = 'fiscaltaxcode' AND (T.uid = USER_ID( ) OR T.uid = USER_ID('dbo')))
BEGIN
	ALTER TABLE [tax] ADD fiscaltaxcode varchar(20) NULL 
END
ELSE
	ALTER TABLE [tax] ALTER COLUMN fiscaltaxcode varchar(20) NULL
GO

IF NOT exists(select * from [sysobjects] as T inner join syscolumns C on T.ID = C.ID where t.name = 'tax' and C.name = 'fiscaltaxcodecredit' AND (T.uid = USER_ID( ) OR T.uid = USER_ID('dbo')))
BEGIN
	ALTER TABLE [tax] ADD fiscaltaxcodecredit varchar(20) NULL 
END
ELSE
	ALTER TABLE [tax] ALTER COLUMN fiscaltaxcodecredit varchar(20) NULL
GO

IF NOT exists(select * from [sysobjects] as T inner join syscolumns C on T.ID = C.ID where t.name = 'tax' and C.name = 'flagunabatable' AND (T.uid = USER_ID( ) OR T.uid = USER_ID('dbo')))
BEGIN
	ALTER TABLE [tax] ADD flagunabatable char(1) NULL 
END
ELSE
	ALTER TABLE [tax] ALTER COLUMN flagunabatable char(1) NULL
GO

IF NOT exists(select * from [sysobjects] as T inner join syscolumns C on T.ID = C.ID where t.name = 'tax' and C.name = 'geoappliance' AND (T.uid = USER_ID( ) OR T.uid = USER_ID('dbo')))
BEGIN
	ALTER TABLE [tax] ADD geoappliance char(1) NULL 
END
ELSE
	ALTER TABLE [tax] ALTER COLUMN geoappliance char(1) NULL
GO

IF NOT exists(select * from [sysobjects] as T inner join syscolumns C on T.ID = C.ID where t.name = 'tax' and C.name = 'idaccmotive_cost' AND (T.uid = USER_ID( ) OR T.uid = USER_ID('dbo')))
BEGIN
	ALTER TABLE [tax] ADD idaccmotive_cost varchar(36) NULL 
END
ELSE
	ALTER TABLE [tax] ALTER COLUMN idaccmotive_cost varchar(36) NULL
GO

IF NOT exists(select * from [sysobjects] as T inner join syscolumns C on T.ID = C.ID where t.name = 'tax' and C.name = 'idaccmotive_debit' AND (T.uid = USER_ID( ) OR T.uid = USER_ID('dbo')))
BEGIN
	ALTER TABLE [tax] ADD idaccmotive_debit varchar(36) NULL 
END
ELSE
	ALTER TABLE [tax] ALTER COLUMN idaccmotive_debit varchar(36) NULL
GO

IF NOT exists(select * from [sysobjects] as T inner join syscolumns C on T.ID = C.ID where t.name = 'tax' and C.name = 'idaccmotive_pay' AND (T.uid = USER_ID( ) OR T.uid = USER_ID('dbo')))
BEGIN
	ALTER TABLE [tax] ADD idaccmotive_pay varchar(36) NULL 
END
ELSE
	ALTER TABLE [tax] ALTER COLUMN idaccmotive_pay varchar(36) NULL
GO

IF NOT exists(select * from [sysobjects] as T inner join syscolumns C on T.ID = C.ID where t.name = 'tax' and C.name = 'insuranceagencycode' AND (T.uid = USER_ID( ) OR T.uid = USER_ID('dbo')))
BEGIN
	ALTER TABLE [tax] ADD insuranceagencycode varchar(10) NULL 
END
ELSE
	ALTER TABLE [tax] ALTER COLUMN insuranceagencycode varchar(10) NULL
GO

IF NOT exists(select * from [sysobjects] as T inner join syscolumns C on T.ID = C.ID where t.name = 'tax' and C.name = 'lt' AND (T.uid = USER_ID( ) OR T.uid = USER_ID('dbo')))
BEGIN
	ALTER TABLE [tax] ADD lt datetime NOT NULL DEFAULT 01/01/1000
	declare @vincolo varchar(100)
	select @vincolo = object_name(const.constid) from syscolumns col join sysconstraints const on const.id = col.id and const.colid = col.colid where col.id = object_id('tax') and col.name = 'lt' and objectproperty(const.constid, 'IsDefaultCnst')=1
	exec ('ALTER TABLE [tax] drop constraint '+@vincolo)
END
ELSE
	ALTER TABLE [tax] ALTER COLUMN lt datetime NOT NULL
GO

IF NOT exists(select * from [sysobjects] as T inner join syscolumns C on T.ID = C.ID where t.name = 'tax' and C.name = 'lu' AND (T.uid = USER_ID( ) OR T.uid = USER_ID('dbo')))
BEGIN
	ALTER TABLE [tax] ADD lu varchar(64) NOT NULL DEFAULT ''
	declare @vincolo varchar(100)
	select @vincolo = object_name(const.constid) from syscolumns col join sysconstraints const on const.id = col.id and const.colid = col.colid where col.id = object_id('tax') and col.name = 'lu' and objectproperty(const.constid, 'IsDefaultCnst')=1
	exec ('ALTER TABLE [tax] drop constraint '+@vincolo)
END
ELSE
	ALTER TABLE [tax] ALTER COLUMN lu varchar(64) NOT NULL
GO

IF NOT exists(select * from [sysobjects] as T inner join syscolumns C on T.ID = C.ID where t.name = 'tax' and C.name = 'maintaxcode' AND (T.uid = USER_ID( ) OR T.uid = USER_ID('dbo')))
BEGIN
	ALTER TABLE [tax] ADD maintaxcode int NULL 
END
ELSE
	ALTER TABLE [tax] ALTER COLUMN maintaxcode int NULL
GO

IF NOT exists(select * from [sysobjects] as T inner join syscolumns C on T.ID = C.ID where t.name = 'tax' and C.name = 'taxablecode' AND (T.uid = USER_ID( ) OR T.uid = USER_ID('dbo')))
BEGIN
	ALTER TABLE [tax] ADD taxablecode varchar(20) NULL 
END
ELSE
	ALTER TABLE [tax] ALTER COLUMN taxablecode varchar(20) NULL
GO

IF NOT exists(select * from [sysobjects] as T inner join syscolumns C on T.ID = C.ID where t.name = 'tax' and C.name = 'taxkind' AND (T.uid = USER_ID( ) OR T.uid = USER_ID('dbo')))
BEGIN
	ALTER TABLE [tax] ADD taxkind smallint NOT NULL DEFAULT 0
	declare @vincolo varchar(100)
	select @vincolo = object_name(const.constid) from syscolumns col join sysconstraints const on const.id = col.id and const.colid = col.colid where col.id = object_id('tax') and col.name = 'taxkind' and objectproperty(const.constid, 'IsDefaultCnst')=1
	exec ('ALTER TABLE [tax] drop constraint '+@vincolo)
END
ELSE
	ALTER TABLE [tax] ALTER COLUMN taxkind smallint NOT NULL
GO

IF NOT exists(select * from [sysobjects] as T inner join syscolumns C on T.ID = C.ID where t.name = 'tax' and C.name = 'taxref' AND (T.uid = USER_ID( ) OR T.uid = USER_ID('dbo')))
BEGIN
	ALTER TABLE [tax] ADD taxref varchar(20) NOT NULL DEFAULT ''
	declare @vincolo varchar(100)
	select @vincolo = object_name(const.constid) from syscolumns col join sysconstraints const on const.id = col.id and const.colid = col.colid where col.id = object_id('tax') and col.name = 'taxref' and objectproperty(const.constid, 'IsDefaultCnst')=1
	exec ('ALTER TABLE [tax] drop constraint '+@vincolo)
END
ELSE
	ALTER TABLE [tax] ALTER COLUMN taxref varchar(20) NOT NULL
GO

IF EXISTS (SELECT * FROM sysindexes where name='uktax' and id=object_id('tax'))
BEGIN
     CREATE UNIQUE NONCLUSTERED INDEX uktax
     ON tax (taxref )
     WITH  DROP_EXISTING ON [PRIMARY]
END
ELSE
BEGIN
     CREATE UNIQUE NONCLUSTERED INDEX uktax
     ON tax (taxref )
ON [PRIMARY]
END
GO

-- VERIFICA DI tax IN COLUMNTYPES --
DELETE FROM columntypes WHERE tablename = 'tax'
INSERT INTO columntypes (format,allownull,tablename,sqldeclaration,createuser,field,col_len,denynull,sqltype,systemtype,defaultvalue,col_scale,lastmoduser,col_precision,iskey) VALUES('','N','tax','int','ASSISTENZA','taxcode','4','S','int','System.Int32','','','''ASSISTENZA''','','S')
GO

INSERT INTO columntypes (format,allownull,tablename,sqldeclaration,createuser,field,col_len,denynull,sqltype,systemtype,defaultvalue,col_scale,lastmoduser,col_precision,iskey) VALUES('','S','tax','char(1)','ASSISTENZA','active','1','N','char','System.String','','','''ASSISTENZA''','','N')
GO

INSERT INTO columntypes (format,allownull,tablename,sqldeclaration,createuser,field,col_len,denynull,sqltype,systemtype,defaultvalue,col_scale,lastmoduser,col_precision,iskey) VALUES('','S','tax','char(1)','ASSISTENZA','appliancebasis','1','N','char','System.String','','','''ASSISTENZA''','','N')
GO

INSERT INTO columntypes (format,allownull,tablename,sqldeclaration,createuser,field,col_len,denynull,sqltype,systemtype,defaultvalue,col_scale,lastmoduser,col_precision,iskey) VALUES('','N','tax','datetime','ASSISTENZA','ct','8','S','datetime','System.DateTime','','','''ASSISTENZA''','','N')
GO

INSERT INTO columntypes (format,allownull,tablename,sqldeclaration,createuser,field,col_len,denynull,sqltype,systemtype,defaultvalue,col_scale,lastmoduser,col_precision,iskey) VALUES('','N','tax','varchar(64)','ASSISTENZA','cu','64','S','varchar','System.String','','','''ASSISTENZA''','','N')
GO

INSERT INTO columntypes (format,allownull,tablename,sqldeclaration,createuser,field,col_len,denynull,sqltype,systemtype,defaultvalue,col_scale,lastmoduser,col_precision,iskey) VALUES('','N','tax','varchar(50)','ASSISTENZA','description','50','S','varchar','System.String','','','''ASSISTENZA''','','N')
GO

INSERT INTO columntypes (format,allownull,tablename,sqldeclaration,createuser,field,col_len,denynull,sqltype,systemtype,defaultvalue,col_scale,lastmoduser,col_precision,iskey) VALUES('','S','tax','varchar(20)','ASSISTENZA','fiscaltaxcode','20','N','varchar','System.String','','','''ASSISTENZA''','','N')
GO

INSERT INTO columntypes (format,allownull,tablename,sqldeclaration,createuser,field,col_len,denynull,sqltype,systemtype,defaultvalue,col_scale,lastmoduser,col_precision,iskey) VALUES('','S','tax','varchar(20)','ASSISTENZA','fiscaltaxcodecredit','20','N','varchar','System.String','','','''ASSISTENZA''','','N')
GO

INSERT INTO columntypes (format,allownull,tablename,sqldeclaration,createuser,field,col_len,denynull,sqltype,systemtype,defaultvalue,col_scale,lastmoduser,col_precision,iskey) VALUES('','S','tax','char(1)','ASSISTENZA','flagunabatable','1','N','char','System.String','','','''ASSISTENZA''','','N')
GO

INSERT INTO columntypes (format,allownull,tablename,sqldeclaration,createuser,field,col_len,denynull,sqltype,systemtype,defaultvalue,col_scale,lastmoduser,col_precision,iskey) VALUES('','S','tax','char(1)','ASSISTENZA','geoappliance','1','N','char','System.String','','','''ASSISTENZA''','','N')
GO

INSERT INTO columntypes (format,allownull,tablename,sqldeclaration,createuser,field,col_len,denynull,sqltype,systemtype,defaultvalue,col_scale,lastmoduser,col_precision,iskey) VALUES('','S','tax','varchar(36)','ASSISTENZA','idaccmotive_cost','36','N','varchar','System.String','','','''ASSISTENZA''','','N')
GO

INSERT INTO columntypes (format,allownull,tablename,sqldeclaration,createuser,field,col_len,denynull,sqltype,systemtype,defaultvalue,col_scale,lastmoduser,col_precision,iskey) VALUES('','S','tax','varchar(36)','ASSISTENZA','idaccmotive_debit','36','N','varchar','System.String','','','''ASSISTENZA''','','N')
GO

INSERT INTO columntypes (format,allownull,tablename,sqldeclaration,createuser,field,col_len,denynull,sqltype,systemtype,defaultvalue,col_scale,lastmoduser,col_precision,iskey) VALUES('','S','tax','varchar(36)','ASSISTENZA','idaccmotive_pay','36','N','varchar','System.String','','','''ASSISTENZA''','','N')
GO

INSERT INTO columntypes (format,allownull,tablename,sqldeclaration,createuser,field,col_len,denynull,sqltype,systemtype,defaultvalue,col_scale,lastmoduser,col_precision,iskey) VALUES('','S','tax','varchar(10)','ASSISTENZA','insuranceagencycode','10','N','varchar','System.String','','','''ASSISTENZA''','','N')
GO

INSERT INTO columntypes (format,allownull,tablename,sqldeclaration,createuser,field,col_len,denynull,sqltype,systemtype,defaultvalue,col_scale,lastmoduser,col_precision,iskey) VALUES('','N','tax','datetime','ASSISTENZA','lt','8','S','datetime','System.DateTime','','','''ASSISTENZA''','','N')
GO

INSERT INTO columntypes (format,allownull,tablename,sqldeclaration,createuser,field,col_len,denynull,sqltype,systemtype,defaultvalue,col_scale,lastmoduser,col_precision,iskey) VALUES('','N','tax','varchar(64)','ASSISTENZA','lu','64','S','varchar','System.String','','','''ASSISTENZA''','','N')
GO

INSERT INTO columntypes (format,allownull,tablename,sqldeclaration,createuser,field,col_len,denynull,sqltype,systemtype,defaultvalue,col_scale,lastmoduser,col_precision,iskey) VALUES('','S','tax','int','ASSISTENZA','maintaxcode','4','N','int','System.Int32','','','''ASSISTENZA''','','N')
GO

INSERT INTO columntypes (format,allownull,tablename,sqldeclaration,createuser,field,col_len,denynull,sqltype,systemtype,defaultvalue,col_scale,lastmoduser,col_precision,iskey) VALUES('','S','tax','varchar(20)','ASSISTENZA','taxablecode','20','N','varchar','System.String','','','''ASSISTENZA''','','N')
GO

INSERT INTO columntypes (format,allownull,tablename,sqldeclaration,createuser,field,col_len,denynull,sqltype,systemtype,defaultvalue,col_scale,lastmoduser,col_precision,iskey) VALUES('','N','tax','smallint','ASSISTENZA','taxkind','2','S','smallint','System.Int16','','','''ASSISTENZA''','','N')
GO

INSERT INTO columntypes (format,allownull,tablename,sqldeclaration,createuser,field,col_len,denynull,sqltype,systemtype,defaultvalue,col_scale,lastmoduser,col_precision,iskey) VALUES('','N','tax','varchar(20)','ASSISTENZA','taxref','20','S','varchar','System.String','','','''ASSISTENZA''','','N')
GO

-- VERIFICA DI tax IN CUSTOMOBJECT --
IF EXISTS(select * from customobject where objectname = 'tax')
UPDATE customobject set isreal = 'S' where objectname = 'tax'
ELSE
INSERT INTO customobject (objectname, isreal) values('tax', 'S')
GO

-- GENERAZIONE DATI PER tax --
IF exists(SELECT * FROM [tax] WHERE taxcode = '1')
UPDATE [tax] SET active = 'S',appliancebasis = null,ct = {d '2006-01-01'},cu = 'Software and more',description = 'Addizionale comunale IRPEF',fiscaltaxcode = '384E',fiscaltaxcodecredit = '161E',flagunabatable = 'N',geoappliance = 'C',idaccmotive_cost = null,idaccmotive_debit = '00200001',idaccmotive_pay = '00210002',insuranceagencycode = null,lt = {ts '2015-12-11 11:44:32.060'},lu = 'assistenza',maintaxcode = null,taxablecode = 'ADDIRPEF',taxkind = '1',taxref = '05_ADDCOMU' WHERE taxcode = '1'
ELSE
INSERT INTO [tax] (taxcode,active,appliancebasis,ct,cu,description,fiscaltaxcode,fiscaltaxcodecredit,flagunabatable,geoappliance,idaccmotive_cost,idaccmotive_debit,idaccmotive_pay,insuranceagencycode,lt,lu,maintaxcode,taxablecode,taxkind,taxref) VALUES ('1','S',null,{d '2006-01-01'},'Software and more','Addizionale comunale IRPEF','384E','161E','N','C',null,'00200001','00210002',null,{ts '2015-12-11 11:44:32.060'},'assistenza',null,'ADDIRPEF','1','05_ADDCOMU')
GO

IF exists(SELECT * FROM [tax] WHERE taxcode = '2')
UPDATE [tax] SET active = 'S',appliancebasis = null,ct = {d '2006-01-01'},cu = 'Software and more',description = 'Addizionale regionale IRPEF',fiscaltaxcode = '381E',fiscaltaxcodecredit = '160E',flagunabatable = 'N',geoappliance = 'R',idaccmotive_cost = '0041',idaccmotive_debit = '00200001',idaccmotive_pay = '00210002',insuranceagencycode = null,lt = {ts '2015-12-11 11:44:27.563'},lu = 'assistenza',maintaxcode = null,taxablecode = 'ADDIRPEF',taxkind = '1',taxref = '05_ADDREGI' WHERE taxcode = '2'
ELSE
INSERT INTO [tax] (taxcode,active,appliancebasis,ct,cu,description,fiscaltaxcode,fiscaltaxcodecredit,flagunabatable,geoappliance,idaccmotive_cost,idaccmotive_debit,idaccmotive_pay,insuranceagencycode,lt,lu,maintaxcode,taxablecode,taxkind,taxref) VALUES ('2','S',null,{d '2006-01-01'},'Software and more','Addizionale regionale IRPEF','381E','160E','N','R','0041','00200001','00210002',null,{ts '2015-12-11 11:44:27.563'},'assistenza',null,'ADDIRPEF','1','05_ADDREGI')
GO

IF exists(SELECT * FROM [tax] WHERE taxcode = '3')
UPDATE [tax] SET active = 'S',appliancebasis = 'S',ct = {d '2006-01-01'},cu = 'Software and more',description = 'Ritenuta Inail',fiscaltaxcode = null,fiscaltaxcodecredit = null,flagunabatable = 'N',geoappliance = null,idaccmotive_cost = null,idaccmotive_debit = '00200001',idaccmotive_pay = '00210002',insuranceagencycode = 'P64',lt = {ts '2017-01-04 11:21:05.417'},lu = 'assistenza',maintaxcode = null,taxablecode = 'ASSICUR',taxkind = '4',taxref = '05_INAIL' WHERE taxcode = '3'
ELSE
INSERT INTO [tax] (taxcode,active,appliancebasis,ct,cu,description,fiscaltaxcode,fiscaltaxcodecredit,flagunabatable,geoappliance,idaccmotive_cost,idaccmotive_debit,idaccmotive_pay,insuranceagencycode,lt,lu,maintaxcode,taxablecode,taxkind,taxref) VALUES ('3','S','S',{d '2006-01-01'},'Software and more','Ritenuta Inail',null,null,'N',null,null,'00200001','00210002','P64',{ts '2017-01-04 11:21:05.417'},'assistenza',null,'ASSICUR','4','05_INAIL')
GO

IF exists(SELECT * FROM [tax] WHERE taxcode = '4')
UPDATE [tax] SET active = 'S',appliancebasis = 'A',ct = {ts '2007-01-24 14:26:49.610'},cu = '''NINO''',description = 'Acconto Addizionale Comunale IRPEF',fiscaltaxcode = '385E',fiscaltaxcodecredit = null,flagunabatable = 'N',geoappliance = 'C',idaccmotive_cost = null,idaccmotive_debit = null,idaccmotive_pay = '00210002',insuranceagencycode = null,lt = {ts '2015-12-11 11:44:35.677'},lu = 'assistenza',maintaxcode = null,taxablecode = 'ADDIRPEF',taxkind = '1',taxref = '07_ACC_ADDCOM' WHERE taxcode = '4'
ELSE
INSERT INTO [tax] (taxcode,active,appliancebasis,ct,cu,description,fiscaltaxcode,fiscaltaxcodecredit,flagunabatable,geoappliance,idaccmotive_cost,idaccmotive_debit,idaccmotive_pay,insuranceagencycode,lt,lu,maintaxcode,taxablecode,taxkind,taxref) VALUES ('4','S','A',{ts '2007-01-24 14:26:49.610'},'''NINO''','Acconto Addizionale Comunale IRPEF','385E',null,'N','C',null,null,'00210002',null,{ts '2015-12-11 11:44:35.677'},'assistenza',null,'ADDIRPEF','1','07_ACC_ADDCOM')
GO

IF exists(SELECT * FROM [tax] WHERE taxcode = '5')
UPDATE [tax] SET active = 'S',appliancebasis = null,ct = {d '2006-01-01'},cu = 'Software and more',description = 'Rit. acconto 20% su 75% lordo',fiscaltaxcode = '104E',fiscaltaxcodecredit = '156E',flagunabatable = 'S',geoappliance = null,idaccmotive_cost = null,idaccmotive_debit = null,idaccmotive_pay = '00210002',insuranceagencycode = null,lt = {ts '2015-12-11 11:44:40.150'},lu = 'assistenza',maintaxcode = null,taxablecode = 'IRPEF',taxkind = '1',taxref = '07_ACC_DAT' WHERE taxcode = '5'
ELSE
INSERT INTO [tax] (taxcode,active,appliancebasis,ct,cu,description,fiscaltaxcode,fiscaltaxcodecredit,flagunabatable,geoappliance,idaccmotive_cost,idaccmotive_debit,idaccmotive_pay,insuranceagencycode,lt,lu,maintaxcode,taxablecode,taxkind,taxref) VALUES ('5','S',null,{d '2006-01-01'},'Software and more','Rit. acconto 20% su 75% lordo','104E','156E','S',null,null,null,'00210002',null,{ts '2015-12-11 11:44:40.150'},'assistenza',null,'IRPEF','1','07_ACC_DAT')
GO

IF exists(SELECT * FROM [tax] WHERE taxcode = '6')
UPDATE [tax] SET active = 'S',appliancebasis = null,ct = {ts '2007-03-13 15:18:41.890'},cu = '''SA''',description = 'Rit. acconto 20% su 60% lordo',fiscaltaxcode = '104E',fiscaltaxcodecredit = '156E',flagunabatable = 'S',geoappliance = null,idaccmotive_cost = null,idaccmotive_debit = null,idaccmotive_pay = '00210002',insuranceagencycode = null,lt = {ts '2015-12-11 11:44:44.960'},lu = 'assistenza',maintaxcode = null,taxablecode = 'IRPEF',taxkind = '1',taxref = '07_ACC_DAT_40' WHERE taxcode = '6'
ELSE
INSERT INTO [tax] (taxcode,active,appliancebasis,ct,cu,description,fiscaltaxcode,fiscaltaxcodecredit,flagunabatable,geoappliance,idaccmotive_cost,idaccmotive_debit,idaccmotive_pay,insuranceagencycode,lt,lu,maintaxcode,taxablecode,taxkind,taxref) VALUES ('6','S',null,{ts '2007-03-13 15:18:41.890'},'''SA''','Rit. acconto 20% su 60% lordo','104E','156E','S',null,null,null,'00210002',null,{ts '2015-12-11 11:44:44.960'},'assistenza',null,'IRPEF','1','07_ACC_DAT_40')
GO

IF exists(SELECT * FROM [tax] WHERE taxcode = '7')
UPDATE [tax] SET active = 'S',appliancebasis = null,ct = {d '2006-01-01'},cu = 'Software and more',description = 'Ritenuta d''Acconto',fiscaltaxcode = '104E',fiscaltaxcodecredit = '156E',flagunabatable = 'N',geoappliance = 'N',idaccmotive_cost = null,idaccmotive_debit = null,idaccmotive_pay = '00210002',insuranceagencycode = null,lt = {ts '2015-12-11 11:44:49.467'},lu = 'assistenza',maintaxcode = null,taxablecode = 'IRPEF',taxkind = '1',taxref = '07_ACC_FISC' WHERE taxcode = '7'
ELSE
INSERT INTO [tax] (taxcode,active,appliancebasis,ct,cu,description,fiscaltaxcode,fiscaltaxcodecredit,flagunabatable,geoappliance,idaccmotive_cost,idaccmotive_debit,idaccmotive_pay,insuranceagencycode,lt,lu,maintaxcode,taxablecode,taxkind,taxref) VALUES ('7','S',null,{d '2006-01-01'},'Software and more','Ritenuta d''Acconto','104E','156E','N','N',null,null,'00210002',null,{ts '2015-12-11 11:44:49.467'},'assistenza',null,'IRPEF','1','07_ACC_FISC')
GO

IF exists(SELECT * FROM [tax] WHERE taxcode = '8')
UPDATE [tax] SET active = 'S',appliancebasis = null,ct = {ts '2006-07-17 16:04:53.850'},cu = 'SA',description = 'Addizionale Comunale da CAF',fiscaltaxcode = '128E',fiscaltaxcodecredit = '154E',flagunabatable = 'N',geoappliance = 'C',idaccmotive_cost = null,idaccmotive_debit = null,idaccmotive_pay = '00210002',insuranceagencycode = null,lt = {ts '2015-12-11 11:44:53.033'},lu = 'assistenza',maintaxcode = null,taxablecode = 'ADDIRPEF',taxkind = '5',taxref = '07_ADDCOMCAF' WHERE taxcode = '8'
ELSE
INSERT INTO [tax] (taxcode,active,appliancebasis,ct,cu,description,fiscaltaxcode,fiscaltaxcodecredit,flagunabatable,geoappliance,idaccmotive_cost,idaccmotive_debit,idaccmotive_pay,insuranceagencycode,lt,lu,maintaxcode,taxablecode,taxkind,taxref) VALUES ('8','S',null,{ts '2006-07-17 16:04:53.850'},'SA','Addizionale Comunale da CAF','128E','154E','N','C',null,null,'00210002',null,{ts '2015-12-11 11:44:53.033'},'assistenza',null,'ADDIRPEF','5','07_ADDCOMCAF')
GO

IF exists(SELECT * FROM [tax] WHERE taxcode = '9')
UPDATE [tax] SET active = 'S',appliancebasis = null,ct = {ts '2006-07-17 16:05:09.787'},cu = 'SA',description = 'Addizionale Regionale da CAF',fiscaltaxcode = '126E',fiscaltaxcodecredit = '153E',flagunabatable = 'N',geoappliance = 'R',idaccmotive_cost = null,idaccmotive_debit = null,idaccmotive_pay = null,insuranceagencycode = null,lt = {ts '2007-07-02 09:52:47.733'},lu = '''SARA''',maintaxcode = null,taxablecode = 'ADDIRPEF',taxkind = '5',taxref = '07_ADDREGCAF' WHERE taxcode = '9'
ELSE
INSERT INTO [tax] (taxcode,active,appliancebasis,ct,cu,description,fiscaltaxcode,fiscaltaxcodecredit,flagunabatable,geoappliance,idaccmotive_cost,idaccmotive_debit,idaccmotive_pay,insuranceagencycode,lt,lu,maintaxcode,taxablecode,taxkind,taxref) VALUES ('9','S',null,{ts '2006-07-17 16:05:09.787'},'SA','Addizionale Regionale da CAF','126E','153E','N','R',null,null,null,null,{ts '2007-07-02 09:52:47.733'},'''SARA''',null,'ADDIRPEF','5','07_ADDREGCAF')
GO

IF exists(SELECT * FROM [tax] WHERE taxcode = '10')
UPDATE [tax] SET active = 'S',appliancebasis = null,ct = {d '2006-01-01'},cu = 'Software and more',description = 'Fondo Credito',fiscaltaxcode = 'P909',fiscaltaxcodecredit = null,flagunabatable = 'N',geoappliance = null,idaccmotive_cost = null,idaccmotive_debit = null,idaccmotive_pay = '00210002',insuranceagencycode = 'P54',lt = {ts '2016-09-14 09:27:25.543'},lu = 'assistenza',maintaxcode = null,taxablecode = 'PREVIDENZA',taxkind = '3',taxref = '07_FDOCRE' WHERE taxcode = '10'
ELSE
INSERT INTO [tax] (taxcode,active,appliancebasis,ct,cu,description,fiscaltaxcode,fiscaltaxcodecredit,flagunabatable,geoappliance,idaccmotive_cost,idaccmotive_debit,idaccmotive_pay,insuranceagencycode,lt,lu,maintaxcode,taxablecode,taxkind,taxref) VALUES ('10','S',null,{d '2006-01-01'},'Software and more','Fondo Credito','P909',null,'N',null,null,null,'00210002','P54',{ts '2016-09-14 09:27:25.543'},'assistenza',null,'PREVIDENZA','3','07_FDOCRE')
GO

IF exists(SELECT * FROM [tax] WHERE taxcode = '11')
UPDATE [tax] SET active = 'S',appliancebasis = null,ct = {d '2006-01-01'},cu = 'Software and more',description = 'Contributo Previdenziale Ammin.',fiscaltaxcode = 'P101',fiscaltaxcodecredit = null,flagunabatable = 'N',geoappliance = null,idaccmotive_cost = '0041',idaccmotive_debit = '00210001',idaccmotive_pay = '00210002',insuranceagencycode = null,lt = {ts '2009-10-21 09:58:11.030'},lu = 'SA',maintaxcode = null,taxablecode = 'PREVIDENZA',taxkind = '3',taxref = '07_INPDAP_CAMM' WHERE taxcode = '11'
ELSE
INSERT INTO [tax] (taxcode,active,appliancebasis,ct,cu,description,fiscaltaxcode,fiscaltaxcodecredit,flagunabatable,geoappliance,idaccmotive_cost,idaccmotive_debit,idaccmotive_pay,insuranceagencycode,lt,lu,maintaxcode,taxablecode,taxkind,taxref) VALUES ('11','S',null,{d '2006-01-01'},'Software and more','Contributo Previdenziale Ammin.','P101',null,'N',null,'0041','00210001','00210002',null,{ts '2009-10-21 09:58:11.030'},'SA',null,'PREVIDENZA','3','07_INPDAP_CAMM')
GO

IF exists(SELECT * FROM [tax] WHERE taxcode = '12')
UPDATE [tax] SET active = 'S',appliancebasis = null,ct = {d '2006-01-01'},cu = 'Software and more',description = 'Contributo Previdenziale Dipendenti',fiscaltaxcode = 'P101',fiscaltaxcodecredit = null,flagunabatable = 'N',geoappliance = null,idaccmotive_cost = null,idaccmotive_debit = '00210001',idaccmotive_pay = '00210002',insuranceagencycode = null,lt = {ts '2009-10-21 09:58:15.593'},lu = 'SA',maintaxcode = null,taxablecode = 'PREVIDENZA',taxkind = '3',taxref = '07_INPDAP_CDIP' WHERE taxcode = '12'
ELSE
INSERT INTO [tax] (taxcode,active,appliancebasis,ct,cu,description,fiscaltaxcode,fiscaltaxcodecredit,flagunabatable,geoappliance,idaccmotive_cost,idaccmotive_debit,idaccmotive_pay,insuranceagencycode,lt,lu,maintaxcode,taxablecode,taxkind,taxref) VALUES ('12','S',null,{d '2006-01-01'},'Software and more','Contributo Previdenziale Dipendenti','P101',null,'N',null,null,'00210001','00210002',null,{ts '2009-10-21 09:58:15.593'},'SA',null,'PREVIDENZA','3','07_INPDAP_CDIP')
GO

IF exists(SELECT * FROM [tax] WHERE taxcode = '13')
UPDATE [tax] SET active = 'S',appliancebasis = null,ct = {d '2006-01-01'},cu = 'Software and more',description = 'INPS soggetti mutuati',fiscaltaxcode = 'C10',fiscaltaxcodecredit = null,flagunabatable = 'N',geoappliance = null,idaccmotive_cost = '0023',idaccmotive_debit = '00210001',idaccmotive_pay = '00210002',insuranceagencycode = null,lt = {ts '2009-09-30 17:27:07.250'},lu = 'SARA',maintaxcode = null,taxablecode = 'PREVIDENZA',taxkind = '3',taxref = '07_INPS_M' WHERE taxcode = '13'
ELSE
INSERT INTO [tax] (taxcode,active,appliancebasis,ct,cu,description,fiscaltaxcode,fiscaltaxcodecredit,flagunabatable,geoappliance,idaccmotive_cost,idaccmotive_debit,idaccmotive_pay,insuranceagencycode,lt,lu,maintaxcode,taxablecode,taxkind,taxref) VALUES ('13','S',null,{d '2006-01-01'},'Software and more','INPS soggetti mutuati','C10',null,'N',null,'0023','00210001','00210002',null,{ts '2009-09-30 17:27:07.250'},'SARA',null,'PREVIDENZA','3','07_INPS_M')
GO

IF exists(SELECT * FROM [tax] WHERE taxcode = '14')
UPDATE [tax] SET active = 'S',appliancebasis = null,ct = {d '2006-01-01'},cu = 'Software and more',description = 'INPS soggetti non mutuati',fiscaltaxcode = 'CXX',fiscaltaxcodecredit = null,flagunabatable = 'N',geoappliance = null,idaccmotive_cost = '0023',idaccmotive_debit = '00210001',idaccmotive_pay = '0022',insuranceagencycode = null,lt = {ts '2009-10-20 15:48:49.717'},lu = 'SA',maintaxcode = null,taxablecode = 'PREVIDENZA',taxkind = '3',taxref = '07_INPS_N' WHERE taxcode = '14'
ELSE
INSERT INTO [tax] (taxcode,active,appliancebasis,ct,cu,description,fiscaltaxcode,fiscaltaxcodecredit,flagunabatable,geoappliance,idaccmotive_cost,idaccmotive_debit,idaccmotive_pay,insuranceagencycode,lt,lu,maintaxcode,taxablecode,taxkind,taxref) VALUES ('14','S',null,{d '2006-01-01'},'Software and more','INPS soggetti non mutuati','CXX',null,'N',null,'0023','00210001','0022',null,{ts '2009-10-20 15:48:49.717'},'SA',null,'PREVIDENZA','3','07_INPS_N')
GO

IF exists(SELECT * FROM [tax] WHERE taxcode = '15')
UPDATE [tax] SET active = 'S',appliancebasis = null,ct = {d '2006-01-01'},cu = 'Software and more',description = 'INPS titolari pensione diretta',fiscaltaxcode = 'C10',fiscaltaxcodecredit = null,flagunabatable = 'N',geoappliance = null,idaccmotive_cost = null,idaccmotive_debit = null,idaccmotive_pay = null,insuranceagencycode = null,lt = {d '2006-01-01'},lu = 'Software and more',maintaxcode = null,taxablecode = 'PREVIDENZA',taxkind = '3',taxref = '07_INPS_P' WHERE taxcode = '15'
ELSE
INSERT INTO [tax] (taxcode,active,appliancebasis,ct,cu,description,fiscaltaxcode,fiscaltaxcodecredit,flagunabatable,geoappliance,idaccmotive_cost,idaccmotive_debit,idaccmotive_pay,insuranceagencycode,lt,lu,maintaxcode,taxablecode,taxkind,taxref) VALUES ('15','S',null,{d '2006-01-01'},'Software and more','INPS titolari pensione diretta','C10',null,'N',null,null,null,null,null,{d '2006-01-01'},'Software and more',null,'PREVIDENZA','3','07_INPS_P')
GO

IF exists(SELECT * FROM [tax] WHERE taxcode = '16')
UPDATE [tax] SET active = 'S',appliancebasis = null,ct = {d '2006-01-01'},cu = 'Software and more',description = 'IRAP dipendenti',fiscaltaxcode = '380E',fiscaltaxcodecredit = null,flagunabatable = 'N',geoappliance = null,idaccmotive_cost = '0041',idaccmotive_debit = '00210001',idaccmotive_pay = '00210002',insuranceagencycode = 'P53',lt = {ts '2016-09-14 09:27:11.257'},lu = 'assistenza',maintaxcode = null,taxablecode = 'ASSISTENZA',taxkind = '2',taxref = '07_IRAP' WHERE taxcode = '16'
ELSE
INSERT INTO [tax] (taxcode,active,appliancebasis,ct,cu,description,fiscaltaxcode,fiscaltaxcodecredit,flagunabatable,geoappliance,idaccmotive_cost,idaccmotive_debit,idaccmotive_pay,insuranceagencycode,lt,lu,maintaxcode,taxablecode,taxkind,taxref) VALUES ('16','S',null,{d '2006-01-01'},'Software and more','IRAP dipendenti','380E',null,'N',null,'0041','00210001','00210002','P53',{ts '2016-09-14 09:27:11.257'},'assistenza',null,'ASSISTENZA','2','07_IRAP')
GO

IF exists(SELECT * FROM [tax] WHERE taxcode = '17')
UPDATE [tax] SET active = 'S',appliancebasis = null,ct = {d '2006-01-01'},cu = 'Software and more',description = 'IRAP autonomi/assimilati',fiscaltaxcode = '380E',fiscaltaxcodecredit = null,flagunabatable = 'N',geoappliance = null,idaccmotive_cost = '0041',idaccmotive_debit = '00200001',idaccmotive_pay = '00210002',insuranceagencycode = 'P53',lt = {ts '2016-09-14 09:27:17.707'},lu = 'assistenza',maintaxcode = null,taxablecode = 'ASSISTENZA',taxkind = '2',taxref = '07_IRAP_CO' WHERE taxcode = '17'
ELSE
INSERT INTO [tax] (taxcode,active,appliancebasis,ct,cu,description,fiscaltaxcode,fiscaltaxcodecredit,flagunabatable,geoappliance,idaccmotive_cost,idaccmotive_debit,idaccmotive_pay,insuranceagencycode,lt,lu,maintaxcode,taxablecode,taxkind,taxref) VALUES ('17','S',null,{d '2006-01-01'},'Software and more','IRAP autonomi/assimilati','380E',null,'N',null,'0041','00200001','00210002','P53',{ts '2016-09-14 09:27:17.707'},'assistenza',null,'ASSISTENZA','2','07_IRAP_CO')
GO

IF exists(SELECT * FROM [tax] WHERE taxcode = '18')
UPDATE [tax] SET active = 'S',appliancebasis = null,ct = {d '2006-01-01'},cu = 'Software and more',description = 'Ritenuta IRPEF assimilati',fiscaltaxcode = '100E',fiscaltaxcodecredit = '155E',flagunabatable = 'N',geoappliance = null,idaccmotive_cost = null,idaccmotive_debit = '00210001',idaccmotive_pay = '00210002',insuranceagencycode = null,lt = {ts '2007-12-01 15:16:01.170'},lu = 'SA',maintaxcode = null,taxablecode = 'IRPEF',taxkind = '1',taxref = '07_IRPEF_ASS' WHERE taxcode = '18'
ELSE
INSERT INTO [tax] (taxcode,active,appliancebasis,ct,cu,description,fiscaltaxcode,fiscaltaxcodecredit,flagunabatable,geoappliance,idaccmotive_cost,idaccmotive_debit,idaccmotive_pay,insuranceagencycode,lt,lu,maintaxcode,taxablecode,taxkind,taxref) VALUES ('18','S',null,{d '2006-01-01'},'Software and more','Ritenuta IRPEF assimilati','100E','155E','N',null,null,'00210001','00210002',null,{ts '2007-12-01 15:16:01.170'},'SA',null,'IRPEF','1','07_IRPEF_ASS')
GO

IF exists(SELECT * FROM [tax] WHERE taxcode = '19')
UPDATE [tax] SET active = 'N',appliancebasis = null,ct = {ts '1998-08-06 17:40:41.560'},cu = '''DBO_PO''',description = 'ZZZ - IRPEFBORS',fiscaltaxcode = null,fiscaltaxcodecredit = null,flagunabatable = 'N',geoappliance = null,idaccmotive_cost = null,idaccmotive_debit = null,idaccmotive_pay = null,insuranceagencycode = null,lt = {ts '1999-06-23 12:10:03.170'},lu = '''DBO_PO''',maintaxcode = null,taxablecode = null,taxkind = '1',taxref = '07_IRPEF_BRS' WHERE taxcode = '19'
ELSE
INSERT INTO [tax] (taxcode,active,appliancebasis,ct,cu,description,fiscaltaxcode,fiscaltaxcodecredit,flagunabatable,geoappliance,idaccmotive_cost,idaccmotive_debit,idaccmotive_pay,insuranceagencycode,lt,lu,maintaxcode,taxablecode,taxkind,taxref) VALUES ('19','N',null,{ts '1998-08-06 17:40:41.560'},'''DBO_PO''','ZZZ - IRPEFBORS',null,null,'N',null,null,null,null,null,{ts '1999-06-23 12:10:03.170'},'''DBO_PO''',null,null,'1','07_IRPEF_BRS')
GO

IF exists(SELECT * FROM [tax] WHERE taxcode = '20')
UPDATE [tax] SET active = 'S',appliancebasis = 'S',ct = {d '2006-01-01'},cu = 'Software and more',description = 'IRPEF da dichiarazione C.A.F.',fiscaltaxcode = '134E',fiscaltaxcodecredit = '150E',flagunabatable = 'N',geoappliance = null,idaccmotive_cost = null,idaccmotive_debit = null,idaccmotive_pay = null,insuranceagencycode = null,lt = {d '2006-01-01'},lu = 'Software and more',maintaxcode = null,taxablecode = 'ADDIRPEF',taxkind = '5',taxref = '07_IRPEF_CAF' WHERE taxcode = '20'
ELSE
INSERT INTO [tax] (taxcode,active,appliancebasis,ct,cu,description,fiscaltaxcode,fiscaltaxcodecredit,flagunabatable,geoappliance,idaccmotive_cost,idaccmotive_debit,idaccmotive_pay,insuranceagencycode,lt,lu,maintaxcode,taxablecode,taxkind,taxref) VALUES ('20','S','S',{d '2006-01-01'},'Software and more','IRPEF da dichiarazione C.A.F.','134E','150E','N',null,null,null,null,null,{d '2006-01-01'},'Software and more',null,'ADDIRPEF','5','07_IRPEF_CAF')
GO

IF exists(SELECT * FROM [tax] WHERE taxcode = '21')
UPDATE [tax] SET active = 'S',appliancebasis = null,ct = {d '2006-01-01'},cu = 'Software and more',description = 'Rit.IRPEF stranieri con Convenzione',fiscaltaxcode = null,fiscaltaxcodecredit = null,flagunabatable = 'S',geoappliance = null,idaccmotive_cost = null,idaccmotive_debit = null,idaccmotive_pay = '00210002',insuranceagencycode = null,lt = {ts '2015-12-11 11:47:39.597'},lu = 'assistenza',maintaxcode = null,taxablecode = 'IRPEF',taxkind = '1',taxref = '07_IRPEF_FC' WHERE taxcode = '21'
ELSE
INSERT INTO [tax] (taxcode,active,appliancebasis,ct,cu,description,fiscaltaxcode,fiscaltaxcodecredit,flagunabatable,geoappliance,idaccmotive_cost,idaccmotive_debit,idaccmotive_pay,insuranceagencycode,lt,lu,maintaxcode,taxablecode,taxkind,taxref) VALUES ('21','S',null,{d '2006-01-01'},'Software and more','Rit.IRPEF stranieri con Convenzione',null,null,'S',null,null,null,'00210002',null,{ts '2015-12-11 11:47:39.597'},'assistenza',null,'IRPEF','1','07_IRPEF_FC')
GO

IF exists(SELECT * FROM [tax] WHERE taxcode = '22')
UPDATE [tax] SET active = 'S',appliancebasis = null,ct = {d '2006-01-01'},cu = 'Software and more',description = 'Ritenuta IRPEF stranieri',fiscaltaxcode = '104E',fiscaltaxcodecredit = '156E',flagunabatable = 'N',geoappliance = null,idaccmotive_cost = null,idaccmotive_debit = null,idaccmotive_pay = '00210002',insuranceagencycode = null,lt = {ts '2015-12-11 11:47:35.387'},lu = 'assistenza',maintaxcode = null,taxablecode = 'IRPEF',taxkind = '1',taxref = '07_IRPEF_FO' WHERE taxcode = '22'
ELSE
INSERT INTO [tax] (taxcode,active,appliancebasis,ct,cu,description,fiscaltaxcode,fiscaltaxcodecredit,flagunabatable,geoappliance,idaccmotive_cost,idaccmotive_debit,idaccmotive_pay,insuranceagencycode,lt,lu,maintaxcode,taxablecode,taxkind,taxref) VALUES ('22','S',null,{d '2006-01-01'},'Software and more','Ritenuta IRPEF stranieri','104E','156E','N',null,null,null,'00210002',null,{ts '2015-12-11 11:47:35.387'},'assistenza',null,'IRPEF','1','07_IRPEF_FO')
GO

IF exists(SELECT * FROM [tax] WHERE taxcode = '23')
UPDATE [tax] SET active = 'S',appliancebasis = null,ct = {d '2006-01-01'},cu = 'Software and more',description = 'Ritenuta IRPEF dipendenti',fiscaltaxcode = '100E',fiscaltaxcodecredit = '155E',flagunabatable = 'N',geoappliance = null,idaccmotive_cost = '0041',idaccmotive_debit = '00200001',idaccmotive_pay = '00210002',insuranceagencycode = null,lt = {ts '2015-12-21 15:43:09.190'},lu = 'assistenza',maintaxcode = null,taxablecode = 'IRPEF',taxkind = '1',taxref = '07_IRPEF_GEN' WHERE taxcode = '23'
ELSE
INSERT INTO [tax] (taxcode,active,appliancebasis,ct,cu,description,fiscaltaxcode,fiscaltaxcodecredit,flagunabatable,geoappliance,idaccmotive_cost,idaccmotive_debit,idaccmotive_pay,insuranceagencycode,lt,lu,maintaxcode,taxablecode,taxkind,taxref) VALUES ('23','S',null,{d '2006-01-01'},'Software and more','Ritenuta IRPEF dipendenti','100E','155E','N',null,'0041','00200001','00210002',null,{ts '2015-12-21 15:43:09.190'},'assistenza',null,'IRPEF','1','07_IRPEF_GEN')
GO

IF exists(SELECT * FROM [tax] WHERE taxcode = '24')
UPDATE [tax] SET active = 'S',appliancebasis = 'S',ct = {d '2006-01-01'},cu = 'Software and more',description = 'IRPEF Prima Rata di Acconto',fiscaltaxcode = '133E',fiscaltaxcodecredit = null,flagunabatable = 'N',geoappliance = null,idaccmotive_cost = null,idaccmotive_debit = null,idaccmotive_pay = null,insuranceagencycode = null,lt = {d '2006-01-01'},lu = 'Software and more',maintaxcode = null,taxablecode = 'ADDIRPEF',taxkind = '5',taxref = '07_IRPEF_R1' WHERE taxcode = '24'
ELSE
INSERT INTO [tax] (taxcode,active,appliancebasis,ct,cu,description,fiscaltaxcode,fiscaltaxcodecredit,flagunabatable,geoappliance,idaccmotive_cost,idaccmotive_debit,idaccmotive_pay,insuranceagencycode,lt,lu,maintaxcode,taxablecode,taxkind,taxref) VALUES ('24','S','S',{d '2006-01-01'},'Software and more','IRPEF Prima Rata di Acconto','133E',null,'N',null,null,null,null,null,{d '2006-01-01'},'Software and more',null,'ADDIRPEF','5','07_IRPEF_R1')
GO

IF exists(SELECT * FROM [tax] WHERE taxcode = '25')
UPDATE [tax] SET active = 'S',appliancebasis = 'S',ct = {d '2006-01-01'},cu = 'Software and more',description = 'IRPEF Seconda Rata di Acconto',fiscaltaxcode = '133E',fiscaltaxcodecredit = null,flagunabatable = 'N',geoappliance = null,idaccmotive_cost = null,idaccmotive_debit = null,idaccmotive_pay = null,insuranceagencycode = null,lt = {d '2006-01-01'},lu = 'Software and more',maintaxcode = null,taxablecode = 'ADDIRPEF',taxkind = '5',taxref = '07_IRPEF_R2' WHERE taxcode = '25'
ELSE
INSERT INTO [tax] (taxcode,active,appliancebasis,ct,cu,description,fiscaltaxcode,fiscaltaxcodecredit,flagunabatable,geoappliance,idaccmotive_cost,idaccmotive_debit,idaccmotive_pay,insuranceagencycode,lt,lu,maintaxcode,taxablecode,taxkind,taxref) VALUES ('25','S','S',{d '2006-01-01'},'Software and more','IRPEF Seconda Rata di Acconto','133E',null,'N',null,null,null,null,null,{d '2006-01-01'},'Software and more',null,'ADDIRPEF','5','07_IRPEF_R2')
GO

IF exists(SELECT * FROM [tax] WHERE taxcode = '26')
UPDATE [tax] SET active = 'S',appliancebasis = 'S',ct = {d '2006-01-01'},cu = 'Software and more',description = 'Acconto su Tassazione Separata',fiscaltaxcode = '129E',fiscaltaxcodecredit = null,flagunabatable = 'N',geoappliance = null,idaccmotive_cost = null,idaccmotive_debit = null,idaccmotive_pay = null,insuranceagencycode = null,lt = {d '2006-01-01'},lu = 'Software and more',maintaxcode = null,taxablecode = 'ADDIRPEF',taxkind = '5',taxref = '07_TASSASEP' WHERE taxcode = '26'
ELSE
INSERT INTO [tax] (taxcode,active,appliancebasis,ct,cu,description,fiscaltaxcode,fiscaltaxcodecredit,flagunabatable,geoappliance,idaccmotive_cost,idaccmotive_debit,idaccmotive_pay,insuranceagencycode,lt,lu,maintaxcode,taxablecode,taxkind,taxref) VALUES ('26','S','S',{d '2006-01-01'},'Software and more','Acconto su Tassazione Separata','129E',null,'N',null,null,null,null,null,{d '2006-01-01'},'Software and more',null,'ADDIRPEF','5','07_TASSASEP')
GO

IF exists(SELECT * FROM [tax] WHERE taxcode = '27')
UPDATE [tax] SET active = 'N',appliancebasis = null,ct = {ts '2004-05-08 12:20:06.000'},cu = 'DBO_PO',description = 'Ritenuta IRPEF 30% non residenti',fiscaltaxcode = null,fiscaltaxcodecredit = null,flagunabatable = 'N',geoappliance = null,idaccmotive_cost = null,idaccmotive_debit = null,idaccmotive_pay = null,insuranceagencycode = null,lt = {ts '2004-05-08 12:20:06.000'},lu = '''DBO_PO''',maintaxcode = null,taxablecode = null,taxkind = '1',taxref = 'ACC.STRA' WHERE taxcode = '27'
ELSE
INSERT INTO [tax] (taxcode,active,appliancebasis,ct,cu,description,fiscaltaxcode,fiscaltaxcodecredit,flagunabatable,geoappliance,idaccmotive_cost,idaccmotive_debit,idaccmotive_pay,insuranceagencycode,lt,lu,maintaxcode,taxablecode,taxkind,taxref) VALUES ('27','N',null,{ts '2004-05-08 12:20:06.000'},'DBO_PO','Ritenuta IRPEF 30% non residenti',null,null,'N',null,null,null,null,null,{ts '2004-05-08 12:20:06.000'},'''DBO_PO''',null,null,'1','ACC.STRA')
GO

IF exists(SELECT * FROM [tax] WHERE taxcode = '28')
UPDATE [tax] SET active = 'N',appliancebasis = null,ct = {ts '2004-06-18 16:16:22.000'},cu = 'DBO_PO ',description = 'IRPEF Riten.d''acc. 20% su 75% lordo',fiscaltaxcode = null,fiscaltaxcodecredit = null,flagunabatable = 'N',geoappliance = null,idaccmotive_cost = null,idaccmotive_debit = null,idaccmotive_pay = null,insuranceagencycode = null,lt = {ts '2004-06-18 16:17:47.000'},lu = '''DBO_PO''',maintaxcode = null,taxablecode = null,taxkind = '1',taxref = 'ACCDIRAUT' WHERE taxcode = '28'
ELSE
INSERT INTO [tax] (taxcode,active,appliancebasis,ct,cu,description,fiscaltaxcode,fiscaltaxcodecredit,flagunabatable,geoappliance,idaccmotive_cost,idaccmotive_debit,idaccmotive_pay,insuranceagencycode,lt,lu,maintaxcode,taxablecode,taxkind,taxref) VALUES ('28','N',null,{ts '2004-06-18 16:16:22.000'},'DBO_PO ','IRPEF Riten.d''acc. 20% su 75% lordo',null,null,'N',null,null,null,null,null,{ts '2004-06-18 16:17:47.000'},'''DBO_PO''',null,null,'1','ACCDIRAUT')
GO

IF exists(SELECT * FROM [tax] WHERE taxcode = '29')
UPDATE [tax] SET active = 'S',appliancebasis = null,ct = {ts '2007-06-26 15:16:39.640'},cu = '''SARA''',description = 'Ritenuta d''Acconto  1',fiscaltaxcode = null,fiscaltaxcodecredit = null,flagunabatable = 'N',geoappliance = null,idaccmotive_cost = null,idaccmotive_debit = null,idaccmotive_pay = null,insuranceagencycode = null,lt = {ts '2009-10-20 13:44:47.127'},lu = 'SA',maintaxcode = null,taxablecode = 'IRPEF',taxkind = '1',taxref = 'ACCONTO1' WHERE taxcode = '29'
ELSE
INSERT INTO [tax] (taxcode,active,appliancebasis,ct,cu,description,fiscaltaxcode,fiscaltaxcodecredit,flagunabatable,geoappliance,idaccmotive_cost,idaccmotive_debit,idaccmotive_pay,insuranceagencycode,lt,lu,maintaxcode,taxablecode,taxkind,taxref) VALUES ('29','S',null,{ts '2007-06-26 15:16:39.640'},'''SARA''','Ritenuta d''Acconto  1',null,null,'N',null,null,null,null,null,{ts '2009-10-20 13:44:47.127'},'SA',null,'IRPEF','1','ACCONTO1')
GO

IF exists(SELECT * FROM [tax] WHERE taxcode = '30')
UPDATE [tax] SET active = 'N',appliancebasis = null,ct = {ts '1999-06-21 09:33:20.560'},cu = '''DBO_PO''',description = 'ZZZ - ADDCOM',fiscaltaxcode = null,fiscaltaxcodecredit = null,flagunabatable = 'S',geoappliance = null,idaccmotive_cost = null,idaccmotive_debit = null,idaccmotive_pay = null,insuranceagencycode = null,lt = {ts '2000-06-02 09:08:07.540'},lu = '''DBO_PO''',maintaxcode = null,taxablecode = null,taxkind = '1',taxref = 'ADDCOM' WHERE taxcode = '30'
ELSE
INSERT INTO [tax] (taxcode,active,appliancebasis,ct,cu,description,fiscaltaxcode,fiscaltaxcodecredit,flagunabatable,geoappliance,idaccmotive_cost,idaccmotive_debit,idaccmotive_pay,insuranceagencycode,lt,lu,maintaxcode,taxablecode,taxkind,taxref) VALUES ('30','N',null,{ts '1999-06-21 09:33:20.560'},'''DBO_PO''','ZZZ - ADDCOM',null,null,'S',null,null,null,null,null,{ts '2000-06-02 09:08:07.540'},'''DBO_PO''',null,null,'1','ADDCOM')
GO

IF exists(SELECT * FROM [tax] WHERE taxcode = '31')
UPDATE [tax] SET active = 'N',appliancebasis = null,ct = {ts '1999-06-23 09:12:44.100'},cu = '''DBO_PO''',description = 'ZZZ - ADDCOMUN',fiscaltaxcode = null,fiscaltaxcodecredit = null,flagunabatable = 'N',geoappliance = null,idaccmotive_cost = null,idaccmotive_debit = null,idaccmotive_pay = null,insuranceagencycode = null,lt = {ts '1999-06-23 09:12:44.100'},lu = '''DBO_PO''',maintaxcode = null,taxablecode = null,taxkind = '1',taxref = 'ADDCOMUN' WHERE taxcode = '31'
ELSE
INSERT INTO [tax] (taxcode,active,appliancebasis,ct,cu,description,fiscaltaxcode,fiscaltaxcodecredit,flagunabatable,geoappliance,idaccmotive_cost,idaccmotive_debit,idaccmotive_pay,insuranceagencycode,lt,lu,maintaxcode,taxablecode,taxkind,taxref) VALUES ('31','N',null,{ts '1999-06-23 09:12:44.100'},'''DBO_PO''','ZZZ - ADDCOMUN',null,null,'N',null,null,null,null,null,{ts '1999-06-23 09:12:44.100'},'''DBO_PO''',null,null,'1','ADDCOMUN')
GO

IF exists(SELECT * FROM [tax] WHERE taxcode = '32')
UPDATE [tax] SET active = 'N',appliancebasis = null,ct = {ts '1998-08-06 17:40:41.240'},cu = '''DBO_PO''',description = 'ZZZ - ADDIRPEF',fiscaltaxcode = null,fiscaltaxcodecredit = null,flagunabatable = 'S',geoappliance = null,idaccmotive_cost = null,idaccmotive_debit = null,idaccmotive_pay = null,insuranceagencycode = null,lt = {ts '1999-02-10 06:37:26.110'},lu = '''DBO_PO''',maintaxcode = null,taxablecode = null,taxkind = '1',taxref = 'ADDIRPEF' WHERE taxcode = '32'
ELSE
INSERT INTO [tax] (taxcode,active,appliancebasis,ct,cu,description,fiscaltaxcode,fiscaltaxcodecredit,flagunabatable,geoappliance,idaccmotive_cost,idaccmotive_debit,idaccmotive_pay,insuranceagencycode,lt,lu,maintaxcode,taxablecode,taxkind,taxref) VALUES ('32','N',null,{ts '1998-08-06 17:40:41.240'},'''DBO_PO''','ZZZ - ADDIRPEF',null,null,'S',null,null,null,null,null,{ts '1999-02-10 06:37:26.110'},'''DBO_PO''',null,null,'1','ADDIRPEF')
GO

IF exists(SELECT * FROM [tax] WHERE taxcode = '33')
UPDATE [tax] SET active = 'N',appliancebasis = null,ct = {ts '2004-05-08 12:23:44.000'},cu = 'DBO_PO',description = 'Addizionale comunale',fiscaltaxcode = null,fiscaltaxcodecredit = null,flagunabatable = 'N',geoappliance = null,idaccmotive_cost = null,idaccmotive_debit = null,idaccmotive_pay = null,insuranceagencycode = null,lt = {ts '2004-05-08 12:23:44.000'},lu = '''DBO_PO''',maintaxcode = null,taxablecode = null,taxkind = '1',taxref = 'ADDIZCOM' WHERE taxcode = '33'
ELSE
INSERT INTO [tax] (taxcode,active,appliancebasis,ct,cu,description,fiscaltaxcode,fiscaltaxcodecredit,flagunabatable,geoappliance,idaccmotive_cost,idaccmotive_debit,idaccmotive_pay,insuranceagencycode,lt,lu,maintaxcode,taxablecode,taxkind,taxref) VALUES ('33','N',null,{ts '2004-05-08 12:23:44.000'},'DBO_PO','Addizionale comunale',null,null,'N',null,null,null,null,null,{ts '2004-05-08 12:23:44.000'},'''DBO_PO''',null,null,'1','ADDIZCOM')
GO

IF exists(SELECT * FROM [tax] WHERE taxcode = '34')
UPDATE [tax] SET active = 'N',appliancebasis = null,ct = {ts '2004-05-08 12:24:15.000'},cu = 'DBO_PO',description = 'Addizionale regionale',fiscaltaxcode = null,fiscaltaxcodecredit = null,flagunabatable = 'N',geoappliance = null,idaccmotive_cost = null,idaccmotive_debit = null,idaccmotive_pay = null,insuranceagencycode = null,lt = {ts '2006-03-08 12:40:25.360'},lu = '''SARA''',maintaxcode = null,taxablecode = null,taxkind = '1',taxref = 'ADDIZREG' WHERE taxcode = '34'
ELSE
INSERT INTO [tax] (taxcode,active,appliancebasis,ct,cu,description,fiscaltaxcode,fiscaltaxcodecredit,flagunabatable,geoappliance,idaccmotive_cost,idaccmotive_debit,idaccmotive_pay,insuranceagencycode,lt,lu,maintaxcode,taxablecode,taxkind,taxref) VALUES ('34','N',null,{ts '2004-05-08 12:24:15.000'},'DBO_PO','Addizionale regionale',null,null,'N',null,null,null,null,null,{ts '2006-03-08 12:40:25.360'},'''SARA''',null,null,'1','ADDIZREG')
GO

IF exists(SELECT * FROM [tax] WHERE taxcode = '35')
UPDATE [tax] SET active = 'N',appliancebasis = null,ct = {ts '1999-06-23 09:11:49.000'},cu = '''DBO_PO''',description = 'ZZZ - ADDPROV',fiscaltaxcode = null,fiscaltaxcodecredit = null,flagunabatable = 'N',geoappliance = null,idaccmotive_cost = null,idaccmotive_debit = null,idaccmotive_pay = null,insuranceagencycode = null,lt = {ts '1999-06-23 09:11:49.000'},lu = '''DBO_PO''',maintaxcode = null,taxablecode = null,taxkind = '1',taxref = 'ADDPROV' WHERE taxcode = '35'
ELSE
INSERT INTO [tax] (taxcode,active,appliancebasis,ct,cu,description,fiscaltaxcode,fiscaltaxcodecredit,flagunabatable,geoappliance,idaccmotive_cost,idaccmotive_debit,idaccmotive_pay,insuranceagencycode,lt,lu,maintaxcode,taxablecode,taxkind,taxref) VALUES ('35','N',null,{ts '1999-06-23 09:11:49.000'},'''DBO_PO''','ZZZ - ADDPROV',null,null,'N',null,null,null,null,null,{ts '1999-06-23 09:11:49.000'},'''DBO_PO''',null,null,'1','ADDPROV')
GO

IF exists(SELECT * FROM [tax] WHERE taxcode = '36')
UPDATE [tax] SET active = 'N',appliancebasis = null,ct = {ts '1999-06-21 09:32:56.710'},cu = '''DBO_PO''',description = 'ZZZ - ADDREG',fiscaltaxcode = null,fiscaltaxcodecredit = null,flagunabatable = 'N',geoappliance = null,idaccmotive_cost = null,idaccmotive_debit = null,idaccmotive_pay = null,insuranceagencycode = null,lt = {ts '2006-03-08 12:40:22.610'},lu = '''SARA''',maintaxcode = null,taxablecode = null,taxkind = '1',taxref = 'ADDREG' WHERE taxcode = '36'
ELSE
INSERT INTO [tax] (taxcode,active,appliancebasis,ct,cu,description,fiscaltaxcode,fiscaltaxcodecredit,flagunabatable,geoappliance,idaccmotive_cost,idaccmotive_debit,idaccmotive_pay,insuranceagencycode,lt,lu,maintaxcode,taxablecode,taxkind,taxref) VALUES ('36','N',null,{ts '1999-06-21 09:32:56.710'},'''DBO_PO''','ZZZ - ADDREG',null,null,'N',null,null,null,null,null,{ts '2006-03-08 12:40:22.610'},'''SARA''',null,null,'1','ADDREG')
GO

IF exists(SELECT * FROM [tax] WHERE taxcode = '37')
UPDATE [tax] SET active = 'N',appliancebasis = null,ct = {ts '2004-05-08 12:29:51.000'},cu = 'DBO_PO',description = 'Fondo Credito',fiscaltaxcode = null,fiscaltaxcodecredit = null,flagunabatable = 'N',geoappliance = null,idaccmotive_cost = null,idaccmotive_debit = null,idaccmotive_pay = null,insuranceagencycode = null,lt = {ts '2004-05-08 12:29:51.000'},lu = '''DBO_PO''',maintaxcode = null,taxablecode = 'ASSISTENZA',taxkind = '2',taxref = 'FONDCRED' WHERE taxcode = '37'
ELSE
INSERT INTO [tax] (taxcode,active,appliancebasis,ct,cu,description,fiscaltaxcode,fiscaltaxcodecredit,flagunabatable,geoappliance,idaccmotive_cost,idaccmotive_debit,idaccmotive_pay,insuranceagencycode,lt,lu,maintaxcode,taxablecode,taxkind,taxref) VALUES ('37','N',null,{ts '2004-05-08 12:29:51.000'},'DBO_PO','Fondo Credito',null,null,'N',null,null,null,null,null,{ts '2004-05-08 12:29:51.000'},'''DBO_PO''',null,'ASSISTENZA','2','FONDCRED')
GO

IF exists(SELECT * FROM [tax] WHERE taxcode = '38')
UPDATE [tax] SET active = 'N',appliancebasis = null,ct = {ts '2004-05-08 12:32:54.000'},cu = 'DBO_PO',description = 'INPDAP Amministrazione',fiscaltaxcode = null,fiscaltaxcodecredit = null,flagunabatable = 'N',geoappliance = null,idaccmotive_cost = null,idaccmotive_debit = null,idaccmotive_pay = null,insuranceagencycode = null,lt = {ts '2009-01-13 13:52:53.017'},lu = 'SARA',maintaxcode = null,taxablecode = null,taxkind = '3',taxref = 'IMPDAPAMM' WHERE taxcode = '38'
ELSE
INSERT INTO [tax] (taxcode,active,appliancebasis,ct,cu,description,fiscaltaxcode,fiscaltaxcodecredit,flagunabatable,geoappliance,idaccmotive_cost,idaccmotive_debit,idaccmotive_pay,insuranceagencycode,lt,lu,maintaxcode,taxablecode,taxkind,taxref) VALUES ('38','N',null,{ts '2004-05-08 12:32:54.000'},'DBO_PO','INPDAP Amministrazione',null,null,'N',null,null,null,null,null,{ts '2009-01-13 13:52:53.017'},'SARA',null,null,'3','IMPDAPAMM')
GO

IF exists(SELECT * FROM [tax] WHERE taxcode = '39')
UPDATE [tax] SET active = 'N',appliancebasis = null,ct = {ts '2004-05-08 12:43:11.000'},cu = 'DBO_PO',description = 'INAIL',fiscaltaxcode = null,fiscaltaxcodecredit = null,flagunabatable = 'N',geoappliance = null,idaccmotive_cost = '0041',idaccmotive_debit = null,idaccmotive_pay = '00200001',insuranceagencycode = null,lt = {ts '2015-12-11 18:52:16.793'},lu = 'assistenza',maintaxcode = null,taxablecode = 'ASSISTENZA',taxkind = '2',taxref = 'INAIL.' WHERE taxcode = '39'
ELSE
INSERT INTO [tax] (taxcode,active,appliancebasis,ct,cu,description,fiscaltaxcode,fiscaltaxcodecredit,flagunabatable,geoappliance,idaccmotive_cost,idaccmotive_debit,idaccmotive_pay,insuranceagencycode,lt,lu,maintaxcode,taxablecode,taxkind,taxref) VALUES ('39','N',null,{ts '2004-05-08 12:43:11.000'},'DBO_PO','INAIL',null,null,'N',null,'0041',null,'00200001',null,{ts '2015-12-11 18:52:16.793'},'assistenza',null,'ASSISTENZA','2','INAIL.')
GO

IF exists(SELECT * FROM [tax] WHERE taxcode = '40')
UPDATE [tax] SET active = 'N',appliancebasis = null,ct = {ts '2004-05-08 12:33:43.000'},cu = 'DBO_PO',description = 'INPDAP Dipendenti',fiscaltaxcode = null,fiscaltaxcodecredit = null,flagunabatable = 'N',geoappliance = null,idaccmotive_cost = null,idaccmotive_debit = null,idaccmotive_pay = null,insuranceagencycode = null,lt = {ts '2004-05-08 12:33:43.000'},lu = '''DBO_PO''',maintaxcode = null,taxablecode = null,taxkind = '3',taxref = 'INPDAPDIPE' WHERE taxcode = '40'
ELSE
INSERT INTO [tax] (taxcode,active,appliancebasis,ct,cu,description,fiscaltaxcode,fiscaltaxcodecredit,flagunabatable,geoappliance,idaccmotive_cost,idaccmotive_debit,idaccmotive_pay,insuranceagencycode,lt,lu,maintaxcode,taxablecode,taxkind,taxref) VALUES ('40','N',null,{ts '2004-05-08 12:33:43.000'},'DBO_PO','INPDAP Dipendenti',null,null,'N',null,null,null,null,null,{ts '2004-05-08 12:33:43.000'},'''DBO_PO''',null,null,'3','INPDAPDIPE')
GO

IF exists(SELECT * FROM [tax] WHERE taxcode = '41')
UPDATE [tax] SET active = 'N',appliancebasis = null,ct = {ts '2004-05-08 12:38:49.000'},cu = 'DBO_PO',description = 'INPS 10%',fiscaltaxcode = null,fiscaltaxcodecredit = null,flagunabatable = 'N',geoappliance = null,idaccmotive_cost = null,idaccmotive_debit = null,idaccmotive_pay = null,insuranceagencycode = null,lt = {ts '2004-05-08 12:38:49.000'},lu = '''DBO_PO''',maintaxcode = null,taxablecode = null,taxkind = '3',taxref = 'INPS.MUT' WHERE taxcode = '41'
ELSE
INSERT INTO [tax] (taxcode,active,appliancebasis,ct,cu,description,fiscaltaxcode,fiscaltaxcodecredit,flagunabatable,geoappliance,idaccmotive_cost,idaccmotive_debit,idaccmotive_pay,insuranceagencycode,lt,lu,maintaxcode,taxablecode,taxkind,taxref) VALUES ('41','N',null,{ts '2004-05-08 12:38:49.000'},'DBO_PO','INPS 10%',null,null,'N',null,null,null,null,null,{ts '2004-05-08 12:38:49.000'},'''DBO_PO''',null,null,'3','INPS.MUT')
GO

IF exists(SELECT * FROM [tax] WHERE taxcode = '42')
UPDATE [tax] SET active = 'N',appliancebasis = null,ct = {ts '2004-05-08 12:38:27.000'},cu = 'DBO_PO',description = 'INPS 18%',fiscaltaxcode = null,fiscaltaxcodecredit = null,flagunabatable = 'N',geoappliance = null,idaccmotive_cost = null,idaccmotive_debit = null,idaccmotive_pay = null,insuranceagencycode = null,lt = {ts '2004-05-08 12:38:27.000'},lu = '''DBO_PO''',maintaxcode = null,taxablecode = null,taxkind = '3',taxref = 'INPS.NOMUT' WHERE taxcode = '42'
ELSE
INSERT INTO [tax] (taxcode,active,appliancebasis,ct,cu,description,fiscaltaxcode,fiscaltaxcodecredit,flagunabatable,geoappliance,idaccmotive_cost,idaccmotive_debit,idaccmotive_pay,insuranceagencycode,lt,lu,maintaxcode,taxablecode,taxkind,taxref) VALUES ('42','N',null,{ts '2004-05-08 12:38:27.000'},'DBO_PO','INPS 18%',null,null,'N',null,null,null,null,null,{ts '2004-05-08 12:38:27.000'},'''DBO_PO''',null,null,'3','INPS.NOMUT')
GO

IF exists(SELECT * FROM [tax] WHERE taxcode = '43')
UPDATE [tax] SET active = 'N',appliancebasis = null,ct = {ts '2004-05-08 12:39:17.000'},cu = 'DBO_PO',description = 'INPS 15%',fiscaltaxcode = null,fiscaltaxcodecredit = null,flagunabatable = 'N',geoappliance = null,idaccmotive_cost = null,idaccmotive_debit = null,idaccmotive_pay = null,insuranceagencycode = null,lt = {ts '2004-05-08 12:39:17.000'},lu = '''DBO_PO''',maintaxcode = null,taxablecode = null,taxkind = '3',taxref = 'INPS.PENS' WHERE taxcode = '43'
ELSE
INSERT INTO [tax] (taxcode,active,appliancebasis,ct,cu,description,fiscaltaxcode,fiscaltaxcodecredit,flagunabatable,geoappliance,idaccmotive_cost,idaccmotive_debit,idaccmotive_pay,insuranceagencycode,lt,lu,maintaxcode,taxablecode,taxkind,taxref) VALUES ('43','N',null,{ts '2004-05-08 12:39:17.000'},'DBO_PO','INPS 15%',null,null,'N',null,null,null,null,null,{ts '2004-05-08 12:39:17.000'},'''DBO_PO''',null,null,'3','INPS.PENS')
GO

IF exists(SELECT * FROM [tax] WHERE taxcode = '44')
UPDATE [tax] SET active = 'N',appliancebasis = null,ct = {ts '2004-05-08 12:40:23.000'},cu = 'DBO_PO',description = 'IRAP assimilati',fiscaltaxcode = null,fiscaltaxcodecredit = null,flagunabatable = 'N',geoappliance = null,idaccmotive_cost = null,idaccmotive_debit = null,idaccmotive_pay = null,insuranceagencycode = null,lt = {ts '2004-05-13 11:21:31.000'},lu = '''DBO_PO''',maintaxcode = null,taxablecode = 'ASSISTENZA',taxkind = '2',taxref = 'IRAPASS' WHERE taxcode = '44'
ELSE
INSERT INTO [tax] (taxcode,active,appliancebasis,ct,cu,description,fiscaltaxcode,fiscaltaxcodecredit,flagunabatable,geoappliance,idaccmotive_cost,idaccmotive_debit,idaccmotive_pay,insuranceagencycode,lt,lu,maintaxcode,taxablecode,taxkind,taxref) VALUES ('44','N',null,{ts '2004-05-08 12:40:23.000'},'DBO_PO','IRAP assimilati',null,null,'N',null,null,null,null,null,{ts '2004-05-13 11:21:31.000'},'''DBO_PO''',null,'ASSISTENZA','2','IRAPASS')
GO

IF exists(SELECT * FROM [tax] WHERE taxcode = '45')
UPDATE [tax] SET active = 'N',appliancebasis = null,ct = {ts '2004-05-08 12:41:46.000'},cu = 'DBO_PO',description = 'IRAP occasionali',fiscaltaxcode = null,fiscaltaxcodecredit = null,flagunabatable = 'N',geoappliance = null,idaccmotive_cost = null,idaccmotive_debit = null,idaccmotive_pay = null,insuranceagencycode = null,lt = {ts '2004-05-13 11:21:34.000'},lu = '''DBO_PO''',maintaxcode = null,taxablecode = 'ASSISTENZA',taxkind = '2',taxref = 'IRAPAUT' WHERE taxcode = '45'
ELSE
INSERT INTO [tax] (taxcode,active,appliancebasis,ct,cu,description,fiscaltaxcode,fiscaltaxcodecredit,flagunabatable,geoappliance,idaccmotive_cost,idaccmotive_debit,idaccmotive_pay,insuranceagencycode,lt,lu,maintaxcode,taxablecode,taxkind,taxref) VALUES ('45','N',null,{ts '2004-05-08 12:41:46.000'},'DBO_PO','IRAP occasionali',null,null,'N',null,null,null,null,null,{ts '2004-05-13 11:21:34.000'},'''DBO_PO''',null,'ASSISTENZA','2','IRAPAUT')
GO

IF exists(SELECT * FROM [tax] WHERE taxcode = '46')
UPDATE [tax] SET active = 'N',appliancebasis = null,ct = {ts '1999-06-21 09:42:33.000'},cu = '''DBO_PO''',description = 'ZZZ - IRAPBO',fiscaltaxcode = null,fiscaltaxcodecredit = null,flagunabatable = 'N',geoappliance = null,idaccmotive_cost = null,idaccmotive_debit = null,idaccmotive_pay = null,insuranceagencycode = null,lt = {ts '2007-07-02 09:49:34.377'},lu = '''SARA''',maintaxcode = null,taxablecode = 'ASSISTENZA',taxkind = '2',taxref = 'IRAPBO' WHERE taxcode = '46'
ELSE
INSERT INTO [tax] (taxcode,active,appliancebasis,ct,cu,description,fiscaltaxcode,fiscaltaxcodecredit,flagunabatable,geoappliance,idaccmotive_cost,idaccmotive_debit,idaccmotive_pay,insuranceagencycode,lt,lu,maintaxcode,taxablecode,taxkind,taxref) VALUES ('46','N',null,{ts '1999-06-21 09:42:33.000'},'''DBO_PO''','ZZZ - IRAPBO',null,null,'N',null,null,null,null,null,{ts '2007-07-02 09:49:34.377'},'''SARA''',null,'ASSISTENZA','2','IRAPBO')
GO

IF exists(SELECT * FROM [tax] WHERE taxcode = '47')
UPDATE [tax] SET active = 'N',appliancebasis = null,ct = {ts '2004-05-08 12:40:52.000'},cu = 'DBO_PO',description = 'IRAP borsisti',fiscaltaxcode = null,fiscaltaxcodecredit = null,flagunabatable = 'N',geoappliance = null,idaccmotive_cost = null,idaccmotive_debit = null,idaccmotive_pay = null,insuranceagencycode = null,lt = {ts '2004-05-13 11:21:39.000'},lu = '''DBO_PO''',maintaxcode = null,taxablecode = 'ASSISTENZA',taxkind = '2',taxref = 'IRAPBORS' WHERE taxcode = '47'
ELSE
INSERT INTO [tax] (taxcode,active,appliancebasis,ct,cu,description,fiscaltaxcode,fiscaltaxcodecredit,flagunabatable,geoappliance,idaccmotive_cost,idaccmotive_debit,idaccmotive_pay,insuranceagencycode,lt,lu,maintaxcode,taxablecode,taxkind,taxref) VALUES ('47','N',null,{ts '2004-05-08 12:40:52.000'},'DBO_PO','IRAP borsisti',null,null,'N',null,null,null,null,null,{ts '2004-05-13 11:21:39.000'},'''DBO_PO''',null,'ASSISTENZA','2','IRAPBORS')
GO

IF exists(SELECT * FROM [tax] WHERE taxcode = '48')
UPDATE [tax] SET active = 'N',appliancebasis = null,ct = {ts '2004-05-08 12:41:24.000'},cu = 'DBO_PO',description = 'IRAP co.co.co.',fiscaltaxcode = null,fiscaltaxcodecredit = null,flagunabatable = 'N',geoappliance = null,idaccmotive_cost = null,idaccmotive_debit = null,idaccmotive_pay = null,insuranceagencycode = null,lt = {ts '2004-05-13 11:21:41.000'},lu = '''DBO_PO''',maintaxcode = null,taxablecode = 'ASSISTENZA',taxkind = '2',taxref = 'IRAPCOCO' WHERE taxcode = '48'
ELSE
INSERT INTO [tax] (taxcode,active,appliancebasis,ct,cu,description,fiscaltaxcode,fiscaltaxcodecredit,flagunabatable,geoappliance,idaccmotive_cost,idaccmotive_debit,idaccmotive_pay,insuranceagencycode,lt,lu,maintaxcode,taxablecode,taxkind,taxref) VALUES ('48','N',null,{ts '2004-05-08 12:41:24.000'},'DBO_PO','IRAP co.co.co.',null,null,'N',null,null,null,null,null,{ts '2004-05-13 11:21:41.000'},'''DBO_PO''',null,'ASSISTENZA','2','IRAPCOCO')
GO

IF exists(SELECT * FROM [tax] WHERE taxcode = '49')
UPDATE [tax] SET active = 'S',appliancebasis = null,ct = {ts '2007-07-02 09:53:10.063'},cu = '''SARA''',description = 'IRAP autonomi/assimilati 1',fiscaltaxcode = null,fiscaltaxcodecredit = null,flagunabatable = 'N',geoappliance = null,idaccmotive_cost = '00210001',idaccmotive_debit = null,idaccmotive_pay = null,insuranceagencycode = null,lt = {ts '2015-11-10 20:48:23.720'},lu = 'assistenza',maintaxcode = null,taxablecode = null,taxkind = '2',taxref = 'IRAPCOORD1' WHERE taxcode = '49'
ELSE
INSERT INTO [tax] (taxcode,active,appliancebasis,ct,cu,description,fiscaltaxcode,fiscaltaxcodecredit,flagunabatable,geoappliance,idaccmotive_cost,idaccmotive_debit,idaccmotive_pay,insuranceagencycode,lt,lu,maintaxcode,taxablecode,taxkind,taxref) VALUES ('49','S',null,{ts '2007-07-02 09:53:10.063'},'''SARA''','IRAP autonomi/assimilati 1',null,null,'N',null,'00210001',null,null,null,{ts '2015-11-10 20:48:23.720'},'assistenza',null,null,'2','IRAPCOORD1')
GO

IF exists(SELECT * FROM [tax] WHERE taxcode = '50')
UPDATE [tax] SET active = 'N',appliancebasis = null,ct = {ts '2004-05-08 12:39:59.000'},cu = 'DBO_PO',description = 'IRAP dipendenti',fiscaltaxcode = null,fiscaltaxcodecredit = null,flagunabatable = 'N',geoappliance = 'R',idaccmotive_cost = null,idaccmotive_debit = null,idaccmotive_pay = null,insuranceagencycode = null,lt = {ts '2006-03-08 16:29:06.157'},lu = '''SARA''',maintaxcode = null,taxablecode = 'ASSISTENZA',taxkind = '2',taxref = 'IRAPDIP' WHERE taxcode = '50'
ELSE
INSERT INTO [tax] (taxcode,active,appliancebasis,ct,cu,description,fiscaltaxcode,fiscaltaxcodecredit,flagunabatable,geoappliance,idaccmotive_cost,idaccmotive_debit,idaccmotive_pay,insuranceagencycode,lt,lu,maintaxcode,taxablecode,taxkind,taxref) VALUES ('50','N',null,{ts '2004-05-08 12:39:59.000'},'DBO_PO','IRAP dipendenti',null,null,'N','R',null,null,null,null,{ts '2006-03-08 16:29:06.157'},'''SARA''',null,'ASSISTENZA','2','IRAPDIP')
GO

IF exists(SELECT * FROM [tax] WHERE taxcode = '51')
UPDATE [tax] SET active = 'N',appliancebasis = null,ct = {ts '2004-05-08 12:42:25.000'},cu = 'DBO_PO',description = 'IRAP non residenti',fiscaltaxcode = null,fiscaltaxcodecredit = null,flagunabatable = 'N',geoappliance = null,idaccmotive_cost = null,idaccmotive_debit = null,idaccmotive_pay = null,insuranceagencycode = null,lt = {ts '2004-05-13 11:21:47.000'},lu = '''DBO_PO''',maintaxcode = null,taxablecode = 'ASSISTENZA',taxkind = '2',taxref = 'IRAPSTRA' WHERE taxcode = '51'
ELSE
INSERT INTO [tax] (taxcode,active,appliancebasis,ct,cu,description,fiscaltaxcode,fiscaltaxcodecredit,flagunabatable,geoappliance,idaccmotive_cost,idaccmotive_debit,idaccmotive_pay,insuranceagencycode,lt,lu,maintaxcode,taxablecode,taxkind,taxref) VALUES ('51','N',null,{ts '2004-05-08 12:42:25.000'},'DBO_PO','IRAP non residenti',null,null,'N',null,null,null,null,null,{ts '2004-05-13 11:21:47.000'},'''DBO_PO''',null,'ASSISTENZA','2','IRAPSTRA')
GO

IF exists(SELECT * FROM [tax] WHERE taxcode = '52')
UPDATE [tax] SET active = 'N',appliancebasis = null,ct = {ts '2004-05-08 12:21:20.000'},cu = 'DBO_PO',description = 'Ritenuta IRPEF assimilati',fiscaltaxcode = null,fiscaltaxcodecredit = null,flagunabatable = 'N',geoappliance = null,idaccmotive_cost = null,idaccmotive_debit = null,idaccmotive_pay = null,insuranceagencycode = null,lt = {ts '2004-05-08 12:21:20.000'},lu = '''DBO_PO''',maintaxcode = null,taxablecode = null,taxkind = '1',taxref = 'IRPEFASS' WHERE taxcode = '52'
ELSE
INSERT INTO [tax] (taxcode,active,appliancebasis,ct,cu,description,fiscaltaxcode,fiscaltaxcodecredit,flagunabatable,geoappliance,idaccmotive_cost,idaccmotive_debit,idaccmotive_pay,insuranceagencycode,lt,lu,maintaxcode,taxablecode,taxkind,taxref) VALUES ('52','N',null,{ts '2004-05-08 12:21:20.000'},'DBO_PO','Ritenuta IRPEF assimilati',null,null,'N',null,null,null,null,null,{ts '2004-05-08 12:21:20.000'},'''DBO_PO''',null,null,'1','IRPEFASS')
GO

IF exists(SELECT * FROM [tax] WHERE taxcode = '53')
UPDATE [tax] SET active = 'N',appliancebasis = null,ct = {ts '1999-06-23 12:40:59.790'},cu = '''DBO_PO''',description = 'ZZZ - IRPEFBO',fiscaltaxcode = null,fiscaltaxcodecredit = null,flagunabatable = 'N',geoappliance = null,idaccmotive_cost = null,idaccmotive_debit = null,idaccmotive_pay = null,insuranceagencycode = null,lt = {ts '1999-06-23 12:40:59.790'},lu = '''DBO_PO''',maintaxcode = null,taxablecode = null,taxkind = '1',taxref = 'IRPEFBO' WHERE taxcode = '53'
ELSE
INSERT INTO [tax] (taxcode,active,appliancebasis,ct,cu,description,fiscaltaxcode,fiscaltaxcodecredit,flagunabatable,geoappliance,idaccmotive_cost,idaccmotive_debit,idaccmotive_pay,insuranceagencycode,lt,lu,maintaxcode,taxablecode,taxkind,taxref) VALUES ('53','N',null,{ts '1999-06-23 12:40:59.790'},'''DBO_PO''','ZZZ - IRPEFBO',null,null,'N',null,null,null,null,null,{ts '1999-06-23 12:40:59.790'},'''DBO_PO''',null,null,'1','IRPEFBO')
GO

IF exists(SELECT * FROM [tax] WHERE taxcode = '54')
UPDATE [tax] SET active = 'N',appliancebasis = null,ct = {ts '2004-05-08 12:22:18.000'},cu = 'DBO_PO',description = 'Ritenuta IRPEF borsisti',fiscaltaxcode = null,fiscaltaxcodecredit = null,flagunabatable = 'N',geoappliance = null,idaccmotive_cost = null,idaccmotive_debit = null,idaccmotive_pay = null,insuranceagencycode = null,lt = {ts '2004-05-08 12:22:18.000'},lu = '''DBO_PO''',maintaxcode = null,taxablecode = null,taxkind = '1',taxref = 'IRPEFBOR' WHERE taxcode = '54'
ELSE
INSERT INTO [tax] (taxcode,active,appliancebasis,ct,cu,description,fiscaltaxcode,fiscaltaxcodecredit,flagunabatable,geoappliance,idaccmotive_cost,idaccmotive_debit,idaccmotive_pay,insuranceagencycode,lt,lu,maintaxcode,taxablecode,taxkind,taxref) VALUES ('54','N',null,{ts '2004-05-08 12:22:18.000'},'DBO_PO','Ritenuta IRPEF borsisti',null,null,'N',null,null,null,null,null,{ts '2004-05-08 12:22:18.000'},'''DBO_PO''',null,null,'1','IRPEFBOR')
GO

IF exists(SELECT * FROM [tax] WHERE taxcode = '55')
UPDATE [tax] SET active = 'N',appliancebasis = null,ct = {ts '2004-05-08 12:23:03.000'},cu = 'DBO_PO',description = 'Ritenuta IRPEF co.co.co.',fiscaltaxcode = null,fiscaltaxcodecredit = null,flagunabatable = 'N',geoappliance = null,idaccmotive_cost = null,idaccmotive_debit = null,idaccmotive_pay = null,insuranceagencycode = null,lt = {ts '2004-05-08 12:23:03.000'},lu = '''DBO_PO''',maintaxcode = null,taxablecode = null,taxkind = '1',taxref = 'IRPEFCOCO' WHERE taxcode = '55'
ELSE
INSERT INTO [tax] (taxcode,active,appliancebasis,ct,cu,description,fiscaltaxcode,fiscaltaxcodecredit,flagunabatable,geoappliance,idaccmotive_cost,idaccmotive_debit,idaccmotive_pay,insuranceagencycode,lt,lu,maintaxcode,taxablecode,taxkind,taxref) VALUES ('55','N',null,{ts '2004-05-08 12:23:03.000'},'DBO_PO','Ritenuta IRPEF co.co.co.',null,null,'N',null,null,null,null,null,{ts '2004-05-08 12:23:03.000'},'''DBO_PO''',null,null,'1','IRPEFCOCO')
GO

IF exists(SELECT * FROM [tax] WHERE taxcode = '56')
UPDATE [tax] SET active = 'N',appliancebasis = null,ct = {ts '2004-05-08 12:20:40.000'},cu = 'DBO_PO',description = 'Ritenuta IRPEF dipendenti',fiscaltaxcode = null,fiscaltaxcodecredit = null,flagunabatable = 'N',geoappliance = null,idaccmotive_cost = null,idaccmotive_debit = null,idaccmotive_pay = null,insuranceagencycode = null,lt = {ts '2004-05-08 12:20:40.000'},lu = '''DBO_PO''',maintaxcode = null,taxablecode = null,taxkind = '1',taxref = 'IRPEFDIP' WHERE taxcode = '56'
ELSE
INSERT INTO [tax] (taxcode,active,appliancebasis,ct,cu,description,fiscaltaxcode,fiscaltaxcodecredit,flagunabatable,geoappliance,idaccmotive_cost,idaccmotive_debit,idaccmotive_pay,insuranceagencycode,lt,lu,maintaxcode,taxablecode,taxkind,taxref) VALUES ('56','N',null,{ts '2004-05-08 12:20:40.000'},'DBO_PO','Ritenuta IRPEF dipendenti',null,null,'N',null,null,null,null,null,{ts '2004-05-08 12:20:40.000'},'''DBO_PO''',null,null,'1','IRPEFDIP')
GO

IF exists(SELECT * FROM [tax] WHERE taxcode = '57')
UPDATE [tax] SET active = 'N',appliancebasis = null,ct = {ts '2000-07-19 10:02:09.950'},cu = '''DBO_PO''',description = 'ZZZ - IRPEFF',fiscaltaxcode = null,fiscaltaxcodecredit = null,flagunabatable = 'N',geoappliance = null,idaccmotive_cost = null,idaccmotive_debit = null,idaccmotive_pay = null,insuranceagencycode = null,lt = {ts '2008-04-23 10:36:41.280'},lu = 'SARA',maintaxcode = null,taxablecode = 'IRPEF',taxkind = '1',taxref = 'IRPEFF' WHERE taxcode = '57'
ELSE
INSERT INTO [tax] (taxcode,active,appliancebasis,ct,cu,description,fiscaltaxcode,fiscaltaxcodecredit,flagunabatable,geoappliance,idaccmotive_cost,idaccmotive_debit,idaccmotive_pay,insuranceagencycode,lt,lu,maintaxcode,taxablecode,taxkind,taxref) VALUES ('57','N',null,{ts '2000-07-19 10:02:09.950'},'''DBO_PO''','ZZZ - IRPEFF',null,null,'N',null,null,null,null,null,{ts '2008-04-23 10:36:41.280'},'SARA',null,'IRPEF','1','IRPEFF')
GO

IF exists(SELECT * FROM [tax] WHERE taxcode = '58')
UPDATE [tax] SET active = 'N',appliancebasis = null,ct = {ts '2004-05-08 12:19:22.000'},cu = 'DBO_PO',description = 'IRPEF Ritenuta d''acconto 20%',fiscaltaxcode = null,fiscaltaxcodecredit = null,flagunabatable = 'N',geoappliance = null,idaccmotive_cost = null,idaccmotive_debit = null,idaccmotive_pay = null,insuranceagencycode = null,lt = {ts '2004-05-08 12:19:22.000'},lu = '''DBO_PO''',maintaxcode = null,taxablecode = null,taxkind = '1',taxref = 'RITACC' WHERE taxcode = '58'
ELSE
INSERT INTO [tax] (taxcode,active,appliancebasis,ct,cu,description,fiscaltaxcode,fiscaltaxcodecredit,flagunabatable,geoappliance,idaccmotive_cost,idaccmotive_debit,idaccmotive_pay,insuranceagencycode,lt,lu,maintaxcode,taxablecode,taxkind,taxref) VALUES ('58','N',null,{ts '2004-05-08 12:19:22.000'},'DBO_PO','IRPEF Ritenuta d''acconto 20%',null,null,'N',null,null,null,null,null,{ts '2004-05-08 12:19:22.000'},'''DBO_PO''',null,null,'1','RITACC')
GO

IF exists(SELECT * FROM [tax] WHERE taxcode = '59')
UPDATE [tax] SET active = 'N',appliancebasis = null,ct = {ts '1998-08-06 17:40:41.760'},cu = '''DBO_PO''',description = 'ZZZ - SSN',fiscaltaxcode = null,fiscaltaxcodecredit = null,flagunabatable = 'N',geoappliance = null,idaccmotive_cost = null,idaccmotive_debit = null,idaccmotive_pay = null,insuranceagencycode = null,lt = {ts '2007-06-25 11:51:10.953'},lu = '''SARA''',maintaxcode = null,taxablecode = 'ASSISTENZA',taxkind = '2',taxref = 'SSN' WHERE taxcode = '59'
ELSE
INSERT INTO [tax] (taxcode,active,appliancebasis,ct,cu,description,fiscaltaxcode,fiscaltaxcodecredit,flagunabatable,geoappliance,idaccmotive_cost,idaccmotive_debit,idaccmotive_pay,insuranceagencycode,lt,lu,maintaxcode,taxablecode,taxkind,taxref) VALUES ('59','N',null,{ts '1998-08-06 17:40:41.760'},'''DBO_PO''','ZZZ - SSN',null,null,'N',null,null,null,null,null,{ts '2007-06-25 11:51:10.953'},'''SARA''',null,'ASSISTENZA','2','SSN')
GO

IF exists(SELECT * FROM [tax] WHERE taxcode = '60')
UPDATE [tax] SET active = 'N',appliancebasis = null,ct = {ts '2000-07-19 10:00:47.390'},cu = '''DBO_PO''',description = 'ZZZ - TES',fiscaltaxcode = null,fiscaltaxcodecredit = null,flagunabatable = 'N',geoappliance = null,idaccmotive_cost = null,idaccmotive_debit = null,idaccmotive_pay = null,insuranceagencycode = null,lt = {ts '2000-07-19 10:00:47.390'},lu = '''DBO_PO''',maintaxcode = null,taxablecode = null,taxkind = '3',taxref = 'TES' WHERE taxcode = '60'
ELSE
INSERT INTO [tax] (taxcode,active,appliancebasis,ct,cu,description,fiscaltaxcode,fiscaltaxcodecredit,flagunabatable,geoappliance,idaccmotive_cost,idaccmotive_debit,idaccmotive_pay,insuranceagencycode,lt,lu,maintaxcode,taxablecode,taxkind,taxref) VALUES ('60','N',null,{ts '2000-07-19 10:00:47.390'},'''DBO_PO''','ZZZ - TES',null,null,'N',null,null,null,null,null,{ts '2000-07-19 10:00:47.390'},'''DBO_PO''',null,null,'3','TES')
GO

IF exists(SELECT * FROM [tax] WHERE taxcode = '61')
UPDATE [tax] SET active = 'S',appliancebasis = null,ct = {ts '2007-12-20 15:43:45.313'},cu = 'SA',description = 'Rit. acconto sul 50% del lordo',fiscaltaxcode = '104E',fiscaltaxcodecredit = '156E',flagunabatable = 'S',geoappliance = null,idaccmotive_cost = null,idaccmotive_debit = null,idaccmotive_pay = null,insuranceagencycode = null,lt = {ts '2007-12-20 15:43:45.313'},lu = 'SA',maintaxcode = null,taxablecode = 'IRPEF',taxkind = '1',taxref = '07_ACC_DAT_50' WHERE taxcode = '61'
ELSE
INSERT INTO [tax] (taxcode,active,appliancebasis,ct,cu,description,fiscaltaxcode,fiscaltaxcodecredit,flagunabatable,geoappliance,idaccmotive_cost,idaccmotive_debit,idaccmotive_pay,insuranceagencycode,lt,lu,maintaxcode,taxablecode,taxkind,taxref) VALUES ('61','S',null,{ts '2007-12-20 15:43:45.313'},'SA','Rit. acconto sul 50% del lordo','104E','156E','S',null,null,null,null,null,{ts '2007-12-20 15:43:45.313'},'SA',null,'IRPEF','1','07_ACC_DAT_50')
GO

IF exists(SELECT * FROM [tax] WHERE taxcode = '62')
UPDATE [tax] SET active = 'S',appliancebasis = null,ct = {ts '2017-07-04 11:58:16.110'},cu = 'assistenza',description = 'INPS contributo DIS_COLL',fiscaltaxcode = 'CXX',fiscaltaxcodecredit = null,flagunabatable = 'N',geoappliance = null,idaccmotive_cost = null,idaccmotive_debit = null,idaccmotive_pay = null,insuranceagencycode = null,lt = {ts '2017-07-04 11:58:16.110'},lu = 'assistenza',maintaxcode = '14',taxablecode = 'PREVIDENZA',taxkind = '3',taxref = '17_INPS_DIS_COLL_N' WHERE taxcode = '62'
ELSE
INSERT INTO [tax] (taxcode,active,appliancebasis,ct,cu,description,fiscaltaxcode,fiscaltaxcodecredit,flagunabatable,geoappliance,idaccmotive_cost,idaccmotive_debit,idaccmotive_pay,insuranceagencycode,lt,lu,maintaxcode,taxablecode,taxkind,taxref) VALUES ('62','S',null,{ts '2017-07-04 11:58:16.110'},'assistenza','INPS contributo DIS_COLL','CXX',null,'N',null,null,null,null,null,{ts '2017-07-04 11:58:16.110'},'assistenza','14','PREVIDENZA','3','17_INPS_DIS_COLL_N')
GO

IF exists(SELECT * FROM [tax] WHERE taxcode = '63')
UPDATE [tax] SET active = 'S',appliancebasis = null,ct = {ts '2018-01-31 12:57:11.180'},cu = 'assistenza',description = 'ENPAPI soggetti mutuati',fiscaltaxcode = null,fiscaltaxcodecredit = null,flagunabatable = 'N',geoappliance = null,idaccmotive_cost = null,idaccmotive_debit = null,idaccmotive_pay = null,insuranceagencycode = null,lt = {ts '2018-01-31 13:31:26.807'},lu = 'assistenza',maintaxcode = null,taxablecode = 'PREVIDENZA',taxkind = '3',taxref = '18_ENPAPI_N' WHERE taxcode = '63'
ELSE
INSERT INTO [tax] (taxcode,active,appliancebasis,ct,cu,description,fiscaltaxcode,fiscaltaxcodecredit,flagunabatable,geoappliance,idaccmotive_cost,idaccmotive_debit,idaccmotive_pay,insuranceagencycode,lt,lu,maintaxcode,taxablecode,taxkind,taxref) VALUES ('63','S',null,{ts '2018-01-31 12:57:11.180'},'assistenza','ENPAPI soggetti mutuati',null,null,'N',null,null,null,null,null,{ts '2018-01-31 13:31:26.807'},'assistenza',null,'PREVIDENZA','3','18_ENPAPI_N')
GO

IF exists(SELECT * FROM [tax] WHERE taxcode = '64')
UPDATE [tax] SET active = 'N',appliancebasis = null,ct = {d '2006-01-01'},cu = 'Software and more',description = 'Ritenuta Falsa Inail',fiscaltaxcode = null,fiscaltaxcodecredit = null,flagunabatable = 'N',geoappliance = null,idaccmotive_cost = null,idaccmotive_debit = '00200001',idaccmotive_pay = '0022',insuranceagencycode = null,lt = {ts '2008-07-01 14:11:14.047'},lu = 'SARA',maintaxcode = null,taxablecode = 'ASSICUR',taxkind = '4',taxref = 'FALSA INAIL' WHERE taxcode = '64'
ELSE
INSERT INTO [tax] (taxcode,active,appliancebasis,ct,cu,description,fiscaltaxcode,fiscaltaxcodecredit,flagunabatable,geoappliance,idaccmotive_cost,idaccmotive_debit,idaccmotive_pay,insuranceagencycode,lt,lu,maintaxcode,taxablecode,taxkind,taxref) VALUES ('64','N',null,{d '2006-01-01'},'Software and more','Ritenuta Falsa Inail',null,null,'N',null,null,'00200001','0022',null,{ts '2008-07-01 14:11:14.047'},'SARA',null,'ASSICUR','4','FALSA INAIL')
GO

IF exists(SELECT * FROM [tax] WHERE taxcode = '65')
UPDATE [tax] SET active = 'S',appliancebasis = null,ct = {ts '2008-02-19 13:42:00.360'},cu = 'SA',description = 'Ritenuta IRPEF legge n. 326 del 2003',fiscaltaxcode = '100E',fiscaltaxcodecredit = '155E',flagunabatable = 'N',geoappliance = null,idaccmotive_cost = null,idaccmotive_debit = null,idaccmotive_pay = null,insuranceagencycode = null,lt = {ts '2008-02-19 13:42:00.360'},lu = 'SA',maintaxcode = null,taxablecode = 'IRPEF',taxkind = '1',taxref = '07_IRPEF_L.326/03' WHERE taxcode = '65'
ELSE
INSERT INTO [tax] (taxcode,active,appliancebasis,ct,cu,description,fiscaltaxcode,fiscaltaxcodecredit,flagunabatable,geoappliance,idaccmotive_cost,idaccmotive_debit,idaccmotive_pay,insuranceagencycode,lt,lu,maintaxcode,taxablecode,taxkind,taxref) VALUES ('65','S',null,{ts '2008-02-19 13:42:00.360'},'SA','Ritenuta IRPEF legge n. 326 del 2003','100E','155E','N',null,null,null,null,null,{ts '2008-02-19 13:42:00.360'},'SA',null,'IRPEF','1','07_IRPEF_L.326/03')
GO

IF exists(SELECT * FROM [tax] WHERE taxcode = '66')
UPDATE [tax] SET active = 'S',appliancebasis = null,ct = {ts '2008-02-22 11:30:00.140'},cu = 'SA',description = 'INPS legge n. 326 del 2003',fiscaltaxcode = 'CXX',fiscaltaxcodecredit = null,flagunabatable = 'N',geoappliance = null,idaccmotive_cost = '0023',idaccmotive_debit = '00210001',idaccmotive_pay = '00210002',insuranceagencycode = null,lt = {ts '2009-10-02 12:53:30.670'},lu = 'SARA',maintaxcode = null,taxablecode = 'PREVIDENZA',taxkind = '3',taxref = '07_INPS_L.326/03' WHERE taxcode = '66'
ELSE
INSERT INTO [tax] (taxcode,active,appliancebasis,ct,cu,description,fiscaltaxcode,fiscaltaxcodecredit,flagunabatable,geoappliance,idaccmotive_cost,idaccmotive_debit,idaccmotive_pay,insuranceagencycode,lt,lu,maintaxcode,taxablecode,taxkind,taxref) VALUES ('66','S',null,{ts '2008-02-22 11:30:00.140'},'SA','INPS legge n. 326 del 2003','CXX',null,'N',null,'0023','00210001','00210002',null,{ts '2009-10-02 12:53:30.670'},'SARA',null,'PREVIDENZA','3','07_INPS_L.326/03')
GO

IF exists(SELECT * FROM [tax] WHERE taxcode = '67')
UPDATE [tax] SET active = 'S',appliancebasis = null,ct = {ts '2008-04-04 15:34:48.157'},cu = 'SA',description = 'Ritenuta IRPEF stranieri Co.Co.Co.',fiscaltaxcode = '100E',fiscaltaxcodecredit = '155E',flagunabatable = 'N',geoappliance = null,idaccmotive_cost = null,idaccmotive_debit = null,idaccmotive_pay = null,insuranceagencycode = null,lt = {ts '2008-04-04 15:34:48.157'},lu = 'SA',maintaxcode = null,taxablecode = 'IRPEF',taxkind = '1',taxref = '08_IRPEF_FOC' WHERE taxcode = '67'
ELSE
INSERT INTO [tax] (taxcode,active,appliancebasis,ct,cu,description,fiscaltaxcode,fiscaltaxcodecredit,flagunabatable,geoappliance,idaccmotive_cost,idaccmotive_debit,idaccmotive_pay,insuranceagencycode,lt,lu,maintaxcode,taxablecode,taxkind,taxref) VALUES ('67','S',null,{ts '2008-04-04 15:34:48.157'},'SA','Ritenuta IRPEF stranieri Co.Co.Co.','100E','155E','N',null,null,null,null,null,{ts '2008-04-04 15:34:48.157'},'SA',null,'IRPEF','1','08_IRPEF_FOC')
GO

IF exists(SELECT * FROM [tax] WHERE taxcode = '68')
UPDATE [tax] SET active = 'S',appliancebasis = null,ct = {ts '2008-05-12 10:35:49.577'},cu = 'SARA',description = 'Ritenuta su premi e vincite art.30 DPR 600/73',fiscaltaxcode = '107E',fiscaltaxcodecredit = null,flagunabatable = 'S',geoappliance = null,idaccmotive_cost = null,idaccmotive_debit = null,idaccmotive_pay = null,insuranceagencycode = null,lt = {ts '2008-05-12 10:04:24.063'},lu = 'SARA',maintaxcode = null,taxablecode = 'IRPEF',taxkind = '1',taxref = '08_IMPOSTA_PREMI' WHERE taxcode = '68'
ELSE
INSERT INTO [tax] (taxcode,active,appliancebasis,ct,cu,description,fiscaltaxcode,fiscaltaxcodecredit,flagunabatable,geoappliance,idaccmotive_cost,idaccmotive_debit,idaccmotive_pay,insuranceagencycode,lt,lu,maintaxcode,taxablecode,taxkind,taxref) VALUES ('68','S',null,{ts '2008-05-12 10:35:49.577'},'SARA','Ritenuta su premi e vincite art.30 DPR 600/73','107E',null,'S',null,null,null,null,null,{ts '2008-05-12 10:04:24.063'},'SARA',null,'IRPEF','1','08_IMPOSTA_PREMI')
GO

IF exists(SELECT * FROM [tax] WHERE taxcode = '69')
UPDATE [tax] SET active = 'S',appliancebasis = null,ct = {ts '2008-05-29 11:21:53.963'},cu = 'NINO',description = 'Addizionale Comunale Rateizzata',fiscaltaxcode = '384E',fiscaltaxcodecredit = '161E',flagunabatable = 'N',geoappliance = 'C',idaccmotive_cost = null,idaccmotive_debit = null,idaccmotive_pay = null,insuranceagencycode = null,lt = {ts '2008-05-29 12:52:37.747'},lu = 'NINO',maintaxcode = null,taxablecode = 'ADDIRPEF',taxkind = '5',taxref = '08_ADDCOMRATA' WHERE taxcode = '69'
ELSE
INSERT INTO [tax] (taxcode,active,appliancebasis,ct,cu,description,fiscaltaxcode,fiscaltaxcodecredit,flagunabatable,geoappliance,idaccmotive_cost,idaccmotive_debit,idaccmotive_pay,insuranceagencycode,lt,lu,maintaxcode,taxablecode,taxkind,taxref) VALUES ('69','S',null,{ts '2008-05-29 11:21:53.963'},'NINO','Addizionale Comunale Rateizzata','384E','161E','N','C',null,null,null,null,{ts '2008-05-29 12:52:37.747'},'NINO',null,'ADDIRPEF','5','08_ADDCOMRATA')
GO

IF exists(SELECT * FROM [tax] WHERE taxcode = '70')
UPDATE [tax] SET active = 'S',appliancebasis = null,ct = {ts '2008-05-29 11:22:29.120'},cu = 'NINO',description = 'Addizionale Regionale Rateizzata',fiscaltaxcode = '381E',fiscaltaxcodecredit = '160E',flagunabatable = 'N',geoappliance = 'R',idaccmotive_cost = null,idaccmotive_debit = null,idaccmotive_pay = null,insuranceagencycode = null,lt = {ts '2008-05-29 12:52:40.980'},lu = 'NINO',maintaxcode = null,taxablecode = 'ADDIRPEF',taxkind = '5',taxref = '08_ADDREGRATA' WHERE taxcode = '70'
ELSE
INSERT INTO [tax] (taxcode,active,appliancebasis,ct,cu,description,fiscaltaxcode,fiscaltaxcodecredit,flagunabatable,geoappliance,idaccmotive_cost,idaccmotive_debit,idaccmotive_pay,insuranceagencycode,lt,lu,maintaxcode,taxablecode,taxkind,taxref) VALUES ('70','S',null,{ts '2008-05-29 11:22:29.120'},'NINO','Addizionale Regionale Rateizzata','381E','160E','N','R',null,null,null,null,{ts '2008-05-29 12:52:40.980'},'NINO',null,'ADDIRPEF','5','08_ADDREGRATA')
GO

IF exists(SELECT * FROM [tax] WHERE taxcode = '71')
UPDATE [tax] SET active = 'S',appliancebasis = null,ct = {d '2008-06-13'},cu = 'SARA',description = 'Ritenuta d''acconto 4%',fiscaltaxcode = '106E',fiscaltaxcodecredit = null,flagunabatable = 'S',geoappliance = null,idaccmotive_cost = null,idaccmotive_debit = null,idaccmotive_pay = null,insuranceagencycode = null,lt = {ts '2016-03-17 17:16:53.357'},lu = 'assistenza',maintaxcode = null,taxablecode = 'IRPEF',taxkind = '1',taxref = '08_RITACC_4' WHERE taxcode = '71'
ELSE
INSERT INTO [tax] (taxcode,active,appliancebasis,ct,cu,description,fiscaltaxcode,fiscaltaxcodecredit,flagunabatable,geoappliance,idaccmotive_cost,idaccmotive_debit,idaccmotive_pay,insuranceagencycode,lt,lu,maintaxcode,taxablecode,taxkind,taxref) VALUES ('71','S',null,{d '2008-06-13'},'SARA','Ritenuta d''acconto 4%','106E',null,'S',null,null,null,null,null,{ts '2016-03-17 17:16:53.357'},'assistenza',null,'IRPEF','1','08_RITACC_4')
GO

IF exists(SELECT * FROM [tax] WHERE taxcode = '72')
UPDATE [tax] SET active = 'S',appliancebasis = null,ct = {ts '2008-07-17 10:41:54.627'},cu = 'NINO',description = 'Acconto Addizionale Comunale da CAF',fiscaltaxcode = '127E',fiscaltaxcodecredit = null,flagunabatable = 'N',geoappliance = 'C',idaccmotive_cost = null,idaccmotive_debit = null,idaccmotive_pay = null,insuranceagencycode = null,lt = {ts '2008-07-17 10:50:01.437'},lu = 'NINO',maintaxcode = null,taxablecode = 'ADDIRPEF',taxkind = '5',taxref = '08_ACCADDCOMCAF' WHERE taxcode = '72'
ELSE
INSERT INTO [tax] (taxcode,active,appliancebasis,ct,cu,description,fiscaltaxcode,fiscaltaxcodecredit,flagunabatable,geoappliance,idaccmotive_cost,idaccmotive_debit,idaccmotive_pay,insuranceagencycode,lt,lu,maintaxcode,taxablecode,taxkind,taxref) VALUES ('72','S',null,{ts '2008-07-17 10:41:54.627'},'NINO','Acconto Addizionale Comunale da CAF','127E',null,'N','C',null,null,null,null,{ts '2008-07-17 10:50:01.437'},'NINO',null,'ADDIRPEF','5','08_ACCADDCOMCAF')
GO

IF exists(SELECT * FROM [tax] WHERE taxcode = '73')
UPDATE [tax] SET active = 'S',appliancebasis = null,ct = {ts '2009-04-17 10:36:08.110'},cu = 'SA',description = 'IRAP autonomi/assimilati attivit? commerciale',fiscaltaxcode = '380E',fiscaltaxcodecredit = null,flagunabatable = 'N',geoappliance = null,idaccmotive_cost = null,idaccmotive_debit = null,idaccmotive_pay = null,insuranceagencycode = null,lt = {ts '2009-04-17 10:36:08.110'},lu = 'SA',maintaxcode = null,taxablecode = null,taxkind = '2',taxref = '09_IRAP_COMMERC' WHERE taxcode = '73'
ELSE
INSERT INTO [tax] (taxcode,active,appliancebasis,ct,cu,description,fiscaltaxcode,fiscaltaxcodecredit,flagunabatable,geoappliance,idaccmotive_cost,idaccmotive_debit,idaccmotive_pay,insuranceagencycode,lt,lu,maintaxcode,taxablecode,taxkind,taxref) VALUES ('73','S',null,{ts '2009-04-17 10:36:08.110'},'SA','IRAP autonomi/assimilati attivit? commerciale','380E',null,'N',null,null,null,null,null,{ts '2009-04-17 10:36:08.110'},'SA',null,null,'2','09_IRAP_COMMERC')
GO

IF exists(SELECT * FROM [tax] WHERE taxcode = '74')
UPDATE [tax] SET active = 'S',appliancebasis = null,ct = {ts '2009-05-05 11:14:22.647'},cu = 'SARA',description = 'Ritenuta d''Acconto per prestazioni Esenti',fiscaltaxcode = null,fiscaltaxcodecredit = null,flagunabatable = 'N',geoappliance = null,idaccmotive_cost = null,idaccmotive_debit = null,idaccmotive_pay = null,insuranceagencycode = null,lt = {ts '2009-05-05 11:31:53.803'},lu = 'SARA',maintaxcode = null,taxablecode = 'IRPEF',taxkind = '1',taxref = '07_ACC_FISC_ESE' WHERE taxcode = '74'
ELSE
INSERT INTO [tax] (taxcode,active,appliancebasis,ct,cu,description,fiscaltaxcode,fiscaltaxcodecredit,flagunabatable,geoappliance,idaccmotive_cost,idaccmotive_debit,idaccmotive_pay,insuranceagencycode,lt,lu,maintaxcode,taxablecode,taxkind,taxref) VALUES ('74','S',null,{ts '2009-05-05 11:14:22.647'},'SARA','Ritenuta d''Acconto per prestazioni Esenti',null,null,'N',null,null,null,null,null,{ts '2009-05-05 11:31:53.803'},'SARA',null,'IRPEF','1','07_ACC_FISC_ESE')
GO

IF exists(SELECT * FROM [tax] WHERE taxcode = '75')
UPDATE [tax] SET active = 'S',appliancebasis = null,ct = {ts '2011-04-18 13:35:17.483'},cu = 'sara',description = 'Ritenuta alla fonte su somme pignorate',fiscaltaxcode = '112E',fiscaltaxcodecredit = null,flagunabatable = 'S',geoappliance = null,idaccmotive_cost = null,idaccmotive_debit = null,idaccmotive_pay = null,insuranceagencycode = null,lt = {ts '2011-06-08 12:16:12.703'},lu = 'sara',maintaxcode = null,taxablecode = 'IRPEF',taxkind = '1',taxref = '11_ACC_PIGNORA' WHERE taxcode = '75'
ELSE
INSERT INTO [tax] (taxcode,active,appliancebasis,ct,cu,description,fiscaltaxcode,fiscaltaxcodecredit,flagunabatable,geoappliance,idaccmotive_cost,idaccmotive_debit,idaccmotive_pay,insuranceagencycode,lt,lu,maintaxcode,taxablecode,taxkind,taxref) VALUES ('75','S',null,{ts '2011-04-18 13:35:17.483'},'sara','Ritenuta alla fonte su somme pignorate','112E',null,'S',null,null,null,null,null,{ts '2011-06-08 12:16:12.703'},'sara',null,'IRPEF','1','11_ACC_PIGNORA')
GO

IF exists(SELECT * FROM [tax] WHERE taxcode = '76')
UPDATE [tax] SET active = 'S',appliancebasis = null,ct = {ts '2012-04-02 14:59:19.610'},cu = 'sa',description = 'Esenzione su Premi',fiscaltaxcode = null,fiscaltaxcodecredit = null,flagunabatable = 'N',geoappliance = null,idaccmotive_cost = null,idaccmotive_debit = null,idaccmotive_pay = null,insuranceagencycode = null,lt = {ts '2012-04-02 15:00:02.280'},lu = 'sa',maintaxcode = null,taxablecode = 'IRPEF',taxkind = '1',taxref = '12_PREMI_ES' WHERE taxcode = '76'
ELSE
INSERT INTO [tax] (taxcode,active,appliancebasis,ct,cu,description,fiscaltaxcode,fiscaltaxcodecredit,flagunabatable,geoappliance,idaccmotive_cost,idaccmotive_debit,idaccmotive_pay,insuranceagencycode,lt,lu,maintaxcode,taxablecode,taxkind,taxref) VALUES ('76','S',null,{ts '2012-04-02 14:59:19.610'},'sa','Esenzione su Premi',null,null,'N',null,null,null,null,null,{ts '2012-04-02 15:00:02.280'},'sa',null,'IRPEF','1','12_PREMI_ES')
GO

IF exists(SELECT * FROM [tax] WHERE taxcode = '77')
UPDATE [tax] SET active = 'S',appliancebasis = 'C',ct = {ts '2012-04-11 12:19:43.813'},cu = 'sa',description = 'Ritenuta ENPALS',fiscaltaxcode = null,fiscaltaxcodecredit = null,flagunabatable = 'N',geoappliance = null,idaccmotive_cost = '0041',idaccmotive_debit = '00200001',idaccmotive_pay = '00210002',insuranceagencycode = 'P59',lt = {ts '2016-09-14 09:29:18.163'},lu = 'assistenza',maintaxcode = null,taxablecode = 'IRPEF',taxkind = '3',taxref = '12_ENPALS' WHERE taxcode = '77'
ELSE
INSERT INTO [tax] (taxcode,active,appliancebasis,ct,cu,description,fiscaltaxcode,fiscaltaxcodecredit,flagunabatable,geoappliance,idaccmotive_cost,idaccmotive_debit,idaccmotive_pay,insuranceagencycode,lt,lu,maintaxcode,taxablecode,taxkind,taxref) VALUES ('77','S','C',{ts '2012-04-11 12:19:43.813'},'sa','Ritenuta ENPALS',null,null,'N',null,'0041','00200001','00210002','P59',{ts '2016-09-14 09:29:18.163'},'assistenza',null,'IRPEF','3','12_ENPALS')
GO

IF exists(SELECT * FROM [tax] WHERE taxcode = '78')
UPDATE [tax] SET active = 'S',appliancebasis = 'C',ct = {ts '2014-02-01 17:09:06.550'},cu = 'Nino',description = 'Ritenuta erariale',fiscaltaxcode = null,fiscaltaxcodecredit = null,flagunabatable = 'N',geoappliance = 'N',idaccmotive_cost = '0025',idaccmotive_debit = '00200001',idaccmotive_pay = null,insuranceagencycode = null,lt = {ts '2015-12-15 20:20:53.847'},lu = 'assistenza',maintaxcode = null,taxablecode = 'ERARIALE',taxkind = '6',taxref = '14_ERARIALE' WHERE taxcode = '78'
ELSE
INSERT INTO [tax] (taxcode,active,appliancebasis,ct,cu,description,fiscaltaxcode,fiscaltaxcodecredit,flagunabatable,geoappliance,idaccmotive_cost,idaccmotive_debit,idaccmotive_pay,insuranceagencycode,lt,lu,maintaxcode,taxablecode,taxkind,taxref) VALUES ('78','S','C',{ts '2014-02-01 17:09:06.550'},'Nino','Ritenuta erariale',null,null,'N','N','0025','00200001',null,null,{ts '2015-12-15 20:20:53.847'},'assistenza',null,'ERARIALE','6','14_ERARIALE')
GO

IF exists(SELECT * FROM [tax] WHERE taxcode = '79')
UPDATE [tax] SET active = 'S',appliancebasis = null,ct = {ts '2014-02-27 09:24:16.073'},cu = 'sa',description = 'Riduzione Erariale',fiscaltaxcode = null,fiscaltaxcodecredit = null,flagunabatable = 'N',geoappliance = null,idaccmotive_cost = '0025',idaccmotive_debit = '00200001',idaccmotive_pay = null,insuranceagencycode = null,lt = {ts '2015-12-15 20:18:19.623'},lu = 'assistenza',maintaxcode = null,taxablecode = 'ERARIALE',taxkind = '6',taxref = '14_RID.ERARIALE' WHERE taxcode = '79'
ELSE
INSERT INTO [tax] (taxcode,active,appliancebasis,ct,cu,description,fiscaltaxcode,fiscaltaxcodecredit,flagunabatable,geoappliance,idaccmotive_cost,idaccmotive_debit,idaccmotive_pay,insuranceagencycode,lt,lu,maintaxcode,taxablecode,taxkind,taxref) VALUES ('79','S',null,{ts '2014-02-27 09:24:16.073'},'sa','Riduzione Erariale',null,null,'N',null,'0025','00200001',null,null,{ts '2015-12-15 20:18:19.623'},'assistenza',null,'ERARIALE','6','14_RID.ERARIALE')
GO

IF exists(SELECT * FROM [tax] WHERE taxcode = '80')
UPDATE [tax] SET active = 'S',appliancebasis = null,ct = {ts '2014-02-25 10:48:15.393'},cu = 'sa',description = 'Ritenuta fiscale su imponibile 10%',fiscaltaxcode = '100E',fiscaltaxcodecredit = '155E',flagunabatable = 'N',geoappliance = null,idaccmotive_cost = null,idaccmotive_debit = null,idaccmotive_pay = null,insuranceagencycode = null,lt = {ts '2014-02-25 10:48:15.393'},lu = 'sa',maintaxcode = null,taxablecode = 'IRPEF',taxkind = '1',taxref = '14_IRPEF_IMP10%' WHERE taxcode = '80'
ELSE
INSERT INTO [tax] (taxcode,active,appliancebasis,ct,cu,description,fiscaltaxcode,fiscaltaxcodecredit,flagunabatable,geoappliance,idaccmotive_cost,idaccmotive_debit,idaccmotive_pay,insuranceagencycode,lt,lu,maintaxcode,taxablecode,taxkind,taxref) VALUES ('80','S',null,{ts '2014-02-25 10:48:15.393'},'sa','Ritenuta fiscale su imponibile 10%','100E','155E','N',null,null,null,null,null,{ts '2014-02-25 10:48:15.393'},'sa',null,'IRPEF','1','14_IRPEF_IMP10%')
GO

IF exists(SELECT * FROM [tax] WHERE taxcode = '81')
UPDATE [tax] SET active = 'S',appliancebasis = null,ct = {ts '2014-05-09 13:05:59.803'},cu = 'assistenza',description = 'Bonus fiscale Decreto 24 aprile 2014, n. 6,  Art 1',fiscaltaxcode = null,fiscaltaxcodecredit = '165E',flagunabatable = 'N',geoappliance = null,idaccmotive_cost = null,idaccmotive_debit = null,idaccmotive_pay = null,insuranceagencycode = null,lt = {ts '2014-05-09 13:09:19.637'},lu = 'assistenza',maintaxcode = null,taxablecode = 'BONUSFISCALE',taxkind = '1',taxref = '14_BONUS_FISCALE' WHERE taxcode = '81'
ELSE
INSERT INTO [tax] (taxcode,active,appliancebasis,ct,cu,description,fiscaltaxcode,fiscaltaxcodecredit,flagunabatable,geoappliance,idaccmotive_cost,idaccmotive_debit,idaccmotive_pay,insuranceagencycode,lt,lu,maintaxcode,taxablecode,taxkind,taxref) VALUES ('81','S',null,{ts '2014-05-09 13:05:59.803'},'assistenza','Bonus fiscale Decreto 24 aprile 2014, n. 6,  Art 1',null,'165E','N',null,null,null,null,null,{ts '2014-05-09 13:09:19.637'},'assistenza',null,'BONUSFISCALE','1','14_BONUS_FISCALE')
GO

IF exists(SELECT * FROM [tax] WHERE taxcode = '82')
UPDATE [tax] SET active = 'S',appliancebasis = null,ct = {ts '2015-10-09 16:37:19.943'},cu = 'assistenza',description = 'Ritenuta IRPEF su imponibile 20% ',fiscaltaxcode = '100E',fiscaltaxcodecredit = null,flagunabatable = 'N',geoappliance = null,idaccmotive_cost = null,idaccmotive_debit = '00210001',idaccmotive_pay = '00210002',insuranceagencycode = null,lt = {ts '2015-10-09 16:37:19.943'},lu = 'assistenza',maintaxcode = null,taxablecode = 'IRPEF',taxkind = '1',taxref = 'IRPEF_SU_20' WHERE taxcode = '82'
ELSE
INSERT INTO [tax] (taxcode,active,appliancebasis,ct,cu,description,fiscaltaxcode,fiscaltaxcodecredit,flagunabatable,geoappliance,idaccmotive_cost,idaccmotive_debit,idaccmotive_pay,insuranceagencycode,lt,lu,maintaxcode,taxablecode,taxkind,taxref) VALUES ('82','S',null,{ts '2015-10-09 16:37:19.943'},'assistenza','Ritenuta IRPEF su imponibile 20% ','100E',null,'N',null,null,'00210001','00210002',null,{ts '2015-10-09 16:37:19.943'},'assistenza',null,'IRPEF','1','IRPEF_SU_20')
GO

IF exists(SELECT * FROM [tax] WHERE taxcode = '83')
UPDATE [tax] SET active = 'N',appliancebasis = null,ct = {ts '2015-11-23 09:17:03.313'},cu = 'assistenza',description = 'Enpals - lavoratori dello spettacolo',fiscaltaxcode = 'DM10',fiscaltaxcodecredit = null,flagunabatable = 'N',geoappliance = null,idaccmotive_cost = '0041',idaccmotive_debit = '00200001',idaccmotive_pay = null,insuranceagencycode = 'P59',lt = {ts '2016-09-14 09:29:00.553'},lu = 'assistenza',maintaxcode = null,taxablecode = 'PREVIDENZA',taxkind = '3',taxref = 'ENPALS_SPETTACOLO' WHERE taxcode = '83'
ELSE
INSERT INTO [tax] (taxcode,active,appliancebasis,ct,cu,description,fiscaltaxcode,fiscaltaxcodecredit,flagunabatable,geoappliance,idaccmotive_cost,idaccmotive_debit,idaccmotive_pay,insuranceagencycode,lt,lu,maintaxcode,taxablecode,taxkind,taxref) VALUES ('83','N',null,{ts '2015-11-23 09:17:03.313'},'assistenza','Enpals - lavoratori dello spettacolo','DM10',null,'N',null,'0041','00200001',null,'P59',{ts '2016-09-14 09:29:00.553'},'assistenza',null,'PREVIDENZA','3','ENPALS_SPETTACOLO')
GO

IF exists(SELECT * FROM [tax] WHERE taxcode = '84')
UPDATE [tax] SET active = 'S',appliancebasis = null,ct = {ts '2016-03-16 11:18:52.337'},cu = 'assistenza',description = 'Enpals Spettacolo Pre95 - 1',fiscaltaxcode = null,fiscaltaxcodecredit = null,flagunabatable = 'N',geoappliance = null,idaccmotive_cost = null,idaccmotive_debit = null,idaccmotive_pay = null,insuranceagencycode = 'P59',lt = {ts '2016-09-14 09:28:56.257'},lu = 'assistenza',maintaxcode = null,taxablecode = 'PREVIDENZA',taxkind = '3',taxref = '16_ENPALS_PRE95_1' WHERE taxcode = '84'
ELSE
INSERT INTO [tax] (taxcode,active,appliancebasis,ct,cu,description,fiscaltaxcode,fiscaltaxcodecredit,flagunabatable,geoappliance,idaccmotive_cost,idaccmotive_debit,idaccmotive_pay,insuranceagencycode,lt,lu,maintaxcode,taxablecode,taxkind,taxref) VALUES ('84','S',null,{ts '2016-03-16 11:18:52.337'},'assistenza','Enpals Spettacolo Pre95 - 1',null,null,'N',null,null,null,null,'P59',{ts '2016-09-14 09:28:56.257'},'assistenza',null,'PREVIDENZA','3','16_ENPALS_PRE95_1')
GO

IF exists(SELECT * FROM [tax] WHERE taxcode = '85')
UPDATE [tax] SET active = 'S',appliancebasis = null,ct = {ts '2016-03-16 11:19:59.793'},cu = 'assistenza',description = 'Enpals Spettacolo Pre95 - 2',fiscaltaxcode = null,fiscaltaxcodecredit = null,flagunabatable = 'N',geoappliance = null,idaccmotive_cost = null,idaccmotive_debit = null,idaccmotive_pay = null,insuranceagencycode = 'P59',lt = {ts '2016-09-14 09:28:52.333'},lu = 'assistenza',maintaxcode = null,taxablecode = 'PREVIDENZA',taxkind = '3',taxref = '16_ENPALS_PRE95_2' WHERE taxcode = '85'
ELSE
INSERT INTO [tax] (taxcode,active,appliancebasis,ct,cu,description,fiscaltaxcode,fiscaltaxcodecredit,flagunabatable,geoappliance,idaccmotive_cost,idaccmotive_debit,idaccmotive_pay,insuranceagencycode,lt,lu,maintaxcode,taxablecode,taxkind,taxref) VALUES ('85','S',null,{ts '2016-03-16 11:19:59.793'},'assistenza','Enpals Spettacolo Pre95 - 2',null,null,'N',null,null,null,null,'P59',{ts '2016-09-14 09:28:52.333'},'assistenza',null,'PREVIDENZA','3','16_ENPALS_PRE95_2')
GO

IF exists(SELECT * FROM [tax] WHERE taxcode = '86')
UPDATE [tax] SET active = 'S',appliancebasis = null,ct = {ts '2016-03-16 11:20:20.043'},cu = 'assistenza',description = 'Enpals Spettacolo Pre95 - 3',fiscaltaxcode = null,fiscaltaxcodecredit = null,flagunabatable = 'N',geoappliance = null,idaccmotive_cost = null,idaccmotive_debit = null,idaccmotive_pay = null,insuranceagencycode = 'P59',lt = {ts '2016-09-14 09:28:48.097'},lu = 'assistenza',maintaxcode = null,taxablecode = 'PREVIDENZA',taxkind = '3',taxref = '16_ENPALS_PRE95_3' WHERE taxcode = '86'
ELSE
INSERT INTO [tax] (taxcode,active,appliancebasis,ct,cu,description,fiscaltaxcode,fiscaltaxcodecredit,flagunabatable,geoappliance,idaccmotive_cost,idaccmotive_debit,idaccmotive_pay,insuranceagencycode,lt,lu,maintaxcode,taxablecode,taxkind,taxref) VALUES ('86','S',null,{ts '2016-03-16 11:20:20.043'},'assistenza','Enpals Spettacolo Pre95 - 3',null,null,'N',null,null,null,null,'P59',{ts '2016-09-14 09:28:48.097'},'assistenza',null,'PREVIDENZA','3','16_ENPALS_PRE95_3')
GO

IF exists(SELECT * FROM [tax] WHERE taxcode = '87')
UPDATE [tax] SET active = 'S',appliancebasis = null,ct = {ts '2016-03-16 11:16:32.973'},cu = 'assistenza',description = 'Enpals Spettacolo Post95 - 1',fiscaltaxcode = null,fiscaltaxcodecredit = null,flagunabatable = 'N',geoappliance = null,idaccmotive_cost = null,idaccmotive_debit = null,idaccmotive_pay = null,insuranceagencycode = 'P59',lt = {ts '2016-09-14 09:28:43.833'},lu = 'assistenza',maintaxcode = null,taxablecode = 'PREVIDENZA',taxkind = '3',taxref = '16_ENPALS_POST95_1' WHERE taxcode = '87'
ELSE
INSERT INTO [tax] (taxcode,active,appliancebasis,ct,cu,description,fiscaltaxcode,fiscaltaxcodecredit,flagunabatable,geoappliance,idaccmotive_cost,idaccmotive_debit,idaccmotive_pay,insuranceagencycode,lt,lu,maintaxcode,taxablecode,taxkind,taxref) VALUES ('87','S',null,{ts '2016-03-16 11:16:32.973'},'assistenza','Enpals Spettacolo Post95 - 1',null,null,'N',null,null,null,null,'P59',{ts '2016-09-14 09:28:43.833'},'assistenza',null,'PREVIDENZA','3','16_ENPALS_POST95_1')
GO

IF exists(SELECT * FROM [tax] WHERE taxcode = '88')
UPDATE [tax] SET active = 'S',appliancebasis = null,ct = {ts '2016-03-16 11:16:53.580'},cu = 'assistenza',description = 'Enpals Spettacolo Post95 - 2',fiscaltaxcode = null,fiscaltaxcodecredit = null,flagunabatable = 'N',geoappliance = null,idaccmotive_cost = null,idaccmotive_debit = null,idaccmotive_pay = null,insuranceagencycode = 'P59',lt = {ts '2016-09-14 09:28:36.957'},lu = 'assistenza',maintaxcode = null,taxablecode = 'PREVIDENZA',taxkind = '3',taxref = '16_ENPALS_POST95_2' WHERE taxcode = '88'
ELSE
INSERT INTO [tax] (taxcode,active,appliancebasis,ct,cu,description,fiscaltaxcode,fiscaltaxcodecredit,flagunabatable,geoappliance,idaccmotive_cost,idaccmotive_debit,idaccmotive_pay,insuranceagencycode,lt,lu,maintaxcode,taxablecode,taxkind,taxref) VALUES ('88','S',null,{ts '2016-03-16 11:16:53.580'},'assistenza','Enpals Spettacolo Post95 - 2',null,null,'N',null,null,null,null,'P59',{ts '2016-09-14 09:28:36.957'},'assistenza',null,'PREVIDENZA','3','16_ENPALS_POST95_2')
GO

IF exists(SELECT * FROM [tax] WHERE taxcode = '89')
UPDATE [tax] SET active = 'S',appliancebasis = null,ct = {ts '2016-03-16 11:17:07.957'},cu = 'assistenza',description = 'Enpals Spettacolo Post95 - 3',fiscaltaxcode = null,fiscaltaxcodecredit = null,flagunabatable = 'N',geoappliance = null,idaccmotive_cost = null,idaccmotive_debit = null,idaccmotive_pay = null,insuranceagencycode = 'P59',lt = {ts '2016-09-14 09:28:32.893'},lu = 'assistenza',maintaxcode = null,taxablecode = 'PREVIDENZA',taxkind = '3',taxref = '16_ENPALS_POST95_3' WHERE taxcode = '89'
ELSE
INSERT INTO [tax] (taxcode,active,appliancebasis,ct,cu,description,fiscaltaxcode,fiscaltaxcodecredit,flagunabatable,geoappliance,idaccmotive_cost,idaccmotive_debit,idaccmotive_pay,insuranceagencycode,lt,lu,maintaxcode,taxablecode,taxkind,taxref) VALUES ('89','S',null,{ts '2016-03-16 11:17:07.957'},'assistenza','Enpals Spettacolo Post95 - 3',null,null,'N',null,null,null,null,'P59',{ts '2016-09-14 09:28:32.893'},'assistenza',null,'PREVIDENZA','3','16_ENPALS_POST95_3')
GO

IF exists(SELECT * FROM [tax] WHERE taxcode = '90')
UPDATE [tax] SET active = 'S',appliancebasis = 'S',ct = {ts '2016-10-14 10:37:01.973'},cu = 'assistenza',description = 'Rimborsi IRPEF da dichiarazione C.A.F.',fiscaltaxcode = null,fiscaltaxcodecredit = '150E',flagunabatable = 'N',geoappliance = null,idaccmotive_cost = null,idaccmotive_debit = null,idaccmotive_pay = null,insuranceagencycode = null,lt = {ts '2016-10-14 16:27:41.630'},lu = 'assistenza',maintaxcode = '20',taxablecode = 'ADDIRPEF',taxkind = '5',taxref = '16_REFUND_IRPEF_CAF' WHERE taxcode = '90'
ELSE
INSERT INTO [tax] (taxcode,active,appliancebasis,ct,cu,description,fiscaltaxcode,fiscaltaxcodecredit,flagunabatable,geoappliance,idaccmotive_cost,idaccmotive_debit,idaccmotive_pay,insuranceagencycode,lt,lu,maintaxcode,taxablecode,taxkind,taxref) VALUES ('90','S','S',{ts '2016-10-14 10:37:01.973'},'assistenza','Rimborsi IRPEF da dichiarazione C.A.F.',null,'150E','N',null,null,null,null,null,{ts '2016-10-14 16:27:41.630'},'assistenza','20','ADDIRPEF','5','16_REFUND_IRPEF_CAF')
GO

IF exists(SELECT * FROM [tax] WHERE taxcode = '91')
UPDATE [tax] SET active = 'S',appliancebasis = null,ct = {ts '2016-10-14 10:52:46.083'},cu = 'assistenza',description = 'Rimborsi Addizionale Regionale da CAF',fiscaltaxcode = null,fiscaltaxcodecredit = '153E',flagunabatable = 'N',geoappliance = 'R',idaccmotive_cost = null,idaccmotive_debit = null,idaccmotive_pay = null,insuranceagencycode = null,lt = {ts '2016-10-14 16:27:51.080'},lu = 'assistenza',maintaxcode = '9',taxablecode = 'ADDIRPEF',taxkind = '5',taxref = '16_REFUND_ADDREGCAF' WHERE taxcode = '91'
ELSE
INSERT INTO [tax] (taxcode,active,appliancebasis,ct,cu,description,fiscaltaxcode,fiscaltaxcodecredit,flagunabatable,geoappliance,idaccmotive_cost,idaccmotive_debit,idaccmotive_pay,insuranceagencycode,lt,lu,maintaxcode,taxablecode,taxkind,taxref) VALUES ('91','S',null,{ts '2016-10-14 10:52:46.083'},'assistenza','Rimborsi Addizionale Regionale da CAF',null,'153E','N','R',null,null,null,null,{ts '2016-10-14 16:27:51.080'},'assistenza','9','ADDIRPEF','5','16_REFUND_ADDREGCAF')
GO

IF exists(SELECT * FROM [tax] WHERE taxcode = '92')
UPDATE [tax] SET active = 'S',appliancebasis = null,ct = {ts '2016-10-14 10:53:52.213'},cu = 'assistenza',description = 'Rimborsi Addizionale Comunale da CAF',fiscaltaxcode = null,fiscaltaxcodecredit = '154E',flagunabatable = 'N',geoappliance = 'C',idaccmotive_cost = null,idaccmotive_debit = null,idaccmotive_pay = '00210002',insuranceagencycode = null,lt = {ts '2016-10-14 16:27:58.937'},lu = 'assistenza',maintaxcode = '8',taxablecode = 'ADDIRPEF',taxkind = '5',taxref = '16_REFUND_ADDCOMCAF' WHERE taxcode = '92'
ELSE
INSERT INTO [tax] (taxcode,active,appliancebasis,ct,cu,description,fiscaltaxcode,fiscaltaxcodecredit,flagunabatable,geoappliance,idaccmotive_cost,idaccmotive_debit,idaccmotive_pay,insuranceagencycode,lt,lu,maintaxcode,taxablecode,taxkind,taxref) VALUES ('92','S',null,{ts '2016-10-14 10:53:52.213'},'assistenza','Rimborsi Addizionale Comunale da CAF',null,'154E','N','C',null,null,'00210002',null,{ts '2016-10-14 16:27:58.937'},'assistenza','8','ADDIRPEF','5','16_REFUND_ADDCOMCAF')
GO

IF exists(SELECT * FROM [tax] WHERE taxcode = '93')
UPDATE [tax] SET active = 'S',appliancebasis = null,ct = {ts '2014-03-25 10:18:08.157'},cu = 'assistenza',description = 'IRAP autonomi/assimilati visiting professor',fiscaltaxcode = '380E',fiscaltaxcodecredit = null,flagunabatable = 'N',geoappliance = null,idaccmotive_cost = '00140006',idaccmotive_debit = '000500020001',idaccmotive_pay = '00050001000100040005',insuranceagencycode = null,lt = {ts '2016-03-03 15:19:30.077'},lu = 'uccello.super',maintaxcode = null,taxablecode = 'ASSISTENZA',taxkind = '2',taxref = '14_IRAPVISITINGPROF' WHERE taxcode = '93'
ELSE
INSERT INTO [tax] (taxcode,active,appliancebasis,ct,cu,description,fiscaltaxcode,fiscaltaxcodecredit,flagunabatable,geoappliance,idaccmotive_cost,idaccmotive_debit,idaccmotive_pay,insuranceagencycode,lt,lu,maintaxcode,taxablecode,taxkind,taxref) VALUES ('93','S',null,{ts '2014-03-25 10:18:08.157'},'assistenza','IRAP autonomi/assimilati visiting professor','380E',null,'N',null,'00140006','000500020001','00050001000100040005',null,{ts '2016-03-03 15:19:30.077'},'uccello.super',null,'ASSISTENZA','2','14_IRAPVISITINGPROF')
GO

IF exists(SELECT * FROM [tax] WHERE taxcode = '94')
UPDATE [tax] SET active = 'S',appliancebasis = null,ct = {ts '2014-03-25 10:19:56.707'},cu = 'assistenza',description = 'INPS soggetti non mutuati visting professor',fiscaltaxcode = 'CXX',fiscaltaxcodecredit = null,flagunabatable = 'N',geoappliance = null,idaccmotive_cost = '00140005',idaccmotive_debit = '000500020003',idaccmotive_pay = '00050001000100040004',insuranceagencycode = null,lt = {ts '2016-03-04 15:51:49.030'},lu = 'assistenza8',maintaxcode = null,taxablecode = 'PREVIDENZA',taxkind = '3',taxref = '14_INPS_N_VISITING' WHERE taxcode = '94'
ELSE
INSERT INTO [tax] (taxcode,active,appliancebasis,ct,cu,description,fiscaltaxcode,fiscaltaxcodecredit,flagunabatable,geoappliance,idaccmotive_cost,idaccmotive_debit,idaccmotive_pay,insuranceagencycode,lt,lu,maintaxcode,taxablecode,taxkind,taxref) VALUES ('94','S',null,{ts '2014-03-25 10:19:56.707'},'assistenza','INPS soggetti non mutuati visting professor','CXX',null,'N',null,'00140005','000500020003','00050001000100040004',null,{ts '2016-03-04 15:51:49.030'},'assistenza8',null,'PREVIDENZA','3','14_INPS_N_VISITING')
GO

IF exists(SELECT * FROM [tax] WHERE taxcode = '95')
UPDATE [tax] SET active = 'S',appliancebasis = null,ct = {ts '2014-03-25 10:36:52.147'},cu = 'assistenza',description = 'Ritenuta Inail Visiting Professor',fiscaltaxcode = null,fiscaltaxcodecredit = null,flagunabatable = 'N',geoappliance = null,idaccmotive_cost = null,idaccmotive_debit = '000500020004',idaccmotive_pay = '00050001000100040009',insuranceagencycode = null,lt = {ts '2014-03-25 10:36:52.147'},lu = 'assistenza',maintaxcode = null,taxablecode = 'ASSICUR',taxkind = '4',taxref = '14_INAIL_VISITING' WHERE taxcode = '95'
ELSE
INSERT INTO [tax] (taxcode,active,appliancebasis,ct,cu,description,fiscaltaxcode,fiscaltaxcodecredit,flagunabatable,geoappliance,idaccmotive_cost,idaccmotive_debit,idaccmotive_pay,insuranceagencycode,lt,lu,maintaxcode,taxablecode,taxkind,taxref) VALUES ('95','S',null,{ts '2014-03-25 10:36:52.147'},'assistenza','Ritenuta Inail Visiting Professor',null,null,'N',null,null,'000500020004','00050001000100040009',null,{ts '2014-03-25 10:36:52.147'},'assistenza',null,'ASSICUR','4','14_INAIL_VISITING')
GO

IF exists(SELECT * FROM [tax] WHERE taxcode = '98')
UPDATE [tax] SET active = 'S',appliancebasis = null,ct = {ts '2019-03-18 14:43:48.903'},cu = 'Assistenza11',description = 'Rit.acconto 20% su 10% lordo',fiscaltaxcode = '104E',fiscaltaxcodecredit = '156E',flagunabatable = 'S',geoappliance = null,idaccmotive_cost = null,idaccmotive_debit = null,idaccmotive_pay = null,insuranceagencycode = null,lt = {ts '2019-03-18 14:43:48.903'},lu = 'Assistenza11',maintaxcode = null,taxablecode = 'IRPEF',taxkind = '1',taxref = '19_ACC_CER' WHERE taxcode = '98'
ELSE
INSERT INTO [tax] (taxcode,active,appliancebasis,ct,cu,description,fiscaltaxcode,fiscaltaxcodecredit,flagunabatable,geoappliance,idaccmotive_cost,idaccmotive_debit,idaccmotive_pay,insuranceagencycode,lt,lu,maintaxcode,taxablecode,taxkind,taxref) VALUES ('98','S',null,{ts '2019-03-18 14:43:48.903'},'Assistenza11','Rit.acconto 20% su 10% lordo','104E','156E','S',null,null,null,null,null,{ts '2019-03-18 14:43:48.903'},'Assistenza11',null,'IRPEF','1','19_ACC_CER')
GO

IF exists(SELECT * FROM [tax] WHERE taxcode = '99')
UPDATE [tax] SET active = 'S',appliancebasis = null,ct = {ts '2020-03-26 11:06:29.080'},cu = 'Assistenza11',description = 'Ritenuta d''Acconto 0% DL18/2020 Cura Italia',fiscaltaxcode = null,fiscaltaxcodecredit = null,flagunabatable = 'N',geoappliance = null,idaccmotive_cost = null,idaccmotive_debit = null,idaccmotive_pay = null,insuranceagencycode = null,lt = {ts '2020-03-26 11:06:29.080'},lu = 'Assistenza11',maintaxcode = null,taxablecode = 'IRPEF',taxkind = '1',taxref = '20_ACC_FISC_DL182020' WHERE taxcode = '99'
ELSE
INSERT INTO [tax] (taxcode,active,appliancebasis,ct,cu,description,fiscaltaxcode,fiscaltaxcodecredit,flagunabatable,geoappliance,idaccmotive_cost,idaccmotive_debit,idaccmotive_pay,insuranceagencycode,lt,lu,maintaxcode,taxablecode,taxkind,taxref) VALUES ('99','S',null,{ts '2020-03-26 11:06:29.080'},'Assistenza11','Ritenuta d''Acconto 0% DL18/2020 Cura Italia',null,null,'N',null,null,null,null,null,{ts '2020-03-26 11:06:29.080'},'Assistenza11',null,'IRPEF','1','20_ACC_FISC_DL182020')
GO

IF exists(SELECT * FROM [tax] WHERE taxcode = '100')
UPDATE [tax] SET active = 'S',appliancebasis = null,ct = {ts '2020-09-08 12:51:41.240'},cu = 'Assistenza11',description = 'Bonus fiscale DL 3/2020',fiscaltaxcode = null,fiscaltaxcodecredit = '165E',flagunabatable = 'N',geoappliance = null,idaccmotive_cost = null,idaccmotive_debit = null,idaccmotive_pay = '00050001000100050011',insuranceagencycode = null,lt = {ts '2020-09-08 12:53:31.230'},lu = 'Assistenza11',maintaxcode = '18',taxablecode = 'BONUSFISCALE',taxkind = '1',taxref = '20_BONUS_FISCALE' WHERE taxcode = '100'
ELSE
INSERT INTO [tax] (taxcode,active,appliancebasis,ct,cu,description,fiscaltaxcode,fiscaltaxcodecredit,flagunabatable,geoappliance,idaccmotive_cost,idaccmotive_debit,idaccmotive_pay,insuranceagencycode,lt,lu,maintaxcode,taxablecode,taxkind,taxref) VALUES ('100','S',null,{ts '2020-09-08 12:51:41.240'},'Assistenza11','Bonus fiscale DL 3/2020',null,'165E','N',null,null,null,'00050001000100050011',null,{ts '2020-09-08 12:53:31.230'},'Assistenza11','18','BONUSFISCALE','1','20_BONUS_FISCALE')
GO

-- FINE GENERAZIONE SCRIPT --


-- GENERAZIONE DATI PER tabledescr --
IF exists(SELECT * FROM [tabledescr] WHERE tablename = 'tax')
UPDATE [tabledescr] SET description = 'Tipi di ritenuta',idapplication = null,isdbo = 'S',lt = {ts '1900-01-01 03:00:29.973'},lu = 'nino',title = 'Tipi di ritenuta' WHERE tablename = 'tax'
ELSE
INSERT INTO [tabledescr] (tablename,description,idapplication,isdbo,lt,lu,title) VALUES ('tax','Tipi di ritenuta',null,'S',{ts '1900-01-01 03:00:29.973'},'nino','Tipi di ritenuta')
GO

-- FINE GENERAZIONE SCRIPT --


-- GENERAZIONE DATI PER coldescr --
IF exists(SELECT * FROM [coldescr] WHERE colname = 'active' AND tablename = 'tax')
UPDATE [coldescr] SET col_len = '1',col_precision = null,col_scale = null,description = 'attivo',kind = 'S',lt = {ts '1900-01-01 02:59:57.473'},lu = 'lu',primarykey = 'N',sql_declaration = 'char(1)',sql_type = 'char',system_type = 'System.String' WHERE colname = 'active' AND tablename = 'tax'
ELSE
INSERT INTO [coldescr] (colname,tablename,col_len,col_precision,col_scale,description,kind,lt,lu,primarykey,sql_declaration,sql_type,system_type) VALUES ('active','tax','1',null,null,'attivo','S',{ts '1900-01-01 02:59:57.473'},'lu','N','char(1)','char','System.String')
GO

IF exists(SELECT * FROM [coldescr] WHERE colname = 'appliancebasis' AND tablename = 'tax')
UPDATE [coldescr] SET col_len = '1',col_precision = null,col_scale = null,description = 'Principio di applicazione: C Competenza - A Cassa Allargato - S Cassa',kind = 'S',lt = {ts '1900-01-01 03:00:24.070'},lu = 'lu',primarykey = 'N',sql_declaration = 'char(1)',sql_type = 'char',system_type = 'System.String' WHERE colname = 'appliancebasis' AND tablename = 'tax'
ELSE
INSERT INTO [coldescr] (colname,tablename,col_len,col_precision,col_scale,description,kind,lt,lu,primarykey,sql_declaration,sql_type,system_type) VALUES ('appliancebasis','tax','1',null,null,'Principio di applicazione: C Competenza - A Cassa Allargato - S Cassa','S',{ts '1900-01-01 03:00:24.070'},'lu','N','char(1)','char','System.String')
GO

IF exists(SELECT * FROM [coldescr] WHERE colname = 'ct' AND tablename = 'tax')
UPDATE [coldescr] SET col_len = '8',col_precision = null,col_scale = null,description = 'data creazione',kind = 'S',lt = {ts '1900-01-01 02:59:48.470'},lu = 'lu',primarykey = 'N',sql_declaration = 'datetime',sql_type = 'datetime',system_type = 'System.DateTime' WHERE colname = 'ct' AND tablename = 'tax'
ELSE
INSERT INTO [coldescr] (colname,tablename,col_len,col_precision,col_scale,description,kind,lt,lu,primarykey,sql_declaration,sql_type,system_type) VALUES ('ct','tax','8',null,null,'data creazione','S',{ts '1900-01-01 02:59:48.470'},'lu','N','datetime','datetime','System.DateTime')
GO

IF exists(SELECT * FROM [coldescr] WHERE colname = 'cu' AND tablename = 'tax')
UPDATE [coldescr] SET col_len = '64',col_precision = null,col_scale = null,description = 'nome utente creazione',kind = 'S',lt = {ts '1900-01-01 02:59:45.903'},lu = 'lu',primarykey = 'N',sql_declaration = 'varchar(64)',sql_type = 'varchar',system_type = 'System.String' WHERE colname = 'cu' AND tablename = 'tax'
ELSE
INSERT INTO [coldescr] (colname,tablename,col_len,col_precision,col_scale,description,kind,lt,lu,primarykey,sql_declaration,sql_type,system_type) VALUES ('cu','tax','64',null,null,'nome utente creazione','S',{ts '1900-01-01 02:59:45.903'},'lu','N','varchar(64)','varchar','System.String')
GO

IF exists(SELECT * FROM [coldescr] WHERE colname = 'description' AND tablename = 'tax')
UPDATE [coldescr] SET col_len = '50',col_precision = null,col_scale = null,description = 'Descrizione',kind = 'S',lt = {ts '1900-01-01 02:59:51.823'},lu = 'lu',primarykey = 'N',sql_declaration = 'varchar(50)',sql_type = 'varchar',system_type = 'System.String' WHERE colname = 'description' AND tablename = 'tax'
ELSE
INSERT INTO [coldescr] (colname,tablename,col_len,col_precision,col_scale,description,kind,lt,lu,primarykey,sql_declaration,sql_type,system_type) VALUES ('description','tax','50',null,null,'Descrizione','S',{ts '1900-01-01 02:59:51.823'},'lu','N','varchar(50)','varchar','System.String')
GO

IF exists(SELECT * FROM [coldescr] WHERE colname = 'fiscaltaxcode' AND tablename = 'tax')
UPDATE [coldescr] SET col_len = '20',col_precision = null,col_scale = null,description = 'Codice tributo/Causale contributo',kind = 'S',lt = {ts '1900-01-01 03:00:24.073'},lu = 'lu',primarykey = 'N',sql_declaration = 'varchar(20)',sql_type = 'varchar',system_type = 'System.String' WHERE colname = 'fiscaltaxcode' AND tablename = 'tax'
ELSE
INSERT INTO [coldescr] (colname,tablename,col_len,col_precision,col_scale,description,kind,lt,lu,primarykey,sql_declaration,sql_type,system_type) VALUES ('fiscaltaxcode','tax','20',null,null,'Codice tributo/Causale contributo','S',{ts '1900-01-01 03:00:24.073'},'lu','N','varchar(20)','varchar','System.String')
GO

IF exists(SELECT * FROM [coldescr] WHERE colname = 'flagunabatable' AND tablename = 'tax')
UPDATE [coldescr] SET col_len = '1',col_precision = null,col_scale = null,description = 'Ritenuta indetraibile',kind = 'C',lt = {ts '2016-02-07 11:10:49.143'},lu = 'Nino',primarykey = 'N',sql_declaration = 'char(1)',sql_type = 'char',system_type = 'System.String' WHERE colname = 'flagunabatable' AND tablename = 'tax'
ELSE
INSERT INTO [coldescr] (colname,tablename,col_len,col_precision,col_scale,description,kind,lt,lu,primarykey,sql_declaration,sql_type,system_type) VALUES ('flagunabatable','tax','1',null,null,'Ritenuta indetraibile','C',{ts '2016-02-07 11:10:49.143'},'Nino','N','char(1)','char','System.String')
GO

IF exists(SELECT * FROM [coldescr] WHERE colname = 'geoappliance' AND tablename = 'tax')
UPDATE [coldescr] SET col_len = '1',col_precision = null,col_scale = null,description = 'Tipo applicazione geografica: N Nulla- R Regionale - P Provinciale - C comunale',kind = 'S',lt = {ts '1900-01-01 02:59:11.967'},lu = 'lu',primarykey = 'N',sql_declaration = 'char(1)',sql_type = 'char',system_type = 'System.String' WHERE colname = 'geoappliance' AND tablename = 'tax'
ELSE
INSERT INTO [coldescr] (colname,tablename,col_len,col_precision,col_scale,description,kind,lt,lu,primarykey,sql_declaration,sql_type,system_type) VALUES ('geoappliance','tax','1',null,null,'Tipo applicazione geografica: N Nulla- R Regionale - P Provinciale - C comunale','S',{ts '1900-01-01 02:59:11.967'},'lu','N','char(1)','char','System.String')
GO

IF exists(SELECT * FROM [coldescr] WHERE colname = 'idaccmotive_cost' AND tablename = 'tax')
UPDATE [coldescr] SET col_len = '36',col_precision = null,col_scale = null,description = 'ID Causale di Costo (tab. Accmotive)',kind = 'S',lt = {ts '1900-01-01 02:59:11.970'},lu = 'lu',primarykey = 'N',sql_declaration = 'varchar(36)',sql_type = 'varchar',system_type = 'System.String' WHERE colname = 'idaccmotive_cost' AND tablename = 'tax'
ELSE
INSERT INTO [coldescr] (colname,tablename,col_len,col_precision,col_scale,description,kind,lt,lu,primarykey,sql_declaration,sql_type,system_type) VALUES ('idaccmotive_cost','tax','36',null,null,'ID Causale di Costo (tab. Accmotive)','S',{ts '1900-01-01 02:59:11.970'},'lu','N','varchar(36)','varchar','System.String')
GO

IF exists(SELECT * FROM [coldescr] WHERE colname = 'idaccmotive_debit' AND tablename = 'tax')
UPDATE [coldescr] SET col_len = '36',col_precision = null,col_scale = null,description = 'ID Causale di Debito (tab. Accmotive)',kind = 'S',lt = {ts '1900-01-01 02:59:11.973'},lu = 'lu',primarykey = 'N',sql_declaration = 'varchar(36)',sql_type = 'varchar',system_type = 'System.String' WHERE colname = 'idaccmotive_debit' AND tablename = 'tax'
ELSE
INSERT INTO [coldescr] (colname,tablename,col_len,col_precision,col_scale,description,kind,lt,lu,primarykey,sql_declaration,sql_type,system_type) VALUES ('idaccmotive_debit','tax','36',null,null,'ID Causale di Debito (tab. Accmotive)','S',{ts '1900-01-01 02:59:11.973'},'lu','N','varchar(36)','varchar','System.String')
GO

IF exists(SELECT * FROM [coldescr] WHERE colname = 'idaccmotive_pay' AND tablename = 'tax')
UPDATE [coldescr] SET col_len = '36',col_precision = null,col_scale = null,description = 'ID Causale Liquidazione Ritenute (tab. Accmotive)',kind = 'S',lt = {ts '1900-01-01 02:59:11.977'},lu = 'lu',primarykey = 'N',sql_declaration = 'varchar(36)',sql_type = 'varchar',system_type = 'System.String' WHERE colname = 'idaccmotive_pay' AND tablename = 'tax'
ELSE
INSERT INTO [coldescr] (colname,tablename,col_len,col_precision,col_scale,description,kind,lt,lu,primarykey,sql_declaration,sql_type,system_type) VALUES ('idaccmotive_pay','tax','36',null,null,'ID Causale Liquidazione Ritenute (tab. Accmotive)','S',{ts '1900-01-01 02:59:11.977'},'lu','N','varchar(36)','varchar','System.String')
GO

IF exists(SELECT * FROM [coldescr] WHERE colname = 'insuranceagencycode' AND tablename = 'tax')
UPDATE [coldescr] SET col_len = '10',col_precision = null,col_scale = null,description = 'Codice istituto previdenziale DALIA',kind = 'S',lt = {ts '2016-10-09 11:14:16.233'},lu = 'nino',primarykey = 'N',sql_declaration = 'varchar(10)',sql_type = 'varchar',system_type = 'System.String' WHERE colname = 'insuranceagencycode' AND tablename = 'tax'
ELSE
INSERT INTO [coldescr] (colname,tablename,col_len,col_precision,col_scale,description,kind,lt,lu,primarykey,sql_declaration,sql_type,system_type) VALUES ('insuranceagencycode','tax','10',null,null,'Codice istituto previdenziale DALIA','S',{ts '2016-10-09 11:14:16.233'},'nino','N','varchar(10)','varchar','System.String')
GO

IF exists(SELECT * FROM [coldescr] WHERE colname = 'lt' AND tablename = 'tax')
UPDATE [coldescr] SET col_len = '8',col_precision = null,col_scale = null,description = 'data ultima modifica',kind = 'S',lt = {ts '1900-01-01 02:59:43.277'},lu = 'lu',primarykey = 'N',sql_declaration = 'datetime',sql_type = 'datetime',system_type = 'System.DateTime' WHERE colname = 'lt' AND tablename = 'tax'
ELSE
INSERT INTO [coldescr] (colname,tablename,col_len,col_precision,col_scale,description,kind,lt,lu,primarykey,sql_declaration,sql_type,system_type) VALUES ('lt','tax','8',null,null,'data ultima modifica','S',{ts '1900-01-01 02:59:43.277'},'lu','N','datetime','datetime','System.DateTime')
GO

IF exists(SELECT * FROM [coldescr] WHERE colname = 'lu' AND tablename = 'tax')
UPDATE [coldescr] SET col_len = '64',col_precision = null,col_scale = null,description = 'nome ultimo utente modifica',kind = 'S',lt = {ts '1900-01-01 02:59:40.307'},lu = 'lu',primarykey = 'N',sql_declaration = 'varchar(64)',sql_type = 'varchar',system_type = 'System.String' WHERE colname = 'lu' AND tablename = 'tax'
ELSE
INSERT INTO [coldescr] (colname,tablename,col_len,col_precision,col_scale,description,kind,lt,lu,primarykey,sql_declaration,sql_type,system_type) VALUES ('lu','tax','64',null,null,'nome ultimo utente modifica','S',{ts '1900-01-01 02:59:40.307'},'lu','N','varchar(64)','varchar','System.String')
GO

IF exists(SELECT * FROM [coldescr] WHERE colname = 'maintaxcode' AND tablename = 'tax')
UPDATE [coldescr] SET col_len = '4',col_precision = null,col_scale = null,description = 'ID Ritenuta per Liquidazione (tab. Tax)',kind = 'S',lt = {ts '1900-01-01 02:59:11.987'},lu = 'lu',primarykey = 'N',sql_declaration = 'int',sql_type = 'int',system_type = 'System.Int32' WHERE colname = 'maintaxcode' AND tablename = 'tax'
ELSE
INSERT INTO [coldescr] (colname,tablename,col_len,col_precision,col_scale,description,kind,lt,lu,primarykey,sql_declaration,sql_type,system_type) VALUES ('maintaxcode','tax','4',null,null,'ID Ritenuta per Liquidazione (tab. Tax)','S',{ts '1900-01-01 02:59:11.987'},'lu','N','int','int','System.Int32')
GO

IF exists(SELECT * FROM [coldescr] WHERE colname = 'taxablecode' AND tablename = 'tax')
UPDATE [coldescr] SET col_len = '20',col_precision = null,col_scale = null,description = 'ID Codice imponibile (tab . Taxablekind)',kind = 'S',lt = {ts '1900-01-01 03:00:27.693'},lu = 'lu',primarykey = 'N',sql_declaration = 'varchar(20)',sql_type = 'varchar',system_type = 'System.String' WHERE colname = 'taxablecode' AND tablename = 'tax'
ELSE
INSERT INTO [coldescr] (colname,tablename,col_len,col_precision,col_scale,description,kind,lt,lu,primarykey,sql_declaration,sql_type,system_type) VALUES ('taxablecode','tax','20',null,null,'ID Codice imponibile (tab . Taxablekind)','S',{ts '1900-01-01 03:00:27.693'},'lu','N','varchar(20)','varchar','System.String')
GO

IF exists(SELECT * FROM [coldescr] WHERE colname = 'taxcode' AND tablename = 'tax')
UPDATE [coldescr] SET col_len = '4',col_precision = null,col_scale = null,description = 'id ritenuta (tabella tax)',kind = 'S',lt = {ts '1900-01-01 03:00:02.403'},lu = 'lu',primarykey = 'S',sql_declaration = 'int',sql_type = 'int',system_type = 'System.Int32' WHERE colname = 'taxcode' AND tablename = 'tax'
ELSE
INSERT INTO [coldescr] (colname,tablename,col_len,col_precision,col_scale,description,kind,lt,lu,primarykey,sql_declaration,sql_type,system_type) VALUES ('taxcode','tax','4',null,null,'id ritenuta (tabella tax)','S',{ts '1900-01-01 03:00:02.403'},'lu','S','int','int','System.Int32')
GO

IF exists(SELECT * FROM [coldescr] WHERE colname = 'taxkind' AND tablename = 'tax')
UPDATE [coldescr] SET col_len = '2',col_precision = null,col_scale = null,description = 'Tipo ritenuta: 1 Fiscale- 2 Assistenziale - 3 Previdenziale - 4 Assicurativa - 5 Arretrati - 6 Altro',kind = 'C',lt = {ts '2016-03-10 12:38:52.233'},lu = 'nino',primarykey = 'N',sql_declaration = 'smallint',sql_type = 'smallint',system_type = 'System.Int16' WHERE colname = 'taxkind' AND tablename = 'tax'
ELSE
INSERT INTO [coldescr] (colname,tablename,col_len,col_precision,col_scale,description,kind,lt,lu,primarykey,sql_declaration,sql_type,system_type) VALUES ('taxkind','tax','2',null,null,'Tipo ritenuta: 1 Fiscale- 2 Assistenziale - 3 Previdenziale - 4 Assicurativa - 5 Arretrati - 6 Altro','C',{ts '2016-03-10 12:38:52.233'},'nino','N','smallint','smallint','System.Int16')
GO

IF exists(SELECT * FROM [coldescr] WHERE colname = 'taxref' AND tablename = 'tax')
UPDATE [coldescr] SET col_len = '20',col_precision = null,col_scale = null,description = 'codice riferimento imposta (tabella tax)',kind = 'S',lt = {ts '1900-01-01 03:00:07.363'},lu = 'lu',primarykey = 'N',sql_declaration = 'varchar(20)',sql_type = 'varchar',system_type = 'System.String' WHERE colname = 'taxref' AND tablename = 'tax'
ELSE
INSERT INTO [coldescr] (colname,tablename,col_len,col_precision,col_scale,description,kind,lt,lu,primarykey,sql_declaration,sql_type,system_type) VALUES ('taxref','tax','20',null,null,'codice riferimento imposta (tabella tax)','S',{ts '1900-01-01 03:00:07.363'},'lu','N','varchar(20)','varchar','System.String')
GO

-- FINE GENERAZIONE SCRIPT --


-- GENERAZIONE DATI PER colvalue --
IF exists(SELECT * FROM [colvalue] WHERE colname = 'flagunabatable' AND tablename = 'tax' AND value = 'N')
UPDATE [colvalue] SET description = null,lt = {ts '2016-02-07 11:10:49.143'},lu = 'Nino',title = 'Ritenuta detraibile' WHERE colname = 'flagunabatable' AND tablename = 'tax' AND value = 'N'
ELSE
INSERT INTO [colvalue] (colname,tablename,value,description,lt,lu,title) VALUES ('flagunabatable','tax','N',null,{ts '2016-02-07 11:10:49.143'},'Nino','Ritenuta detraibile')
GO

IF exists(SELECT * FROM [colvalue] WHERE colname = 'flagunabatable' AND tablename = 'tax' AND value = 'S')
UPDATE [colvalue] SET description = null,lt = {ts '2016-02-07 11:10:49.143'},lu = 'Nino',title = 'Ritenuta indetraibile' WHERE colname = 'flagunabatable' AND tablename = 'tax' AND value = 'S'
ELSE
INSERT INTO [colvalue] (colname,tablename,value,description,lt,lu,title) VALUES ('flagunabatable','tax','S',null,{ts '2016-02-07 11:10:49.143'},'Nino','Ritenuta indetraibile')
GO

IF exists(SELECT * FROM [colvalue] WHERE colname = 'taxkind' AND tablename = 'tax' AND value = '1')
UPDATE [colvalue] SET description = null,lt = {ts '2016-03-10 12:38:52.233'},lu = 'nino',title = 'Fiscale' WHERE colname = 'taxkind' AND tablename = 'tax' AND value = '1'
ELSE
INSERT INTO [colvalue] (colname,tablename,value,description,lt,lu,title) VALUES ('taxkind','tax','1',null,{ts '2016-03-10 12:38:52.233'},'nino','Fiscale')
GO

IF exists(SELECT * FROM [colvalue] WHERE colname = 'taxkind' AND tablename = 'tax' AND value = '2')
UPDATE [colvalue] SET description = null,lt = {ts '2016-03-10 12:38:52.233'},lu = 'nino',title = 'Assistenziale' WHERE colname = 'taxkind' AND tablename = 'tax' AND value = '2'
ELSE
INSERT INTO [colvalue] (colname,tablename,value,description,lt,lu,title) VALUES ('taxkind','tax','2',null,{ts '2016-03-10 12:38:52.233'},'nino','Assistenziale')
GO

IF exists(SELECT * FROM [colvalue] WHERE colname = 'taxkind' AND tablename = 'tax' AND value = '3')
UPDATE [colvalue] SET description = null,lt = {ts '2016-03-10 12:38:52.233'},lu = 'nino',title = 'Previdenziale' WHERE colname = 'taxkind' AND tablename = 'tax' AND value = '3'
ELSE
INSERT INTO [colvalue] (colname,tablename,value,description,lt,lu,title) VALUES ('taxkind','tax','3',null,{ts '2016-03-10 12:38:52.233'},'nino','Previdenziale')
GO

IF exists(SELECT * FROM [colvalue] WHERE colname = 'taxkind' AND tablename = 'tax' AND value = '4')
UPDATE [colvalue] SET description = null,lt = {ts '2016-03-10 12:38:52.233'},lu = 'nino',title = 'Assicurativa' WHERE colname = 'taxkind' AND tablename = 'tax' AND value = '4'
ELSE
INSERT INTO [colvalue] (colname,tablename,value,description,lt,lu,title) VALUES ('taxkind','tax','4',null,{ts '2016-03-10 12:38:52.233'},'nino','Assicurativa')
GO

IF exists(SELECT * FROM [colvalue] WHERE colname = 'taxkind' AND tablename = 'tax' AND value = '5')
UPDATE [colvalue] SET description = null,lt = {ts '2016-03-10 12:38:52.233'},lu = 'nino',title = 'Arretrati' WHERE colname = 'taxkind' AND tablename = 'tax' AND value = '5'
ELSE
INSERT INTO [colvalue] (colname,tablename,value,description,lt,lu,title) VALUES ('taxkind','tax','5',null,{ts '2016-03-10 12:38:52.233'},'nino','Arretrati')
GO

IF exists(SELECT * FROM [colvalue] WHERE colname = 'taxkind' AND tablename = 'tax' AND value = '6')
UPDATE [colvalue] SET description = null,lt = {ts '2016-03-10 12:38:52.233'},lu = 'nino',title = 'Altro' WHERE colname = 'taxkind' AND tablename = 'tax' AND value = '6'
ELSE
INSERT INTO [colvalue] (colname,tablename,value,description,lt,lu,title) VALUES ('taxkind','tax','6',null,{ts '2016-03-10 12:38:52.233'},'nino','Altro')
GO

-- FINE GENERAZIONE SCRIPT --


-- GENERAZIONE DATI PER relation --
IF exists(SELECT * FROM [relation] WHERE idrelation = '73')
UPDATE [relation] SET childtable = 'tax',description = 'ID Causale di Costo (tab. Accmotive)',lt = {ts '2017-05-20 09:19:36.140'},lu = 'lu',parenttable = 'accmotive',title = 'Tipi di ritenuta' WHERE idrelation = '73'
ELSE
INSERT INTO [relation] (idrelation,childtable,description,lt,lu,parenttable,title) VALUES ('73','tax','ID Causale di Costo (tab. Accmotive)',{ts '2017-05-20 09:19:36.140'},'lu','accmotive','Tipi di ritenuta')
GO

IF exists(SELECT * FROM [relation] WHERE idrelation = '74')
UPDATE [relation] SET childtable = 'tax',description = 'ID Causale di Debito (tab. Accmotive)',lt = {ts '2017-05-20 09:19:36.140'},lu = 'lu',parenttable = 'accmotive',title = 'Tipi di ritenuta' WHERE idrelation = '74'
ELSE
INSERT INTO [relation] (idrelation,childtable,description,lt,lu,parenttable,title) VALUES ('74','tax','ID Causale di Debito (tab. Accmotive)',{ts '2017-05-20 09:19:36.140'},'lu','accmotive','Tipi di ritenuta')
GO

IF exists(SELECT * FROM [relation] WHERE idrelation = '75')
UPDATE [relation] SET childtable = 'tax',description = 'ID Causale Liquidazione Ritenute (tab. Accmotive)',lt = {ts '2017-05-20 09:19:36.140'},lu = 'lu',parenttable = 'accmotive',title = 'Tipi di ritenuta' WHERE idrelation = '75'
ELSE
INSERT INTO [relation] (idrelation,childtable,description,lt,lu,parenttable,title) VALUES ('75','tax','ID Causale Liquidazione Ritenute (tab. Accmotive)',{ts '2017-05-20 09:19:36.140'},'lu','accmotive','Tipi di ritenuta')
GO

IF exists(SELECT * FROM [relation] WHERE idrelation = '3136')
UPDATE [relation] SET childtable = 'tax',description = 'ID Codice imponibile (tab . Taxablekind)',lt = {ts '2017-05-22 15:32:06.610'},lu = 'nino',parenttable = 'taxablekind',title = 'Tipi di ritenuta' WHERE idrelation = '3136'
ELSE
INSERT INTO [relation] (idrelation,childtable,description,lt,lu,parenttable,title) VALUES ('3136','tax','ID Codice imponibile (tab . Taxablekind)',{ts '2017-05-22 15:32:06.610'},'nino','taxablekind','Tipi di ritenuta')
GO

-- FINE GENERAZIONE SCRIPT --


-- GENERAZIONE DATI PER relationcol --
IF exists(SELECT * FROM [relationcol] WHERE idrelation = '73' AND parentcol = 'idaccmotive')
UPDATE [relationcol] SET childcol = 'idaccmotive_cost',lt = {ts '2017-05-20 09:19:36.287'},lu = 'lu' WHERE idrelation = '73' AND parentcol = 'idaccmotive'
ELSE
INSERT INTO [relationcol] (idrelation,parentcol,childcol,lt,lu) VALUES ('73','idaccmotive','idaccmotive_cost',{ts '2017-05-20 09:19:36.287'},'lu')
GO

-- FINE GENERAZIONE SCRIPT --

--[DBO]--
-- CREAZIONE VISTA accmotivesegview
IF EXISTS(select * from sysobjects where id = object_id(N'[dbo].[accmotivesegview]') and OBJECTPROPERTY(id, N'IsView') = 1)
DROP VIEW [dbo].[accmotivesegview]
GO

CREATE VIEW [dbo].[accmotivesegview] AS SELECT CASE WHEN accmotive.active = 'S' THEN 'Si' WHEN accmotive.active = 'N' THEN 'No' END AS accmotive_active, accmotive.codemotive AS accmotive_codemotive, accmotive.ct AS accmotive_ct, accmotive.cu AS accmotive_cu, accmotive.expensekind AS accmotive_expensekind, accmotive.flag AS accmotive_flag,CASE WHEN accmotive.flagamm = 'S' THEN 'Si' WHEN accmotive.flagamm = 'N' THEN 'No' END AS accmotive_flagamm,CASE WHEN accmotive.flagdep = 'S' THEN 'Si' WHEN accmotive.flagdep = 'N' THEN 'No' END AS accmotive_flagdep, accmotive.idaccmotive, accmotive.lt AS accmotive_lt, accmotive.lu AS accmotive_lu, accmotiveparent.codemotive AS accmotiveparent_codemotive, accmotiveparent.title AS accmotiveparent_title, accmotive.paridaccmotive, accmotive.title, isnull('' + accmotive.title,'') + ' ' + isnull('Codice:  ' + accmotive.codemotive,'') as dropdown_title FROM accmotive WITH (NOLOCK)  LEFT OUTER JOIN accmotive AS accmotiveparent WITH (NOLOCK) ON accmotive.paridaccmotive = accmotiveparent.idaccmotive WHERE  ISNULL(dbo.accmotive.active, 'S')  = 'S' AND accmotive.idaccmotive IS NOT NULL 
GO

-- VERIFICA DI accmotivesegview IN COLUMNTYPES --
DELETE FROM columntypes WHERE tablename = 'accmotivesegview'
INSERT INTO columntypes (format,allownull,tablename,sqldeclaration,createuser,field,col_len,denynull,sqltype,systemtype,defaultvalue,col_scale,lastmoduser,col_precision,iskey) VALUES('','S','accmotivesegview','varchar(2)','ASSISTENZA','accmotive_active','2','N','varchar','System.String','','','''ASSISTENZA''','','N')
GO

INSERT INTO columntypes (format,allownull,tablename,sqldeclaration,createuser,field,col_len,denynull,sqltype,systemtype,defaultvalue,col_scale,lastmoduser,col_precision,iskey) VALUES('','N','accmotivesegview','varchar(50)','ASSISTENZA','accmotive_codemotive','50','S','varchar','System.String','','','''ASSISTENZA''','','N')
GO

INSERT INTO columntypes (format,allownull,tablename,sqldeclaration,createuser,field,col_len,denynull,sqltype,systemtype,defaultvalue,col_scale,lastmoduser,col_precision,iskey) VALUES('','N','accmotivesegview','datetime','ASSISTENZA','accmotive_ct','8','S','datetime','System.DateTime','','','''ASSISTENZA''','','N')
GO

INSERT INTO columntypes (format,allownull,tablename,sqldeclaration,createuser,field,col_len,denynull,sqltype,systemtype,defaultvalue,col_scale,lastmoduser,col_precision,iskey) VALUES('','N','accmotivesegview','varchar(64)','ASSISTENZA','accmotive_cu','64','S','varchar','System.String','','','''ASSISTENZA''','','N')
GO

INSERT INTO columntypes (format,allownull,tablename,sqldeclaration,createuser,field,col_len,denynull,sqltype,systemtype,defaultvalue,col_scale,lastmoduser,col_precision,iskey) VALUES('','S','accmotivesegview','varchar(2)','ASSISTENZA','accmotive_expensekind','2','N','varchar','System.String','','','''ASSISTENZA''','','N')
GO

INSERT INTO columntypes (format,allownull,tablename,sqldeclaration,createuser,field,col_len,denynull,sqltype,systemtype,defaultvalue,col_scale,lastmoduser,col_precision,iskey) VALUES('','S','accmotivesegview','int','ASSISTENZA','accmotive_flag','4','N','int','System.Int32','','','''ASSISTENZA''','','N')
GO

INSERT INTO columntypes (format,allownull,tablename,sqldeclaration,createuser,field,col_len,denynull,sqltype,systemtype,defaultvalue,col_scale,lastmoduser,col_precision,iskey) VALUES('','S','accmotivesegview','varchar(2)','ASSISTENZA','accmotive_flagamm','2','N','varchar','System.String','','','''ASSISTENZA''','','N')
GO

INSERT INTO columntypes (format,allownull,tablename,sqldeclaration,createuser,field,col_len,denynull,sqltype,systemtype,defaultvalue,col_scale,lastmoduser,col_precision,iskey) VALUES('','S','accmotivesegview','varchar(2)','ASSISTENZA','accmotive_flagdep','2','N','varchar','System.String','','','''ASSISTENZA''','','N')
GO

INSERT INTO columntypes (format,allownull,tablename,sqldeclaration,createuser,field,col_len,denynull,sqltype,systemtype,defaultvalue,col_scale,lastmoduser,col_precision,iskey) VALUES('','N','accmotivesegview','datetime','ASSISTENZA','accmotive_lt','8','S','datetime','System.DateTime','','','''ASSISTENZA''','','N')
GO

INSERT INTO columntypes (format,allownull,tablename,sqldeclaration,createuser,field,col_len,denynull,sqltype,systemtype,defaultvalue,col_scale,lastmoduser,col_precision,iskey) VALUES('','N','accmotivesegview','varchar(64)','ASSISTENZA','accmotive_lu','64','S','varchar','System.String','','','''ASSISTENZA''','','N')
GO

INSERT INTO columntypes (format,allownull,tablename,sqldeclaration,createuser,field,col_len,denynull,sqltype,systemtype,defaultvalue,col_scale,lastmoduser,col_precision,iskey) VALUES('','S','accmotivesegview','varchar(50)','ASSISTENZA','accmotiveparent_codemotive','50','N','varchar','System.String','','','''ASSISTENZA''','','N')
GO

INSERT INTO columntypes (format,allownull,tablename,sqldeclaration,createuser,field,col_len,denynull,sqltype,systemtype,defaultvalue,col_scale,lastmoduser,col_precision,iskey) VALUES('','S','accmotivesegview','varchar(150)','ASSISTENZA','accmotiveparent_title','150','N','varchar','System.String','','','''ASSISTENZA''','','N')
GO

INSERT INTO columntypes (format,allownull,tablename,sqldeclaration,createuser,field,col_len,denynull,sqltype,systemtype,defaultvalue,col_scale,lastmoduser,col_precision,iskey) VALUES('','N','accmotivesegview','varchar(211)','ASSISTENZA','dropdown_title','211','S','varchar','System.String','','','''ASSISTENZA''','','N')
GO

INSERT INTO columntypes (format,allownull,tablename,sqldeclaration,createuser,field,col_len,denynull,sqltype,systemtype,defaultvalue,col_scale,lastmoduser,col_precision,iskey) VALUES('','N','accmotivesegview','varchar(36)','ASSISTENZA','idaccmotive','36','S','varchar','System.String','','','''ASSISTENZA''','','N')
GO

INSERT INTO columntypes (format,allownull,tablename,sqldeclaration,createuser,field,col_len,denynull,sqltype,systemtype,defaultvalue,col_scale,lastmoduser,col_precision,iskey) VALUES('','S','accmotivesegview','varchar(36)','ASSISTENZA','paridaccmotive','36','N','varchar','System.String','','','''ASSISTENZA''','','N')
GO

INSERT INTO columntypes (format,allownull,tablename,sqldeclaration,createuser,field,col_len,denynull,sqltype,systemtype,defaultvalue,col_scale,lastmoduser,col_precision,iskey) VALUES('','N','accmotivesegview','varchar(150)','ASSISTENZA','title','150','S','varchar','System.String','','','''ASSISTENZA''','','N')
GO

-- VERIFICA DI accmotivesegview IN CUSTOMOBJECT --
IF EXISTS(select * from customobject where objectname = 'accmotivesegview')
UPDATE customobject set isreal = 'N' where objectname = 'accmotivesegview'
ELSE
INSERT INTO customobject (objectname, isreal) values('accmotivesegview', 'N')
GO
-- FINE GENERAZIONE SCRIPT --

--[DBO]--
-- CREAZIONE VISTA progettoassetdefaultview
IF EXISTS(select * from sysobjects where id = object_id(N'[dbo].[progettoassetdefaultview]') and OBJECTPROPERTY(id, N'IsView') = 1)
DROP VIEW [dbo].[progettoassetdefaultview]
GO

CREATE VIEW [dbo].[progettoassetdefaultview] AS SELECT CASE WHEN progettoasset.aggiunta = 'S' THEN 'Si' WHEN progettoasset.aggiunta = 'N' THEN 'No' END AS progettoasset_aggiunta, progettoasset.costoorario AS progettoasset_costoorario, progettoasset.ct AS progettoasset_ct, progettoasset.cu AS progettoasset_cu, progettoasset.idasset, amministrazione.assetacquire.description AS assetacquire_description, amministrazione.assetacquire.idinv AS assetacquire_idinv, amministrazione.asset.idasset AS asset_idasset, amministrazione.asset.idpiece AS asset_idpiece, amministrazione.inventory.description AS inventory_description, amministrazione.asset.ninventory AS asset_ninventory, amministrazione.asset.rfid AS asset_rfid, progettoasset.idpiece, progettoasset.idprogetto, progettoasset.lt AS progettoasset_lt, progettoasset.lu AS progettoasset_lu, isnull('Descrizione Descrizione: ' + amministrazione.assetacquire.description + '; ','') + ' ' + isnull('Class. Inv. Descrizione: ' + CAST( amministrazione.assetacquire.idinv AS NVARCHAR(64)) + '; ','') + ' ' + isnull('Descrizione Inventario: ' + amministrazione.inventory.description + '; ','') as dropdown_title FROM progettoasset WITH (NOLOCK)  LEFT OUTER JOIN amministrazione.asset WITH (NOLOCK) ON progettoasset.idasset = amministrazione.asset.idasset AND progettoasset.idpiece = amministrazione.asset.idpiece LEFT OUTER JOIN amministrazione.assetacquire WITH (NOLOCK) ON asset.nassetacquire = amministrazione.assetacquire.nassetacquire LEFT OUTER JOIN amministrazione.inventory WITH (NOLOCK) ON asset.idinventory = amministrazione.inventory.idinventory WHERE  progettoasset.idasset IS NOT NULL  AND progettoasset.idpiece IS NOT NULL  AND progettoasset.idprogetto IS NOT NULL 
GO

-- VERIFICA DI progettoassetdefaultview IN COLUMNTYPES --
DELETE FROM columntypes WHERE tablename = 'progettoassetdefaultview'
INSERT INTO columntypes (format,allownull,tablename,sqldeclaration,createuser,field,col_len,denynull,sqltype,systemtype,defaultvalue,col_scale,lastmoduser,col_precision,iskey) VALUES('','S','progettoassetdefaultview','int','','asset_idasset','4','N','int','System.Int32','','','','','N')
GO

INSERT INTO columntypes (format,allownull,tablename,sqldeclaration,createuser,field,col_len,denynull,sqltype,systemtype,defaultvalue,col_scale,lastmoduser,col_precision,iskey) VALUES('','S','progettoassetdefaultview','int','','asset_idpiece','4','N','int','System.Int32','','','','','N')
GO

INSERT INTO columntypes (format,allownull,tablename,sqldeclaration,createuser,field,col_len,denynull,sqltype,systemtype,defaultvalue,col_scale,lastmoduser,col_precision,iskey) VALUES('','S','progettoassetdefaultview','int','','asset_ninventory','4','N','int','System.Int32','','','','','N')
GO

INSERT INTO columntypes (format,allownull,tablename,sqldeclaration,createuser,field,col_len,denynull,sqltype,systemtype,defaultvalue,col_scale,lastmoduser,col_precision,iskey) VALUES('','S','progettoassetdefaultview','varchar(30)','','asset_rfid','30','N','varchar','System.String','','','','','N')
GO

INSERT INTO columntypes (format,allownull,tablename,sqldeclaration,createuser,field,col_len,denynull,sqltype,systemtype,defaultvalue,col_scale,lastmoduser,col_precision,iskey) VALUES('','S','progettoassetdefaultview','varchar(150)','','assetacquire_description','150','N','varchar','System.String','','','','','N')
GO

INSERT INTO columntypes (format,allownull,tablename,sqldeclaration,createuser,field,col_len,denynull,sqltype,systemtype,defaultvalue,col_scale,lastmoduser,col_precision,iskey) VALUES('','S','progettoassetdefaultview','int','','assetacquire_idinv','4','N','int','System.Int32','','','','','N')
GO

INSERT INTO columntypes (format,allownull,tablename,sqldeclaration,createuser,field,col_len,denynull,sqltype,systemtype,defaultvalue,col_scale,lastmoduser,col_precision,iskey) VALUES('','N','progettoassetdefaultview','nvarchar(346)','','dropdown_title','346','S','nvarchar','System.String','','','','','N')
GO

INSERT INTO columntypes (format,allownull,tablename,sqldeclaration,createuser,field,col_len,denynull,sqltype,systemtype,defaultvalue,col_scale,lastmoduser,col_precision,iskey) VALUES('','N','progettoassetdefaultview','int','','idasset','4','S','int','System.Int32','','','','','N')
GO

INSERT INTO columntypes (format,allownull,tablename,sqldeclaration,createuser,field,col_len,denynull,sqltype,systemtype,defaultvalue,col_scale,lastmoduser,col_precision,iskey) VALUES('','N','progettoassetdefaultview','int','','idpiece','4','S','int','System.Int32','','','','','N')
GO

INSERT INTO columntypes (format,allownull,tablename,sqldeclaration,createuser,field,col_len,denynull,sqltype,systemtype,defaultvalue,col_scale,lastmoduser,col_precision,iskey) VALUES('','N','progettoassetdefaultview','int','','idprogetto','4','S','int','System.Int32','','','','','N')
GO

INSERT INTO columntypes (format,allownull,tablename,sqldeclaration,createuser,field,col_len,denynull,sqltype,systemtype,defaultvalue,col_scale,lastmoduser,col_precision,iskey) VALUES('','S','progettoassetdefaultview','varchar(50)','','inventory_description','50','N','varchar','System.String','','','','','N')
GO

INSERT INTO columntypes (format,allownull,tablename,sqldeclaration,createuser,field,col_len,denynull,sqltype,systemtype,defaultvalue,col_scale,lastmoduser,col_precision,iskey) VALUES('','S','progettoassetdefaultview','varchar(2)','','progettoasset_aggiunta','2','N','varchar','System.String','','','','','N')
GO

INSERT INTO columntypes (format,allownull,tablename,sqldeclaration,createuser,field,col_len,denynull,sqltype,systemtype,defaultvalue,col_scale,lastmoduser,col_precision,iskey) VALUES('','S','progettoassetdefaultview','decimal(10,2)','','progettoasset_costoorario','9','N','decimal','System.Decimal','','2','','10','N')
GO

INSERT INTO columntypes (format,allownull,tablename,sqldeclaration,createuser,field,col_len,denynull,sqltype,systemtype,defaultvalue,col_scale,lastmoduser,col_precision,iskey) VALUES('','N','progettoassetdefaultview','datetime','','progettoasset_ct','8','S','datetime','System.DateTime','','','','','N')
GO

INSERT INTO columntypes (format,allownull,tablename,sqldeclaration,createuser,field,col_len,denynull,sqltype,systemtype,defaultvalue,col_scale,lastmoduser,col_precision,iskey) VALUES('','N','progettoassetdefaultview','varchar(64)','','progettoasset_cu','64','S','varchar','System.String','','','','','N')
GO

INSERT INTO columntypes (format,allownull,tablename,sqldeclaration,createuser,field,col_len,denynull,sqltype,systemtype,defaultvalue,col_scale,lastmoduser,col_precision,iskey) VALUES('','N','progettoassetdefaultview','datetime','','progettoasset_lt','8','S','datetime','System.DateTime','','','','','N')
GO

INSERT INTO columntypes (format,allownull,tablename,sqldeclaration,createuser,field,col_len,denynull,sqltype,systemtype,defaultvalue,col_scale,lastmoduser,col_precision,iskey) VALUES('','N','progettoassetdefaultview','varchar(64)','','progettoasset_lu','64','S','varchar','System.String','','','','','N')
GO

-- VERIFICA DI progettoassetdefaultview IN CUSTOMOBJECT --
IF EXISTS(select * from customobject where objectname = 'progettoassetdefaultview')
UPDATE customobject set isreal = 'N' where objectname = 'progettoassetdefaultview'
ELSE
INSERT INTO customobject (objectname, isreal) values('progettoassetdefaultview', 'N')
GO
-- FINE GENERAZIONE SCRIPT --

--[DBO]--
-- CREAZIONE VISTA progettokindsegview
IF EXISTS(select * from sysobjects where id = object_id(N'[dbo].[progettokindsegview]') and OBJECTPROPERTY(id, N'IsView') = 1)
DROP VIEW [dbo].[progettokindsegview]
GO

CREATE VIEW [dbo].[progettokindsegview] AS SELECT  progettokind.ct AS progettokind_ct, progettokind.cu AS progettokind_cu, progettokind.description AS progettokind_description, progettoactivitykind.title AS progettoactivitykind_title, progettokind.idprogettoactivitykind AS progettokind_idprogettoactivitykind, progettokind.idprogettokind, progettokind.lt AS progettokind_lt, progettokind.lu AS progettokind_lu, progettokind.oredivisionecostostipendio AS progettokind_oredivisionecostostipendio, progettokind.title, isnull('Titolo: ' + progettokind.title + '; ','') as dropdown_title FROM progettokind WITH (NOLOCK)  LEFT OUTER JOIN progettoactivitykind WITH (NOLOCK) ON progettokind.idprogettoactivitykind = progettoactivitykind.idprogettoactivitykind WHERE  progettokind.idprogettokind IS NOT NULL 
GO

-- VERIFICA DI progettokindsegview IN COLUMNTYPES --
DELETE FROM columntypes WHERE tablename = 'progettokindsegview'
INSERT INTO columntypes (format,allownull,tablename,sqldeclaration,createuser,field,col_len,denynull,sqltype,systemtype,defaultvalue,col_scale,lastmoduser,col_precision,iskey) VALUES('','N','progettokindsegview','nvarchar(2058)','ASSISTENZA','dropdown_title','2058','S','nvarchar','System.String','','','''ASSISTENZA''','','N')
GO

INSERT INTO columntypes (format,allownull,tablename,sqldeclaration,createuser,field,col_len,denynull,sqltype,systemtype,defaultvalue,col_scale,lastmoduser,col_precision,iskey) VALUES('','N','progettokindsegview','int','ASSISTENZA','idprogettokind','4','S','int','System.Int32','','','''ASSISTENZA''','','N')
GO

INSERT INTO columntypes (format,allownull,tablename,sqldeclaration,createuser,field,col_len,denynull,sqltype,systemtype,defaultvalue,col_scale,lastmoduser,col_precision,iskey) VALUES('','S','progettokindsegview','nvarchar(2048)','ASSISTENZA','progettoactivitykind_title','2048','N','nvarchar','System.String','','','''ASSISTENZA''','','N')
GO

INSERT INTO columntypes (format,allownull,tablename,sqldeclaration,createuser,field,col_len,denynull,sqltype,systemtype,defaultvalue,col_scale,lastmoduser,col_precision,iskey) VALUES('','S','progettokindsegview','datetime','ASSISTENZA','progettokind_ct','8','N','datetime','System.DateTime','','','''ASSISTENZA''','','N')
GO

INSERT INTO columntypes (format,allownull,tablename,sqldeclaration,createuser,field,col_len,denynull,sqltype,systemtype,defaultvalue,col_scale,lastmoduser,col_precision,iskey) VALUES('','S','progettokindsegview','varchar(64)','ASSISTENZA','progettokind_cu','64','N','varchar','System.String','','','''ASSISTENZA''','','N')
GO

INSERT INTO columntypes (format,allownull,tablename,sqldeclaration,createuser,field,col_len,denynull,sqltype,systemtype,defaultvalue,col_scale,lastmoduser,col_precision,iskey) VALUES('','S','progettokindsegview','nvarchar(max)','ASSISTENZA','progettokind_description','0','N','nvarchar','System.String','','','''ASSISTENZA''','','N')
GO

INSERT INTO columntypes (format,allownull,tablename,sqldeclaration,createuser,field,col_len,denynull,sqltype,systemtype,defaultvalue,col_scale,lastmoduser,col_precision,iskey) VALUES('','S','progettokindsegview','int','ASSISTENZA','progettokind_idprogettoactivitykind','4','N','int','System.Int32','','','''ASSISTENZA''','','N')
GO

INSERT INTO columntypes (format,allownull,tablename,sqldeclaration,createuser,field,col_len,denynull,sqltype,systemtype,defaultvalue,col_scale,lastmoduser,col_precision,iskey) VALUES('','S','progettokindsegview','datetime','ASSISTENZA','progettokind_lt','8','N','datetime','System.DateTime','','','''ASSISTENZA''','','N')
GO

INSERT INTO columntypes (format,allownull,tablename,sqldeclaration,createuser,field,col_len,denynull,sqltype,systemtype,defaultvalue,col_scale,lastmoduser,col_precision,iskey) VALUES('','S','progettokindsegview','varchar(64)','ASSISTENZA','progettokind_lu','64','N','varchar','System.String','','','''ASSISTENZA''','','N')
GO

INSERT INTO columntypes (format,allownull,tablename,sqldeclaration,createuser,field,col_len,denynull,sqltype,systemtype,defaultvalue,col_scale,lastmoduser,col_precision,iskey) VALUES('','S','progettokindsegview','int','ASSISTENZA','progettokind_oredivisionecostostipendio','4','N','int','System.Int32','','','''ASSISTENZA''','','N')
GO

INSERT INTO columntypes (format,allownull,tablename,sqldeclaration,createuser,field,col_len,denynull,sqltype,systemtype,defaultvalue,col_scale,lastmoduser,col_precision,iskey) VALUES('','S','progettokindsegview','nvarchar(2048)','ASSISTENZA','title','2048','N','nvarchar','System.String','','','''ASSISTENZA''','','N')
GO

-- VERIFICA DI progettokindsegview IN CUSTOMOBJECT --
IF EXISTS(select * from customobject where objectname = 'progettokindsegview')
UPDATE customobject set isreal = 'N' where objectname = 'progettokindsegview'
ELSE
INSERT INTO customobject (objectname, isreal) values('progettokindsegview', 'N')
GO
-- FINE GENERAZIONE SCRIPT --

--[DBO]--
-- CREAZIONE VISTA progettosegview
IF EXISTS(select * from sysobjects where id = object_id(N'[dbo].[progettosegview]') and OBJECTPROPERTY(id, N'IsView') = 1)
DROP VIEW [dbo].[progettosegview]
GO

CREATE VIEW [dbo].[progettosegview] AS SELECT  progetto.budget AS progetto_budget, progetto.budgetcalcolato AS progetto_budgetcalcolato, progetto.budgetcalcolatodate AS progetto_budgetcalcolatodate, progetto.capofilatxt AS progetto_capofilatxt, progetto.codiceidentificativo AS progetto_codiceidentificativo, progetto.contributo AS progetto_contributo, progetto.contributoente AS progetto_contributoente, progetto.ct AS progetto_ct, progetto.cu AS progetto_cu, progetto.cup AS progetto_cup, progetto.data AS progetto_data, progetto.description AS progetto_description, progetto.durata AS progetto_durata, progetto.finanziatoretxt AS progetto_finanziatoretxt, corsostudio.title AS corsostudio_title, corsostudio.annoistituz AS corsostudio_annoistituz, progetto.idcorsostudio, currency.codecurrency AS currency_codecurrency, progetto.idcurrency, duratakind.title AS duratakind_title, progetto.idduratakind AS progetto_idduratakind, progetto.idprogetto, progettokind.title AS progettokind_title, progetto.idprogettokind AS progetto_idprogettokind, progettostatuskind.title AS progettostatuskind_title, progetto.idprogettostatuskind AS progetto_idprogettostatuskind, registry.title AS registry_title, progetto.idreg, registry_registry_aziendeaziende.title AS registryaziende_title, progetto.idreg_aziende, registry_registry_aziendeaziende_fin.title AS registryaziende_fin_title, progetto.idreg_aziende_fin, registryprogfin.title AS registryprogfin_title, registryprogfin.code AS registryprogfin_code, progetto.idregistryprogfin AS progetto_idregistryprogfin, registryprogfinbando.title AS registryprogfinbando_title, registryprogfinbando.number AS registryprogfinbando_number, registryprogfinbando.scadenza AS registryprogfinbando_scadenza, progetto.idregistryprogfinbando AS progetto_idregistryprogfinbando, progetto.lt AS progetto_lt, progetto.lu AS progetto_lu, progetto.start AS progetto_start, progetto.stop AS progetto_stop, progetto.title AS progetto_title, progetto.titolobreve, progetto.totalbudget AS progetto_totalbudget, progetto.totalcontributo AS progetto_totalcontributo, progetto.url AS progetto_url, isnull('Titolo breve o acronimo: ' + progetto.titolobreve + '; ','') as dropdown_title FROM progetto WITH (NOLOCK)  LEFT OUTER JOIN corsostudio WITH (NOLOCK) ON progetto.idcorsostudio = corsostudio.idcorsostudio AND progetto.idduratakind = corsostudio.idduratakind LEFT OUTER JOIN currency WITH (NOLOCK) ON progetto.idcurrency = currency.idcurrency LEFT OUTER JOIN duratakind WITH (NOLOCK) ON progetto.idduratakind = duratakind.idduratakind LEFT OUTER JOIN progettokind WITH (NOLOCK) ON progetto.idprogettokind = progettokind.idprogettokind LEFT OUTER JOIN progettostatuskind WITH (NOLOCK) ON progetto.idprogettostatuskind = progettostatuskind.idprogettostatuskind LEFT OUTER JOIN registry WITH (NOLOCK) ON progetto.idreg = registry.idreg AND progetto.idreg_aziende = registry.idreg AND progetto.idreg_aziende_fin = registry.idreg LEFT OUTER JOIN registry_aziende AS registry_aziendeaziende WITH (NOLOCK) ON progetto.idreg = registry_aziendeaziende.idreg AND progetto.idreg_aziende = registry_aziendeaziende.idreg AND progetto.idreg_aziende_fin = registry_aziendeaziende.idreg LEFT OUTER JOIN registry AS registry_registry_aziendeaziende WITH (NOLOCK) ON registry_aziendeaziende.idreg = registry_registry_aziendeaziende.idreg LEFT OUTER JOIN registry_aziende AS registry_aziendeaziende_fin WITH (NOLOCK) ON progetto.idreg = registry_aziendeaziende_fin.idreg AND progetto.idreg_aziende = registry_aziendeaziende_fin.idreg AND progetto.idreg_aziende_fin = registry_aziendeaziende_fin.idreg LEFT OUTER JOIN registry AS registry_registry_aziendeaziende_fin WITH (NOLOCK) ON registry_aziendeaziende_fin.idreg = registry_registry_aziendeaziende_fin.idreg LEFT OUTER JOIN registryprogfin WITH (NOLOCK) ON progetto.idreg = registryprogfin.idreg AND progetto.idreg_aziende = registryprogfin.idreg AND progetto.idreg_aziende_fin = registryprogfin.idreg AND progetto.idregistryprogfin = registryprogfin.idregistryprogfin LEFT OUTER JOIN registryprogfinbando WITH (NOLOCK) ON progetto.idreg = registryprogfinbando.idreg AND progetto.idreg_aziende = registryprogfinbando.idreg AND progetto.idreg_aziende_fin = registryprogfinbando.idreg AND progetto.idregistryprogfin = registryprogfinbando.idregistryprogfin AND progetto.idregistryprogfinbando = registryprogfinbando.idregistryprogfinbando WHERE  progetto.idprogetto IS NOT NULL 
GO

-- VERIFICA DI progettosegview IN COLUMNTYPES --
DELETE FROM columntypes WHERE tablename = 'progettosegview'
INSERT INTO columntypes (format,allownull,tablename,sqldeclaration,createuser,field,col_len,denynull,sqltype,systemtype,defaultvalue,col_scale,lastmoduser,col_precision,iskey) VALUES('','S','progettosegview','int','ASSISTENZA','corsostudio_annoistituz','4','N','int','System.Int32','','','''ASSISTENZA''','','N')
GO

INSERT INTO columntypes (format,allownull,tablename,sqldeclaration,createuser,field,col_len,denynull,sqltype,systemtype,defaultvalue,col_scale,lastmoduser,col_precision,iskey) VALUES('','S','progettosegview','varchar(1024)','ASSISTENZA','corsostudio_title','1024','N','varchar','System.String','','','''ASSISTENZA''','','N')
GO

INSERT INTO columntypes (format,allownull,tablename,sqldeclaration,createuser,field,col_len,denynull,sqltype,systemtype,defaultvalue,col_scale,lastmoduser,col_precision,iskey) VALUES('','S','progettosegview','varchar(20)','','currency_codecurrency','20','N','varchar','System.String','','','','','N')
GO

INSERT INTO columntypes (format,allownull,tablename,sqldeclaration,createuser,field,col_len,denynull,sqltype,systemtype,defaultvalue,col_scale,lastmoduser,col_precision,iskey) VALUES('','N','progettosegview','nvarchar(2075)','ASSISTENZA','dropdown_title','2075','S','nvarchar','System.String','','','''ASSISTENZA''','','N')
GO

INSERT INTO columntypes (format,allownull,tablename,sqldeclaration,createuser,field,col_len,denynull,sqltype,systemtype,defaultvalue,col_scale,lastmoduser,col_precision,iskey) VALUES('','S','progettosegview','varchar(50)','ASSISTENZA','duratakind_title','50','N','varchar','System.String','','','''ASSISTENZA''','','N')
GO

INSERT INTO columntypes (format,allownull,tablename,sqldeclaration,createuser,field,col_len,denynull,sqltype,systemtype,defaultvalue,col_scale,lastmoduser,col_precision,iskey) VALUES('','S','progettosegview','int','ASSISTENZA','idcorsostudio','4','N','int','System.Int32','','','''ASSISTENZA''','','N')
GO

INSERT INTO columntypes (format,allownull,tablename,sqldeclaration,createuser,field,col_len,denynull,sqltype,systemtype,defaultvalue,col_scale,lastmoduser,col_precision,iskey) VALUES('','S','progettosegview','int','','idcurrency','4','N','int','System.Int32','','','','','N')
GO

INSERT INTO columntypes (format,allownull,tablename,sqldeclaration,createuser,field,col_len,denynull,sqltype,systemtype,defaultvalue,col_scale,lastmoduser,col_precision,iskey) VALUES('','N','progettosegview','int','ASSISTENZA','idprogetto','4','S','int','System.Int32','','','''ASSISTENZA''','','N')
GO

INSERT INTO columntypes (format,allownull,tablename,sqldeclaration,createuser,field,col_len,denynull,sqltype,systemtype,defaultvalue,col_scale,lastmoduser,col_precision,iskey) VALUES('','S','progettosegview','int','ASSISTENZA','idreg','4','N','int','System.Int32','','','''ASSISTENZA''','','N')
GO

INSERT INTO columntypes (format,allownull,tablename,sqldeclaration,createuser,field,col_len,denynull,sqltype,systemtype,defaultvalue,col_scale,lastmoduser,col_precision,iskey) VALUES('','S','progettosegview','int','ASSISTENZA','idreg_aziende','4','N','int','System.Int32','','','''ASSISTENZA''','','N')
GO

INSERT INTO columntypes (format,allownull,tablename,sqldeclaration,createuser,field,col_len,denynull,sqltype,systemtype,defaultvalue,col_scale,lastmoduser,col_precision,iskey) VALUES('','S','progettosegview','int','ASSISTENZA','idreg_aziende_fin','4','N','int','System.Int32','','','''ASSISTENZA''','','N')
GO

INSERT INTO columntypes (format,allownull,tablename,sqldeclaration,createuser,field,col_len,denynull,sqltype,systemtype,defaultvalue,col_scale,lastmoduser,col_precision,iskey) VALUES('','S','progettosegview','decimal(14,2)','ASSISTENZA','progetto_budget','9','N','decimal','System.Decimal','','2','''ASSISTENZA''','14','N')
GO

INSERT INTO columntypes (format,allownull,tablename,sqldeclaration,createuser,field,col_len,denynull,sqltype,systemtype,defaultvalue,col_scale,lastmoduser,col_precision,iskey) VALUES('','S','progettosegview','decimal(14,2)','ASSISTENZA','progetto_budgetcalcolato','9','N','decimal','System.Decimal','','2','''ASSISTENZA''','14','N')
GO

INSERT INTO columntypes (format,allownull,tablename,sqldeclaration,createuser,field,col_len,denynull,sqltype,systemtype,defaultvalue,col_scale,lastmoduser,col_precision,iskey) VALUES('','S','progettosegview','datetime','ASSISTENZA','progetto_budgetcalcolatodate','8','N','datetime','System.DateTime','','','''ASSISTENZA''','','N')
GO

INSERT INTO columntypes (format,allownull,tablename,sqldeclaration,createuser,field,col_len,denynull,sqltype,systemtype,defaultvalue,col_scale,lastmoduser,col_precision,iskey) VALUES('','S','progettosegview','nvarchar(2048)','ASSISTENZA','progetto_capofilatxt','2048','N','nvarchar','System.String','','','''ASSISTENZA''','','N')
GO

INSERT INTO columntypes (format,allownull,tablename,sqldeclaration,createuser,field,col_len,denynull,sqltype,systemtype,defaultvalue,col_scale,lastmoduser,col_precision,iskey) VALUES('','S','progettosegview','varchar(2048)','','progetto_codiceidentificativo','2048','N','varchar','System.String','','','','','N')
GO

INSERT INTO columntypes (format,allownull,tablename,sqldeclaration,createuser,field,col_len,denynull,sqltype,systemtype,defaultvalue,col_scale,lastmoduser,col_precision,iskey) VALUES('','S','progettosegview','decimal(14,2)','ASSISTENZA','progetto_contributo','9','N','decimal','System.Decimal','','2','''ASSISTENZA''','14','N')
GO

INSERT INTO columntypes (format,allownull,tablename,sqldeclaration,createuser,field,col_len,denynull,sqltype,systemtype,defaultvalue,col_scale,lastmoduser,col_precision,iskey) VALUES('','S','progettosegview','decimal(14,2)','ASSISTENZA','progetto_contributoente','9','N','decimal','System.Decimal','','2','''ASSISTENZA''','14','N')
GO

INSERT INTO columntypes (format,allownull,tablename,sqldeclaration,createuser,field,col_len,denynull,sqltype,systemtype,defaultvalue,col_scale,lastmoduser,col_precision,iskey) VALUES('','N','progettosegview','datetime','ASSISTENZA','progetto_ct','8','S','datetime','System.DateTime','','','''ASSISTENZA''','','N')
GO

INSERT INTO columntypes (format,allownull,tablename,sqldeclaration,createuser,field,col_len,denynull,sqltype,systemtype,defaultvalue,col_scale,lastmoduser,col_precision,iskey) VALUES('','N','progettosegview','varchar(64)','ASSISTENZA','progetto_cu','64','S','varchar','System.String','','','''ASSISTENZA''','','N')
GO

INSERT INTO columntypes (format,allownull,tablename,sqldeclaration,createuser,field,col_len,denynull,sqltype,systemtype,defaultvalue,col_scale,lastmoduser,col_precision,iskey) VALUES('','S','progettosegview','varchar(15)','ASSISTENZA','progetto_cup','15','N','varchar','System.String','','','''ASSISTENZA''','','N')
GO

INSERT INTO columntypes (format,allownull,tablename,sqldeclaration,createuser,field,col_len,denynull,sqltype,systemtype,defaultvalue,col_scale,lastmoduser,col_precision,iskey) VALUES('','S','progettosegview','date','ASSISTENZA','progetto_data','3','N','date','System.DateTime','','','''ASSISTENZA''','','N')
GO

INSERT INTO columntypes (format,allownull,tablename,sqldeclaration,createuser,field,col_len,denynull,sqltype,systemtype,defaultvalue,col_scale,lastmoduser,col_precision,iskey) VALUES('','S','progettosegview','nvarchar(max)','ASSISTENZA','progetto_description','0','N','nvarchar','System.String','','','''ASSISTENZA''','','N')
GO

INSERT INTO columntypes (format,allownull,tablename,sqldeclaration,createuser,field,col_len,denynull,sqltype,systemtype,defaultvalue,col_scale,lastmoduser,col_precision,iskey) VALUES('','S','progettosegview','int','ASSISTENZA','progetto_durata','4','N','int','System.Int32','','','''ASSISTENZA''','','N')
GO

INSERT INTO columntypes (format,allownull,tablename,sqldeclaration,createuser,field,col_len,denynull,sqltype,systemtype,defaultvalue,col_scale,lastmoduser,col_precision,iskey) VALUES('','S','progettosegview','nvarchar(2048)','ASSISTENZA','progetto_finanziatoretxt','2048','N','nvarchar','System.String','','','''ASSISTENZA''','','N')
GO

INSERT INTO columntypes (format,allownull,tablename,sqldeclaration,createuser,field,col_len,denynull,sqltype,systemtype,defaultvalue,col_scale,lastmoduser,col_precision,iskey) VALUES('','S','progettosegview','int','ASSISTENZA','progetto_idduratakind','4','N','int','System.Int32','','','''ASSISTENZA''','','N')
GO

INSERT INTO columntypes (format,allownull,tablename,sqldeclaration,createuser,field,col_len,denynull,sqltype,systemtype,defaultvalue,col_scale,lastmoduser,col_precision,iskey) VALUES('','S','progettosegview','int','ASSISTENZA','progetto_idprogettokind','4','N','int','System.Int32','','','''ASSISTENZA''','','N')
GO

INSERT INTO columntypes (format,allownull,tablename,sqldeclaration,createuser,field,col_len,denynull,sqltype,systemtype,defaultvalue,col_scale,lastmoduser,col_precision,iskey) VALUES('','S','progettosegview','int','ASSISTENZA','progetto_idprogettostatuskind','4','N','int','System.Int32','','','''ASSISTENZA''','','N')
GO

INSERT INTO columntypes (format,allownull,tablename,sqldeclaration,createuser,field,col_len,denynull,sqltype,systemtype,defaultvalue,col_scale,lastmoduser,col_precision,iskey) VALUES('','S','progettosegview','int','ASSISTENZA','progetto_idregistryprogfin','4','N','int','System.Int32','','','''ASSISTENZA''','','N')
GO

INSERT INTO columntypes (format,allownull,tablename,sqldeclaration,createuser,field,col_len,denynull,sqltype,systemtype,defaultvalue,col_scale,lastmoduser,col_precision,iskey) VALUES('','S','progettosegview','int','ASSISTENZA','progetto_idregistryprogfinbando','4','N','int','System.Int32','','','''ASSISTENZA''','','N')
GO

INSERT INTO columntypes (format,allownull,tablename,sqldeclaration,createuser,field,col_len,denynull,sqltype,systemtype,defaultvalue,col_scale,lastmoduser,col_precision,iskey) VALUES('','N','progettosegview','datetime','ASSISTENZA','progetto_lt','8','S','datetime','System.DateTime','','','''ASSISTENZA''','','N')
GO

INSERT INTO columntypes (format,allownull,tablename,sqldeclaration,createuser,field,col_len,denynull,sqltype,systemtype,defaultvalue,col_scale,lastmoduser,col_precision,iskey) VALUES('','N','progettosegview','varchar(64)','ASSISTENZA','progetto_lu','64','S','varchar','System.String','','','''ASSISTENZA''','','N')
GO

INSERT INTO columntypes (format,allownull,tablename,sqldeclaration,createuser,field,col_len,denynull,sqltype,systemtype,defaultvalue,col_scale,lastmoduser,col_precision,iskey) VALUES('','S','progettosegview','date','ASSISTENZA','progetto_start','3','N','date','System.DateTime','','','''ASSISTENZA''','','N')
GO

INSERT INTO columntypes (format,allownull,tablename,sqldeclaration,createuser,field,col_len,denynull,sqltype,systemtype,defaultvalue,col_scale,lastmoduser,col_precision,iskey) VALUES('','S','progettosegview','date','ASSISTENZA','progetto_stop','3','N','date','System.DateTime','','','''ASSISTENZA''','','N')
GO

INSERT INTO columntypes (format,allownull,tablename,sqldeclaration,createuser,field,col_len,denynull,sqltype,systemtype,defaultvalue,col_scale,lastmoduser,col_precision,iskey) VALUES('','S','progettosegview','nvarchar(4000)','ASSISTENZA','progetto_title','4000','N','nvarchar','System.String','','','''ASSISTENZA''','','N')
GO

INSERT INTO columntypes (format,allownull,tablename,sqldeclaration,createuser,field,col_len,denynull,sqltype,systemtype,defaultvalue,col_scale,lastmoduser,col_precision,iskey) VALUES('','S','progettosegview','decimal(14,2)','ASSISTENZA','progetto_totalbudget','9','N','decimal','System.Decimal','','2','''ASSISTENZA''','14','N')
GO

INSERT INTO columntypes (format,allownull,tablename,sqldeclaration,createuser,field,col_len,denynull,sqltype,systemtype,defaultvalue,col_scale,lastmoduser,col_precision,iskey) VALUES('','S','progettosegview','decimal(14,2)','','progetto_totalcontributo','9','N','decimal','System.Decimal','','2','','14','N')
GO

INSERT INTO columntypes (format,allownull,tablename,sqldeclaration,createuser,field,col_len,denynull,sqltype,systemtype,defaultvalue,col_scale,lastmoduser,col_precision,iskey) VALUES('','S','progettosegview','varchar(1024)','','progetto_url','1024','N','varchar','System.String','','','','','N')
GO

INSERT INTO columntypes (format,allownull,tablename,sqldeclaration,createuser,field,col_len,denynull,sqltype,systemtype,defaultvalue,col_scale,lastmoduser,col_precision,iskey) VALUES('','S','progettosegview','nvarchar(2048)','ASSISTENZA','progettokind_title','2048','N','nvarchar','System.String','','','''ASSISTENZA''','','N')
GO

INSERT INTO columntypes (format,allownull,tablename,sqldeclaration,createuser,field,col_len,denynull,sqltype,systemtype,defaultvalue,col_scale,lastmoduser,col_precision,iskey) VALUES('','S','progettosegview','varchar(50)','ASSISTENZA','progettostatuskind_title','50','N','varchar','System.String','','','''ASSISTENZA''','','N')
GO

INSERT INTO columntypes (format,allownull,tablename,sqldeclaration,createuser,field,col_len,denynull,sqltype,systemtype,defaultvalue,col_scale,lastmoduser,col_precision,iskey) VALUES('','S','progettosegview','varchar(101)','ASSISTENZA','registry_title','101','N','varchar','System.String','','','''ASSISTENZA''','','N')
GO

INSERT INTO columntypes (format,allownull,tablename,sqldeclaration,createuser,field,col_len,denynull,sqltype,systemtype,defaultvalue,col_scale,lastmoduser,col_precision,iskey) VALUES('','S','progettosegview','varchar(101)','ASSISTENZA','registryaziende_fin_title','101','N','varchar','System.String','','','''ASSISTENZA''','','N')
GO

INSERT INTO columntypes (format,allownull,tablename,sqldeclaration,createuser,field,col_len,denynull,sqltype,systemtype,defaultvalue,col_scale,lastmoduser,col_precision,iskey) VALUES('','S','progettosegview','varchar(101)','ASSISTENZA','registryaziende_title','101','N','varchar','System.String','','','''ASSISTENZA''','','N')
GO

INSERT INTO columntypes (format,allownull,tablename,sqldeclaration,createuser,field,col_len,denynull,sqltype,systemtype,defaultvalue,col_scale,lastmoduser,col_precision,iskey) VALUES('','S','progettosegview','nvarchar(2048)','ASSISTENZA','registryprogfin_code','2048','N','nvarchar','System.String','','','''ASSISTENZA''','','N')
GO

INSERT INTO columntypes (format,allownull,tablename,sqldeclaration,createuser,field,col_len,denynull,sqltype,systemtype,defaultvalue,col_scale,lastmoduser,col_precision,iskey) VALUES('','S','progettosegview','nvarchar(2048)','ASSISTENZA','registryprogfin_title','2048','N','nvarchar','System.String','','','''ASSISTENZA''','','N')
GO

INSERT INTO columntypes (format,allownull,tablename,sqldeclaration,createuser,field,col_len,denynull,sqltype,systemtype,defaultvalue,col_scale,lastmoduser,col_precision,iskey) VALUES('','S','progettosegview','nvarchar(2048)','ASSISTENZA','registryprogfinbando_number','2048','N','nvarchar','System.String','','','''ASSISTENZA''','','N')
GO

INSERT INTO columntypes (format,allownull,tablename,sqldeclaration,createuser,field,col_len,denynull,sqltype,systemtype,defaultvalue,col_scale,lastmoduser,col_precision,iskey) VALUES('','S','progettosegview','date','ASSISTENZA','registryprogfinbando_scadenza','3','N','date','System.DateTime','','','''ASSISTENZA''','','N')
GO

INSERT INTO columntypes (format,allownull,tablename,sqldeclaration,createuser,field,col_len,denynull,sqltype,systemtype,defaultvalue,col_scale,lastmoduser,col_precision,iskey) VALUES('','S','progettosegview','nvarchar(2048)','ASSISTENZA','registryprogfinbando_title','2048','N','nvarchar','System.String','','','''ASSISTENZA''','','N')
GO

INSERT INTO columntypes (format,allownull,tablename,sqldeclaration,createuser,field,col_len,denynull,sqltype,systemtype,defaultvalue,col_scale,lastmoduser,col_precision,iskey) VALUES('','S','progettosegview','nvarchar(2048)','ASSISTENZA','titolobreve','2048','N','nvarchar','System.String','','','''ASSISTENZA''','','N')
GO

-- VERIFICA DI progettosegview IN CUSTOMOBJECT --
IF EXISTS(select * from customobject where objectname = 'progettosegview')
UPDATE customobject set isreal = 'N' where objectname = 'progettosegview'
ELSE
INSERT INTO customobject (objectname, isreal) values('progettosegview', 'N')
GO
-- FINE GENERAZIONE SCRIPT --

--[DBO]--
-- CREAZIONE VISTA progettoudrmembrokinddefaultview
IF EXISTS(select * from sysobjects where id = object_id(N'[dbo].[progettoudrmembrokinddefaultview]') and OBJECTPROPERTY(id, N'IsView') = 1)
DROP VIEW [dbo].[progettoudrmembrokinddefaultview]
GO

CREATE VIEW [dbo].[progettoudrmembrokinddefaultview] AS SELECT CASE WHEN progettoudrmembrokind.active = 'S' THEN 'Si' WHEN progettoudrmembrokind.active = 'N' THEN 'No' END AS progettoudrmembrokind_active, progettoudrmembrokind.ct AS progettoudrmembrokind_ct, progettoudrmembrokind.cu AS progettoudrmembrokind_cu, progettoudrmembrokind.description AS progettoudrmembrokind_description, progettoudrmembrokind.idprogettoudrmembrokind, progettoudrmembrokind.lt AS progettoudrmembrokind_lt, progettoudrmembrokind.lu AS progettoudrmembrokind_lu, progettoudrmembrokind.sortcode AS progettoudrmembrokind_sortcode, progettoudrmembrokind.title, isnull('Tipo di membro: ' + progettoudrmembrokind.title + '; ','') as dropdown_title FROM progettoudrmembrokind WITH (NOLOCK)  WHERE  progettoudrmembrokind.idprogettoudrmembrokind IS NOT NULL 
GO

-- VERIFICA DI progettoudrmembrokinddefaultview IN COLUMNTYPES --
DELETE FROM columntypes WHERE tablename = 'progettoudrmembrokinddefaultview'
INSERT INTO columntypes (format,allownull,tablename,sqldeclaration,createuser,field,col_len,denynull,sqltype,systemtype,defaultvalue,col_scale,lastmoduser,col_precision,iskey) VALUES('','N','progettoudrmembrokinddefaultview','varchar(68)','','dropdown_title','68','S','varchar','System.String','','','','','N')
GO

INSERT INTO columntypes (format,allownull,tablename,sqldeclaration,createuser,field,col_len,denynull,sqltype,systemtype,defaultvalue,col_scale,lastmoduser,col_precision,iskey) VALUES('','N','progettoudrmembrokinddefaultview','int','','idprogettoudrmembrokind','4','S','int','System.Int32','','','','','N')
GO

INSERT INTO columntypes (format,allownull,tablename,sqldeclaration,createuser,field,col_len,denynull,sqltype,systemtype,defaultvalue,col_scale,lastmoduser,col_precision,iskey) VALUES('','S','progettoudrmembrokinddefaultview','varchar(2)','','progettoudrmembrokind_active','2','N','varchar','System.String','','','','','N')
GO

INSERT INTO columntypes (format,allownull,tablename,sqldeclaration,createuser,field,col_len,denynull,sqltype,systemtype,defaultvalue,col_scale,lastmoduser,col_precision,iskey) VALUES('','N','progettoudrmembrokinddefaultview','datetime','','progettoudrmembrokind_ct','8','S','datetime','System.DateTime','','','','','N')
GO

INSERT INTO columntypes (format,allownull,tablename,sqldeclaration,createuser,field,col_len,denynull,sqltype,systemtype,defaultvalue,col_scale,lastmoduser,col_precision,iskey) VALUES('','N','progettoudrmembrokinddefaultview','varchar(64)','','progettoudrmembrokind_cu','64','S','varchar','System.String','','','','','N')
GO

INSERT INTO columntypes (format,allownull,tablename,sqldeclaration,createuser,field,col_len,denynull,sqltype,systemtype,defaultvalue,col_scale,lastmoduser,col_precision,iskey) VALUES('','S','progettoudrmembrokinddefaultview','varchar(2048)','','progettoudrmembrokind_description','2048','N','varchar','System.String','','','','','N')
GO

INSERT INTO columntypes (format,allownull,tablename,sqldeclaration,createuser,field,col_len,denynull,sqltype,systemtype,defaultvalue,col_scale,lastmoduser,col_precision,iskey) VALUES('','N','progettoudrmembrokinddefaultview','datetime','','progettoudrmembrokind_lt','8','S','datetime','System.DateTime','','','','','N')
GO

INSERT INTO columntypes (format,allownull,tablename,sqldeclaration,createuser,field,col_len,denynull,sqltype,systemtype,defaultvalue,col_scale,lastmoduser,col_precision,iskey) VALUES('','N','progettoudrmembrokinddefaultview','varchar(64)','','progettoudrmembrokind_lu','64','S','varchar','System.String','','','','','N')
GO

INSERT INTO columntypes (format,allownull,tablename,sqldeclaration,createuser,field,col_len,denynull,sqltype,systemtype,defaultvalue,col_scale,lastmoduser,col_precision,iskey) VALUES('','S','progettoudrmembrokinddefaultview','int','','progettoudrmembrokind_sortcode','4','N','int','System.Int32','','','','','N')
GO

INSERT INTO columntypes (format,allownull,tablename,sqldeclaration,createuser,field,col_len,denynull,sqltype,systemtype,defaultvalue,col_scale,lastmoduser,col_precision,iskey) VALUES('','S','progettoudrmembrokinddefaultview','varchar(50)','','title','50','N','varchar','System.String','','','','','N')
GO

-- VERIFICA DI progettoudrmembrokinddefaultview IN CUSTOMOBJECT --
IF EXISTS(select * from customobject where objectname = 'progettoudrmembrokinddefaultview')
UPDATE customobject set isreal = 'N' where objectname = 'progettoudrmembrokinddefaultview'
ELSE
INSERT INTO customobject (objectname, isreal) values('progettoudrmembrokinddefaultview', 'N')
GO

-- GENERAZIONE DATI PER progettoudrmembrokinddefaultview --
-- FINE GENERAZIONE SCRIPT --

--[DBO]--
-- CREAZIONE VISTA rendicontattivitaprogettosegview
IF EXISTS(select * from sysobjects where id = object_id(N'[dbo].[rendicontattivitaprogettosegview]') and OBJECTPROPERTY(id, N'IsView') = 1)
DROP VIEW [dbo].[rendicontattivitaprogettosegview]
GO

CREATE VIEW [dbo].[rendicontattivitaprogettosegview] AS SELECT  rendicontattivitaprogetto.ct AS rendicontattivitaprogetto_ct, rendicontattivitaprogetto.cu AS rendicontattivitaprogetto_cu, rendicontattivitaprogetto.datainizioprevista AS rendicontattivitaprogetto_datainizioprevista, rendicontattivitaprogetto.description, amministrazione.itineration.description AS itineration_description, amministrazione.itineration.location AS itineration_location, amministrazione.itineration.starttime AS itineration_starttime, amministrazione.itineration.stoptime AS itineration_stoptime, rendicontattivitaprogetto.iditineration AS rendicontattivitaprogetto_iditineration, rendicontattivitaprogetto.idprogetto AS rendicontattivitaprogetto_idprogetto, registry.title AS registry_title, rendicontattivitaprogetto.idreg AS rendicontattivitaprogetto_idreg, rendicontattivitaprogetto.idrendicontattivitaprogetto, rendicontattivitaprogetto.idworkpackage AS rendicontattivitaprogetto_idworkpackage, rendicontattivitaprogetto.lt AS rendicontattivitaprogetto_lt, rendicontattivitaprogetto.lu AS rendicontattivitaprogetto_lu, rendicontattivitaprogetto.orepreventivate AS rendicontattivitaprogetto_orepreventivate, isnull('Descrizione: ' + rendicontattivitaprogetto.description + '; ','') as dropdown_title FROM rendicontattivitaprogetto WITH (NOLOCK)  LEFT OUTER JOIN amministrazione.itineration WITH (NOLOCK) ON rendicontattivitaprogetto.iditineration = amministrazione.itineration.iditineration LEFT OUTER JOIN registry WITH (NOLOCK) ON rendicontattivitaprogetto.idreg = registry.idreg WHERE  rendicontattivitaprogetto.idrendicontattivitaprogetto IS NOT NULL 
GO

-- VERIFICA DI rendicontattivitaprogettosegview IN COLUMNTYPES --
DELETE FROM columntypes WHERE tablename = 'rendicontattivitaprogettosegview'
INSERT INTO columntypes (format,allownull,tablename,sqldeclaration,createuser,field,col_len,denynull,sqltype,systemtype,defaultvalue,col_scale,lastmoduser,col_precision,iskey) VALUES('','S','rendicontattivitaprogettosegview','varchar(max)','ASSISTENZA','description','-1','N','varchar','System.String','','','''ASSISTENZA''','','N')
GO

INSERT INTO columntypes (format,allownull,tablename,sqldeclaration,createuser,field,col_len,denynull,sqltype,systemtype,defaultvalue,col_scale,lastmoduser,col_precision,iskey) VALUES('','N','rendicontattivitaprogettosegview','varchar(max)','ASSISTENZA','dropdown_title','-1','S','varchar','System.String','','','''ASSISTENZA''','','N')
GO

INSERT INTO columntypes (format,allownull,tablename,sqldeclaration,createuser,field,col_len,denynull,sqltype,systemtype,defaultvalue,col_scale,lastmoduser,col_precision,iskey) VALUES('','N','rendicontattivitaprogettosegview','int','ASSISTENZA','idrendicontattivitaprogetto','4','S','int','System.Int32','','','''ASSISTENZA''','','N')
GO

INSERT INTO columntypes (format,allownull,tablename,sqldeclaration,createuser,field,col_len,denynull,sqltype,systemtype,defaultvalue,col_scale,lastmoduser,col_precision,iskey) VALUES('','S','rendicontattivitaprogettosegview','varchar(150)','ASSISTENZA','itineration_description','150','N','varchar','System.String','','','''ASSISTENZA''','','N')
GO

INSERT INTO columntypes (format,allownull,tablename,sqldeclaration,createuser,field,col_len,denynull,sqltype,systemtype,defaultvalue,col_scale,lastmoduser,col_precision,iskey) VALUES('','S','rendicontattivitaprogettosegview','varchar(65)','ASSISTENZA','itineration_location','65','N','varchar','System.String','','','''ASSISTENZA''','','N')
GO

INSERT INTO columntypes (format,allownull,tablename,sqldeclaration,createuser,field,col_len,denynull,sqltype,systemtype,defaultvalue,col_scale,lastmoduser,col_precision,iskey) VALUES('','S','rendicontattivitaprogettosegview','datetime','ASSISTENZA','itineration_starttime','8','N','datetime','System.DateTime','','','''ASSISTENZA''','','N')
GO

INSERT INTO columntypes (format,allownull,tablename,sqldeclaration,createuser,field,col_len,denynull,sqltype,systemtype,defaultvalue,col_scale,lastmoduser,col_precision,iskey) VALUES('','S','rendicontattivitaprogettosegview','datetime','ASSISTENZA','itineration_stoptime','8','N','datetime','System.DateTime','','','''ASSISTENZA''','','N')
GO

INSERT INTO columntypes (format,allownull,tablename,sqldeclaration,createuser,field,col_len,denynull,sqltype,systemtype,defaultvalue,col_scale,lastmoduser,col_precision,iskey) VALUES('','S','rendicontattivitaprogettosegview','varchar(101)','ASSISTENZA','registry_title','101','N','varchar','System.String','','','''ASSISTENZA''','','N')
GO

INSERT INTO columntypes (format,allownull,tablename,sqldeclaration,createuser,field,col_len,denynull,sqltype,systemtype,defaultvalue,col_scale,lastmoduser,col_precision,iskey) VALUES('','N','rendicontattivitaprogettosegview','datetime','ASSISTENZA','rendicontattivitaprogetto_ct','8','S','datetime','System.DateTime','','','''ASSISTENZA''','','N')
GO

INSERT INTO columntypes (format,allownull,tablename,sqldeclaration,createuser,field,col_len,denynull,sqltype,systemtype,defaultvalue,col_scale,lastmoduser,col_precision,iskey) VALUES('','N','rendicontattivitaprogettosegview','varchar(64)','ASSISTENZA','rendicontattivitaprogetto_cu','64','S','varchar','System.String','','','''ASSISTENZA''','','N')
GO

INSERT INTO columntypes (format,allownull,tablename,sqldeclaration,createuser,field,col_len,denynull,sqltype,systemtype,defaultvalue,col_scale,lastmoduser,col_precision,iskey) VALUES('','S','rendicontattivitaprogettosegview','date','ASSISTENZA','rendicontattivitaprogetto_datainizioprevista','3','N','date','System.DateTime','','','''ASSISTENZA''','','N')
GO

INSERT INTO columntypes (format,allownull,tablename,sqldeclaration,createuser,field,col_len,denynull,sqltype,systemtype,defaultvalue,col_scale,lastmoduser,col_precision,iskey) VALUES('','S','rendicontattivitaprogettosegview','int','ASSISTENZA','rendicontattivitaprogetto_iditineration','4','N','int','System.Int32','','','''ASSISTENZA''','','N')
GO

INSERT INTO columntypes (format,allownull,tablename,sqldeclaration,createuser,field,col_len,denynull,sqltype,systemtype,defaultvalue,col_scale,lastmoduser,col_precision,iskey) VALUES('','N','rendicontattivitaprogettosegview','int','ASSISTENZA','rendicontattivitaprogetto_idprogetto','4','S','int','System.Int32','','','''ASSISTENZA''','','N')
GO

INSERT INTO columntypes (format,allownull,tablename,sqldeclaration,createuser,field,col_len,denynull,sqltype,systemtype,defaultvalue,col_scale,lastmoduser,col_precision,iskey) VALUES('','N','rendicontattivitaprogettosegview','int','ASSISTENZA','rendicontattivitaprogetto_idreg','4','S','int','System.Int32','','','''ASSISTENZA''','','N')
GO

INSERT INTO columntypes (format,allownull,tablename,sqldeclaration,createuser,field,col_len,denynull,sqltype,systemtype,defaultvalue,col_scale,lastmoduser,col_precision,iskey) VALUES('','N','rendicontattivitaprogettosegview','int','ASSISTENZA','rendicontattivitaprogetto_idworkpackage','4','S','int','System.Int32','','','''ASSISTENZA''','','N')
GO

INSERT INTO columntypes (format,allownull,tablename,sqldeclaration,createuser,field,col_len,denynull,sqltype,systemtype,defaultvalue,col_scale,lastmoduser,col_precision,iskey) VALUES('','N','rendicontattivitaprogettosegview','datetime','ASSISTENZA','rendicontattivitaprogetto_lt','8','S','datetime','System.DateTime','','','''ASSISTENZA''','','N')
GO

INSERT INTO columntypes (format,allownull,tablename,sqldeclaration,createuser,field,col_len,denynull,sqltype,systemtype,defaultvalue,col_scale,lastmoduser,col_precision,iskey) VALUES('','N','rendicontattivitaprogettosegview','varchar(64)','ASSISTENZA','rendicontattivitaprogetto_lu','64','S','varchar','System.String','','','''ASSISTENZA''','','N')
GO

INSERT INTO columntypes (format,allownull,tablename,sqldeclaration,createuser,field,col_len,denynull,sqltype,systemtype,defaultvalue,col_scale,lastmoduser,col_precision,iskey) VALUES('','S','rendicontattivitaprogettosegview','int','ASSISTENZA','rendicontattivitaprogetto_orepreventivate','4','N','int','System.Int32','','','''ASSISTENZA''','','N')
GO

-- VERIFICA DI rendicontattivitaprogettosegview IN CUSTOMOBJECT --
IF EXISTS(select * from customobject where objectname = 'rendicontattivitaprogettosegview')
UPDATE customobject set isreal = 'N' where objectname = 'rendicontattivitaprogettosegview'
ELSE
INSERT INTO customobject (objectname, isreal) values('rendicontattivitaprogettosegview', 'N')
GO
-- FINE GENERAZIONE SCRIPT --

--[DBO]--
-- CREAZIONE VISTA taxsegview
IF EXISTS(select * from sysobjects where id = object_id(N'[dbo].[taxsegview]') and OBJECTPROPERTY(id, N'IsView') = 1)
DROP VIEW [dbo].[taxsegview]
GO

CREATE VIEW [dbo].[taxsegview] AS SELECT CASE WHEN tax.active = 'S' THEN 'Si' WHEN tax.active = 'N' THEN 'No' END AS tax_active,CASE WHEN tax.appliancebasis = 'S' THEN 'Si' WHEN tax.appliancebasis = 'N' THEN 'No' END AS tax_appliancebasis, tax.ct AS tax_ct, tax.cu AS tax_cu, tax.description, tax.fiscaltaxcode AS tax_fiscaltaxcode, tax.fiscaltaxcodecredit AS tax_fiscaltaxcodecredit,CASE WHEN tax.flagunabatable = 'S' THEN 'Si' WHEN tax.flagunabatable = 'N' THEN 'No' END AS tax_flagunabatable,CASE WHEN tax.geoappliance = 'S' THEN 'Si' WHEN tax.geoappliance = 'N' THEN 'No' END AS tax_geoappliance, accmotivecost.codemotive AS accmotivecost_codemotive, accmotivecost.title AS accmotivecost_title, tax.idaccmotive_cost, accmotivedebit.codemotive AS accmotivedebit_codemotive, accmotivedebit.title AS accmotivedebit_title, tax.idaccmotive_debit, accmotivepay.codemotive AS accmotivepay_codemotive, accmotivepay.title AS accmotivepay_title, tax.idaccmotive_pay, tax.insuranceagencycode AS tax_insuranceagencycode, tax.lt AS tax_lt, tax.lu AS tax_lu, tax.maintaxcode AS tax_maintaxcode, tax.taxablecode AS tax_taxablecode, tax.taxcode, tax.taxkind AS tax_taxkind, tax.taxref AS tax_taxref, isnull('Descrizione: ' + tax.description + '; ','') + ' ' + isnull('Codice ritenuta: ' + tax.taxref + '; ','') as dropdown_title FROM tax WITH (NOLOCK)  LEFT OUTER JOIN accmotive AS accmotivecost WITH (NOLOCK) ON tax.idaccmotive_cost = accmotivecost.idaccmotive LEFT OUTER JOIN accmotive AS accmotivedebit WITH (NOLOCK) ON tax.idaccmotive_debit = accmotivedebit.idaccmotive LEFT OUTER JOIN accmotive AS accmotivepay WITH (NOLOCK) ON tax.idaccmotive_pay = accmotivepay.idaccmotive WHERE  tax.active = 'S' AND tax.taxcode IS NOT NULL 
GO

-- VERIFICA DI taxsegview IN COLUMNTYPES --
DELETE FROM columntypes WHERE tablename = 'taxsegview'
INSERT INTO columntypes (format,allownull,tablename,sqldeclaration,createuser,field,col_len,denynull,sqltype,systemtype,defaultvalue,col_scale,lastmoduser,col_precision,iskey) VALUES('','S','taxsegview','varchar(50)','','accmotivecost_codemotive','50','N','varchar','System.String','','','','','N')
GO

INSERT INTO columntypes (format,allownull,tablename,sqldeclaration,createuser,field,col_len,denynull,sqltype,systemtype,defaultvalue,col_scale,lastmoduser,col_precision,iskey) VALUES('','S','taxsegview','varchar(150)','ASSISTENZA','accmotivecost_title','150','N','varchar','System.String','','','''ASSISTENZA''','','N')
GO

INSERT INTO columntypes (format,allownull,tablename,sqldeclaration,createuser,field,col_len,denynull,sqltype,systemtype,defaultvalue,col_scale,lastmoduser,col_precision,iskey) VALUES('','S','taxsegview','varchar(50)','','accmotivedebit_codemotive','50','N','varchar','System.String','','','','','N')
GO

INSERT INTO columntypes (format,allownull,tablename,sqldeclaration,createuser,field,col_len,denynull,sqltype,systemtype,defaultvalue,col_scale,lastmoduser,col_precision,iskey) VALUES('','S','taxsegview','varchar(150)','ASSISTENZA','accmotivedebit_title','150','N','varchar','System.String','','','''ASSISTENZA''','','N')
GO

INSERT INTO columntypes (format,allownull,tablename,sqldeclaration,createuser,field,col_len,denynull,sqltype,systemtype,defaultvalue,col_scale,lastmoduser,col_precision,iskey) VALUES('','S','taxsegview','varchar(50)','','accmotivepay_codemotive','50','N','varchar','System.String','','','','','N')
GO

INSERT INTO columntypes (format,allownull,tablename,sqldeclaration,createuser,field,col_len,denynull,sqltype,systemtype,defaultvalue,col_scale,lastmoduser,col_precision,iskey) VALUES('','S','taxsegview','varchar(150)','ASSISTENZA','accmotivepay_title','150','N','varchar','System.String','','','''ASSISTENZA''','','N')
GO

INSERT INTO columntypes (format,allownull,tablename,sqldeclaration,createuser,field,col_len,denynull,sqltype,systemtype,defaultvalue,col_scale,lastmoduser,col_precision,iskey) VALUES('','N','taxsegview','varchar(50)','ASSISTENZA','description','50','S','varchar','System.String','','','''ASSISTENZA''','','N')
GO

INSERT INTO columntypes (format,allownull,tablename,sqldeclaration,createuser,field,col_len,denynull,sqltype,systemtype,defaultvalue,col_scale,lastmoduser,col_precision,iskey) VALUES('','N','taxsegview','varchar(105)','ASSISTENZA','dropdown_title','105','S','varchar','System.String','','','''ASSISTENZA''','','N')
GO

INSERT INTO columntypes (format,allownull,tablename,sqldeclaration,createuser,field,col_len,denynull,sqltype,systemtype,defaultvalue,col_scale,lastmoduser,col_precision,iskey) VALUES('','S','taxsegview','varchar(36)','ASSISTENZA','idaccmotive_cost','36','N','varchar','System.String','','','''ASSISTENZA''','','N')
GO

INSERT INTO columntypes (format,allownull,tablename,sqldeclaration,createuser,field,col_len,denynull,sqltype,systemtype,defaultvalue,col_scale,lastmoduser,col_precision,iskey) VALUES('','S','taxsegview','varchar(36)','ASSISTENZA','idaccmotive_debit','36','N','varchar','System.String','','','''ASSISTENZA''','','N')
GO

INSERT INTO columntypes (format,allownull,tablename,sqldeclaration,createuser,field,col_len,denynull,sqltype,systemtype,defaultvalue,col_scale,lastmoduser,col_precision,iskey) VALUES('','S','taxsegview','varchar(36)','ASSISTENZA','idaccmotive_pay','36','N','varchar','System.String','','','''ASSISTENZA''','','N')
GO

INSERT INTO columntypes (format,allownull,tablename,sqldeclaration,createuser,field,col_len,denynull,sqltype,systemtype,defaultvalue,col_scale,lastmoduser,col_precision,iskey) VALUES('','S','taxsegview','varchar(2)','ASSISTENZA','tax_active','2','N','varchar','System.String','','','''ASSISTENZA''','','N')
GO

INSERT INTO columntypes (format,allownull,tablename,sqldeclaration,createuser,field,col_len,denynull,sqltype,systemtype,defaultvalue,col_scale,lastmoduser,col_precision,iskey) VALUES('','S','taxsegview','varchar(2)','ASSISTENZA','tax_appliancebasis','2','N','varchar','System.String','','','''ASSISTENZA''','','N')
GO

INSERT INTO columntypes (format,allownull,tablename,sqldeclaration,createuser,field,col_len,denynull,sqltype,systemtype,defaultvalue,col_scale,lastmoduser,col_precision,iskey) VALUES('','N','taxsegview','datetime','ASSISTENZA','tax_ct','8','S','datetime','System.DateTime','','','''ASSISTENZA''','','N')
GO

INSERT INTO columntypes (format,allownull,tablename,sqldeclaration,createuser,field,col_len,denynull,sqltype,systemtype,defaultvalue,col_scale,lastmoduser,col_precision,iskey) VALUES('','N','taxsegview','varchar(64)','ASSISTENZA','tax_cu','64','S','varchar','System.String','','','''ASSISTENZA''','','N')
GO

INSERT INTO columntypes (format,allownull,tablename,sqldeclaration,createuser,field,col_len,denynull,sqltype,systemtype,defaultvalue,col_scale,lastmoduser,col_precision,iskey) VALUES('','S','taxsegview','varchar(20)','ASSISTENZA','tax_fiscaltaxcode','20','N','varchar','System.String','','','''ASSISTENZA''','','N')
GO

INSERT INTO columntypes (format,allownull,tablename,sqldeclaration,createuser,field,col_len,denynull,sqltype,systemtype,defaultvalue,col_scale,lastmoduser,col_precision,iskey) VALUES('','S','taxsegview','varchar(20)','ASSISTENZA','tax_fiscaltaxcodecredit','20','N','varchar','System.String','','','''ASSISTENZA''','','N')
GO

INSERT INTO columntypes (format,allownull,tablename,sqldeclaration,createuser,field,col_len,denynull,sqltype,systemtype,defaultvalue,col_scale,lastmoduser,col_precision,iskey) VALUES('','S','taxsegview','varchar(2)','ASSISTENZA','tax_flagunabatable','2','N','varchar','System.String','','','''ASSISTENZA''','','N')
GO

INSERT INTO columntypes (format,allownull,tablename,sqldeclaration,createuser,field,col_len,denynull,sqltype,systemtype,defaultvalue,col_scale,lastmoduser,col_precision,iskey) VALUES('','S','taxsegview','varchar(2)','ASSISTENZA','tax_geoappliance','2','N','varchar','System.String','','','''ASSISTENZA''','','N')
GO

INSERT INTO columntypes (format,allownull,tablename,sqldeclaration,createuser,field,col_len,denynull,sqltype,systemtype,defaultvalue,col_scale,lastmoduser,col_precision,iskey) VALUES('','S','taxsegview','varchar(10)','ASSISTENZA','tax_insuranceagencycode','10','N','varchar','System.String','','','''ASSISTENZA''','','N')
GO

INSERT INTO columntypes (format,allownull,tablename,sqldeclaration,createuser,field,col_len,denynull,sqltype,systemtype,defaultvalue,col_scale,lastmoduser,col_precision,iskey) VALUES('','N','taxsegview','datetime','ASSISTENZA','tax_lt','8','S','datetime','System.DateTime','','','''ASSISTENZA''','','N')
GO

INSERT INTO columntypes (format,allownull,tablename,sqldeclaration,createuser,field,col_len,denynull,sqltype,systemtype,defaultvalue,col_scale,lastmoduser,col_precision,iskey) VALUES('','N','taxsegview','varchar(64)','ASSISTENZA','tax_lu','64','S','varchar','System.String','','','''ASSISTENZA''','','N')
GO

INSERT INTO columntypes (format,allownull,tablename,sqldeclaration,createuser,field,col_len,denynull,sqltype,systemtype,defaultvalue,col_scale,lastmoduser,col_precision,iskey) VALUES('','S','taxsegview','int','ASSISTENZA','tax_maintaxcode','4','N','int','System.Int32','','','''ASSISTENZA''','','N')
GO

INSERT INTO columntypes (format,allownull,tablename,sqldeclaration,createuser,field,col_len,denynull,sqltype,systemtype,defaultvalue,col_scale,lastmoduser,col_precision,iskey) VALUES('','S','taxsegview','varchar(20)','ASSISTENZA','tax_taxablecode','20','N','varchar','System.String','','','''ASSISTENZA''','','N')
GO

INSERT INTO columntypes (format,allownull,tablename,sqldeclaration,createuser,field,col_len,denynull,sqltype,systemtype,defaultvalue,col_scale,lastmoduser,col_precision,iskey) VALUES('','N','taxsegview','smallint','ASSISTENZA','tax_taxkind','2','S','smallint','System.Int16','','','''ASSISTENZA''','','N')
GO

INSERT INTO columntypes (format,allownull,tablename,sqldeclaration,createuser,field,col_len,denynull,sqltype,systemtype,defaultvalue,col_scale,lastmoduser,col_precision,iskey) VALUES('','N','taxsegview','varchar(20)','ASSISTENZA','tax_taxref','20','S','varchar','System.String','','','''ASSISTENZA''','','N')
GO

INSERT INTO columntypes (format,allownull,tablename,sqldeclaration,createuser,field,col_len,denynull,sqltype,systemtype,defaultvalue,col_scale,lastmoduser,col_precision,iskey) VALUES('','N','taxsegview','int','ASSISTENZA','taxcode','4','S','int','System.Int32','','','''ASSISTENZA''','','N')
GO

-- VERIFICA DI taxsegview IN CUSTOMOBJECT --
IF EXISTS(select * from customobject where objectname = 'taxsegview')
UPDATE customobject set isreal = 'N' where objectname = 'taxsegview'
ELSE
INSERT INTO customobject (objectname, isreal) values('taxsegview', 'N')
GO

-- GENERAZIONE DATI PER taxsegview --
-- FINE GENERAZIONE SCRIPT --

--[DBO]--
-- CREAZIONE VISTA workpackagesegview
IF EXISTS(select * from sysobjects where id = object_id(N'[dbo].[workpackagesegview]') and OBJECTPROPERTY(id, N'IsView') = 1)
DROP VIEW [dbo].[workpackagesegview]
GO

CREATE VIEW [dbo].[workpackagesegview] AS SELECT  workpackage.acronimo AS workpackage_acronimo, workpackage.ct AS workpackage_ct, workpackage.cu AS workpackage_cu, workpackage.description AS workpackage_description, workpackage.idprogetto, struttura.title AS struttura_title, strutturakind.title AS strutturakind_title, workpackage.idstruttura, workpackage.idworkpackage, workpackage.lt AS workpackage_lt, workpackage.lu AS workpackage_lu, workpackage.raggruppamento, workpackage.title AS workpackage_title, isnull('Raggruppamento: ' + workpackage.raggruppamento + '; ','') + ' ' + isnull('Titolo: ' + workpackage.title + '; ','') + ' ' + isnull('Tipologia Tipologia: ' + strutturakind.title + '; ','') as dropdown_title FROM workpackage WITH (NOLOCK)  LEFT OUTER JOIN struttura WITH (NOLOCK) ON workpackage.idstruttura = struttura.idstruttura LEFT OUTER JOIN strutturakind WITH (NOLOCK) ON struttura.idstrutturakind = strutturakind.idstrutturakind WHERE  workpackage.idprogetto IS NOT NULL  AND workpackage.idworkpackage IS NOT NULL 
GO

-- VERIFICA DI workpackagesegview IN COLUMNTYPES --
DELETE FROM columntypes WHERE tablename = 'workpackagesegview'
INSERT INTO columntypes (format,allownull,tablename,sqldeclaration,createuser,field,col_len,denynull,sqltype,systemtype,defaultvalue,col_scale,lastmoduser,col_precision,iskey) VALUES('','N','workpackagesegview','nvarchar(4000)','ASSISTENZA','dropdown_title','4000','S','nvarchar','System.String','','','''ASSISTENZA''','','N')
GO

INSERT INTO columntypes (format,allownull,tablename,sqldeclaration,createuser,field,col_len,denynull,sqltype,systemtype,defaultvalue,col_scale,lastmoduser,col_precision,iskey) VALUES('','N','workpackagesegview','int','ASSISTENZA','idprogetto','4','S','int','System.Int32','','','''ASSISTENZA''','','N')
GO

INSERT INTO columntypes (format,allownull,tablename,sqldeclaration,createuser,field,col_len,denynull,sqltype,systemtype,defaultvalue,col_scale,lastmoduser,col_precision,iskey) VALUES('','S','workpackagesegview','int','','idstruttura','4','N','int','System.Int32','','','','','N')
GO

INSERT INTO columntypes (format,allownull,tablename,sqldeclaration,createuser,field,col_len,denynull,sqltype,systemtype,defaultvalue,col_scale,lastmoduser,col_precision,iskey) VALUES('','N','workpackagesegview','int','ASSISTENZA','idworkpackage','4','S','int','System.Int32','','','''ASSISTENZA''','','N')
GO

INSERT INTO columntypes (format,allownull,tablename,sqldeclaration,createuser,field,col_len,denynull,sqltype,systemtype,defaultvalue,col_scale,lastmoduser,col_precision,iskey) VALUES('','S','workpackagesegview','nvarchar(2048)','ASSISTENZA','raggruppamento','2048','N','nvarchar','System.String','','','''ASSISTENZA''','','N')
GO

INSERT INTO columntypes (format,allownull,tablename,sqldeclaration,createuser,field,col_len,denynull,sqltype,systemtype,defaultvalue,col_scale,lastmoduser,col_precision,iskey) VALUES('','S','workpackagesegview','varchar(1024)','','struttura_title','1024','N','varchar','System.String','','','','','N')
GO

INSERT INTO columntypes (format,allownull,tablename,sqldeclaration,createuser,field,col_len,denynull,sqltype,systemtype,defaultvalue,col_scale,lastmoduser,col_precision,iskey) VALUES('','S','workpackagesegview','varchar(50)','','strutturakind_title','50','N','varchar','System.String','','','','','N')
GO

INSERT INTO columntypes (format,allownull,tablename,sqldeclaration,createuser,field,col_len,denynull,sqltype,systemtype,defaultvalue,col_scale,lastmoduser,col_precision,iskey) VALUES('','S','workpackagesegview','nvarchar(2048)','ASSISTENZA','workpackage_acronimo','2048','N','nvarchar','System.String','','','''ASSISTENZA''','','N')
GO

INSERT INTO columntypes (format,allownull,tablename,sqldeclaration,createuser,field,col_len,denynull,sqltype,systemtype,defaultvalue,col_scale,lastmoduser,col_precision,iskey) VALUES('','N','workpackagesegview','datetime','ASSISTENZA','workpackage_ct','8','S','datetime','System.DateTime','','','''ASSISTENZA''','','N')
GO

INSERT INTO columntypes (format,allownull,tablename,sqldeclaration,createuser,field,col_len,denynull,sqltype,systemtype,defaultvalue,col_scale,lastmoduser,col_precision,iskey) VALUES('','N','workpackagesegview','varchar(64)','ASSISTENZA','workpackage_cu','64','S','varchar','System.String','','','''ASSISTENZA''','','N')
GO

INSERT INTO columntypes (format,allownull,tablename,sqldeclaration,createuser,field,col_len,denynull,sqltype,systemtype,defaultvalue,col_scale,lastmoduser,col_precision,iskey) VALUES('','S','workpackagesegview','nvarchar(max)','ASSISTENZA','workpackage_description','0','N','nvarchar','System.String','','','''ASSISTENZA''','','N')
GO

INSERT INTO columntypes (format,allownull,tablename,sqldeclaration,createuser,field,col_len,denynull,sqltype,systemtype,defaultvalue,col_scale,lastmoduser,col_precision,iskey) VALUES('','N','workpackagesegview','datetime','ASSISTENZA','workpackage_lt','8','S','datetime','System.DateTime','','','''ASSISTENZA''','','N')
GO

INSERT INTO columntypes (format,allownull,tablename,sqldeclaration,createuser,field,col_len,denynull,sqltype,systemtype,defaultvalue,col_scale,lastmoduser,col_precision,iskey) VALUES('','N','workpackagesegview','varchar(64)','ASSISTENZA','workpackage_lu','64','S','varchar','System.String','','','''ASSISTENZA''','','N')
GO

INSERT INTO columntypes (format,allownull,tablename,sqldeclaration,createuser,field,col_len,denynull,sqltype,systemtype,defaultvalue,col_scale,lastmoduser,col_precision,iskey) VALUES('','S','workpackagesegview','nvarchar(2048)','ASSISTENZA','workpackage_title','2048','N','nvarchar','System.String','','','''ASSISTENZA''','','N')
GO

-- VERIFICA DI workpackagesegview IN CUSTOMOBJECT --
IF EXISTS(select * from customobject where objectname = 'workpackagesegview')
UPDATE customobject set isreal = 'N' where objectname = 'workpackagesegview'
ELSE
INSERT INTO customobject (objectname, isreal) values('workpackagesegview', 'N')
GO
-- FINE GENERAZIONE SCRIPT --

--[DBO]--
-- CREAZIONE TABELLA workpackage --
IF NOT EXISTS(select * from sysobjects where id = object_id(N'[dbo].[workpackage]') and OBJECTPROPERTY(id, N'IsUserTable') = 1)
BEGIN
CREATE TABLE [dbo].[workpackage] (
idworkpackage int NOT NULL,
idprogetto int NOT NULL,
acronimo nvarchar(2048) NULL,
ct datetime NOT NULL,
cu varchar(64) NOT NULL,
description nvarchar(max) NULL,
idstruttura int NULL,
lt datetime NOT NULL,
lu varchar(64) NOT NULL,
raggruppamento nvarchar(2048) NULL,
title nvarchar(2048) NULL,
 CONSTRAINT xpkworkpackage PRIMARY KEY (idworkpackage,
idprogetto
)
)
END
GO

-- VERIFICA STRUTTURA workpackage --
IF NOT exists(select * from [sysobjects] as T inner join syscolumns C on T.ID = C.ID where t.name = 'workpackage' and C.name = 'idworkpackage' AND (T.uid = USER_ID( ) OR T.uid = USER_ID('dbo')))
BEGIN
	ALTER TABLE [workpackage] ADD idworkpackage int NOT NULL DEFAULT 0
	declare @vincolo varchar(100)
	select @vincolo = object_name(const.constid) from syscolumns col join sysconstraints const on const.id = col.id and const.colid = col.colid where col.id = object_id('workpackage') and col.name = 'idworkpackage' and objectproperty(const.constid, 'IsDefaultCnst')=1
	exec ('ALTER TABLE [workpackage] drop constraint '+@vincolo)
END
GO

IF NOT exists(select * from [sysobjects] as T inner join syscolumns C on T.ID = C.ID where t.name = 'workpackage' and C.name = 'idprogetto' AND (T.uid = USER_ID( ) OR T.uid = USER_ID('dbo')))
BEGIN
	ALTER TABLE [workpackage] ADD idprogetto int NOT NULL DEFAULT 0
	declare @vincolo varchar(100)
	select @vincolo = object_name(const.constid) from syscolumns col join sysconstraints const on const.id = col.id and const.colid = col.colid where col.id = object_id('workpackage') and col.name = 'idprogetto' and objectproperty(const.constid, 'IsDefaultCnst')=1
	exec ('ALTER TABLE [workpackage] drop constraint '+@vincolo)
END
GO

IF NOT exists(select * from [sysobjects] as T inner join syscolumns C on T.ID = C.ID where t.name = 'workpackage' and C.name = 'acronimo' AND (T.uid = USER_ID( ) OR T.uid = USER_ID('dbo')))
BEGIN
	ALTER TABLE [workpackage] ADD acronimo nvarchar(2048) NULL 
END
ELSE
	ALTER TABLE [workpackage] ALTER COLUMN acronimo nvarchar(2048) NULL
GO

IF NOT exists(select * from [sysobjects] as T inner join syscolumns C on T.ID = C.ID where t.name = 'workpackage' and C.name = 'ct' AND (T.uid = USER_ID( ) OR T.uid = USER_ID('dbo')))
BEGIN
	ALTER TABLE [workpackage] ADD ct datetime NOT NULL DEFAULT 01/01/1000
	declare @vincolo varchar(100)
	select @vincolo = object_name(const.constid) from syscolumns col join sysconstraints const on const.id = col.id and const.colid = col.colid where col.id = object_id('workpackage') and col.name = 'ct' and objectproperty(const.constid, 'IsDefaultCnst')=1
	exec ('ALTER TABLE [workpackage] drop constraint '+@vincolo)
END
ELSE
	ALTER TABLE [workpackage] ALTER COLUMN ct datetime NOT NULL
GO

IF NOT exists(select * from [sysobjects] as T inner join syscolumns C on T.ID = C.ID where t.name = 'workpackage' and C.name = 'cu' AND (T.uid = USER_ID( ) OR T.uid = USER_ID('dbo')))
BEGIN
	ALTER TABLE [workpackage] ADD cu varchar(64) NOT NULL DEFAULT ''
	declare @vincolo varchar(100)
	select @vincolo = object_name(const.constid) from syscolumns col join sysconstraints const on const.id = col.id and const.colid = col.colid where col.id = object_id('workpackage') and col.name = 'cu' and objectproperty(const.constid, 'IsDefaultCnst')=1
	exec ('ALTER TABLE [workpackage] drop constraint '+@vincolo)
END
ELSE
	ALTER TABLE [workpackage] ALTER COLUMN cu varchar(64) NOT NULL
GO

IF NOT exists(select * from [sysobjects] as T inner join syscolumns C on T.ID = C.ID where t.name = 'workpackage' and C.name = 'description' AND (T.uid = USER_ID( ) OR T.uid = USER_ID('dbo')))
BEGIN
	ALTER TABLE [workpackage] ADD description nvarchar(max) NULL 
END
ELSE
	ALTER TABLE [workpackage] ALTER COLUMN description nvarchar(max) NULL
GO

IF NOT exists(select * from [sysobjects] as T inner join syscolumns C on T.ID = C.ID where t.name = 'workpackage' and C.name = 'idstruttura' AND (T.uid = USER_ID( ) OR T.uid = USER_ID('dbo')))
BEGIN
	ALTER TABLE [workpackage] ADD idstruttura int NULL 
END
ELSE
	ALTER TABLE [workpackage] ALTER COLUMN idstruttura int NULL
GO

IF NOT exists(select * from [sysobjects] as T inner join syscolumns C on T.ID = C.ID where t.name = 'workpackage' and C.name = 'lt' AND (T.uid = USER_ID( ) OR T.uid = USER_ID('dbo')))
BEGIN
	ALTER TABLE [workpackage] ADD lt datetime NOT NULL DEFAULT 01/01/1000
	declare @vincolo varchar(100)
	select @vincolo = object_name(const.constid) from syscolumns col join sysconstraints const on const.id = col.id and const.colid = col.colid where col.id = object_id('workpackage') and col.name = 'lt' and objectproperty(const.constid, 'IsDefaultCnst')=1
	exec ('ALTER TABLE [workpackage] drop constraint '+@vincolo)
END
ELSE
	ALTER TABLE [workpackage] ALTER COLUMN lt datetime NOT NULL
GO

IF NOT exists(select * from [sysobjects] as T inner join syscolumns C on T.ID = C.ID where t.name = 'workpackage' and C.name = 'lu' AND (T.uid = USER_ID( ) OR T.uid = USER_ID('dbo')))
BEGIN
	ALTER TABLE [workpackage] ADD lu varchar(64) NOT NULL DEFAULT ''
	declare @vincolo varchar(100)
	select @vincolo = object_name(const.constid) from syscolumns col join sysconstraints const on const.id = col.id and const.colid = col.colid where col.id = object_id('workpackage') and col.name = 'lu' and objectproperty(const.constid, 'IsDefaultCnst')=1
	exec ('ALTER TABLE [workpackage] drop constraint '+@vincolo)
END
ELSE
	ALTER TABLE [workpackage] ALTER COLUMN lu varchar(64) NOT NULL
GO

IF NOT exists(select * from [sysobjects] as T inner join syscolumns C on T.ID = C.ID where t.name = 'workpackage' and C.name = 'raggruppamento' AND (T.uid = USER_ID( ) OR T.uid = USER_ID('dbo')))
BEGIN
	ALTER TABLE [workpackage] ADD raggruppamento nvarchar(2048) NULL 
END
ELSE
	ALTER TABLE [workpackage] ALTER COLUMN raggruppamento nvarchar(2048) NULL
GO

IF NOT exists(select * from [sysobjects] as T inner join syscolumns C on T.ID = C.ID where t.name = 'workpackage' and C.name = 'title' AND (T.uid = USER_ID( ) OR T.uid = USER_ID('dbo')))
BEGIN
	ALTER TABLE [workpackage] ADD title nvarchar(2048) NULL 
END
ELSE
	ALTER TABLE [workpackage] ALTER COLUMN title nvarchar(2048) NULL
GO

-- VERIFICA DI workpackage IN COLUMNTYPES --
DELETE FROM columntypes WHERE tablename = 'workpackage'
INSERT INTO columntypes (format,allownull,tablename,sqldeclaration,createuser,field,col_len,denynull,sqltype,systemtype,defaultvalue,col_scale,lastmoduser,col_precision,iskey) VALUES('','N','workpackage','int','assistenza','idprogetto','4','S','int','System.Int32','','','''assistenza''','','S')
GO

INSERT INTO columntypes (format,allownull,tablename,sqldeclaration,createuser,field,col_len,denynull,sqltype,systemtype,defaultvalue,col_scale,lastmoduser,col_precision,iskey) VALUES('','N','workpackage','int','assistenza','idworkpackage','4','S','int','System.Int32','','','''assistenza''','','S')
GO

INSERT INTO columntypes (format,allownull,tablename,sqldeclaration,createuser,field,col_len,denynull,sqltype,systemtype,defaultvalue,col_scale,lastmoduser,col_precision,iskey) VALUES('','S','workpackage','nvarchar(2048)','assistenza','acronimo','2048','N','nvarchar','System.String','','','''assistenza''','','N')
GO

INSERT INTO columntypes (format,allownull,tablename,sqldeclaration,createuser,field,col_len,denynull,sqltype,systemtype,defaultvalue,col_scale,lastmoduser,col_precision,iskey) VALUES('','N','workpackage','datetime','assistenza','ct','8','S','datetime','System.DateTime','','','''assistenza''','','N')
GO

INSERT INTO columntypes (format,allownull,tablename,sqldeclaration,createuser,field,col_len,denynull,sqltype,systemtype,defaultvalue,col_scale,lastmoduser,col_precision,iskey) VALUES('','N','workpackage','varchar(64)','assistenza','cu','64','S','varchar','System.String','','','''assistenza''','','N')
GO

INSERT INTO columntypes (format,allownull,tablename,sqldeclaration,createuser,field,col_len,denynull,sqltype,systemtype,defaultvalue,col_scale,lastmoduser,col_precision,iskey) VALUES('','S','workpackage','nvarchar(max)','assistenza','description','0','N','nvarchar','System.String','','','''assistenza''','','N')
GO

INSERT INTO columntypes (format,allownull,tablename,sqldeclaration,createuser,field,col_len,denynull,sqltype,systemtype,defaultvalue,col_scale,lastmoduser,col_precision,iskey) VALUES('','S','workpackage','int','assistenza','idstruttura','4','N','int','System.Int32','','','''assistenza''','','N')
GO

INSERT INTO columntypes (format,allownull,tablename,sqldeclaration,createuser,field,col_len,denynull,sqltype,systemtype,defaultvalue,col_scale,lastmoduser,col_precision,iskey) VALUES('','N','workpackage','datetime','assistenza','lt','8','S','datetime','System.DateTime','','','''assistenza''','','N')
GO

INSERT INTO columntypes (format,allownull,tablename,sqldeclaration,createuser,field,col_len,denynull,sqltype,systemtype,defaultvalue,col_scale,lastmoduser,col_precision,iskey) VALUES('','N','workpackage','varchar(64)','assistenza','lu','64','S','varchar','System.String','','','''assistenza''','','N')
GO

INSERT INTO columntypes (format,allownull,tablename,sqldeclaration,createuser,field,col_len,denynull,sqltype,systemtype,defaultvalue,col_scale,lastmoduser,col_precision,iskey) VALUES('','S','workpackage','nvarchar(2048)','assistenza','raggruppamento','2048','N','nvarchar','System.String','','','''assistenza''','','N')
GO

INSERT INTO columntypes (format,allownull,tablename,sqldeclaration,createuser,field,col_len,denynull,sqltype,systemtype,defaultvalue,col_scale,lastmoduser,col_precision,iskey) VALUES('','S','workpackage','nvarchar(2048)','assistenza','title','2048','N','nvarchar','System.String','','','''assistenza''','','N')
GO

-- VERIFICA DI workpackage IN CUSTOMOBJECT --
IF EXISTS(select * from customobject where objectname = 'workpackage')
UPDATE customobject set isreal = 'S' where objectname = 'workpackage'
ELSE
INSERT INTO customobject (objectname, isreal) values('workpackage', 'S')
GO
-- FINE GENERAZIONE SCRIPT --


-- GENERAZIONE DATI PER tabledescr --
IF exists(SELECT * FROM [tabledescr] WHERE tablename = 'workpackage')
UPDATE [tabledescr] SET description = 'Workpackage',idapplication = null,isdbo = 'N',lt = {ts '2020-05-20 14:05:03.637'},lu = 'assistenza',title = 'Workpackage' WHERE tablename = 'workpackage'
ELSE
INSERT INTO [tabledescr] (tablename,description,idapplication,isdbo,lt,lu,title) VALUES ('workpackage','Workpackage',null,'N',{ts '2020-05-20 14:05:03.637'},'assistenza','Workpackage')
GO

-- FINE GENERAZIONE SCRIPT --


-- GENERAZIONE DATI PER coldescr --
IF exists(SELECT * FROM [coldescr] WHERE colname = 'acronimo' AND tablename = 'workpackage')
UPDATE [coldescr] SET col_len = '2048',col_precision = null,col_scale = null,description = null,kind = 'S',lt = {ts '2020-11-02 18:25:10.753'},lu = 'assistenza',primarykey = 'N',sql_declaration = 'nvarchar(2048)',sql_type = 'nvarchar',system_type = 'System.String' WHERE colname = 'acronimo' AND tablename = 'workpackage'
ELSE
INSERT INTO [coldescr] (colname,tablename,col_len,col_precision,col_scale,description,kind,lt,lu,primarykey,sql_declaration,sql_type,system_type) VALUES ('acronimo','workpackage','2048',null,null,null,'S',{ts '2020-11-02 18:25:10.753'},'assistenza','N','nvarchar(2048)','nvarchar','System.String')
GO

IF exists(SELECT * FROM [coldescr] WHERE colname = 'ct' AND tablename = 'workpackage')
UPDATE [coldescr] SET col_len = '8',col_precision = null,col_scale = null,description = null,kind = 'S',lt = {ts '2020-05-20 14:05:05.633'},lu = 'assistenza',primarykey = 'N',sql_declaration = 'datetime',sql_type = 'datetime',system_type = 'System.DateTime' WHERE colname = 'ct' AND tablename = 'workpackage'
ELSE
INSERT INTO [coldescr] (colname,tablename,col_len,col_precision,col_scale,description,kind,lt,lu,primarykey,sql_declaration,sql_type,system_type) VALUES ('ct','workpackage','8',null,null,null,'S',{ts '2020-05-20 14:05:05.633'},'assistenza','N','datetime','datetime','System.DateTime')
GO

IF exists(SELECT * FROM [coldescr] WHERE colname = 'cu' AND tablename = 'workpackage')
UPDATE [coldescr] SET col_len = '64',col_precision = null,col_scale = null,description = null,kind = 'S',lt = {ts '2020-05-20 14:05:05.633'},lu = 'assistenza',primarykey = 'N',sql_declaration = 'varchar(64)',sql_type = 'varchar',system_type = 'System.String' WHERE colname = 'cu' AND tablename = 'workpackage'
ELSE
INSERT INTO [coldescr] (colname,tablename,col_len,col_precision,col_scale,description,kind,lt,lu,primarykey,sql_declaration,sql_type,system_type) VALUES ('cu','workpackage','64',null,null,null,'S',{ts '2020-05-20 14:05:05.633'},'assistenza','N','varchar(64)','varchar','System.String')
GO

IF exists(SELECT * FROM [coldescr] WHERE colname = 'description' AND tablename = 'workpackage')
UPDATE [coldescr] SET col_len = '0',col_precision = null,col_scale = null,description = 'Descrizione',kind = 'S',lt = {ts '2020-05-20 14:05:52.450'},lu = 'assistenza',primarykey = 'N',sql_declaration = 'nvarchar(max)',sql_type = 'nvarchar',system_type = 'System.String' WHERE colname = 'description' AND tablename = 'workpackage'
ELSE
INSERT INTO [coldescr] (colname,tablename,col_len,col_precision,col_scale,description,kind,lt,lu,primarykey,sql_declaration,sql_type,system_type) VALUES ('description','workpackage','0',null,null,'Descrizione','S',{ts '2020-05-20 14:05:52.450'},'assistenza','N','nvarchar(max)','nvarchar','System.String')
GO

IF exists(SELECT * FROM [coldescr] WHERE colname = 'idprogetto' AND tablename = 'workpackage')
UPDATE [coldescr] SET col_len = '4',col_precision = null,col_scale = null,description = 'Progetto',kind = 'S',lt = {ts '2020-05-20 14:05:52.450'},lu = 'assistenza',primarykey = 'S',sql_declaration = 'int',sql_type = 'int',system_type = 'System.Int32' WHERE colname = 'idprogetto' AND tablename = 'workpackage'
ELSE
INSERT INTO [coldescr] (colname,tablename,col_len,col_precision,col_scale,description,kind,lt,lu,primarykey,sql_declaration,sql_type,system_type) VALUES ('idprogetto','workpackage','4',null,null,'Progetto','S',{ts '2020-05-20 14:05:52.450'},'assistenza','S','int','int','System.Int32')
GO

IF exists(SELECT * FROM [coldescr] WHERE colname = 'idstruttura' AND tablename = 'workpackage')
UPDATE [coldescr] SET col_len = '4',col_precision = null,col_scale = null,description = 'Dipartimento',kind = 'S',lt = {ts '2020-11-02 18:25:36.680'},lu = 'assistenza',primarykey = 'N',sql_declaration = 'int',sql_type = 'int',system_type = 'System.Int32' WHERE colname = 'idstruttura' AND tablename = 'workpackage'
ELSE
INSERT INTO [coldescr] (colname,tablename,col_len,col_precision,col_scale,description,kind,lt,lu,primarykey,sql_declaration,sql_type,system_type) VALUES ('idstruttura','workpackage','4',null,null,'Dipartimento','S',{ts '2020-11-02 18:25:36.680'},'assistenza','N','int','int','System.Int32')
GO

IF exists(SELECT * FROM [coldescr] WHERE colname = 'idupb' AND tablename = 'workpackage')
UPDATE [coldescr] SET col_len = '50',col_precision = null,col_scale = null,description = 'Unit? previsionale di base (UPB)',kind = 'S',lt = {ts '2020-11-02 18:25:36.680'},lu = 'assistenza',primarykey = 'N',sql_declaration = 'varchar(50)',sql_type = 'varchar',system_type = 'System.String' WHERE colname = 'idupb' AND tablename = 'workpackage'
ELSE
INSERT INTO [coldescr] (colname,tablename,col_len,col_precision,col_scale,description,kind,lt,lu,primarykey,sql_declaration,sql_type,system_type) VALUES ('idupb','workpackage','50',null,null,'Unit? previsionale di base (UPB)','S',{ts '2020-11-02 18:25:36.680'},'assistenza','N','varchar(50)','varchar','System.String')
GO

IF exists(SELECT * FROM [coldescr] WHERE colname = 'idworkpackage' AND tablename = 'workpackage')
UPDATE [coldescr] SET col_len = '4',col_precision = null,col_scale = null,description = null,kind = 'S',lt = {ts '2020-05-20 14:05:05.633'},lu = 'assistenza',primarykey = 'S',sql_declaration = 'int',sql_type = 'int',system_type = 'System.Int32' WHERE colname = 'idworkpackage' AND tablename = 'workpackage'
ELSE
INSERT INTO [coldescr] (colname,tablename,col_len,col_precision,col_scale,description,kind,lt,lu,primarykey,sql_declaration,sql_type,system_type) VALUES ('idworkpackage','workpackage','4',null,null,null,'S',{ts '2020-05-20 14:05:05.633'},'assistenza','S','int','int','System.Int32')
GO

IF exists(SELECT * FROM [coldescr] WHERE colname = 'lt' AND tablename = 'workpackage')
UPDATE [coldescr] SET col_len = '8',col_precision = null,col_scale = null,description = null,kind = 'S',lt = {ts '2020-05-20 14:05:05.637'},lu = 'assistenza',primarykey = 'N',sql_declaration = 'datetime',sql_type = 'datetime',system_type = 'System.DateTime' WHERE colname = 'lt' AND tablename = 'workpackage'
ELSE
INSERT INTO [coldescr] (colname,tablename,col_len,col_precision,col_scale,description,kind,lt,lu,primarykey,sql_declaration,sql_type,system_type) VALUES ('lt','workpackage','8',null,null,null,'S',{ts '2020-05-20 14:05:05.637'},'assistenza','N','datetime','datetime','System.DateTime')
GO

IF exists(SELECT * FROM [coldescr] WHERE colname = 'lu' AND tablename = 'workpackage')
UPDATE [coldescr] SET col_len = '64',col_precision = null,col_scale = null,description = null,kind = 'S',lt = {ts '2020-05-20 14:05:05.637'},lu = 'assistenza',primarykey = 'N',sql_declaration = 'varchar(64)',sql_type = 'varchar',system_type = 'System.String' WHERE colname = 'lu' AND tablename = 'workpackage'
ELSE
INSERT INTO [coldescr] (colname,tablename,col_len,col_precision,col_scale,description,kind,lt,lu,primarykey,sql_declaration,sql_type,system_type) VALUES ('lu','workpackage','64',null,null,null,'S',{ts '2020-05-20 14:05:05.637'},'assistenza','N','varchar(64)','varchar','System.String')
GO

IF exists(SELECT * FROM [coldescr] WHERE colname = 'raggruppamento' AND tablename = 'workpackage')
UPDATE [coldescr] SET col_len = '2048',col_precision = null,col_scale = null,description = null,kind = 'S',lt = {ts '2020-11-02 18:25:10.753'},lu = 'assistenza',primarykey = 'N',sql_declaration = 'nvarchar(2048)',sql_type = 'nvarchar',system_type = 'System.String' WHERE colname = 'raggruppamento' AND tablename = 'workpackage'
ELSE
INSERT INTO [coldescr] (colname,tablename,col_len,col_precision,col_scale,description,kind,lt,lu,primarykey,sql_declaration,sql_type,system_type) VALUES ('raggruppamento','workpackage','2048',null,null,null,'S',{ts '2020-11-02 18:25:10.753'},'assistenza','N','nvarchar(2048)','nvarchar','System.String')
GO

IF exists(SELECT * FROM [coldescr] WHERE colname = 'title' AND tablename = 'workpackage')
UPDATE [coldescr] SET col_len = '2048',col_precision = null,col_scale = null,description = 'Titolo',kind = 'S',lt = {ts '2020-05-20 14:05:52.450'},lu = 'assistenza',primarykey = 'N',sql_declaration = 'nvarchar(2048)',sql_type = 'nvarchar',system_type = 'System.String' WHERE colname = 'title' AND tablename = 'workpackage'
ELSE
INSERT INTO [coldescr] (colname,tablename,col_len,col_precision,col_scale,description,kind,lt,lu,primarykey,sql_declaration,sql_type,system_type) VALUES ('title','workpackage','2048',null,null,'Titolo','S',{ts '2020-05-20 14:05:52.450'},'assistenza','N','nvarchar(2048)','nvarchar','System.String')
GO

-- FINE GENERAZIONE SCRIPT --

