
/*
Easy
Copyright (C) 2022 Università degli Studi di Catania (www.unict.it)
This program is free software: you can redistribute it and/or modify
it under the terms of the GNU General Public License as published by
the Free Software Foundation, either version 3 of the License, or
(at your option) any later version.
This program is distributed in the hope that it will be useful,
but WITHOUT ANY WARRANTY; without even the implied warranty of
MERCHANTABILITY or FITNESS FOR A PARTICULAR PURPOSE.  See the
GNU General Public License for more details.
You should have received a copy of the GNU General Public License
along with this program.  If not, see <http://www.gnu.org/licenses/>.
*/


--[DBO]--
-- CREAZIONE TABELLA accmotive --
IF NOT EXISTS(select * from sysobjects where id = object_id(N'[dbo].[accmotive]') and OBJECTPROPERTY(id, N'IsUserTable') = 1)
BEGIN
CREATE TABLE [dbo].[accmotive] (
idaccmotive varchar(36) NOT NULL,
active char(1) NULL,
codemotive varchar(50) NOT NULL,
ct datetime NOT NULL,
cu varchar(64) NOT NULL,
expensekind varchar(2) NULL,
flag int NULL,
flagamm char(1) NULL,
flagdep char(1) NULL,
lt datetime NOT NULL,
lu varchar(64) NOT NULL,
paridaccmotive varchar(36) NULL,
title varchar(150) NOT NULL,
 CONSTRAINT xpkaccmotive PRIMARY KEY (idaccmotive
)
)
END
GO

-- VERIFICA STRUTTURA accmotive --
IF NOT exists(select * from [sysobjects] as T inner join syscolumns C on T.ID = C.ID where t.name = 'accmotive' and C.name = 'idaccmotive' AND (T.uid = USER_ID( ) OR T.uid = USER_ID('dbo')))
BEGIN
	ALTER TABLE [accmotive] ADD idaccmotive varchar(36) NOT NULL DEFAULT ''
	declare @vincolo varchar(100)
	select @vincolo = object_name(const.constid) from syscolumns col join sysconstraints const on const.id = col.id and const.colid = col.colid where col.id = object_id('accmotive') and col.name = 'idaccmotive' and objectproperty(const.constid, 'IsDefaultCnst')=1
	exec ('ALTER TABLE [accmotive] drop constraint '+@vincolo)
END
GO

IF NOT exists(select * from [sysobjects] as T inner join syscolumns C on T.ID = C.ID where t.name = 'accmotive' and C.name = 'active' AND (T.uid = USER_ID( ) OR T.uid = USER_ID('dbo')))
BEGIN
	ALTER TABLE [accmotive] ADD active char(1) NULL 
END
ELSE
	ALTER TABLE [accmotive] ALTER COLUMN active char(1) NULL
GO

IF NOT exists(select * from [sysobjects] as T inner join syscolumns C on T.ID = C.ID where t.name = 'accmotive' and C.name = 'codemotive' AND (T.uid = USER_ID( ) OR T.uid = USER_ID('dbo')))
BEGIN
	ALTER TABLE [accmotive] ADD codemotive varchar(50) NOT NULL DEFAULT ''
	declare @vincolo varchar(100)
	select @vincolo = object_name(const.constid) from syscolumns col join sysconstraints const on const.id = col.id and const.colid = col.colid where col.id = object_id('accmotive') and col.name = 'codemotive' and objectproperty(const.constid, 'IsDefaultCnst')=1
	exec ('ALTER TABLE [accmotive] drop constraint '+@vincolo)
END
ELSE
	ALTER TABLE [accmotive] ALTER COLUMN codemotive varchar(50) NOT NULL
GO

IF NOT exists(select * from [sysobjects] as T inner join syscolumns C on T.ID = C.ID where t.name = 'accmotive' and C.name = 'ct' AND (T.uid = USER_ID( ) OR T.uid = USER_ID('dbo')))
BEGIN
	ALTER TABLE [accmotive] ADD ct datetime NOT NULL DEFAULT 01/01/1000
	declare @vincolo varchar(100)
	select @vincolo = object_name(const.constid) from syscolumns col join sysconstraints const on const.id = col.id and const.colid = col.colid where col.id = object_id('accmotive') and col.name = 'ct' and objectproperty(const.constid, 'IsDefaultCnst')=1
	exec ('ALTER TABLE [accmotive] drop constraint '+@vincolo)
END
ELSE
	ALTER TABLE [accmotive] ALTER COLUMN ct datetime NOT NULL
GO

IF NOT exists(select * from [sysobjects] as T inner join syscolumns C on T.ID = C.ID where t.name = 'accmotive' and C.name = 'cu' AND (T.uid = USER_ID( ) OR T.uid = USER_ID('dbo')))
BEGIN
	ALTER TABLE [accmotive] ADD cu varchar(64) NOT NULL DEFAULT ''
	declare @vincolo varchar(100)
	select @vincolo = object_name(const.constid) from syscolumns col join sysconstraints const on const.id = col.id and const.colid = col.colid where col.id = object_id('accmotive') and col.name = 'cu' and objectproperty(const.constid, 'IsDefaultCnst')=1
	exec ('ALTER TABLE [accmotive] drop constraint '+@vincolo)
END
ELSE
	ALTER TABLE [accmotive] ALTER COLUMN cu varchar(64) NOT NULL
GO

IF NOT exists(select * from [sysobjects] as T inner join syscolumns C on T.ID = C.ID where t.name = 'accmotive' and C.name = 'expensekind' AND (T.uid = USER_ID( ) OR T.uid = USER_ID('dbo')))
BEGIN
	ALTER TABLE [accmotive] ADD expensekind varchar(2) NULL 
END
ELSE
	ALTER TABLE [accmotive] ALTER COLUMN expensekind varchar(2) NULL
GO

IF NOT exists(select * from [sysobjects] as T inner join syscolumns C on T.ID = C.ID where t.name = 'accmotive' and C.name = 'flag' AND (T.uid = USER_ID( ) OR T.uid = USER_ID('dbo')))
BEGIN
	ALTER TABLE [accmotive] ADD flag int NULL 
END
ELSE
	ALTER TABLE [accmotive] ALTER COLUMN flag int NULL
GO

IF NOT exists(select * from [sysobjects] as T inner join syscolumns C on T.ID = C.ID where t.name = 'accmotive' and C.name = 'flagamm' AND (T.uid = USER_ID( ) OR T.uid = USER_ID('dbo')))
BEGIN
	ALTER TABLE [accmotive] ADD flagamm char(1) NULL 
END
ELSE
	ALTER TABLE [accmotive] ALTER COLUMN flagamm char(1) NULL
GO

IF NOT exists(select * from [sysobjects] as T inner join syscolumns C on T.ID = C.ID where t.name = 'accmotive' and C.name = 'flagdep' AND (T.uid = USER_ID( ) OR T.uid = USER_ID('dbo')))
BEGIN
	ALTER TABLE [accmotive] ADD flagdep char(1) NULL 
END
ELSE
	ALTER TABLE [accmotive] ALTER COLUMN flagdep char(1) NULL
GO

IF NOT exists(select * from [sysobjects] as T inner join syscolumns C on T.ID = C.ID where t.name = 'accmotive' and C.name = 'lt' AND (T.uid = USER_ID( ) OR T.uid = USER_ID('dbo')))
BEGIN
	ALTER TABLE [accmotive] ADD lt datetime NOT NULL DEFAULT 01/01/1000
	declare @vincolo varchar(100)
	select @vincolo = object_name(const.constid) from syscolumns col join sysconstraints const on const.id = col.id and const.colid = col.colid where col.id = object_id('accmotive') and col.name = 'lt' and objectproperty(const.constid, 'IsDefaultCnst')=1
	exec ('ALTER TABLE [accmotive] drop constraint '+@vincolo)
END
ELSE
	ALTER TABLE [accmotive] ALTER COLUMN lt datetime NOT NULL
GO

IF NOT exists(select * from [sysobjects] as T inner join syscolumns C on T.ID = C.ID where t.name = 'accmotive' and C.name = 'lu' AND (T.uid = USER_ID( ) OR T.uid = USER_ID('dbo')))
BEGIN
	ALTER TABLE [accmotive] ADD lu varchar(64) NOT NULL DEFAULT ''
	declare @vincolo varchar(100)
	select @vincolo = object_name(const.constid) from syscolumns col join sysconstraints const on const.id = col.id and const.colid = col.colid where col.id = object_id('accmotive') and col.name = 'lu' and objectproperty(const.constid, 'IsDefaultCnst')=1
	exec ('ALTER TABLE [accmotive] drop constraint '+@vincolo)
END
ELSE
	ALTER TABLE [accmotive] ALTER COLUMN lu varchar(64) NOT NULL
GO

IF NOT exists(select * from [sysobjects] as T inner join syscolumns C on T.ID = C.ID where t.name = 'accmotive' and C.name = 'paridaccmotive' AND (T.uid = USER_ID( ) OR T.uid = USER_ID('dbo')))
BEGIN
	ALTER TABLE [accmotive] ADD paridaccmotive varchar(36) NULL 
END
ELSE
	ALTER TABLE [accmotive] ALTER COLUMN paridaccmotive varchar(36) NULL
GO

IF NOT exists(select * from [sysobjects] as T inner join syscolumns C on T.ID = C.ID where t.name = 'accmotive' and C.name = 'title' AND (T.uid = USER_ID( ) OR T.uid = USER_ID('dbo')))
BEGIN
	ALTER TABLE [accmotive] ADD title varchar(150) NOT NULL DEFAULT ''
	declare @vincolo varchar(100)
	select @vincolo = object_name(const.constid) from syscolumns col join sysconstraints const on const.id = col.id and const.colid = col.colid where col.id = object_id('accmotive') and col.name = 'title' and objectproperty(const.constid, 'IsDefaultCnst')=1
	exec ('ALTER TABLE [accmotive] drop constraint '+@vincolo)
END
ELSE
	ALTER TABLE [accmotive] ALTER COLUMN title varchar(150) NOT NULL
GO

-- VERIFICA DI accmotive IN COLUMNTYPES --
DELETE FROM columntypes WHERE tablename = 'accmotive'
INSERT INTO columntypes (format,allownull,tablename,sqldeclaration,createuser,field,col_len,denynull,sqltype,systemtype,defaultvalue,col_scale,lastmoduser,col_precision,iskey) VALUES('','N','accmotive','varchar(36)','ASSISTENZA','idaccmotive','36','S','varchar','System.String','','','''ASSISTENZA''','','S')
GO

INSERT INTO columntypes (format,allownull,tablename,sqldeclaration,createuser,field,col_len,denynull,sqltype,systemtype,defaultvalue,col_scale,lastmoduser,col_precision,iskey) VALUES('','S','accmotive','char(1)','ASSISTENZA','active','1','N','char','System.String','','','''ASSISTENZA''','','N')
GO

INSERT INTO columntypes (format,allownull,tablename,sqldeclaration,createuser,field,col_len,denynull,sqltype,systemtype,defaultvalue,col_scale,lastmoduser,col_precision,iskey) VALUES('','N','accmotive','varchar(50)','ASSISTENZA','codemotive','50','S','varchar','System.String','','','''ASSISTENZA''','','N')
GO

INSERT INTO columntypes (format,allownull,tablename,sqldeclaration,createuser,field,col_len,denynull,sqltype,systemtype,defaultvalue,col_scale,lastmoduser,col_precision,iskey) VALUES('','N','accmotive','datetime','ASSISTENZA','ct','8','S','datetime','System.DateTime','','','''ASSISTENZA''','','N')
GO

INSERT INTO columntypes (format,allownull,tablename,sqldeclaration,createuser,field,col_len,denynull,sqltype,systemtype,defaultvalue,col_scale,lastmoduser,col_precision,iskey) VALUES('','N','accmotive','varchar(64)','ASSISTENZA','cu','64','S','varchar','System.String','','','''ASSISTENZA''','','N')
GO

INSERT INTO columntypes (format,allownull,tablename,sqldeclaration,createuser,field,col_len,denynull,sqltype,systemtype,defaultvalue,col_scale,lastmoduser,col_precision,iskey) VALUES('','S','accmotive','varchar(2)','ASSISTENZA','expensekind','2','N','varchar','System.String','','','''ASSISTENZA''','','N')
GO

INSERT INTO columntypes (format,allownull,tablename,sqldeclaration,createuser,field,col_len,denynull,sqltype,systemtype,defaultvalue,col_scale,lastmoduser,col_precision,iskey) VALUES('','S','accmotive','int','ASSISTENZA','flag','4','N','int','System.Int32','','','''ASSISTENZA''','','N')
GO

INSERT INTO columntypes (format,allownull,tablename,sqldeclaration,createuser,field,col_len,denynull,sqltype,systemtype,defaultvalue,col_scale,lastmoduser,col_precision,iskey) VALUES('','S','accmotive','char(1)','ASSISTENZA','flagamm','1','N','char','System.String','','','''ASSISTENZA''','','N')
GO

INSERT INTO columntypes (format,allownull,tablename,sqldeclaration,createuser,field,col_len,denynull,sqltype,systemtype,defaultvalue,col_scale,lastmoduser,col_precision,iskey) VALUES('','S','accmotive','char(1)','ASSISTENZA','flagdep','1','N','char','System.String','','','''ASSISTENZA''','','N')
GO

INSERT INTO columntypes (format,allownull,tablename,sqldeclaration,createuser,field,col_len,denynull,sqltype,systemtype,defaultvalue,col_scale,lastmoduser,col_precision,iskey) VALUES('','N','accmotive','datetime','ASSISTENZA','lt','8','S','datetime','System.DateTime','','','''ASSISTENZA''','','N')
GO

INSERT INTO columntypes (format,allownull,tablename,sqldeclaration,createuser,field,col_len,denynull,sqltype,systemtype,defaultvalue,col_scale,lastmoduser,col_precision,iskey) VALUES('','N','accmotive','varchar(64)','ASSISTENZA','lu','64','S','varchar','System.String','','','''ASSISTENZA''','','N')
GO

INSERT INTO columntypes (format,allownull,tablename,sqldeclaration,createuser,field,col_len,denynull,sqltype,systemtype,defaultvalue,col_scale,lastmoduser,col_precision,iskey) VALUES('','S','accmotive','varchar(36)','ASSISTENZA','paridaccmotive','36','N','varchar','System.String','','','''ASSISTENZA''','','N')
GO

INSERT INTO columntypes (format,allownull,tablename,sqldeclaration,createuser,field,col_len,denynull,sqltype,systemtype,defaultvalue,col_scale,lastmoduser,col_precision,iskey) VALUES('','N','accmotive','varchar(150)','ASSISTENZA','title','150','S','varchar','System.String','','','''ASSISTENZA''','','N')
GO

-- VERIFICA DI accmotive IN CUSTOMOBJECT --
IF EXISTS(select * from customobject where objectname = 'accmotive')
UPDATE customobject set isreal = 'S' where objectname = 'accmotive'
ELSE
INSERT INTO customobject (objectname, isreal) values('accmotive', 'S')
GO
-- FINE GENERAZIONE SCRIPT --


-- GENERAZIONE DATI PER tabledescr --
IF exists(SELECT * FROM [tabledescr] WHERE tablename = 'accmotive')
UPDATE [tabledescr] SET description = 'Piano dei conti',idapplication = null,isdbo = 'S',lt = {ts '1900-01-01 03:00:28.633'},lu = 'nino',title = 'Piano dei conti' WHERE tablename = 'accmotive'
ELSE
INSERT INTO [tabledescr] (tablename,description,idapplication,isdbo,lt,lu,title) VALUES ('accmotive','Piano dei conti',null,'S',{ts '1900-01-01 03:00:28.633'},'nino','Piano dei conti')
GO

-- FINE GENERAZIONE SCRIPT --


-- GENERAZIONE DATI PER coldescr --
IF exists(SELECT * FROM [coldescr] WHERE colname = 'active' AND tablename = 'accmotive')
UPDATE [coldescr] SET col_len = '1',col_precision = '0',col_scale = '0',description = 'attivo',kind = 'S',lt = {ts '2017-05-19 07:53:10.197'},lu = 'nino',primarykey = 'N',sql_declaration = 'char(1)',sql_type = 'char',system_type = 'System.String' WHERE colname = 'active' AND tablename = 'accmotive'
ELSE
INSERT INTO [coldescr] (colname,tablename,col_len,col_precision,col_scale,description,kind,lt,lu,primarykey,sql_declaration,sql_type,system_type) VALUES ('active','accmotive','1','0','0','attivo','S',{ts '2017-05-19 07:53:10.197'},'nino','N','char(1)','char','System.String')
GO

IF exists(SELECT * FROM [coldescr] WHERE colname = 'codemotive' AND tablename = 'accmotive')
UPDATE [coldescr] SET col_len = '50',col_precision = '0',col_scale = '0',description = 'Codice causale',kind = 'S',lt = {ts '2017-05-19 07:53:10.197'},lu = 'nino',primarykey = 'N',sql_declaration = 'varchar(50)',sql_type = 'varchar',system_type = 'System.String' WHERE colname = 'codemotive' AND tablename = 'accmotive'
ELSE
INSERT INTO [coldescr] (colname,tablename,col_len,col_precision,col_scale,description,kind,lt,lu,primarykey,sql_declaration,sql_type,system_type) VALUES ('codemotive','accmotive','50','0','0','Codice causale','S',{ts '2017-05-19 07:53:10.197'},'nino','N','varchar(50)','varchar','System.String')
GO

IF exists(SELECT * FROM [coldescr] WHERE colname = 'ct' AND tablename = 'accmotive')
UPDATE [coldescr] SET col_len = '8',col_precision = '0',col_scale = '0',description = 'data creazione',kind = 'S',lt = {ts '2017-05-19 07:53:10.197'},lu = 'nino',primarykey = 'N',sql_declaration = 'datetime',sql_type = 'datetime',system_type = 'System.DateTime' WHERE colname = 'ct' AND tablename = 'accmotive'
ELSE
INSERT INTO [coldescr] (colname,tablename,col_len,col_precision,col_scale,description,kind,lt,lu,primarykey,sql_declaration,sql_type,system_type) VALUES ('ct','accmotive','8','0','0','data creazione','S',{ts '2017-05-19 07:53:10.197'},'nino','N','datetime','datetime','System.DateTime')
GO

IF exists(SELECT * FROM [coldescr] WHERE colname = 'cu' AND tablename = 'accmotive')
UPDATE [coldescr] SET col_len = '64',col_precision = '0',col_scale = '0',description = 'nome utente creazione',kind = 'S',lt = {ts '2017-05-19 07:53:10.197'},lu = 'nino',primarykey = 'N',sql_declaration = 'varchar(64)',sql_type = 'varchar',system_type = 'System.String' WHERE colname = 'cu' AND tablename = 'accmotive'
ELSE
INSERT INTO [coldescr] (colname,tablename,col_len,col_precision,col_scale,description,kind,lt,lu,primarykey,sql_declaration,sql_type,system_type) VALUES ('cu','accmotive','64','0','0','nome utente creazione','S',{ts '2017-05-19 07:53:10.197'},'nino','N','varchar(64)','varchar','System.String')
GO

IF exists(SELECT * FROM [coldescr] WHERE colname = 'expensekind' AND tablename = 'accmotive')
UPDATE [coldescr] SET col_len = '2',col_precision = '0',col_scale = '0',description = 'Tipo spesa PCC (COrrente o CApitale)',kind = 'S',lt = {ts '2017-05-19 07:53:10.197'},lu = 'nino',primarykey = 'N',sql_declaration = 'varchar(2)',sql_type = 'varchar',system_type = 'System.String' WHERE colname = 'expensekind' AND tablename = 'accmotive'
ELSE
INSERT INTO [coldescr] (colname,tablename,col_len,col_precision,col_scale,description,kind,lt,lu,primarykey,sql_declaration,sql_type,system_type) VALUES ('expensekind','accmotive','2','0','0','Tipo spesa PCC (COrrente o CApitale)','S',{ts '2017-05-19 07:53:10.197'},'nino','N','varchar(2)','varchar','System.String')
GO

IF exists(SELECT * FROM [coldescr] WHERE colname = 'flag' AND tablename = 'accmotive')
UPDATE [coldescr] SET col_len = '4',col_precision = '0',col_scale = '0',description = 'flag',kind = 'B',lt = {ts '2017-05-19 07:54:06.810'},lu = 'nino',primarykey = 'N',sql_declaration = 'int',sql_type = 'int',system_type = 'System.Int32' WHERE colname = 'flag' AND tablename = 'accmotive'
ELSE
INSERT INTO [coldescr] (colname,tablename,col_len,col_precision,col_scale,description,kind,lt,lu,primarykey,sql_declaration,sql_type,system_type) VALUES ('flag','accmotive','4','0','0','flag','B',{ts '2017-05-19 07:54:06.810'},'nino','N','int','int','System.Int32')
GO

IF exists(SELECT * FROM [coldescr] WHERE colname = 'flagamm' AND tablename = 'accmotive')
UPDATE [coldescr] SET col_len = '1',col_precision = '0',col_scale = '0',description = 'Utilizzabile dall''Amministrazione',kind = 'C',lt = {ts '2017-05-19 07:53:10.197'},lu = 'nino',primarykey = 'N',sql_declaration = 'char(1)',sql_type = 'char',system_type = 'System.String' WHERE colname = 'flagamm' AND tablename = 'accmotive'
ELSE
INSERT INTO [coldescr] (colname,tablename,col_len,col_precision,col_scale,description,kind,lt,lu,primarykey,sql_declaration,sql_type,system_type) VALUES ('flagamm','accmotive','1','0','0','Utilizzabile dall''Amministrazione','C',{ts '2017-05-19 07:53:10.197'},'nino','N','char(1)','char','System.String')
GO

IF exists(SELECT * FROM [coldescr] WHERE colname = 'flagdep' AND tablename = 'accmotive')
UPDATE [coldescr] SET col_len = '1',col_precision = '0',col_scale = '0',description = 'Utilizzabile dai dipartimenti',kind = 'C',lt = {ts '2017-05-19 07:53:10.197'},lu = 'nino',primarykey = 'N',sql_declaration = 'char(1)',sql_type = 'char',system_type = 'System.String' WHERE colname = 'flagdep' AND tablename = 'accmotive'
ELSE
INSERT INTO [coldescr] (colname,tablename,col_len,col_precision,col_scale,description,kind,lt,lu,primarykey,sql_declaration,sql_type,system_type) VALUES ('flagdep','accmotive','1','0','0','Utilizzabile dai dipartimenti','C',{ts '2017-05-19 07:53:10.197'},'nino','N','char(1)','char','System.String')
GO

IF exists(SELECT * FROM [coldescr] WHERE colname = 'idaccmotive' AND tablename = 'accmotive')
UPDATE [coldescr] SET col_len = '36',col_precision = '0',col_scale = '0',description = 'id causale (tabella acccmotive)',kind = 'S',lt = {ts '2017-05-19 07:53:10.197'},lu = 'nino',primarykey = 'S',sql_declaration = 'varchar(36)',sql_type = 'varchar',system_type = 'System.String' WHERE colname = 'idaccmotive' AND tablename = 'accmotive'
ELSE
INSERT INTO [coldescr] (colname,tablename,col_len,col_precision,col_scale,description,kind,lt,lu,primarykey,sql_declaration,sql_type,system_type) VALUES ('idaccmotive','accmotive','36','0','0','id causale (tabella acccmotive)','S',{ts '2017-05-19 07:53:10.197'},'nino','S','varchar(36)','varchar','System.String')
GO

IF exists(SELECT * FROM [coldescr] WHERE colname = 'lt' AND tablename = 'accmotive')
UPDATE [coldescr] SET col_len = '8',col_precision = '0',col_scale = '0',description = 'data ultima modifica',kind = 'S',lt = {ts '2017-05-19 07:53:10.197'},lu = 'nino',primarykey = 'N',sql_declaration = 'datetime',sql_type = 'datetime',system_type = 'System.DateTime' WHERE colname = 'lt' AND tablename = 'accmotive'
ELSE
INSERT INTO [coldescr] (colname,tablename,col_len,col_precision,col_scale,description,kind,lt,lu,primarykey,sql_declaration,sql_type,system_type) VALUES ('lt','accmotive','8','0','0','data ultima modifica','S',{ts '2017-05-19 07:53:10.197'},'nino','N','datetime','datetime','System.DateTime')
GO

IF exists(SELECT * FROM [coldescr] WHERE colname = 'lu' AND tablename = 'accmotive')
UPDATE [coldescr] SET col_len = '64',col_precision = '0',col_scale = '0',description = 'nome ultimo utente modifica',kind = 'S',lt = {ts '2017-05-19 07:53:10.197'},lu = 'nino',primarykey = 'N',sql_declaration = 'varchar(64)',sql_type = 'varchar',system_type = 'System.String' WHERE colname = 'lu' AND tablename = 'accmotive'
ELSE
INSERT INTO [coldescr] (colname,tablename,col_len,col_precision,col_scale,description,kind,lt,lu,primarykey,sql_declaration,sql_type,system_type) VALUES ('lu','accmotive','64','0','0','nome ultimo utente modifica','S',{ts '2017-05-19 07:53:10.197'},'nino','N','varchar(64)','varchar','System.String')
GO

IF exists(SELECT * FROM [coldescr] WHERE colname = 'paridaccmotive' AND tablename = 'accmotive')
UPDATE [coldescr] SET col_len = '36',col_precision = '0',col_scale = '0',description = 'chiave della riga parent (idaccmotive)',kind = 'S',lt = {ts '2017-05-19 07:53:10.197'},lu = 'nino',primarykey = 'N',sql_declaration = 'varchar(36)',sql_type = 'varchar',system_type = 'System.String' WHERE colname = 'paridaccmotive' AND tablename = 'accmotive'
ELSE
INSERT INTO [coldescr] (colname,tablename,col_len,col_precision,col_scale,description,kind,lt,lu,primarykey,sql_declaration,sql_type,system_type) VALUES ('paridaccmotive','accmotive','36','0','0','chiave della riga parent (idaccmotive)','S',{ts '2017-05-19 07:53:10.197'},'nino','N','varchar(36)','varchar','System.String')
GO

IF exists(SELECT * FROM [coldescr] WHERE colname = 'title' AND tablename = 'accmotive')
UPDATE [coldescr] SET col_len = '150',col_precision = '0',col_scale = '0',description = 'Denominazione',kind = 'S',lt = {ts '2017-05-19 07:53:10.197'},lu = 'nino',primarykey = 'N',sql_declaration = 'varchar(150)',sql_type = 'varchar',system_type = 'System.String' WHERE colname = 'title' AND tablename = 'accmotive'
ELSE
INSERT INTO [coldescr] (colname,tablename,col_len,col_precision,col_scale,description,kind,lt,lu,primarykey,sql_declaration,sql_type,system_type) VALUES ('title','accmotive','150','0','0','Denominazione','S',{ts '2017-05-19 07:53:10.197'},'nino','N','varchar(150)','varchar','System.String')
GO

-- FINE GENERAZIONE SCRIPT --


-- GENERAZIONE DATI PER colbit --
IF exists(SELECT * FROM [colbit] WHERE colname = 'flag' AND nbit = '0' AND tablename = 'accmotive')
UPDATE [colbit] SET description = null,lt = {ts '2017-05-19 07:54:06.810'},lu = 'nino',title = 'Vieta il salvataggio della fattura in assenza di contratto' WHERE colname = 'flag' AND nbit = '0' AND tablename = 'accmotive'
ELSE
INSERT INTO [colbit] (colname,nbit,tablename,description,lt,lu,title) VALUES ('flag','0','accmotive',null,{ts '2017-05-19 07:54:06.810'},'nino','Vieta il salvataggio della fattura in assenza di contratto')
GO

-- FINE GENERAZIONE SCRIPT --


-- GENERAZIONE DATI PER colvalue --
IF exists(SELECT * FROM [colvalue] WHERE colname = 'flagamm' AND tablename = 'accmotive' AND value = 'N')
UPDATE [colvalue] SET description = null,lt = {ts '2016-02-04 09:11:40.973'},lu = 'Nino',title = 'Non utilizzabile dall''Amministrazione' WHERE colname = 'flagamm' AND tablename = 'accmotive' AND value = 'N'
ELSE
INSERT INTO [colvalue] (colname,tablename,value,description,lt,lu,title) VALUES ('flagamm','accmotive','N',null,{ts '2016-02-04 09:11:40.973'},'Nino','Non utilizzabile dall''Amministrazione')
GO

IF exists(SELECT * FROM [colvalue] WHERE colname = 'flagamm' AND tablename = 'accmotive' AND value = 'S')
UPDATE [colvalue] SET description = null,lt = {ts '2016-01-29 14:10:19.543'},lu = 'lu',title = 'Utilizzabile dall''Amministrazione' WHERE colname = 'flagamm' AND tablename = 'accmotive' AND value = 'S'
ELSE
INSERT INTO [colvalue] (colname,tablename,value,description,lt,lu,title) VALUES ('flagamm','accmotive','S',null,{ts '2016-01-29 14:10:19.543'},'lu','Utilizzabile dall''Amministrazione')
GO

IF exists(SELECT * FROM [colvalue] WHERE colname = 'flagdep' AND tablename = 'accmotive' AND value = 'N')
UPDATE [colvalue] SET description = null,lt = {ts '2016-01-29 14:10:19.543'},lu = 'lu',title = 'Non è vero che: "Utilizzabile dai dipartimenti"' WHERE colname = 'flagdep' AND tablename = 'accmotive' AND value = 'N'
ELSE
INSERT INTO [colvalue] (colname,tablename,value,description,lt,lu,title) VALUES ('flagdep','accmotive','N',null,{ts '2016-01-29 14:10:19.543'},'lu','Non è vero che: "Utilizzabile dai dipartimenti"')
GO

IF exists(SELECT * FROM [colvalue] WHERE colname = 'flagdep' AND tablename = 'accmotive' AND value = 'S')
UPDATE [colvalue] SET description = null,lt = {ts '2016-01-29 14:10:19.543'},lu = 'lu',title = 'Utilizzabile dai dipartimenti' WHERE colname = 'flagdep' AND tablename = 'accmotive' AND value = 'S'
ELSE
INSERT INTO [colvalue] (colname,tablename,value,description,lt,lu,title) VALUES ('flagdep','accmotive','S',null,{ts '2016-01-29 14:10:19.543'},'lu','Utilizzabile dai dipartimenti')
GO

-- FINE GENERAZIONE SCRIPT --


-- GENERAZIONE DATI PER relation --
IF exists(SELECT * FROM [relation] WHERE idrelation = '2987')
UPDATE [relation] SET childtable = 'accmotive',description = 'chiave della riga parent (idaccmotive)',lt = {ts '2017-05-22 07:55:42.033'},lu = 'nino',parenttable = 'accmotive',title = 'Piano dei conti' WHERE idrelation = '2987'
ELSE
INSERT INTO [relation] (idrelation,childtable,description,lt,lu,parenttable,title) VALUES ('2987','accmotive','chiave della riga parent (idaccmotive)',{ts '2017-05-22 07:55:42.033'},'nino','accmotive','Piano dei conti')
GO

-- FINE GENERAZIONE SCRIPT --


-- GENERAZIONE DATI PER relationcol --
IF exists(SELECT * FROM [relationcol] WHERE idrelation = '2987' AND parentcol = 'idaccmotive')
UPDATE [relationcol] SET childcol = 'paridaccmotive',lt = {ts '2017-05-22 07:55:42.043'},lu = 'nino' WHERE idrelation = '2987' AND parentcol = 'idaccmotive'
ELSE
INSERT INTO [relationcol] (idrelation,parentcol,childcol,lt,lu) VALUES ('2987','idaccmotive','paridaccmotive',{ts '2017-05-22 07:55:42.043'},'nino')
GO

-- FINE GENERAZIONE SCRIPT --

--[DBO]--
-- CREAZIONE TABELLA progetto --
IF NOT EXISTS(select * from sysobjects where id = object_id(N'[dbo].[progetto]') and OBJECTPROPERTY(id, N'IsUserTable') = 1)
BEGIN
CREATE TABLE [dbo].[progetto] (
idprogetto int NOT NULL,
budget decimal(14,2) NULL,
budgetcalcolato decimal(14,2) NULL,
budgetcalcolatodate datetime NULL,
capofilatxt nvarchar(2048) NULL,
codiceidentificativo varchar(2048) NULL,
contributo decimal(14,2) NULL,
contributoente decimal(14,2) NULL,
ct datetime NOT NULL,
cu varchar(64) NOT NULL,
cup varchar(15) NULL,
data date NULL,
description nvarchar(max) NULL,
durata int NULL,
finanziatoretxt nvarchar(2048) NULL,
idcorsostudio int NULL,
idcurrency int NULL,
idduratakind int NULL,
idprogettokind int NULL,
idprogettostatuskind int NULL,
idreg int NULL,
idreg_aziende int NULL,
idreg_aziende_fin int NULL,
idregistryprogfin int NULL,
idregistryprogfinbando int NULL,
lt datetime NOT NULL,
lu varchar(64) NOT NULL,
start date NULL,
stop date NULL,
title nvarchar(4000) NULL,
titolobreve nvarchar(2048) NULL,
totalbudget decimal(14,2) NULL,
totalcontributo decimal(14,2) NULL,
url varchar(1024) NULL,
 CONSTRAINT xpkprogetto PRIMARY KEY (idprogetto
)
)
END
GO

-- VERIFICA STRUTTURA progetto --
IF NOT exists(select * from [sysobjects] as T inner join syscolumns C on T.ID = C.ID where t.name = 'progetto' and C.name = 'idprogetto' AND (T.uid = USER_ID( ) OR T.uid = USER_ID('dbo')))
BEGIN
	ALTER TABLE [progetto] ADD idprogetto int NOT NULL DEFAULT 0
	declare @vincolo varchar(100)
	select @vincolo = object_name(const.constid) from syscolumns col join sysconstraints const on const.id = col.id and const.colid = col.colid where col.id = object_id('progetto') and col.name = 'idprogetto' and objectproperty(const.constid, 'IsDefaultCnst')=1
	exec ('ALTER TABLE [progetto] drop constraint '+@vincolo)
END
GO

IF NOT exists(select * from [sysobjects] as T inner join syscolumns C on T.ID = C.ID where t.name = 'progetto' and C.name = 'budget' AND (T.uid = USER_ID( ) OR T.uid = USER_ID('dbo')))
BEGIN
	ALTER TABLE [progetto] ADD budget decimal(14,2) NULL 
END
ELSE
	ALTER TABLE [progetto] ALTER COLUMN budget decimal(14,2) NULL
GO

IF NOT exists(select * from [sysobjects] as T inner join syscolumns C on T.ID = C.ID where t.name = 'progetto' and C.name = 'budgetcalcolato' AND (T.uid = USER_ID( ) OR T.uid = USER_ID('dbo')))
BEGIN
	ALTER TABLE [progetto] ADD budgetcalcolato decimal(14,2) NULL 
END
ELSE
	ALTER TABLE [progetto] ALTER COLUMN budgetcalcolato decimal(14,2) NULL
GO

IF NOT exists(select * from [sysobjects] as T inner join syscolumns C on T.ID = C.ID where t.name = 'progetto' and C.name = 'budgetcalcolatodate' AND (T.uid = USER_ID( ) OR T.uid = USER_ID('dbo')))
BEGIN
	ALTER TABLE [progetto] ADD budgetcalcolatodate datetime NULL 
END
ELSE
	ALTER TABLE [progetto] ALTER COLUMN budgetcalcolatodate datetime NULL
GO

IF NOT exists(select * from [sysobjects] as T inner join syscolumns C on T.ID = C.ID where t.name = 'progetto' and C.name = 'capofilatxt' AND (T.uid = USER_ID( ) OR T.uid = USER_ID('dbo')))
BEGIN
	ALTER TABLE [progetto] ADD capofilatxt nvarchar(2048) NULL 
END
ELSE
	ALTER TABLE [progetto] ALTER COLUMN capofilatxt nvarchar(2048) NULL
GO

IF NOT exists(select * from [sysobjects] as T inner join syscolumns C on T.ID = C.ID where t.name = 'progetto' and C.name = 'codiceidentificativo' AND (T.uid = USER_ID( ) OR T.uid = USER_ID('dbo')))
BEGIN
	ALTER TABLE [progetto] ADD codiceidentificativo varchar(2048) NULL 
END
ELSE
	ALTER TABLE [progetto] ALTER COLUMN codiceidentificativo varchar(2048) NULL
GO

IF NOT exists(select * from [sysobjects] as T inner join syscolumns C on T.ID = C.ID where t.name = 'progetto' and C.name = 'contributo' AND (T.uid = USER_ID( ) OR T.uid = USER_ID('dbo')))
BEGIN
	ALTER TABLE [progetto] ADD contributo decimal(14,2) NULL 
END
ELSE
	ALTER TABLE [progetto] ALTER COLUMN contributo decimal(14,2) NULL
GO

IF NOT exists(select * from [sysobjects] as T inner join syscolumns C on T.ID = C.ID where t.name = 'progetto' and C.name = 'contributoente' AND (T.uid = USER_ID( ) OR T.uid = USER_ID('dbo')))
BEGIN
	ALTER TABLE [progetto] ADD contributoente decimal(14,2) NULL 
END
ELSE
	ALTER TABLE [progetto] ALTER COLUMN contributoente decimal(14,2) NULL
GO

IF NOT exists(select * from [sysobjects] as T inner join syscolumns C on T.ID = C.ID where t.name = 'progetto' and C.name = 'ct' AND (T.uid = USER_ID( ) OR T.uid = USER_ID('dbo')))
BEGIN
	ALTER TABLE [progetto] ADD ct datetime NOT NULL DEFAULT 01/01/1000
	declare @vincolo varchar(100)
	select @vincolo = object_name(const.constid) from syscolumns col join sysconstraints const on const.id = col.id and const.colid = col.colid where col.id = object_id('progetto') and col.name = 'ct' and objectproperty(const.constid, 'IsDefaultCnst')=1
	exec ('ALTER TABLE [progetto] drop constraint '+@vincolo)
END
ELSE
	ALTER TABLE [progetto] ALTER COLUMN ct datetime NOT NULL
GO

IF NOT exists(select * from [sysobjects] as T inner join syscolumns C on T.ID = C.ID where t.name = 'progetto' and C.name = 'cu' AND (T.uid = USER_ID( ) OR T.uid = USER_ID('dbo')))
BEGIN
	ALTER TABLE [progetto] ADD cu varchar(64) NOT NULL DEFAULT ''
	declare @vincolo varchar(100)
	select @vincolo = object_name(const.constid) from syscolumns col join sysconstraints const on const.id = col.id and const.colid = col.colid where col.id = object_id('progetto') and col.name = 'cu' and objectproperty(const.constid, 'IsDefaultCnst')=1
	exec ('ALTER TABLE [progetto] drop constraint '+@vincolo)
END
ELSE
	ALTER TABLE [progetto] ALTER COLUMN cu varchar(64) NOT NULL
GO

IF NOT exists(select * from [sysobjects] as T inner join syscolumns C on T.ID = C.ID where t.name = 'progetto' and C.name = 'cup' AND (T.uid = USER_ID( ) OR T.uid = USER_ID('dbo')))
BEGIN
	ALTER TABLE [progetto] ADD cup varchar(15) NULL 
END
ELSE
	ALTER TABLE [progetto] ALTER COLUMN cup varchar(15) NULL
GO

IF NOT exists(select * from [sysobjects] as T inner join syscolumns C on T.ID = C.ID where t.name = 'progetto' and C.name = 'data' AND (T.uid = USER_ID( ) OR T.uid = USER_ID('dbo')))
BEGIN
	ALTER TABLE [progetto] ADD data date NULL 
END
ELSE
	ALTER TABLE [progetto] ALTER COLUMN data date NULL
GO

IF NOT exists(select * from [sysobjects] as T inner join syscolumns C on T.ID = C.ID where t.name = 'progetto' and C.name = 'description' AND (T.uid = USER_ID( ) OR T.uid = USER_ID('dbo')))
BEGIN
	ALTER TABLE [progetto] ADD description nvarchar(max) NULL 
END
ELSE
	ALTER TABLE [progetto] ALTER COLUMN description nvarchar(max) NULL
GO

IF NOT exists(select * from [sysobjects] as T inner join syscolumns C on T.ID = C.ID where t.name = 'progetto' and C.name = 'durata' AND (T.uid = USER_ID( ) OR T.uid = USER_ID('dbo')))
BEGIN
	ALTER TABLE [progetto] ADD durata int NULL 
END
ELSE
	ALTER TABLE [progetto] ALTER COLUMN durata int NULL
GO

IF NOT exists(select * from [sysobjects] as T inner join syscolumns C on T.ID = C.ID where t.name = 'progetto' and C.name = 'finanziatoretxt' AND (T.uid = USER_ID( ) OR T.uid = USER_ID('dbo')))
BEGIN
	ALTER TABLE [progetto] ADD finanziatoretxt nvarchar(2048) NULL 
END
ELSE
	ALTER TABLE [progetto] ALTER COLUMN finanziatoretxt nvarchar(2048) NULL
GO

IF NOT exists(select * from [sysobjects] as T inner join syscolumns C on T.ID = C.ID where t.name = 'progetto' and C.name = 'idcorsostudio' AND (T.uid = USER_ID( ) OR T.uid = USER_ID('dbo')))
BEGIN
	ALTER TABLE [progetto] ADD idcorsostudio int NULL 
END
ELSE
	ALTER TABLE [progetto] ALTER COLUMN idcorsostudio int NULL
GO

IF NOT exists(select * from [sysobjects] as T inner join syscolumns C on T.ID = C.ID where t.name = 'progetto' and C.name = 'idcurrency' AND (T.uid = USER_ID( ) OR T.uid = USER_ID('dbo')))
BEGIN
	ALTER TABLE [progetto] ADD idcurrency int NULL 
END
ELSE
	ALTER TABLE [progetto] ALTER COLUMN idcurrency int NULL
GO

IF NOT exists(select * from [sysobjects] as T inner join syscolumns C on T.ID = C.ID where t.name = 'progetto' and C.name = 'idduratakind' AND (T.uid = USER_ID( ) OR T.uid = USER_ID('dbo')))
BEGIN
	ALTER TABLE [progetto] ADD idduratakind int NULL 
END
ELSE
	ALTER TABLE [progetto] ALTER COLUMN idduratakind int NULL
GO

IF NOT exists(select * from [sysobjects] as T inner join syscolumns C on T.ID = C.ID where t.name = 'progetto' and C.name = 'idprogettokind' AND (T.uid = USER_ID( ) OR T.uid = USER_ID('dbo')))
BEGIN
	ALTER TABLE [progetto] ADD idprogettokind int NULL 
END
ELSE
	ALTER TABLE [progetto] ALTER COLUMN idprogettokind int NULL
GO

IF NOT exists(select * from [sysobjects] as T inner join syscolumns C on T.ID = C.ID where t.name = 'progetto' and C.name = 'idprogettostatuskind' AND (T.uid = USER_ID( ) OR T.uid = USER_ID('dbo')))
BEGIN
	ALTER TABLE [progetto] ADD idprogettostatuskind int NULL 
END
ELSE
	ALTER TABLE [progetto] ALTER COLUMN idprogettostatuskind int NULL
GO

IF NOT exists(select * from [sysobjects] as T inner join syscolumns C on T.ID = C.ID where t.name = 'progetto' and C.name = 'idreg' AND (T.uid = USER_ID( ) OR T.uid = USER_ID('dbo')))
BEGIN
	ALTER TABLE [progetto] ADD idreg int NULL 
END
ELSE
	ALTER TABLE [progetto] ALTER COLUMN idreg int NULL
GO

IF NOT exists(select * from [sysobjects] as T inner join syscolumns C on T.ID = C.ID where t.name = 'progetto' and C.name = 'idreg_aziende' AND (T.uid = USER_ID( ) OR T.uid = USER_ID('dbo')))
BEGIN
	ALTER TABLE [progetto] ADD idreg_aziende int NULL 
END
ELSE
	ALTER TABLE [progetto] ALTER COLUMN idreg_aziende int NULL
GO

IF NOT exists(select * from [sysobjects] as T inner join syscolumns C on T.ID = C.ID where t.name = 'progetto' and C.name = 'idreg_aziende_fin' AND (T.uid = USER_ID( ) OR T.uid = USER_ID('dbo')))
BEGIN
	ALTER TABLE [progetto] ADD idreg_aziende_fin int NULL 
END
ELSE
	ALTER TABLE [progetto] ALTER COLUMN idreg_aziende_fin int NULL
GO

IF NOT exists(select * from [sysobjects] as T inner join syscolumns C on T.ID = C.ID where t.name = 'progetto' and C.name = 'idregistryprogfin' AND (T.uid = USER_ID( ) OR T.uid = USER_ID('dbo')))
BEGIN
	ALTER TABLE [progetto] ADD idregistryprogfin int NULL 
END
ELSE
	ALTER TABLE [progetto] ALTER COLUMN idregistryprogfin int NULL
GO

IF NOT exists(select * from [sysobjects] as T inner join syscolumns C on T.ID = C.ID where t.name = 'progetto' and C.name = 'idregistryprogfinbando' AND (T.uid = USER_ID( ) OR T.uid = USER_ID('dbo')))
BEGIN
	ALTER TABLE [progetto] ADD idregistryprogfinbando int NULL 
END
ELSE
	ALTER TABLE [progetto] ALTER COLUMN idregistryprogfinbando int NULL
GO

IF NOT exists(select * from [sysobjects] as T inner join syscolumns C on T.ID = C.ID where t.name = 'progetto' and C.name = 'lt' AND (T.uid = USER_ID( ) OR T.uid = USER_ID('dbo')))
BEGIN
	ALTER TABLE [progetto] ADD lt datetime NOT NULL DEFAULT 01/01/1000
	declare @vincolo varchar(100)
	select @vincolo = object_name(const.constid) from syscolumns col join sysconstraints const on const.id = col.id and const.colid = col.colid where col.id = object_id('progetto') and col.name = 'lt' and objectproperty(const.constid, 'IsDefaultCnst')=1
	exec ('ALTER TABLE [progetto] drop constraint '+@vincolo)
END
ELSE
	ALTER TABLE [progetto] ALTER COLUMN lt datetime NOT NULL
GO

IF NOT exists(select * from [sysobjects] as T inner join syscolumns C on T.ID = C.ID where t.name = 'progetto' and C.name = 'lu' AND (T.uid = USER_ID( ) OR T.uid = USER_ID('dbo')))
BEGIN
	ALTER TABLE [progetto] ADD lu varchar(64) NOT NULL DEFAULT ''
	declare @vincolo varchar(100)
	select @vincolo = object_name(const.constid) from syscolumns col join sysconstraints const on const.id = col.id and const.colid = col.colid where col.id = object_id('progetto') and col.name = 'lu' and objectproperty(const.constid, 'IsDefaultCnst')=1
	exec ('ALTER TABLE [progetto] drop constraint '+@vincolo)
END
ELSE
	ALTER TABLE [progetto] ALTER COLUMN lu varchar(64) NOT NULL
GO

IF NOT exists(select * from [sysobjects] as T inner join syscolumns C on T.ID = C.ID where t.name = 'progetto' and C.name = 'start' AND (T.uid = USER_ID( ) OR T.uid = USER_ID('dbo')))
BEGIN
	ALTER TABLE [progetto] ADD start date NULL 
END
ELSE
	ALTER TABLE [progetto] ALTER COLUMN start date NULL
GO

IF NOT exists(select * from [sysobjects] as T inner join syscolumns C on T.ID = C.ID where t.name = 'progetto' and C.name = 'stop' AND (T.uid = USER_ID( ) OR T.uid = USER_ID('dbo')))
BEGIN
	ALTER TABLE [progetto] ADD stop date NULL 
END
ELSE
	ALTER TABLE [progetto] ALTER COLUMN stop date NULL
GO

IF NOT exists(select * from [sysobjects] as T inner join syscolumns C on T.ID = C.ID where t.name = 'progetto' and C.name = 'title' AND (T.uid = USER_ID( ) OR T.uid = USER_ID('dbo')))
BEGIN
	ALTER TABLE [progetto] ADD title nvarchar(4000) NULL 
END
ELSE
	ALTER TABLE [progetto] ALTER COLUMN title nvarchar(4000) NULL
GO

IF NOT exists(select * from [sysobjects] as T inner join syscolumns C on T.ID = C.ID where t.name = 'progetto' and C.name = 'titolobreve' AND (T.uid = USER_ID( ) OR T.uid = USER_ID('dbo')))
BEGIN
	ALTER TABLE [progetto] ADD titolobreve nvarchar(2048) NULL 
END
ELSE
	ALTER TABLE [progetto] ALTER COLUMN titolobreve nvarchar(2048) NULL
GO

IF NOT exists(select * from [sysobjects] as T inner join syscolumns C on T.ID = C.ID where t.name = 'progetto' and C.name = 'totalbudget' AND (T.uid = USER_ID( ) OR T.uid = USER_ID('dbo')))
BEGIN
	ALTER TABLE [progetto] ADD totalbudget decimal(14,2) NULL 
END
ELSE
	ALTER TABLE [progetto] ALTER COLUMN totalbudget decimal(14,2) NULL
GO

IF NOT exists(select * from [sysobjects] as T inner join syscolumns C on T.ID = C.ID where t.name = 'progetto' and C.name = 'totalcontributo' AND (T.uid = USER_ID( ) OR T.uid = USER_ID('dbo')))
BEGIN
	ALTER TABLE [progetto] ADD totalcontributo decimal(14,2) NULL 
END
ELSE
	ALTER TABLE [progetto] ALTER COLUMN totalcontributo decimal(14,2) NULL
GO

IF NOT exists(select * from [sysobjects] as T inner join syscolumns C on T.ID = C.ID where t.name = 'progetto' and C.name = 'url' AND (T.uid = USER_ID( ) OR T.uid = USER_ID('dbo')))
BEGIN
	ALTER TABLE [progetto] ADD url varchar(1024) NULL 
END
ELSE
	ALTER TABLE [progetto] ALTER COLUMN url varchar(1024) NULL
GO

-- VERIFICA DI progetto IN COLUMNTYPES --
DELETE FROM columntypes WHERE tablename = 'progetto'
INSERT INTO columntypes (format,allownull,tablename,sqldeclaration,createuser,field,col_len,denynull,sqltype,systemtype,defaultvalue,col_scale,lastmoduser,col_precision,iskey) VALUES('','N','progetto','int','assistenza','idprogetto','4','S','int','System.Int32','','','''assistenza''','','S')
GO

INSERT INTO columntypes (format,allownull,tablename,sqldeclaration,createuser,field,col_len,denynull,sqltype,systemtype,defaultvalue,col_scale,lastmoduser,col_precision,iskey) VALUES('','S','progetto','decimal(14,2)','assistenza','budget','9','N','decimal','System.Decimal','','2','''assistenza''','14','N')
GO

INSERT INTO columntypes (format,allownull,tablename,sqldeclaration,createuser,field,col_len,denynull,sqltype,systemtype,defaultvalue,col_scale,lastmoduser,col_precision,iskey) VALUES('','S','progetto','decimal(14,2)','assistenza','budgetcalcolato','9','N','decimal','System.Decimal','','2','''assistenza''','14','N')
GO

INSERT INTO columntypes (format,allownull,tablename,sqldeclaration,createuser,field,col_len,denynull,sqltype,systemtype,defaultvalue,col_scale,lastmoduser,col_precision,iskey) VALUES('','S','progetto','datetime','assistenza','budgetcalcolatodate','8','N','datetime','System.DateTime','','','''assistenza''','','N')
GO

INSERT INTO columntypes (format,allownull,tablename,sqldeclaration,createuser,field,col_len,denynull,sqltype,systemtype,defaultvalue,col_scale,lastmoduser,col_precision,iskey) VALUES('','S','progetto','nvarchar(2048)','assistenza','capofilatxt','2048','N','nvarchar','System.String','','','''assistenza''','','N')
GO

INSERT INTO columntypes (format,allownull,tablename,sqldeclaration,createuser,field,col_len,denynull,sqltype,systemtype,defaultvalue,col_scale,lastmoduser,col_precision,iskey) VALUES('','S','progetto','varchar(2048)','assistenza','codiceidentificativo','2048','N','varchar','System.String','','','''assistenza''','','N')
GO

INSERT INTO columntypes (format,allownull,tablename,sqldeclaration,createuser,field,col_len,denynull,sqltype,systemtype,defaultvalue,col_scale,lastmoduser,col_precision,iskey) VALUES('','S','progetto','decimal(14,2)','assistenza','contributo','9','N','decimal','System.Decimal','','2','''assistenza''','14','N')
GO

INSERT INTO columntypes (format,allownull,tablename,sqldeclaration,createuser,field,col_len,denynull,sqltype,systemtype,defaultvalue,col_scale,lastmoduser,col_precision,iskey) VALUES('','S','progetto','decimal(14,2)','assistenza','contributoente','9','N','decimal','System.Decimal','','2','''assistenza''','14','N')
GO

INSERT INTO columntypes (format,allownull,tablename,sqldeclaration,createuser,field,col_len,denynull,sqltype,systemtype,defaultvalue,col_scale,lastmoduser,col_precision,iskey) VALUES('','N','progetto','datetime','assistenza','ct','8','S','datetime','System.DateTime','','','''assistenza''','','N')
GO

INSERT INTO columntypes (format,allownull,tablename,sqldeclaration,createuser,field,col_len,denynull,sqltype,systemtype,defaultvalue,col_scale,lastmoduser,col_precision,iskey) VALUES('','N','progetto','varchar(64)','assistenza','cu','64','S','varchar','System.String','','','''assistenza''','','N')
GO

INSERT INTO columntypes (format,allownull,tablename,sqldeclaration,createuser,field,col_len,denynull,sqltype,systemtype,defaultvalue,col_scale,lastmoduser,col_precision,iskey) VALUES('','S','progetto','varchar(15)','assistenza','cup','15','N','varchar','System.String','','','''assistenza''','','N')
GO

INSERT INTO columntypes (format,allownull,tablename,sqldeclaration,createuser,field,col_len,denynull,sqltype,systemtype,defaultvalue,col_scale,lastmoduser,col_precision,iskey) VALUES('','S','progetto','date','assistenza','data','3','N','date','System.DateTime','','','''assistenza''','','N')
GO

INSERT INTO columntypes (format,allownull,tablename,sqldeclaration,createuser,field,col_len,denynull,sqltype,systemtype,defaultvalue,col_scale,lastmoduser,col_precision,iskey) VALUES('','S','progetto','nvarchar(max)','assistenza','description','0','N','nvarchar','System.String','','','''assistenza''','','N')
GO

INSERT INTO columntypes (format,allownull,tablename,sqldeclaration,createuser,field,col_len,denynull,sqltype,systemtype,defaultvalue,col_scale,lastmoduser,col_precision,iskey) VALUES('','S','progetto','int','assistenza','durata','4','N','int','System.Int32','','','''assistenza''','','N')
GO

INSERT INTO columntypes (format,allownull,tablename,sqldeclaration,createuser,field,col_len,denynull,sqltype,systemtype,defaultvalue,col_scale,lastmoduser,col_precision,iskey) VALUES('','S','progetto','nvarchar(2048)','assistenza','finanziatoretxt','2048','N','nvarchar','System.String','','','''assistenza''','','N')
GO

INSERT INTO columntypes (format,allownull,tablename,sqldeclaration,createuser,field,col_len,denynull,sqltype,systemtype,defaultvalue,col_scale,lastmoduser,col_precision,iskey) VALUES('','S','progetto','int','assistenza','idcorsostudio','4','N','int','System.Int32','','','''assistenza''','','N')
GO

INSERT INTO columntypes (format,allownull,tablename,sqldeclaration,createuser,field,col_len,denynull,sqltype,systemtype,defaultvalue,col_scale,lastmoduser,col_precision,iskey) VALUES('','S','progetto','int','assistenza','idcurrency','4','N','int','System.Int32','','','''assistenza''','','N')
GO

INSERT INTO columntypes (format,allownull,tablename,sqldeclaration,createuser,field,col_len,denynull,sqltype,systemtype,defaultvalue,col_scale,lastmoduser,col_precision,iskey) VALUES('','S','progetto','int','assistenza','idduratakind','4','N','int','System.Int32','','','''assistenza''','','N')
GO

INSERT INTO columntypes (format,allownull,tablename,sqldeclaration,createuser,field,col_len,denynull,sqltype,systemtype,defaultvalue,col_scale,lastmoduser,col_precision,iskey) VALUES('','S','progetto','int','assistenza','idprogettokind','4','N','int','System.Int32','','','''assistenza''','','N')
GO

INSERT INTO columntypes (format,allownull,tablename,sqldeclaration,createuser,field,col_len,denynull,sqltype,systemtype,defaultvalue,col_scale,lastmoduser,col_precision,iskey) VALUES('','S','progetto','int','assistenza','idprogettostatuskind','4','N','int','System.Int32','','','''assistenza''','','N')
GO

INSERT INTO columntypes (format,allownull,tablename,sqldeclaration,createuser,field,col_len,denynull,sqltype,systemtype,defaultvalue,col_scale,lastmoduser,col_precision,iskey) VALUES('','S','progetto','int','assistenza','idreg','4','N','int','System.Int32','','','''assistenza''','','N')
GO

INSERT INTO columntypes (format,allownull,tablename,sqldeclaration,createuser,field,col_len,denynull,sqltype,systemtype,defaultvalue,col_scale,lastmoduser,col_precision,iskey) VALUES('','S','progetto','int','assistenza','idreg_aziende','4','N','int','System.Int32','','','''assistenza''','','N')
GO

INSERT INTO columntypes (format,allownull,tablename,sqldeclaration,createuser,field,col_len,denynull,sqltype,systemtype,defaultvalue,col_scale,lastmoduser,col_precision,iskey) VALUES('','S','progetto','int','assistenza','idreg_aziende_fin','4','N','int','System.Int32','','','''assistenza''','','N')
GO

INSERT INTO columntypes (format,allownull,tablename,sqldeclaration,createuser,field,col_len,denynull,sqltype,systemtype,defaultvalue,col_scale,lastmoduser,col_precision,iskey) VALUES('','S','progetto','int','assistenza','idregistryprogfin','4','N','int','System.Int32','','','''assistenza''','','N')
GO

INSERT INTO columntypes (format,allownull,tablename,sqldeclaration,createuser,field,col_len,denynull,sqltype,systemtype,defaultvalue,col_scale,lastmoduser,col_precision,iskey) VALUES('','S','progetto','int','assistenza','idregistryprogfinbando','4','N','int','System.Int32','','','''assistenza''','','N')
GO

INSERT INTO columntypes (format,allownull,tablename,sqldeclaration,createuser,field,col_len,denynull,sqltype,systemtype,defaultvalue,col_scale,lastmoduser,col_precision,iskey) VALUES('','N','progetto','datetime','assistenza','lt','8','S','datetime','System.DateTime','','','''assistenza''','','N')
GO

INSERT INTO columntypes (format,allownull,tablename,sqldeclaration,createuser,field,col_len,denynull,sqltype,systemtype,defaultvalue,col_scale,lastmoduser,col_precision,iskey) VALUES('','N','progetto','varchar(64)','assistenza','lu','64','S','varchar','System.String','','','''assistenza''','','N')
GO

INSERT INTO columntypes (format,allownull,tablename,sqldeclaration,createuser,field,col_len,denynull,sqltype,systemtype,defaultvalue,col_scale,lastmoduser,col_precision,iskey) VALUES('','S','progetto','date','assistenza','start','3','N','date','System.DateTime','','','''assistenza''','','N')
GO

INSERT INTO columntypes (format,allownull,tablename,sqldeclaration,createuser,field,col_len,denynull,sqltype,systemtype,defaultvalue,col_scale,lastmoduser,col_precision,iskey) VALUES('','S','progetto','date','assistenza','stop','3','N','date','System.DateTime','','','''assistenza''','','N')
GO

INSERT INTO columntypes (format,allownull,tablename,sqldeclaration,createuser,field,col_len,denynull,sqltype,systemtype,defaultvalue,col_scale,lastmoduser,col_precision,iskey) VALUES('','S','progetto','nvarchar(4000)','assistenza','title','4000','N','nvarchar','System.String','','','''assistenza''','','N')
GO

INSERT INTO columntypes (format,allownull,tablename,sqldeclaration,createuser,field,col_len,denynull,sqltype,systemtype,defaultvalue,col_scale,lastmoduser,col_precision,iskey) VALUES('','S','progetto','nvarchar(2048)','assistenza','titolobreve','2048','N','nvarchar','System.String','','','''assistenza''','','N')
GO

INSERT INTO columntypes (format,allownull,tablename,sqldeclaration,createuser,field,col_len,denynull,sqltype,systemtype,defaultvalue,col_scale,lastmoduser,col_precision,iskey) VALUES('','S','progetto','decimal(14,2)','assistenza','totalbudget','9','N','decimal','System.Decimal','','2','''assistenza''','14','N')
GO

INSERT INTO columntypes (format,allownull,tablename,sqldeclaration,createuser,field,col_len,denynull,sqltype,systemtype,defaultvalue,col_scale,lastmoduser,col_precision,iskey) VALUES('','S','progetto','decimal(14,2)','assistenza','totalcontributo','9','N','decimal','System.Decimal','','2','''assistenza''','14','N')
GO

INSERT INTO columntypes (format,allownull,tablename,sqldeclaration,createuser,field,col_len,denynull,sqltype,systemtype,defaultvalue,col_scale,lastmoduser,col_precision,iskey) VALUES('','S','progetto','varchar(1024)','assistenza','url','1024','N','varchar','System.String','','','''assistenza''','','N')
GO

-- VERIFICA DI progetto IN CUSTOMOBJECT --
IF EXISTS(select * from customobject where objectname = 'progetto')
UPDATE customobject set isreal = 'S' where objectname = 'progetto'
ELSE
INSERT INTO customobject (objectname, isreal) values('progetto', 'S')
GO
-- FINE GENERAZIONE SCRIPT --


-- GENERAZIONE DATI PER tabledescr --
IF exists(SELECT * FROM [tabledescr] WHERE tablename = 'progetto')
UPDATE [tabledescr] SET description = 'Progetto di ricerca',idapplication = null,isdbo = 'N',lt = {ts '2020-05-20 14:00:37.623'},lu = 'assistenza',title = 'Progetto di ricerca' WHERE tablename = 'progetto'
ELSE
INSERT INTO [tabledescr] (tablename,description,idapplication,isdbo,lt,lu,title) VALUES ('progetto','Progetto di ricerca',null,'N',{ts '2020-05-20 14:00:37.623'},'assistenza','Progetto di ricerca')
GO

-- FINE GENERAZIONE SCRIPT --


-- GENERAZIONE DATI PER coldescr --
IF exists(SELECT * FROM [coldescr] WHERE colname = 'budget' AND tablename = 'progetto')
UPDATE [coldescr] SET col_len = '9',col_precision = '14',col_scale = '2',description = 'Costo totale per l''ateneo',kind = 'S',lt = {ts '2020-10-30 08:32:49.150'},lu = 'assistenza',primarykey = 'N',sql_declaration = 'decimal(14,2)',sql_type = 'decimal',system_type = 'System.Decimal' WHERE colname = 'budget' AND tablename = 'progetto'
ELSE
INSERT INTO [coldescr] (colname,tablename,col_len,col_precision,col_scale,description,kind,lt,lu,primarykey,sql_declaration,sql_type,system_type) VALUES ('budget','progetto','9','14','2','Costo totale per l''ateneo','S',{ts '2020-10-30 08:32:49.150'},'assistenza','N','decimal(14,2)','decimal','System.Decimal')
GO

IF exists(SELECT * FROM [coldescr] WHERE colname = 'budgetcalcolato' AND tablename = 'progetto')
UPDATE [coldescr] SET col_len = '9',col_precision = '14',col_scale = '2',description = 'Costo totale effettivo per l''ateneo',kind = 'S',lt = {ts '2020-10-30 08:32:49.150'},lu = 'assistenza',primarykey = 'N',sql_declaration = 'decimal(14,2)',sql_type = 'decimal',system_type = 'System.Decimal' WHERE colname = 'budgetcalcolato' AND tablename = 'progetto'
ELSE
INSERT INTO [coldescr] (colname,tablename,col_len,col_precision,col_scale,description,kind,lt,lu,primarykey,sql_declaration,sql_type,system_type) VALUES ('budgetcalcolato','progetto','9','14','2','Costo totale effettivo per l''ateneo','S',{ts '2020-10-30 08:32:49.150'},'assistenza','N','decimal(14,2)','decimal','System.Decimal')
GO

IF exists(SELECT * FROM [coldescr] WHERE colname = 'budgetcalcolatodate' AND tablename = 'progetto')
UPDATE [coldescr] SET col_len = '8',col_precision = null,col_scale = null,description = 'Calcolato il',kind = 'S',lt = {ts '2020-10-26 10:44:21.677'},lu = 'assistenza',primarykey = 'N',sql_declaration = 'datetime',sql_type = 'datetime',system_type = 'System.DateTime' WHERE colname = 'budgetcalcolatodate' AND tablename = 'progetto'
ELSE
INSERT INTO [coldescr] (colname,tablename,col_len,col_precision,col_scale,description,kind,lt,lu,primarykey,sql_declaration,sql_type,system_type) VALUES ('budgetcalcolatodate','progetto','8',null,null,'Calcolato il','S',{ts '2020-10-26 10:44:21.677'},'assistenza','N','datetime','datetime','System.DateTime')
GO

IF exists(SELECT * FROM [coldescr] WHERE colname = 'capofilatxt' AND tablename = 'progetto')
UPDATE [coldescr] SET col_len = '2048',col_precision = null,col_scale = null,description = 'Ente capofila non censito',kind = 'S',lt = {ts '2020-10-26 10:22:18.617'},lu = 'assistenza',primarykey = 'N',sql_declaration = 'nvarchar(2048)',sql_type = 'nvarchar',system_type = 'System.String' WHERE colname = 'capofilatxt' AND tablename = 'progetto'
ELSE
INSERT INTO [coldescr] (colname,tablename,col_len,col_precision,col_scale,description,kind,lt,lu,primarykey,sql_declaration,sql_type,system_type) VALUES ('capofilatxt','progetto','2048',null,null,'Ente capofila non censito','S',{ts '2020-10-26 10:22:18.617'},'assistenza','N','nvarchar(2048)','nvarchar','System.String')
GO

IF exists(SELECT * FROM [coldescr] WHERE colname = 'codiceidentificativo' AND tablename = 'progetto')
UPDATE [coldescr] SET col_len = '2048',col_precision = null,col_scale = null,description = 'Codice identificativo',kind = 'S',lt = {ts '2020-10-30 08:33:43.240'},lu = 'assistenza',primarykey = 'N',sql_declaration = 'varchar(2048)',sql_type = 'varchar',system_type = 'System.String' WHERE colname = 'codiceidentificativo' AND tablename = 'progetto'
ELSE
INSERT INTO [coldescr] (colname,tablename,col_len,col_precision,col_scale,description,kind,lt,lu,primarykey,sql_declaration,sql_type,system_type) VALUES ('codiceidentificativo','progetto','2048',null,null,'Codice identificativo','S',{ts '2020-10-30 08:33:43.240'},'assistenza','N','varchar(2048)','varchar','System.String')
GO

IF exists(SELECT * FROM [coldescr] WHERE colname = 'contributo' AND tablename = 'progetto')
UPDATE [coldescr] SET col_len = '9',col_precision = '14',col_scale = '2',description = 'Cofinanziamento richiesto all''ateneo',kind = 'S',lt = {ts '2020-10-30 08:32:49.150'},lu = 'assistenza',primarykey = 'N',sql_declaration = 'decimal(14,2)',sql_type = 'decimal',system_type = 'System.Decimal' WHERE colname = 'contributo' AND tablename = 'progetto'
ELSE
INSERT INTO [coldescr] (colname,tablename,col_len,col_precision,col_scale,description,kind,lt,lu,primarykey,sql_declaration,sql_type,system_type) VALUES ('contributo','progetto','9','14','2','Cofinanziamento richiesto all''ateneo','S',{ts '2020-10-30 08:32:49.150'},'assistenza','N','decimal(14,2)','decimal','System.Decimal')
GO

IF exists(SELECT * FROM [coldescr] WHERE colname = 'contributoente' AND tablename = 'progetto')
UPDATE [coldescr] SET col_len = '9',col_precision = '14',col_scale = '2',description = 'Contributo totale richiesto dall''ateneo allente finanziatore',kind = 'S',lt = {ts '2020-11-04 16:51:02.247'},lu = 'assistenza',primarykey = 'N',sql_declaration = 'decimal(14,2)',sql_type = 'decimal',system_type = 'System.Decimal' WHERE colname = 'contributoente' AND tablename = 'progetto'
ELSE
INSERT INTO [coldescr] (colname,tablename,col_len,col_precision,col_scale,description,kind,lt,lu,primarykey,sql_declaration,sql_type,system_type) VALUES ('contributoente','progetto','9','14','2','Contributo totale richiesto dall''ateneo allente finanziatore','S',{ts '2020-11-04 16:51:02.247'},'assistenza','N','decimal(14,2)','decimal','System.Decimal')
GO

IF exists(SELECT * FROM [coldescr] WHERE colname = 'ct' AND tablename = 'progetto')
UPDATE [coldescr] SET col_len = '8',col_precision = null,col_scale = null,description = null,kind = 'S',lt = {ts '2020-05-20 14:00:40.020'},lu = 'assistenza',primarykey = 'N',sql_declaration = 'datetime',sql_type = 'datetime',system_type = 'System.DateTime' WHERE colname = 'ct' AND tablename = 'progetto'
ELSE
INSERT INTO [coldescr] (colname,tablename,col_len,col_precision,col_scale,description,kind,lt,lu,primarykey,sql_declaration,sql_type,system_type) VALUES ('ct','progetto','8',null,null,null,'S',{ts '2020-05-20 14:00:40.020'},'assistenza','N','datetime','datetime','System.DateTime')
GO

IF exists(SELECT * FROM [coldescr] WHERE colname = 'cu' AND tablename = 'progetto')
UPDATE [coldescr] SET col_len = '64',col_precision = null,col_scale = null,description = null,kind = 'S',lt = {ts '2020-05-20 14:00:40.020'},lu = 'assistenza',primarykey = 'N',sql_declaration = 'varchar(64)',sql_type = 'varchar',system_type = 'System.String' WHERE colname = 'cu' AND tablename = 'progetto'
ELSE
INSERT INTO [coldescr] (colname,tablename,col_len,col_precision,col_scale,description,kind,lt,lu,primarykey,sql_declaration,sql_type,system_type) VALUES ('cu','progetto','64',null,null,null,'S',{ts '2020-05-20 14:00:40.020'},'assistenza','N','varchar(64)','varchar','System.String')
GO

IF exists(SELECT * FROM [coldescr] WHERE colname = 'cup' AND tablename = 'progetto')
UPDATE [coldescr] SET col_len = '15',col_precision = null,col_scale = null,description = 'Codice univoco progetto (CUP)',kind = 'S',lt = {ts '2020-10-30 17:51:30.213'},lu = 'assistenza',primarykey = 'N',sql_declaration = 'varchar(15)',sql_type = 'varchar',system_type = 'System.String' WHERE colname = 'cup' AND tablename = 'progetto'
ELSE
INSERT INTO [coldescr] (colname,tablename,col_len,col_precision,col_scale,description,kind,lt,lu,primarykey,sql_declaration,sql_type,system_type) VALUES ('cup','progetto','15',null,null,'Codice univoco progetto (CUP)','S',{ts '2020-10-30 17:51:30.213'},'assistenza','N','varchar(15)','varchar','System.String')
GO

IF exists(SELECT * FROM [coldescr] WHERE colname = 'data' AND tablename = 'progetto')
UPDATE [coldescr] SET col_len = '3',col_precision = null,col_scale = null,description = 'Data di presentazione',kind = 'S',lt = {ts '2020-05-25 13:14:10.947'},lu = 'assistenza',primarykey = 'N',sql_declaration = 'date',sql_type = 'date',system_type = 'System.DateTime' WHERE colname = 'data' AND tablename = 'progetto'
ELSE
INSERT INTO [coldescr] (colname,tablename,col_len,col_precision,col_scale,description,kind,lt,lu,primarykey,sql_declaration,sql_type,system_type) VALUES ('data','progetto','3',null,null,'Data di presentazione','S',{ts '2020-05-25 13:14:10.947'},'assistenza','N','date','date','System.DateTime')
GO

IF exists(SELECT * FROM [coldescr] WHERE colname = 'description' AND tablename = 'progetto')
UPDATE [coldescr] SET col_len = '0',col_precision = null,col_scale = null,description = 'Descrizione',kind = 'S',lt = {ts '2020-05-20 14:03:58.150'},lu = 'assistenza',primarykey = 'N',sql_declaration = 'nvarchar(max)',sql_type = 'nvarchar',system_type = 'System.String' WHERE colname = 'description' AND tablename = 'progetto'
ELSE
INSERT INTO [coldescr] (colname,tablename,col_len,col_precision,col_scale,description,kind,lt,lu,primarykey,sql_declaration,sql_type,system_type) VALUES ('description','progetto','0',null,null,'Descrizione','S',{ts '2020-05-20 14:03:58.150'},'assistenza','N','nvarchar(max)','nvarchar','System.String')
GO

IF exists(SELECT * FROM [coldescr] WHERE colname = 'durata' AND tablename = 'progetto')
UPDATE [coldescr] SET col_len = '4',col_precision = null,col_scale = null,description = null,kind = 'S',lt = {ts '2020-05-25 13:11:44.723'},lu = 'assistenza',primarykey = 'N',sql_declaration = 'int',sql_type = 'int',system_type = 'System.Int32' WHERE colname = 'durata' AND tablename = 'progetto'
ELSE
INSERT INTO [coldescr] (colname,tablename,col_len,col_precision,col_scale,description,kind,lt,lu,primarykey,sql_declaration,sql_type,system_type) VALUES ('durata','progetto','4',null,null,null,'S',{ts '2020-05-25 13:11:44.723'},'assistenza','N','int','int','System.Int32')
GO

IF exists(SELECT * FROM [coldescr] WHERE colname = 'finanziatoretxt' AND tablename = 'progetto')
UPDATE [coldescr] SET col_len = '2048',col_precision = null,col_scale = null,description = 'Ente finanziatore non censito',kind = 'S',lt = {ts '2020-10-26 10:22:18.617'},lu = 'assistenza',primarykey = 'N',sql_declaration = 'nvarchar(2048)',sql_type = 'nvarchar',system_type = 'System.String' WHERE colname = 'finanziatoretxt' AND tablename = 'progetto'
ELSE
INSERT INTO [coldescr] (colname,tablename,col_len,col_precision,col_scale,description,kind,lt,lu,primarykey,sql_declaration,sql_type,system_type) VALUES ('finanziatoretxt','progetto','2048',null,null,'Ente finanziatore non censito','S',{ts '2020-10-26 10:22:18.617'},'assistenza','N','nvarchar(2048)','nvarchar','System.String')
GO

IF exists(SELECT * FROM [coldescr] WHERE colname = 'idcorsostudio' AND tablename = 'progetto')
UPDATE [coldescr] SET col_len = '4',col_precision = null,col_scale = null,description = 'Didattica',kind = 'S',lt = {ts '2020-06-05 15:48:03.440'},lu = 'assistenza',primarykey = 'N',sql_declaration = 'int',sql_type = 'int',system_type = 'System.Int32' WHERE colname = 'idcorsostudio' AND tablename = 'progetto'
ELSE
INSERT INTO [coldescr] (colname,tablename,col_len,col_precision,col_scale,description,kind,lt,lu,primarykey,sql_declaration,sql_type,system_type) VALUES ('idcorsostudio','progetto','4',null,null,'Didattica','S',{ts '2020-06-05 15:48:03.440'},'assistenza','N','int','int','System.Int32')
GO

IF exists(SELECT * FROM [coldescr] WHERE colname = 'idcurrency' AND tablename = 'progetto')
UPDATE [coldescr] SET col_len = '4',col_precision = null,col_scale = null,description = 'Codice valuta',kind = 'S',lt = {ts '2020-11-02 18:34:42.180'},lu = 'assistenza',primarykey = 'N',sql_declaration = 'int',sql_type = 'int',system_type = 'System.Int32' WHERE colname = 'idcurrency' AND tablename = 'progetto'
ELSE
INSERT INTO [coldescr] (colname,tablename,col_len,col_precision,col_scale,description,kind,lt,lu,primarykey,sql_declaration,sql_type,system_type) VALUES ('idcurrency','progetto','4',null,null,'Codice valuta','S',{ts '2020-11-02 18:34:42.180'},'assistenza','N','int','int','System.Int32')
GO

IF exists(SELECT * FROM [coldescr] WHERE colname = 'idduratakind' AND tablename = 'progetto')
UPDATE [coldescr] SET col_len = '4',col_precision = null,col_scale = null,description = 'Espressa in',kind = 'S',lt = {ts '2020-05-25 13:14:10.947'},lu = 'assistenza',primarykey = 'N',sql_declaration = 'int',sql_type = 'int',system_type = 'System.Int32' WHERE colname = 'idduratakind' AND tablename = 'progetto'
ELSE
INSERT INTO [coldescr] (colname,tablename,col_len,col_precision,col_scale,description,kind,lt,lu,primarykey,sql_declaration,sql_type,system_type) VALUES ('idduratakind','progetto','4',null,null,'Espressa in','S',{ts '2020-05-25 13:14:10.947'},'assistenza','N','int','int','System.Int32')
GO

IF exists(SELECT * FROM [coldescr] WHERE colname = 'idprogetto' AND tablename = 'progetto')
UPDATE [coldescr] SET col_len = '4',col_precision = null,col_scale = null,description = 'Codice interno',kind = 'S',lt = {ts '2020-10-30 08:33:16.517'},lu = 'assistenza',primarykey = 'S',sql_declaration = 'int',sql_type = 'int',system_type = 'System.Int32' WHERE colname = 'idprogetto' AND tablename = 'progetto'
ELSE
INSERT INTO [coldescr] (colname,tablename,col_len,col_precision,col_scale,description,kind,lt,lu,primarykey,sql_declaration,sql_type,system_type) VALUES ('idprogetto','progetto','4',null,null,'Codice interno','S',{ts '2020-10-30 08:33:16.517'},'assistenza','S','int','int','System.Int32')
GO

IF exists(SELECT * FROM [coldescr] WHERE colname = 'idprogettokind' AND tablename = 'progetto')
UPDATE [coldescr] SET col_len = '4',col_precision = null,col_scale = null,description = 'Tipo di progetto o attività',kind = 'S',lt = {ts '2020-11-04 16:52:57.667'},lu = 'assistenza',primarykey = 'N',sql_declaration = 'int',sql_type = 'int',system_type = 'System.Int32' WHERE colname = 'idprogettokind' AND tablename = 'progetto'
ELSE
INSERT INTO [coldescr] (colname,tablename,col_len,col_precision,col_scale,description,kind,lt,lu,primarykey,sql_declaration,sql_type,system_type) VALUES ('idprogettokind','progetto','4',null,null,'Tipo di progetto o attività','S',{ts '2020-11-04 16:52:57.667'},'assistenza','N','int','int','System.Int32')
GO

IF exists(SELECT * FROM [coldescr] WHERE colname = 'idprogettostatuskind' AND tablename = 'progetto')
UPDATE [coldescr] SET col_len = '4',col_precision = null,col_scale = null,description = 'Stato del progetto o attività',kind = 'S',lt = {ts '2020-09-30 16:14:37.087'},lu = 'assistenza',primarykey = 'N',sql_declaration = 'int',sql_type = 'int',system_type = 'System.Int32' WHERE colname = 'idprogettostatuskind' AND tablename = 'progetto'
ELSE
INSERT INTO [coldescr] (colname,tablename,col_len,col_precision,col_scale,description,kind,lt,lu,primarykey,sql_declaration,sql_type,system_type) VALUES ('idprogettostatuskind','progetto','4',null,null,'Stato del progetto o attività','S',{ts '2020-09-30 16:14:37.087'},'assistenza','N','int','int','System.Int32')
GO

IF exists(SELECT * FROM [coldescr] WHERE colname = 'idreg' AND tablename = 'progetto')
UPDATE [coldescr] SET col_len = '4',col_precision = null,col_scale = null,description = 'Principal investigator / Responsabile di progetto ',kind = 'S',lt = {ts '2020-07-15 17:09:18.147'},lu = 'assistenza',primarykey = 'N',sql_declaration = 'int',sql_type = 'int',system_type = 'System.Int32' WHERE colname = 'idreg' AND tablename = 'progetto'
ELSE
INSERT INTO [coldescr] (colname,tablename,col_len,col_precision,col_scale,description,kind,lt,lu,primarykey,sql_declaration,sql_type,system_type) VALUES ('idreg','progetto','4',null,null,'Principal investigator / Responsabile di progetto ','S',{ts '2020-07-15 17:09:18.147'},'assistenza','N','int','int','System.Int32')
GO

IF exists(SELECT * FROM [coldescr] WHERE colname = 'idreg_aziende' AND tablename = 'progetto')
UPDATE [coldescr] SET col_len = '4',col_precision = null,col_scale = null,description = 'Ente capofila',kind = 'S',lt = {ts '2020-06-12 15:56:06.547'},lu = 'assistenza',primarykey = 'N',sql_declaration = 'int',sql_type = 'int',system_type = 'System.Int32' WHERE colname = 'idreg_aziende' AND tablename = 'progetto'
ELSE
INSERT INTO [coldescr] (colname,tablename,col_len,col_precision,col_scale,description,kind,lt,lu,primarykey,sql_declaration,sql_type,system_type) VALUES ('idreg_aziende','progetto','4',null,null,'Ente capofila','S',{ts '2020-06-12 15:56:06.547'},'assistenza','N','int','int','System.Int32')
GO

IF exists(SELECT * FROM [coldescr] WHERE colname = 'idreg_aziende_fin' AND tablename = 'progetto')
UPDATE [coldescr] SET col_len = '4',col_precision = null,col_scale = null,description = 'Ente finanziatore',kind = 'S',lt = {ts '2020-06-12 15:56:06.547'},lu = 'assistenza',primarykey = 'N',sql_declaration = 'int',sql_type = 'int',system_type = 'System.Int32' WHERE colname = 'idreg_aziende_fin' AND tablename = 'progetto'
ELSE
INSERT INTO [coldescr] (colname,tablename,col_len,col_precision,col_scale,description,kind,lt,lu,primarykey,sql_declaration,sql_type,system_type) VALUES ('idreg_aziende_fin','progetto','4',null,null,'Ente finanziatore','S',{ts '2020-06-12 15:56:06.547'},'assistenza','N','int','int','System.Int32')
GO

IF exists(SELECT * FROM [coldescr] WHERE colname = 'idregistryprogfin' AND tablename = 'progetto')
UPDATE [coldescr] SET col_len = '4',col_precision = null,col_scale = null,description = 'Programma di finanziamento',kind = 'S',lt = {ts '2020-06-12 15:56:06.547'},lu = 'assistenza',primarykey = 'N',sql_declaration = 'int',sql_type = 'int',system_type = 'System.Int32' WHERE colname = 'idregistryprogfin' AND tablename = 'progetto'
ELSE
INSERT INTO [coldescr] (colname,tablename,col_len,col_precision,col_scale,description,kind,lt,lu,primarykey,sql_declaration,sql_type,system_type) VALUES ('idregistryprogfin','progetto','4',null,null,'Programma di finanziamento','S',{ts '2020-06-12 15:56:06.547'},'assistenza','N','int','int','System.Int32')
GO

IF exists(SELECT * FROM [coldescr] WHERE colname = 'idregistryprogfinbando' AND tablename = 'progetto')
UPDATE [coldescr] SET col_len = '4',col_precision = null,col_scale = null,description = 'Bando di riferimento',kind = 'S',lt = {ts '2020-06-12 18:11:47.253'},lu = 'assistenza',primarykey = 'N',sql_declaration = 'int',sql_type = 'int',system_type = 'System.Int32' WHERE colname = 'idregistryprogfinbando' AND tablename = 'progetto'
ELSE
INSERT INTO [coldescr] (colname,tablename,col_len,col_precision,col_scale,description,kind,lt,lu,primarykey,sql_declaration,sql_type,system_type) VALUES ('idregistryprogfinbando','progetto','4',null,null,'Bando di riferimento','S',{ts '2020-06-12 18:11:47.253'},'assistenza','N','int','int','System.Int32')
GO

IF exists(SELECT * FROM [coldescr] WHERE colname = 'lt' AND tablename = 'progetto')
UPDATE [coldescr] SET col_len = '8',col_precision = null,col_scale = null,description = null,kind = 'S',lt = {ts '2020-05-20 14:00:40.020'},lu = 'assistenza',primarykey = 'N',sql_declaration = 'datetime',sql_type = 'datetime',system_type = 'System.DateTime' WHERE colname = 'lt' AND tablename = 'progetto'
ELSE
INSERT INTO [coldescr] (colname,tablename,col_len,col_precision,col_scale,description,kind,lt,lu,primarykey,sql_declaration,sql_type,system_type) VALUES ('lt','progetto','8',null,null,null,'S',{ts '2020-05-20 14:00:40.020'},'assistenza','N','datetime','datetime','System.DateTime')
GO

IF exists(SELECT * FROM [coldescr] WHERE colname = 'lu' AND tablename = 'progetto')
UPDATE [coldescr] SET col_len = '64',col_precision = null,col_scale = null,description = null,kind = 'S',lt = {ts '2020-05-20 14:00:40.020'},lu = 'assistenza',primarykey = 'N',sql_declaration = 'varchar(64)',sql_type = 'varchar',system_type = 'System.String' WHERE colname = 'lu' AND tablename = 'progetto'
ELSE
INSERT INTO [coldescr] (colname,tablename,col_len,col_precision,col_scale,description,kind,lt,lu,primarykey,sql_declaration,sql_type,system_type) VALUES ('lu','progetto','64',null,null,null,'S',{ts '2020-05-20 14:00:40.020'},'assistenza','N','varchar(64)','varchar','System.String')
GO

IF exists(SELECT * FROM [coldescr] WHERE colname = 'start' AND tablename = 'progetto')
UPDATE [coldescr] SET col_len = '3',col_precision = null,col_scale = null,description = 'Data di inizio',kind = 'S',lt = {ts '2020-06-05 15:48:03.440'},lu = 'assistenza',primarykey = 'N',sql_declaration = 'date',sql_type = 'date',system_type = 'System.DateTime' WHERE colname = 'start' AND tablename = 'progetto'
ELSE
INSERT INTO [coldescr] (colname,tablename,col_len,col_precision,col_scale,description,kind,lt,lu,primarykey,sql_declaration,sql_type,system_type) VALUES ('start','progetto','3',null,null,'Data di inizio','S',{ts '2020-06-05 15:48:03.440'},'assistenza','N','date','date','System.DateTime')
GO

IF exists(SELECT * FROM [coldescr] WHERE colname = 'stop' AND tablename = 'progetto')
UPDATE [coldescr] SET col_len = '3',col_precision = null,col_scale = null,description = 'Data di fine',kind = 'S',lt = {ts '2020-06-05 15:48:03.440'},lu = 'assistenza',primarykey = 'N',sql_declaration = 'date',sql_type = 'date',system_type = 'System.DateTime' WHERE colname = 'stop' AND tablename = 'progetto'
ELSE
INSERT INTO [coldescr] (colname,tablename,col_len,col_precision,col_scale,description,kind,lt,lu,primarykey,sql_declaration,sql_type,system_type) VALUES ('stop','progetto','3',null,null,'Data di fine','S',{ts '2020-06-05 15:48:03.440'},'assistenza','N','date','date','System.DateTime')
GO

IF exists(SELECT * FROM [coldescr] WHERE colname = 'title' AND tablename = 'progetto')
UPDATE [coldescr] SET col_len = '4000',col_precision = null,col_scale = null,description = 'Titolo',kind = 'S',lt = {ts '2020-10-30 08:32:49.150'},lu = 'assistenza',primarykey = 'N',sql_declaration = 'nvarchar(4000)',sql_type = 'nvarchar',system_type = 'System.String' WHERE colname = 'title' AND tablename = 'progetto'
ELSE
INSERT INTO [coldescr] (colname,tablename,col_len,col_precision,col_scale,description,kind,lt,lu,primarykey,sql_declaration,sql_type,system_type) VALUES ('title','progetto','4000',null,null,'Titolo','S',{ts '2020-10-30 08:32:49.150'},'assistenza','N','nvarchar(4000)','nvarchar','System.String')
GO

IF exists(SELECT * FROM [coldescr] WHERE colname = 'titolobreve' AND tablename = 'progetto')
UPDATE [coldescr] SET col_len = '2048',col_precision = null,col_scale = null,description = 'Titolo breve o acronimo',kind = 'S',lt = {ts '2020-05-20 14:03:58.153'},lu = 'assistenza',primarykey = 'N',sql_declaration = 'nvarchar(2048)',sql_type = 'nvarchar',system_type = 'System.String' WHERE colname = 'titolobreve' AND tablename = 'progetto'
ELSE
INSERT INTO [coldescr] (colname,tablename,col_len,col_precision,col_scale,description,kind,lt,lu,primarykey,sql_declaration,sql_type,system_type) VALUES ('titolobreve','progetto','2048',null,null,'Titolo breve o acronimo','S',{ts '2020-05-20 14:03:58.153'},'assistenza','N','nvarchar(2048)','nvarchar','System.String')
GO

IF exists(SELECT * FROM [coldescr] WHERE colname = 'totalbudget' AND tablename = 'progetto')
UPDATE [coldescr] SET col_len = '9',col_precision = '14',col_scale = '2',description = 'Costo globale del progetto per tutto il partenariato',kind = 'S',lt = {ts '2020-10-30 08:32:49.150'},lu = 'assistenza',primarykey = 'N',sql_declaration = 'decimal(14,2)',sql_type = 'decimal',system_type = 'System.Decimal' WHERE colname = 'totalbudget' AND tablename = 'progetto'
ELSE
INSERT INTO [coldescr] (colname,tablename,col_len,col_precision,col_scale,description,kind,lt,lu,primarykey,sql_declaration,sql_type,system_type) VALUES ('totalbudget','progetto','9','14','2','Costo globale del progetto per tutto il partenariato','S',{ts '2020-10-30 08:32:49.150'},'assistenza','N','decimal(14,2)','decimal','System.Decimal')
GO

IF exists(SELECT * FROM [coldescr] WHERE colname = 'totalcontributo' AND tablename = 'progetto')
UPDATE [coldescr] SET col_len = '9',col_precision = '14',col_scale = '2',description = 'Contributo globale del progetto per tutto il partenariato',kind = 'S',lt = {ts '2020-10-30 08:32:49.150'},lu = 'assistenza',primarykey = 'N',sql_declaration = 'decimal(14,2)',sql_type = 'decimal',system_type = 'System.Decimal' WHERE colname = 'totalcontributo' AND tablename = 'progetto'
ELSE
INSERT INTO [coldescr] (colname,tablename,col_len,col_precision,col_scale,description,kind,lt,lu,primarykey,sql_declaration,sql_type,system_type) VALUES ('totalcontributo','progetto','9','14','2','Contributo globale del progetto per tutto il partenariato','S',{ts '2020-10-30 08:32:49.150'},'assistenza','N','decimal(14,2)','decimal','System.Decimal')
GO

IF exists(SELECT * FROM [coldescr] WHERE colname = 'url' AND tablename = 'progetto')
UPDATE [coldescr] SET col_len = '1024',col_precision = null,col_scale = null,description = 'URL del sito del progetto',kind = 'S',lt = {ts '2020-11-02 18:28:26.997'},lu = 'assistenza',primarykey = 'N',sql_declaration = 'varchar(1024)',sql_type = 'varchar',system_type = 'System.String' WHERE colname = 'url' AND tablename = 'progetto'
ELSE
INSERT INTO [coldescr] (colname,tablename,col_len,col_precision,col_scale,description,kind,lt,lu,primarykey,sql_declaration,sql_type,system_type) VALUES ('url','progetto','1024',null,null,'URL del sito del progetto','S',{ts '2020-11-02 18:28:26.997'},'assistenza','N','varchar(1024)','varchar','System.String')
GO

-- FINE GENERAZIONE SCRIPT --

--[DBO]--
-- CREAZIONE TABELLA progettoasset --
IF NOT EXISTS(select * from sysobjects where id = object_id(N'[dbo].[progettoasset]') and OBJECTPROPERTY(id, N'IsUserTable') = 1)
BEGIN
CREATE TABLE [dbo].[progettoasset] (
idprogetto int NOT NULL,
idasset int NOT NULL,
idpiece int NOT NULL,
aggiunta char(1) NULL,
costoorario decimal(10,2) NULL,
ct datetime NOT NULL,
cu varchar(64) NOT NULL,
lt datetime NOT NULL,
lu varchar(64) NOT NULL,
 CONSTRAINT xpkprogettoasset PRIMARY KEY (idprogetto,
idasset,
idpiece
)
)
END
GO

-- VERIFICA STRUTTURA progettoasset --
IF NOT exists(select * from [sysobjects] as T inner join syscolumns C on T.ID = C.ID where t.name = 'progettoasset' and C.name = 'idprogetto' AND (T.uid = USER_ID( ) OR T.uid = USER_ID('dbo')))
BEGIN
	ALTER TABLE [progettoasset] ADD idprogetto int NOT NULL DEFAULT 0
	declare @vincolo varchar(100)
	select @vincolo = object_name(const.constid) from syscolumns col join sysconstraints const on const.id = col.id and const.colid = col.colid where col.id = object_id('progettoasset') and col.name = 'idprogetto' and objectproperty(const.constid, 'IsDefaultCnst')=1
	exec ('ALTER TABLE [progettoasset] drop constraint '+@vincolo)
END
GO

IF NOT exists(select * from [sysobjects] as T inner join syscolumns C on T.ID = C.ID where t.name = 'progettoasset' and C.name = 'idasset' AND (T.uid = USER_ID( ) OR T.uid = USER_ID('dbo')))
BEGIN
	ALTER TABLE [progettoasset] ADD idasset int NOT NULL DEFAULT 0
	declare @vincolo varchar(100)
	select @vincolo = object_name(const.constid) from syscolumns col join sysconstraints const on const.id = col.id and const.colid = col.colid where col.id = object_id('progettoasset') and col.name = 'idasset' and objectproperty(const.constid, 'IsDefaultCnst')=1
	exec ('ALTER TABLE [progettoasset] drop constraint '+@vincolo)
END
GO

IF NOT exists(select * from [sysobjects] as T inner join syscolumns C on T.ID = C.ID where t.name = 'progettoasset' and C.name = 'idpiece' AND (T.uid = USER_ID( ) OR T.uid = USER_ID('dbo')))
BEGIN
	ALTER TABLE [progettoasset] ADD idpiece int NOT NULL DEFAULT 0
	declare @vincolo varchar(100)
	select @vincolo = object_name(const.constid) from syscolumns col join sysconstraints const on const.id = col.id and const.colid = col.colid where col.id = object_id('progettoasset') and col.name = 'idpiece' and objectproperty(const.constid, 'IsDefaultCnst')=1
	exec ('ALTER TABLE [progettoasset] drop constraint '+@vincolo)
END
GO

IF NOT exists(select * from [sysobjects] as T inner join syscolumns C on T.ID = C.ID where t.name = 'progettoasset' and C.name = 'aggiunta' AND (T.uid = USER_ID( ) OR T.uid = USER_ID('dbo')))
BEGIN
	ALTER TABLE [progettoasset] ADD aggiunta char(1) NULL 
END
ELSE
	ALTER TABLE [progettoasset] ALTER COLUMN aggiunta char(1) NULL
GO

IF NOT exists(select * from [sysobjects] as T inner join syscolumns C on T.ID = C.ID where t.name = 'progettoasset' and C.name = 'costoorario' AND (T.uid = USER_ID( ) OR T.uid = USER_ID('dbo')))
BEGIN
	ALTER TABLE [progettoasset] ADD costoorario decimal(10,2) NULL 
END
ELSE
	ALTER TABLE [progettoasset] ALTER COLUMN costoorario decimal(10,2) NULL
GO

IF NOT exists(select * from [sysobjects] as T inner join syscolumns C on T.ID = C.ID where t.name = 'progettoasset' and C.name = 'ct' AND (T.uid = USER_ID( ) OR T.uid = USER_ID('dbo')))
BEGIN
	ALTER TABLE [progettoasset] ADD ct datetime NOT NULL DEFAULT 01/01/1000
	declare @vincolo varchar(100)
	select @vincolo = object_name(const.constid) from syscolumns col join sysconstraints const on const.id = col.id and const.colid = col.colid where col.id = object_id('progettoasset') and col.name = 'ct' and objectproperty(const.constid, 'IsDefaultCnst')=1
	exec ('ALTER TABLE [progettoasset] drop constraint '+@vincolo)
END
ELSE
	ALTER TABLE [progettoasset] ALTER COLUMN ct datetime NOT NULL
GO

IF NOT exists(select * from [sysobjects] as T inner join syscolumns C on T.ID = C.ID where t.name = 'progettoasset' and C.name = 'cu' AND (T.uid = USER_ID( ) OR T.uid = USER_ID('dbo')))
BEGIN
	ALTER TABLE [progettoasset] ADD cu varchar(64) NOT NULL DEFAULT ''
	declare @vincolo varchar(100)
	select @vincolo = object_name(const.constid) from syscolumns col join sysconstraints const on const.id = col.id and const.colid = col.colid where col.id = object_id('progettoasset') and col.name = 'cu' and objectproperty(const.constid, 'IsDefaultCnst')=1
	exec ('ALTER TABLE [progettoasset] drop constraint '+@vincolo)
END
ELSE
	ALTER TABLE [progettoasset] ALTER COLUMN cu varchar(64) NOT NULL
GO

IF NOT exists(select * from [sysobjects] as T inner join syscolumns C on T.ID = C.ID where t.name = 'progettoasset' and C.name = 'lt' AND (T.uid = USER_ID( ) OR T.uid = USER_ID('dbo')))
BEGIN
	ALTER TABLE [progettoasset] ADD lt datetime NOT NULL DEFAULT 01/01/1000
	declare @vincolo varchar(100)
	select @vincolo = object_name(const.constid) from syscolumns col join sysconstraints const on const.id = col.id and const.colid = col.colid where col.id = object_id('progettoasset') and col.name = 'lt' and objectproperty(const.constid, 'IsDefaultCnst')=1
	exec ('ALTER TABLE [progettoasset] drop constraint '+@vincolo)
END
ELSE
	ALTER TABLE [progettoasset] ALTER COLUMN lt datetime NOT NULL
GO

IF NOT exists(select * from [sysobjects] as T inner join syscolumns C on T.ID = C.ID where t.name = 'progettoasset' and C.name = 'lu' AND (T.uid = USER_ID( ) OR T.uid = USER_ID('dbo')))
BEGIN
	ALTER TABLE [progettoasset] ADD lu varchar(64) NOT NULL DEFAULT ''
	declare @vincolo varchar(100)
	select @vincolo = object_name(const.constid) from syscolumns col join sysconstraints const on const.id = col.id and const.colid = col.colid where col.id = object_id('progettoasset') and col.name = 'lu' and objectproperty(const.constid, 'IsDefaultCnst')=1
	exec ('ALTER TABLE [progettoasset] drop constraint '+@vincolo)
END
ELSE
	ALTER TABLE [progettoasset] ALTER COLUMN lu varchar(64) NOT NULL
GO

-- VERIFICA DI progettoasset IN COLUMNTYPES --
DELETE FROM columntypes WHERE tablename = 'progettoasset'
INSERT INTO columntypes (format,allownull,tablename,sqldeclaration,createuser,field,col_len,denynull,sqltype,systemtype,defaultvalue,col_scale,lastmoduser,col_precision,iskey) VALUES('','N','progettoasset','int','assistenza','idasset','4','S','int','System.Int32','','','''assistenza''','','S')
GO

INSERT INTO columntypes (format,allownull,tablename,sqldeclaration,createuser,field,col_len,denynull,sqltype,systemtype,defaultvalue,col_scale,lastmoduser,col_precision,iskey) VALUES('','N','progettoasset','int','assistenza','idpiece','4','S','int','System.Int32','','','''assistenza''','','S')
GO

INSERT INTO columntypes (format,allownull,tablename,sqldeclaration,createuser,field,col_len,denynull,sqltype,systemtype,defaultvalue,col_scale,lastmoduser,col_precision,iskey) VALUES('','N','progettoasset','int','assistenza','idprogetto','4','S','int','System.Int32','','','''assistenza''','','S')
GO

INSERT INTO columntypes (format,allownull,tablename,sqldeclaration,createuser,field,col_len,denynull,sqltype,systemtype,defaultvalue,col_scale,lastmoduser,col_precision,iskey) VALUES('','S','progettoasset','char(1)','assistenza','aggiunta','1','N','char','System.String','','','''assistenza''','','N')
GO

INSERT INTO columntypes (format,allownull,tablename,sqldeclaration,createuser,field,col_len,denynull,sqltype,systemtype,defaultvalue,col_scale,lastmoduser,col_precision,iskey) VALUES('','S','progettoasset','decimal(10,2)','assistenza','costoorario','9','N','decimal','System.Decimal','','2','''assistenza''','10','N')
GO

INSERT INTO columntypes (format,allownull,tablename,sqldeclaration,createuser,field,col_len,denynull,sqltype,systemtype,defaultvalue,col_scale,lastmoduser,col_precision,iskey) VALUES('','N','progettoasset','datetime','assistenza','ct','8','S','datetime','System.DateTime','','','''assistenza''','','N')
GO

INSERT INTO columntypes (format,allownull,tablename,sqldeclaration,createuser,field,col_len,denynull,sqltype,systemtype,defaultvalue,col_scale,lastmoduser,col_precision,iskey) VALUES('','N','progettoasset','varchar(64)','assistenza','cu','64','S','varchar','System.String','','','''assistenza''','','N')
GO

INSERT INTO columntypes (format,allownull,tablename,sqldeclaration,createuser,field,col_len,denynull,sqltype,systemtype,defaultvalue,col_scale,lastmoduser,col_precision,iskey) VALUES('','N','progettoasset','datetime','assistenza','lt','8','S','datetime','System.DateTime','','','''assistenza''','','N')
GO

INSERT INTO columntypes (format,allownull,tablename,sqldeclaration,createuser,field,col_len,denynull,sqltype,systemtype,defaultvalue,col_scale,lastmoduser,col_precision,iskey) VALUES('','N','progettoasset','varchar(64)','assistenza','lu','64','S','varchar','System.String','','','''assistenza''','','N')
GO

-- VERIFICA DI progettoasset IN CUSTOMOBJECT --
IF EXISTS(select * from customobject where objectname = 'progettoasset')
UPDATE customobject set isreal = 'S' where objectname = 'progettoasset'
ELSE
INSERT INTO customobject (objectname, isreal) values('progettoasset', 'S')
GO
-- FINE GENERAZIONE SCRIPT --


-- GENERAZIONE DATI PER tabledescr --
IF exists(SELECT * FROM [tabledescr] WHERE tablename = 'progettoasset')
UPDATE [tabledescr] SET description = 'Beni strumentali in uso nel progetto o attivit?',idapplication = null,isdbo = 'N',lt = {ts '2020-06-18 12:52:45.760'},lu = 'assistenza',title = 'Beni strumentali in uso nel progetto o attivit?' WHERE tablename = 'progettoasset'
ELSE
INSERT INTO [tabledescr] (tablename,description,idapplication,isdbo,lt,lu,title) VALUES ('progettoasset','Beni strumentali in uso nel progetto o attivit?',null,'N',{ts '2020-06-18 12:52:45.760'},'assistenza','Beni strumentali in uso nel progetto o attivit?')
GO

-- FINE GENERAZIONE SCRIPT --


-- GENERAZIONE DATI PER coldescr --
IF exists(SELECT * FROM [coldescr] WHERE colname = 'aggiunta' AND tablename = 'progettoasset')
UPDATE [coldescr] SET col_len = '1',col_precision = null,col_scale = null,description = 'Costo orario aggiuntivo o sostitutivo al costo di ammortamento',kind = 'S',lt = {ts '2020-11-17 13:02:52.377'},lu = 'assistenza',primarykey = 'N',sql_declaration = 'char(1)',sql_type = 'char',system_type = 'System.String' WHERE colname = 'aggiunta' AND tablename = 'progettoasset'
ELSE
INSERT INTO [coldescr] (colname,tablename,col_len,col_precision,col_scale,description,kind,lt,lu,primarykey,sql_declaration,sql_type,system_type) VALUES ('aggiunta','progettoasset','1',null,null,'Costo orario aggiuntivo o sostitutivo al costo di ammortamento','S',{ts '2020-11-17 13:02:52.377'},'assistenza','N','char(1)','char','System.String')
GO

IF exists(SELECT * FROM [coldescr] WHERE colname = 'costoorario' AND tablename = 'progettoasset')
UPDATE [coldescr] SET col_len = '9',col_precision = '10',col_scale = '2',description = 'Costo orario',kind = 'S',lt = {ts '2020-11-17 13:02:52.383'},lu = 'assistenza',primarykey = 'N',sql_declaration = 'decimal(10,2)',sql_type = 'decimal',system_type = 'System.Decimal' WHERE colname = 'costoorario' AND tablename = 'progettoasset'
ELSE
INSERT INTO [coldescr] (colname,tablename,col_len,col_precision,col_scale,description,kind,lt,lu,primarykey,sql_declaration,sql_type,system_type) VALUES ('costoorario','progettoasset','9','10','2','Costo orario','S',{ts '2020-11-17 13:02:52.383'},'assistenza','N','decimal(10,2)','decimal','System.Decimal')
GO

IF exists(SELECT * FROM [coldescr] WHERE colname = 'ct' AND tablename = 'progettoasset')
UPDATE [coldescr] SET col_len = '8',col_precision = null,col_scale = null,description = null,kind = 'S',lt = {ts '2020-06-18 12:52:48.613'},lu = 'assistenza',primarykey = 'N',sql_declaration = 'datetime',sql_type = 'datetime',system_type = 'System.DateTime' WHERE colname = 'ct' AND tablename = 'progettoasset'
ELSE
INSERT INTO [coldescr] (colname,tablename,col_len,col_precision,col_scale,description,kind,lt,lu,primarykey,sql_declaration,sql_type,system_type) VALUES ('ct','progettoasset','8',null,null,null,'S',{ts '2020-06-18 12:52:48.613'},'assistenza','N','datetime','datetime','System.DateTime')
GO

IF exists(SELECT * FROM [coldescr] WHERE colname = 'cu' AND tablename = 'progettoasset')
UPDATE [coldescr] SET col_len = '64',col_precision = null,col_scale = null,description = null,kind = 'S',lt = {ts '2020-06-18 12:52:48.613'},lu = 'assistenza',primarykey = 'N',sql_declaration = 'varchar(64)',sql_type = 'varchar',system_type = 'System.String' WHERE colname = 'cu' AND tablename = 'progettoasset'
ELSE
INSERT INTO [coldescr] (colname,tablename,col_len,col_precision,col_scale,description,kind,lt,lu,primarykey,sql_declaration,sql_type,system_type) VALUES ('cu','progettoasset','64',null,null,null,'S',{ts '2020-06-18 12:52:48.613'},'assistenza','N','varchar(64)','varchar','System.String')
GO

IF exists(SELECT * FROM [coldescr] WHERE colname = 'idasset' AND tablename = 'progettoasset')
UPDATE [coldescr] SET col_len = '4',col_precision = null,col_scale = null,description = 'Bene',kind = 'S',lt = {ts '2020-06-18 13:03:11.497'},lu = 'assistenza',primarykey = 'S',sql_declaration = 'int',sql_type = 'int',system_type = 'System.Int32' WHERE colname = 'idasset' AND tablename = 'progettoasset'
ELSE
INSERT INTO [coldescr] (colname,tablename,col_len,col_precision,col_scale,description,kind,lt,lu,primarykey,sql_declaration,sql_type,system_type) VALUES ('idasset','progettoasset','4',null,null,'Bene','S',{ts '2020-06-18 13:03:11.497'},'assistenza','S','int','int','System.Int32')
GO

IF exists(SELECT * FROM [coldescr] WHERE colname = 'idpiece' AND tablename = 'progettoasset')
UPDATE [coldescr] SET col_len = '4',col_precision = null,col_scale = null,description = 'Parte',kind = 'S',lt = {ts '2020-06-18 13:03:11.497'},lu = 'assistenza',primarykey = 'S',sql_declaration = 'int',sql_type = 'int',system_type = 'System.Int32' WHERE colname = 'idpiece' AND tablename = 'progettoasset'
ELSE
INSERT INTO [coldescr] (colname,tablename,col_len,col_precision,col_scale,description,kind,lt,lu,primarykey,sql_declaration,sql_type,system_type) VALUES ('idpiece','progettoasset','4',null,null,'Parte','S',{ts '2020-06-18 13:03:11.497'},'assistenza','S','int','int','System.Int32')
GO

IF exists(SELECT * FROM [coldescr] WHERE colname = 'idprogetto' AND tablename = 'progettoasset')
UPDATE [coldescr] SET col_len = '4',col_precision = null,col_scale = null,description = 'Progetto',kind = 'S',lt = {ts '2020-06-18 13:03:11.497'},lu = 'assistenza',primarykey = 'S',sql_declaration = 'int',sql_type = 'int',system_type = 'System.Int32' WHERE colname = 'idprogetto' AND tablename = 'progettoasset'
ELSE
INSERT INTO [coldescr] (colname,tablename,col_len,col_precision,col_scale,description,kind,lt,lu,primarykey,sql_declaration,sql_type,system_type) VALUES ('idprogetto','progettoasset','4',null,null,'Progetto','S',{ts '2020-06-18 13:03:11.497'},'assistenza','S','int','int','System.Int32')
GO

IF exists(SELECT * FROM [coldescr] WHERE colname = 'lt' AND tablename = 'progettoasset')
UPDATE [coldescr] SET col_len = '8',col_precision = null,col_scale = null,description = null,kind = 'S',lt = {ts '2020-06-18 12:52:48.617'},lu = 'assistenza',primarykey = 'N',sql_declaration = 'datetime',sql_type = 'datetime',system_type = 'System.DateTime' WHERE colname = 'lt' AND tablename = 'progettoasset'
ELSE
INSERT INTO [coldescr] (colname,tablename,col_len,col_precision,col_scale,description,kind,lt,lu,primarykey,sql_declaration,sql_type,system_type) VALUES ('lt','progettoasset','8',null,null,null,'S',{ts '2020-06-18 12:52:48.617'},'assistenza','N','datetime','datetime','System.DateTime')
GO

IF exists(SELECT * FROM [coldescr] WHERE colname = 'lu' AND tablename = 'progettoasset')
UPDATE [coldescr] SET col_len = '64',col_precision = null,col_scale = null,description = null,kind = 'S',lt = {ts '2020-06-18 12:52:48.617'},lu = 'assistenza',primarykey = 'N',sql_declaration = 'varchar(64)',sql_type = 'varchar',system_type = 'System.String' WHERE colname = 'lu' AND tablename = 'progettoasset'
ELSE
INSERT INTO [coldescr] (colname,tablename,col_len,col_precision,col_scale,description,kind,lt,lu,primarykey,sql_declaration,sql_type,system_type) VALUES ('lu','progettoasset','64',null,null,null,'S',{ts '2020-06-18 12:52:48.617'},'assistenza','N','varchar(64)','varchar','System.String')
GO

-- FINE GENERAZIONE SCRIPT --

--[DBO]--
-- CREAZIONE TABELLA progettokind --
IF NOT EXISTS(select * from sysobjects where id = object_id(N'[dbo].[progettokind]') and OBJECTPROPERTY(id, N'IsUserTable') = 1)
BEGIN
CREATE TABLE [dbo].[progettokind] (
idprogettokind int NOT NULL,
ct datetime NULL,
cu varchar(64) NULL,
description nvarchar(max) NULL,
idcorsostudio char(1) NULL,
idprogettoactivitykind int NULL,
lt datetime NULL,
lu varchar(64) NULL,
oredivisionecostostipendio int NULL,
title nvarchar(2048) NULL,
 CONSTRAINT xpkprogettokind PRIMARY KEY (idprogettokind
)
)
END
GO

-- VERIFICA STRUTTURA progettokind --
IF NOT exists(select * from [sysobjects] as T inner join syscolumns C on T.ID = C.ID where t.name = 'progettokind' and C.name = 'idprogettokind' AND (T.uid = USER_ID( ) OR T.uid = USER_ID('dbo')))
BEGIN
	ALTER TABLE [progettokind] ADD idprogettokind int NOT NULL DEFAULT 0
	declare @vincolo varchar(100)
	select @vincolo = object_name(const.constid) from syscolumns col join sysconstraints const on const.id = col.id and const.colid = col.colid where col.id = object_id('progettokind') and col.name = 'idprogettokind' and objectproperty(const.constid, 'IsDefaultCnst')=1
	exec ('ALTER TABLE [progettokind] drop constraint '+@vincolo)
END
GO

IF NOT exists(select * from [sysobjects] as T inner join syscolumns C on T.ID = C.ID where t.name = 'progettokind' and C.name = 'ct' AND (T.uid = USER_ID( ) OR T.uid = USER_ID('dbo')))
BEGIN
	ALTER TABLE [progettokind] ADD ct datetime NULL 
END
ELSE
	ALTER TABLE [progettokind] ALTER COLUMN ct datetime NULL
GO

IF NOT exists(select * from [sysobjects] as T inner join syscolumns C on T.ID = C.ID where t.name = 'progettokind' and C.name = 'cu' AND (T.uid = USER_ID( ) OR T.uid = USER_ID('dbo')))
BEGIN
	ALTER TABLE [progettokind] ADD cu varchar(64) NULL 
END
ELSE
	ALTER TABLE [progettokind] ALTER COLUMN cu varchar(64) NULL
GO

IF NOT exists(select * from [sysobjects] as T inner join syscolumns C on T.ID = C.ID where t.name = 'progettokind' and C.name = 'description' AND (T.uid = USER_ID( ) OR T.uid = USER_ID('dbo')))
BEGIN
	ALTER TABLE [progettokind] ADD description nvarchar(max) NULL 
END
ELSE
	ALTER TABLE [progettokind] ALTER COLUMN description nvarchar(max) NULL
GO

IF NOT exists(select * from [sysobjects] as T inner join syscolumns C on T.ID = C.ID where t.name = 'progettokind' and C.name = 'idcorsostudio' AND (T.uid = USER_ID( ) OR T.uid = USER_ID('dbo')))
BEGIN
	ALTER TABLE [progettokind] ADD idcorsostudio char(1) NULL 
END
ELSE
	ALTER TABLE [progettokind] ALTER COLUMN idcorsostudio char(1) NULL
GO

IF NOT exists(select * from [sysobjects] as T inner join syscolumns C on T.ID = C.ID where t.name = 'progettokind' and C.name = 'idprogettoactivitykind' AND (T.uid = USER_ID( ) OR T.uid = USER_ID('dbo')))
BEGIN
	ALTER TABLE [progettokind] ADD idprogettoactivitykind int NULL 
END
ELSE
	ALTER TABLE [progettokind] ALTER COLUMN idprogettoactivitykind int NULL
GO

IF NOT exists(select * from [sysobjects] as T inner join syscolumns C on T.ID = C.ID where t.name = 'progettokind' and C.name = 'lt' AND (T.uid = USER_ID( ) OR T.uid = USER_ID('dbo')))
BEGIN
	ALTER TABLE [progettokind] ADD lt datetime NULL 
END
ELSE
	ALTER TABLE [progettokind] ALTER COLUMN lt datetime NULL
GO

IF NOT exists(select * from [sysobjects] as T inner join syscolumns C on T.ID = C.ID where t.name = 'progettokind' and C.name = 'lu' AND (T.uid = USER_ID( ) OR T.uid = USER_ID('dbo')))
BEGIN
	ALTER TABLE [progettokind] ADD lu varchar(64) NULL 
END
ELSE
	ALTER TABLE [progettokind] ALTER COLUMN lu varchar(64) NULL
GO

IF NOT exists(select * from [sysobjects] as T inner join syscolumns C on T.ID = C.ID where t.name = 'progettokind' and C.name = 'oredivisionecostostipendio' AND (T.uid = USER_ID( ) OR T.uid = USER_ID('dbo')))
BEGIN
	ALTER TABLE [progettokind] ADD oredivisionecostostipendio int NULL 
END
ELSE
	ALTER TABLE [progettokind] ALTER COLUMN oredivisionecostostipendio int NULL
GO

IF NOT exists(select * from [sysobjects] as T inner join syscolumns C on T.ID = C.ID where t.name = 'progettokind' and C.name = 'title' AND (T.uid = USER_ID( ) OR T.uid = USER_ID('dbo')))
BEGIN
	ALTER TABLE [progettokind] ADD title nvarchar(2048) NULL 
END
ELSE
	ALTER TABLE [progettokind] ALTER COLUMN title nvarchar(2048) NULL
GO

-- VERIFICA DI progettokind IN COLUMNTYPES --
DELETE FROM columntypes WHERE tablename = 'progettokind'
INSERT INTO columntypes (format,allownull,tablename,sqldeclaration,createuser,field,col_len,denynull,sqltype,systemtype,defaultvalue,col_scale,lastmoduser,col_precision,iskey) VALUES('','N','progettokind','int','assistenza','idprogettokind','4','S','int','System.Int32','','','''assistenza''','','S')
GO

INSERT INTO columntypes (format,allownull,tablename,sqldeclaration,createuser,field,col_len,denynull,sqltype,systemtype,defaultvalue,col_scale,lastmoduser,col_precision,iskey) VALUES('','S','progettokind','datetime','assistenza','ct','8','N','datetime','System.DateTime','','','''assistenza''','','N')
GO

INSERT INTO columntypes (format,allownull,tablename,sqldeclaration,createuser,field,col_len,denynull,sqltype,systemtype,defaultvalue,col_scale,lastmoduser,col_precision,iskey) VALUES('','S','progettokind','varchar(64)','assistenza','cu','64','N','varchar','System.String','','','''assistenza''','','N')
GO

INSERT INTO columntypes (format,allownull,tablename,sqldeclaration,createuser,field,col_len,denynull,sqltype,systemtype,defaultvalue,col_scale,lastmoduser,col_precision,iskey) VALUES('','S','progettokind','nvarchar(max)','assistenza','description','0','N','nvarchar','System.String','','','''assistenza''','','N')
GO

INSERT INTO columntypes (format,allownull,tablename,sqldeclaration,createuser,field,col_len,denynull,sqltype,systemtype,defaultvalue,col_scale,lastmoduser,col_precision,iskey) VALUES('','S','progettokind','char(1)','assistenza','idcorsostudio','1','N','char','System.String','','','''assistenza''','','N')
GO

INSERT INTO columntypes (format,allownull,tablename,sqldeclaration,createuser,field,col_len,denynull,sqltype,systemtype,defaultvalue,col_scale,lastmoduser,col_precision,iskey) VALUES('','S','progettokind','int','assistenza','idprogettoactivitykind','4','N','int','System.Int32','','','''assistenza''','','N')
GO

INSERT INTO columntypes (format,allownull,tablename,sqldeclaration,createuser,field,col_len,denynull,sqltype,systemtype,defaultvalue,col_scale,lastmoduser,col_precision,iskey) VALUES('','S','progettokind','datetime','assistenza','lt','8','N','datetime','System.DateTime','','','''assistenza''','','N')
GO

INSERT INTO columntypes (format,allownull,tablename,sqldeclaration,createuser,field,col_len,denynull,sqltype,systemtype,defaultvalue,col_scale,lastmoduser,col_precision,iskey) VALUES('','S','progettokind','varchar(64)','assistenza','lu','64','N','varchar','System.String','','','''assistenza''','','N')
GO

INSERT INTO columntypes (format,allownull,tablename,sqldeclaration,createuser,field,col_len,denynull,sqltype,systemtype,defaultvalue,col_scale,lastmoduser,col_precision,iskey) VALUES('','S','progettokind','int','assistenza','oredivisionecostostipendio','4','N','int','System.Int32','','','''assistenza''','','N')
GO

INSERT INTO columntypes (format,allownull,tablename,sqldeclaration,createuser,field,col_len,denynull,sqltype,systemtype,defaultvalue,col_scale,lastmoduser,col_precision,iskey) VALUES('','S','progettokind','nvarchar(2048)','assistenza','title','2048','N','nvarchar','System.String','','','''assistenza''','','N')
GO

-- VERIFICA DI progettokind IN CUSTOMOBJECT --
IF EXISTS(select * from customobject where objectname = 'progettokind')
UPDATE customobject set isreal = 'S' where objectname = 'progettokind'
ELSE
INSERT INTO customobject (objectname, isreal) values('progettokind', 'S')
GO
-- FINE GENERAZIONE SCRIPT --


-- GENERAZIONE DATI PER tabledescr --
IF exists(SELECT * FROM [tabledescr] WHERE tablename = 'progettokind')
UPDATE [tabledescr] SET description = 'Tipologie di progetto',idapplication = null,isdbo = 'N',lt = {ts '2020-05-22 12:54:10.557'},lu = 'assistenza',title = 'Tipologie di progetto' WHERE tablename = 'progettokind'
ELSE
INSERT INTO [tabledescr] (tablename,description,idapplication,isdbo,lt,lu,title) VALUES ('progettokind','Tipologie di progetto',null,'N',{ts '2020-05-22 12:54:10.557'},'assistenza','Tipologie di progetto')
GO

-- FINE GENERAZIONE SCRIPT --


-- GENERAZIONE DATI PER coldescr --
IF exists(SELECT * FROM [coldescr] WHERE colname = 'ct' AND tablename = 'progettokind')
UPDATE [coldescr] SET col_len = '8',col_precision = null,col_scale = null,description = null,kind = 'S',lt = {ts '2020-07-14 15:42:22.470'},lu = 'assistenza',primarykey = 'N',sql_declaration = 'datetime',sql_type = 'datetime',system_type = 'System.DateTime' WHERE colname = 'ct' AND tablename = 'progettokind'
ELSE
INSERT INTO [coldescr] (colname,tablename,col_len,col_precision,col_scale,description,kind,lt,lu,primarykey,sql_declaration,sql_type,system_type) VALUES ('ct','progettokind','8',null,null,null,'S',{ts '2020-07-14 15:42:22.470'},'assistenza','N','datetime','datetime','System.DateTime')
GO

IF exists(SELECT * FROM [coldescr] WHERE colname = 'cu' AND tablename = 'progettokind')
UPDATE [coldescr] SET col_len = '64',col_precision = null,col_scale = null,description = null,kind = 'S',lt = {ts '2020-07-14 15:42:22.470'},lu = 'assistenza',primarykey = 'N',sql_declaration = 'varchar(64)',sql_type = 'varchar',system_type = 'System.String' WHERE colname = 'cu' AND tablename = 'progettokind'
ELSE
INSERT INTO [coldescr] (colname,tablename,col_len,col_precision,col_scale,description,kind,lt,lu,primarykey,sql_declaration,sql_type,system_type) VALUES ('cu','progettokind','64',null,null,null,'S',{ts '2020-07-14 15:42:22.470'},'assistenza','N','varchar(64)','varchar','System.String')
GO

IF exists(SELECT * FROM [coldescr] WHERE colname = 'description' AND tablename = 'progettokind')
UPDATE [coldescr] SET col_len = '0',col_precision = null,col_scale = null,description = 'Descrizione',kind = 'S',lt = {ts '2020-05-22 12:55:03.843'},lu = 'assistenza',primarykey = 'N',sql_declaration = 'nvarchar(max)',sql_type = 'nvarchar',system_type = 'System.String' WHERE colname = 'description' AND tablename = 'progettokind'
ELSE
INSERT INTO [coldescr] (colname,tablename,col_len,col_precision,col_scale,description,kind,lt,lu,primarykey,sql_declaration,sql_type,system_type) VALUES ('description','progettokind','0',null,null,'Descrizione','S',{ts '2020-05-22 12:55:03.843'},'assistenza','N','nvarchar(max)','nvarchar','System.String')
GO

IF exists(SELECT * FROM [coldescr] WHERE colname = 'idcorsostudio' AND tablename = 'progettokind')
UPDATE [coldescr] SET col_len = '1',col_precision = null,col_scale = null,description = 'Abilita il corso di studio',kind = 'S',lt = {ts '2020-11-18 12:20:50.907'},lu = 'assistenza',primarykey = 'N',sql_declaration = 'char(1)',sql_type = 'char',system_type = 'System.String' WHERE colname = 'idcorsostudio' AND tablename = 'progettokind'
ELSE
INSERT INTO [coldescr] (colname,tablename,col_len,col_precision,col_scale,description,kind,lt,lu,primarykey,sql_declaration,sql_type,system_type) VALUES ('idcorsostudio','progettokind','1',null,null,'Abilita il corso di studio','S',{ts '2020-11-18 12:20:50.907'},'assistenza','N','char(1)','char','System.String')
GO

IF exists(SELECT * FROM [coldescr] WHERE colname = 'idprogettoactivitykind' AND tablename = 'progettokind')
UPDATE [coldescr] SET col_len = '4',col_precision = null,col_scale = null,description = 'Tipologia',kind = 'S',lt = {ts '2020-07-14 15:44:27.693'},lu = 'assistenza',primarykey = 'N',sql_declaration = 'int',sql_type = 'int',system_type = 'System.Int32' WHERE colname = 'idprogettoactivitykind' AND tablename = 'progettokind'
ELSE
INSERT INTO [coldescr] (colname,tablename,col_len,col_precision,col_scale,description,kind,lt,lu,primarykey,sql_declaration,sql_type,system_type) VALUES ('idprogettoactivitykind','progettokind','4',null,null,'Tipologia','S',{ts '2020-07-14 15:44:27.693'},'assistenza','N','int','int','System.Int32')
GO

IF exists(SELECT * FROM [coldescr] WHERE colname = 'idprogettokind' AND tablename = 'progettokind')
UPDATE [coldescr] SET col_len = '4',col_precision = null,col_scale = null,description = null,kind = 'S',lt = {ts '2020-06-05 16:30:12.453'},lu = 'assistenza',primarykey = 'S',sql_declaration = 'int',sql_type = 'int',system_type = 'System.Int32' WHERE colname = 'idprogettokind' AND tablename = 'progettokind'
ELSE
INSERT INTO [coldescr] (colname,tablename,col_len,col_precision,col_scale,description,kind,lt,lu,primarykey,sql_declaration,sql_type,system_type) VALUES ('idprogettokind','progettokind','4',null,null,null,'S',{ts '2020-06-05 16:30:12.453'},'assistenza','S','int','int','System.Int32')
GO

IF exists(SELECT * FROM [coldescr] WHERE colname = 'idprogettokindkind' AND tablename = 'progettokind')
UPDATE [coldescr] SET col_len = '4',col_precision = null,col_scale = null,description = 'Tipologia',kind = 'S',lt = {ts '2020-06-05 16:30:12.453'},lu = 'assistenza',primarykey = 'N',sql_declaration = 'int',sql_type = 'int',system_type = 'System.Int32' WHERE colname = 'idprogettokindkind' AND tablename = 'progettokind'
ELSE
INSERT INTO [coldescr] (colname,tablename,col_len,col_precision,col_scale,description,kind,lt,lu,primarykey,sql_declaration,sql_type,system_type) VALUES ('idprogettokindkind','progettokind','4',null,null,'Tipologia','S',{ts '2020-06-05 16:30:12.453'},'assistenza','N','int','int','System.Int32')
GO

IF exists(SELECT * FROM [coldescr] WHERE colname = 'lt' AND tablename = 'progettokind')
UPDATE [coldescr] SET col_len = '8',col_precision = null,col_scale = null,description = null,kind = 'S',lt = {ts '2020-07-14 15:42:22.470'},lu = 'assistenza',primarykey = 'N',sql_declaration = 'datetime',sql_type = 'datetime',system_type = 'System.DateTime' WHERE colname = 'lt' AND tablename = 'progettokind'
ELSE
INSERT INTO [coldescr] (colname,tablename,col_len,col_precision,col_scale,description,kind,lt,lu,primarykey,sql_declaration,sql_type,system_type) VALUES ('lt','progettokind','8',null,null,null,'S',{ts '2020-07-14 15:42:22.470'},'assistenza','N','datetime','datetime','System.DateTime')
GO

IF exists(SELECT * FROM [coldescr] WHERE colname = 'lu' AND tablename = 'progettokind')
UPDATE [coldescr] SET col_len = '64',col_precision = null,col_scale = null,description = null,kind = 'S',lt = {ts '2020-07-14 15:42:22.470'},lu = 'assistenza',primarykey = 'N',sql_declaration = 'varchar(64)',sql_type = 'varchar',system_type = 'System.String' WHERE colname = 'lu' AND tablename = 'progettokind'
ELSE
INSERT INTO [coldescr] (colname,tablename,col_len,col_precision,col_scale,description,kind,lt,lu,primarykey,sql_declaration,sql_type,system_type) VALUES ('lu','progettokind','64',null,null,null,'S',{ts '2020-07-14 15:42:22.470'},'assistenza','N','varchar(64)','varchar','System.String')
GO

IF exists(SELECT * FROM [coldescr] WHERE colname = 'oredivisionecostostipendio' AND tablename = 'progettokind')
UPDATE [coldescr] SET col_len = '4',col_precision = null,col_scale = null,description = 'Numero ore lavorate in un anno dal personale',kind = 'S',lt = {ts '2020-07-14 15:44:27.693'},lu = 'assistenza',primarykey = 'N',sql_declaration = 'int',sql_type = 'int',system_type = 'System.Int32' WHERE colname = 'oredivisionecostostipendio' AND tablename = 'progettokind'
ELSE
INSERT INTO [coldescr] (colname,tablename,col_len,col_precision,col_scale,description,kind,lt,lu,primarykey,sql_declaration,sql_type,system_type) VALUES ('oredivisionecostostipendio','progettokind','4',null,null,'Numero ore lavorate in un anno dal personale','S',{ts '2020-07-14 15:44:27.693'},'assistenza','N','int','int','System.Int32')
GO

IF exists(SELECT * FROM [coldescr] WHERE colname = 'title' AND tablename = 'progettokind')
UPDATE [coldescr] SET col_len = '2048',col_precision = null,col_scale = null,description = 'Titolo',kind = 'S',lt = {ts '2020-05-22 12:55:03.843'},lu = 'assistenza',primarykey = 'N',sql_declaration = 'nvarchar(2048)',sql_type = 'nvarchar',system_type = 'System.String' WHERE colname = 'title' AND tablename = 'progettokind'
ELSE
INSERT INTO [coldescr] (colname,tablename,col_len,col_precision,col_scale,description,kind,lt,lu,primarykey,sql_declaration,sql_type,system_type) VALUES ('title','progettokind','2048',null,null,'Titolo','S',{ts '2020-05-22 12:55:03.843'},'assistenza','N','nvarchar(2048)','nvarchar','System.String')
GO

-- FINE GENERAZIONE SCRIPT --

--[DBO]--
-- CREAZIONE TABELLA progettoregistry_aziende --
IF NOT EXISTS(select * from sysobjects where id = object_id(N'[dbo].[progettoregistry_aziende]') and OBJECTPROPERTY(id, N'IsUserTable') = 1)
BEGIN
CREATE TABLE [dbo].[progettoregistry_aziende] (
idprogetto int NOT NULL,
idreg_aziende int NOT NULL,
ct datetime NOT NULL,
cu varchar(64) NOT NULL,
lt datetime NOT NULL,
lu varchar(64) NOT NULL,
 CONSTRAINT xpkprogettoregistry_aziende PRIMARY KEY (idprogetto,
idreg_aziende
)
)
END
GO

-- VERIFICA STRUTTURA progettoregistry_aziende --
IF NOT exists(select * from [sysobjects] as T inner join syscolumns C on T.ID = C.ID where t.name = 'progettoregistry_aziende' and C.name = 'idprogetto' AND (T.uid = USER_ID( ) OR T.uid = USER_ID('dbo')))
BEGIN
	ALTER TABLE [progettoregistry_aziende] ADD idprogetto int NOT NULL DEFAULT 0
	declare @vincolo varchar(100)
	select @vincolo = object_name(const.constid) from syscolumns col join sysconstraints const on const.id = col.id and const.colid = col.colid where col.id = object_id('progettoregistry_aziende') and col.name = 'idprogetto' and objectproperty(const.constid, 'IsDefaultCnst')=1
	exec ('ALTER TABLE [progettoregistry_aziende] drop constraint '+@vincolo)
END
GO

IF NOT exists(select * from [sysobjects] as T inner join syscolumns C on T.ID = C.ID where t.name = 'progettoregistry_aziende' and C.name = 'idreg_aziende' AND (T.uid = USER_ID( ) OR T.uid = USER_ID('dbo')))
BEGIN
	ALTER TABLE [progettoregistry_aziende] ADD idreg_aziende int NOT NULL DEFAULT 0
	declare @vincolo varchar(100)
	select @vincolo = object_name(const.constid) from syscolumns col join sysconstraints const on const.id = col.id and const.colid = col.colid where col.id = object_id('progettoregistry_aziende') and col.name = 'idreg_aziende' and objectproperty(const.constid, 'IsDefaultCnst')=1
	exec ('ALTER TABLE [progettoregistry_aziende] drop constraint '+@vincolo)
END
GO

IF NOT exists(select * from [sysobjects] as T inner join syscolumns C on T.ID = C.ID where t.name = 'progettoregistry_aziende' and C.name = 'ct' AND (T.uid = USER_ID( ) OR T.uid = USER_ID('dbo')))
BEGIN
	ALTER TABLE [progettoregistry_aziende] ADD ct datetime NOT NULL DEFAULT 01/01/1000
	declare @vincolo varchar(100)
	select @vincolo = object_name(const.constid) from syscolumns col join sysconstraints const on const.id = col.id and const.colid = col.colid where col.id = object_id('progettoregistry_aziende') and col.name = 'ct' and objectproperty(const.constid, 'IsDefaultCnst')=1
	exec ('ALTER TABLE [progettoregistry_aziende] drop constraint '+@vincolo)
END
ELSE
	ALTER TABLE [progettoregistry_aziende] ALTER COLUMN ct datetime NOT NULL
GO

IF NOT exists(select * from [sysobjects] as T inner join syscolumns C on T.ID = C.ID where t.name = 'progettoregistry_aziende' and C.name = 'cu' AND (T.uid = USER_ID( ) OR T.uid = USER_ID('dbo')))
BEGIN
	ALTER TABLE [progettoregistry_aziende] ADD cu varchar(64) NOT NULL DEFAULT ''
	declare @vincolo varchar(100)
	select @vincolo = object_name(const.constid) from syscolumns col join sysconstraints const on const.id = col.id and const.colid = col.colid where col.id = object_id('progettoregistry_aziende') and col.name = 'cu' and objectproperty(const.constid, 'IsDefaultCnst')=1
	exec ('ALTER TABLE [progettoregistry_aziende] drop constraint '+@vincolo)
END
ELSE
	ALTER TABLE [progettoregistry_aziende] ALTER COLUMN cu varchar(64) NOT NULL
GO

IF NOT exists(select * from [sysobjects] as T inner join syscolumns C on T.ID = C.ID where t.name = 'progettoregistry_aziende' and C.name = 'lt' AND (T.uid = USER_ID( ) OR T.uid = USER_ID('dbo')))
BEGIN
	ALTER TABLE [progettoregistry_aziende] ADD lt datetime NOT NULL DEFAULT 01/01/1000
	declare @vincolo varchar(100)
	select @vincolo = object_name(const.constid) from syscolumns col join sysconstraints const on const.id = col.id and const.colid = col.colid where col.id = object_id('progettoregistry_aziende') and col.name = 'lt' and objectproperty(const.constid, 'IsDefaultCnst')=1
	exec ('ALTER TABLE [progettoregistry_aziende] drop constraint '+@vincolo)
END
ELSE
	ALTER TABLE [progettoregistry_aziende] ALTER COLUMN lt datetime NOT NULL
GO

IF NOT exists(select * from [sysobjects] as T inner join syscolumns C on T.ID = C.ID where t.name = 'progettoregistry_aziende' and C.name = 'lu' AND (T.uid = USER_ID( ) OR T.uid = USER_ID('dbo')))
BEGIN
	ALTER TABLE [progettoregistry_aziende] ADD lu varchar(64) NOT NULL DEFAULT ''
	declare @vincolo varchar(100)
	select @vincolo = object_name(const.constid) from syscolumns col join sysconstraints const on const.id = col.id and const.colid = col.colid where col.id = object_id('progettoregistry_aziende') and col.name = 'lu' and objectproperty(const.constid, 'IsDefaultCnst')=1
	exec ('ALTER TABLE [progettoregistry_aziende] drop constraint '+@vincolo)
END
ELSE
	ALTER TABLE [progettoregistry_aziende] ALTER COLUMN lu varchar(64) NOT NULL
GO

-- VERIFICA DI progettoregistry_aziende IN COLUMNTYPES --
DELETE FROM columntypes WHERE tablename = 'progettoregistry_aziende'
INSERT INTO columntypes (format,allownull,tablename,sqldeclaration,createuser,field,col_len,denynull,sqltype,systemtype,defaultvalue,col_scale,lastmoduser,col_precision,iskey) VALUES('','N','progettoregistry_aziende','int','ASSISTENZA','idprogetto','4','S','int','System.Int32','','','''ASSISTENZA''','','S')
GO

INSERT INTO columntypes (format,allownull,tablename,sqldeclaration,createuser,field,col_len,denynull,sqltype,systemtype,defaultvalue,col_scale,lastmoduser,col_precision,iskey) VALUES('','N','progettoregistry_aziende','int','ASSISTENZA','idreg_aziende','4','S','int','System.Int32','','','''ASSISTENZA''','','S')
GO

INSERT INTO columntypes (format,allownull,tablename,sqldeclaration,createuser,field,col_len,denynull,sqltype,systemtype,defaultvalue,col_scale,lastmoduser,col_precision,iskey) VALUES('','N','progettoregistry_aziende','datetime','ASSISTENZA','ct','8','S','datetime','System.DateTime','','','''ASSISTENZA''','','N')
GO

INSERT INTO columntypes (format,allownull,tablename,sqldeclaration,createuser,field,col_len,denynull,sqltype,systemtype,defaultvalue,col_scale,lastmoduser,col_precision,iskey) VALUES('','N','progettoregistry_aziende','varchar(64)','ASSISTENZA','cu','64','S','varchar','System.String','','','''ASSISTENZA''','','N')
GO

INSERT INTO columntypes (format,allownull,tablename,sqldeclaration,createuser,field,col_len,denynull,sqltype,systemtype,defaultvalue,col_scale,lastmoduser,col_precision,iskey) VALUES('','N','progettoregistry_aziende','datetime','ASSISTENZA','lt','8','S','datetime','System.DateTime','','','''ASSISTENZA''','','N')
GO

INSERT INTO columntypes (format,allownull,tablename,sqldeclaration,createuser,field,col_len,denynull,sqltype,systemtype,defaultvalue,col_scale,lastmoduser,col_precision,iskey) VALUES('','N','progettoregistry_aziende','varchar(64)','ASSISTENZA','lu','64','S','varchar','System.String','','','''ASSISTENZA''','','N')
GO

-- VERIFICA DI progettoregistry_aziende IN CUSTOMOBJECT --
IF EXISTS(select * from customobject where objectname = 'progettoregistry_aziende')
UPDATE customobject set isreal = 'S' where objectname = 'progettoregistry_aziende'
ELSE
INSERT INTO customobject (objectname, isreal) values('progettoregistry_aziende', 'S')
GO
-- FINE GENERAZIONE SCRIPT --


-- GENERAZIONE DATI PER tabledescr --
IF exists(SELECT * FROM [tabledescr] WHERE tablename = 'progettoregistry_aziende')
UPDATE [tabledescr] SET description = 'Enti partner del progetto o attvit?',idapplication = null,isdbo = 'N',lt = {ts '2020-06-08 18:38:50.520'},lu = 'assistenza',title = 'Enti partner' WHERE tablename = 'progettoregistry_aziende'
ELSE
INSERT INTO [tabledescr] (tablename,description,idapplication,isdbo,lt,lu,title) VALUES ('progettoregistry_aziende','Enti partner del progetto o attvit?',null,'N',{ts '2020-06-08 18:38:50.520'},'assistenza','Enti partner')
GO

-- FINE GENERAZIONE SCRIPT --


-- GENERAZIONE DATI PER coldescr --
IF exists(SELECT * FROM [coldescr] WHERE colname = 'ct' AND tablename = 'progettoregistry_aziende')
UPDATE [coldescr] SET col_len = '8',col_precision = null,col_scale = null,description = null,kind = 'S',lt = {ts '2020-06-08 18:38:52.567'},lu = 'assistenza',primarykey = 'N',sql_declaration = 'datetime',sql_type = 'datetime',system_type = 'System.DateTime' WHERE colname = 'ct' AND tablename = 'progettoregistry_aziende'
ELSE
INSERT INTO [coldescr] (colname,tablename,col_len,col_precision,col_scale,description,kind,lt,lu,primarykey,sql_declaration,sql_type,system_type) VALUES ('ct','progettoregistry_aziende','8',null,null,null,'S',{ts '2020-06-08 18:38:52.567'},'assistenza','N','datetime','datetime','System.DateTime')
GO

IF exists(SELECT * FROM [coldescr] WHERE colname = 'cu' AND tablename = 'progettoregistry_aziende')
UPDATE [coldescr] SET col_len = '64',col_precision = null,col_scale = null,description = null,kind = 'S',lt = {ts '2020-06-08 18:38:52.567'},lu = 'assistenza',primarykey = 'N',sql_declaration = 'varchar(64)',sql_type = 'varchar',system_type = 'System.String' WHERE colname = 'cu' AND tablename = 'progettoregistry_aziende'
ELSE
INSERT INTO [coldescr] (colname,tablename,col_len,col_precision,col_scale,description,kind,lt,lu,primarykey,sql_declaration,sql_type,system_type) VALUES ('cu','progettoregistry_aziende','64',null,null,null,'S',{ts '2020-06-08 18:38:52.567'},'assistenza','N','varchar(64)','varchar','System.String')
GO

IF exists(SELECT * FROM [coldescr] WHERE colname = 'idprogetto' AND tablename = 'progettoregistry_aziende')
UPDATE [coldescr] SET col_len = '4',col_precision = null,col_scale = null,description = null,kind = 'S',lt = {ts '2020-06-08 18:38:52.567'},lu = 'assistenza',primarykey = 'S',sql_declaration = 'int',sql_type = 'int',system_type = 'System.Int32' WHERE colname = 'idprogetto' AND tablename = 'progettoregistry_aziende'
ELSE
INSERT INTO [coldescr] (colname,tablename,col_len,col_precision,col_scale,description,kind,lt,lu,primarykey,sql_declaration,sql_type,system_type) VALUES ('idprogetto','progettoregistry_aziende','4',null,null,null,'S',{ts '2020-06-08 18:38:52.567'},'assistenza','S','int','int','System.Int32')
GO

IF exists(SELECT * FROM [coldescr] WHERE colname = 'idreg_aziende' AND tablename = 'progettoregistry_aziende')
UPDATE [coldescr] SET col_len = '4',col_precision = null,col_scale = null,description = 'Ente o azienda partner',kind = 'S',lt = {ts '2020-06-08 18:39:10.733'},lu = 'assistenza',primarykey = 'S',sql_declaration = 'int',sql_type = 'int',system_type = 'System.Int32' WHERE colname = 'idreg_aziende' AND tablename = 'progettoregistry_aziende'
ELSE
INSERT INTO [coldescr] (colname,tablename,col_len,col_precision,col_scale,description,kind,lt,lu,primarykey,sql_declaration,sql_type,system_type) VALUES ('idreg_aziende','progettoregistry_aziende','4',null,null,'Ente o azienda partner','S',{ts '2020-06-08 18:39:10.733'},'assistenza','S','int','int','System.Int32')
GO

IF exists(SELECT * FROM [coldescr] WHERE colname = 'lt' AND tablename = 'progettoregistry_aziende')
UPDATE [coldescr] SET col_len = '8',col_precision = null,col_scale = null,description = null,kind = 'S',lt = {ts '2020-06-08 18:38:52.570'},lu = 'assistenza',primarykey = 'N',sql_declaration = 'datetime',sql_type = 'datetime',system_type = 'System.DateTime' WHERE colname = 'lt' AND tablename = 'progettoregistry_aziende'
ELSE
INSERT INTO [coldescr] (colname,tablename,col_len,col_precision,col_scale,description,kind,lt,lu,primarykey,sql_declaration,sql_type,system_type) VALUES ('lt','progettoregistry_aziende','8',null,null,null,'S',{ts '2020-06-08 18:38:52.570'},'assistenza','N','datetime','datetime','System.DateTime')
GO

IF exists(SELECT * FROM [coldescr] WHERE colname = 'lu' AND tablename = 'progettoregistry_aziende')
UPDATE [coldescr] SET col_len = '64',col_precision = null,col_scale = null,description = null,kind = 'S',lt = {ts '2020-06-08 18:38:52.570'},lu = 'assistenza',primarykey = 'N',sql_declaration = 'varchar(64)',sql_type = 'varchar',system_type = 'System.String' WHERE colname = 'lu' AND tablename = 'progettoregistry_aziende'
ELSE
INSERT INTO [coldescr] (colname,tablename,col_len,col_precision,col_scale,description,kind,lt,lu,primarykey,sql_declaration,sql_type,system_type) VALUES ('lu','progettoregistry_aziende','64',null,null,null,'S',{ts '2020-06-08 18:38:52.570'},'assistenza','N','varchar(64)','varchar','System.String')
GO

-- FINE GENERAZIONE SCRIPT --

--[DBO]--
-- CREAZIONE TABELLA progettotipocosto --
IF NOT EXISTS(select * from sysobjects where id = object_id(N'[dbo].[progettotipocosto]') and OBJECTPROPERTY(id, N'IsUserTable') = 1)
BEGIN
CREATE TABLE [dbo].[progettotipocosto] (
idprogettotipocosto int NOT NULL,
idprogetto int NOT NULL,
ammissibilita decimal(5,2) NULL,
ct datetime NULL,
cu varchar(64) NULL,
idprogettotipocostokind int NULL,
lt datetime NULL,
lu varchar(64) NULL,
sortcode int NULL,
title varchar(2048) NULL,
 CONSTRAINT xpkprogettotipocosto PRIMARY KEY (idprogettotipocosto,
idprogetto
)
)
END
GO

-- VERIFICA STRUTTURA progettotipocosto --
IF NOT exists(select * from [sysobjects] as T inner join syscolumns C on T.ID = C.ID where t.name = 'progettotipocosto' and C.name = 'idprogettotipocosto' AND (T.uid = USER_ID( ) OR T.uid = USER_ID('dbo')))
BEGIN
	ALTER TABLE [progettotipocosto] ADD idprogettotipocosto int NOT NULL DEFAULT 0
	declare @vincolo varchar(100)
	select @vincolo = object_name(const.constid) from syscolumns col join sysconstraints const on const.id = col.id and const.colid = col.colid where col.id = object_id('progettotipocosto') and col.name = 'idprogettotipocosto' and objectproperty(const.constid, 'IsDefaultCnst')=1
	exec ('ALTER TABLE [progettotipocosto] drop constraint '+@vincolo)
END
GO

IF NOT exists(select * from [sysobjects] as T inner join syscolumns C on T.ID = C.ID where t.name = 'progettotipocosto' and C.name = 'idprogetto' AND (T.uid = USER_ID( ) OR T.uid = USER_ID('dbo')))
BEGIN
	ALTER TABLE [progettotipocosto] ADD idprogetto int NOT NULL DEFAULT 0
	declare @vincolo varchar(100)
	select @vincolo = object_name(const.constid) from syscolumns col join sysconstraints const on const.id = col.id and const.colid = col.colid where col.id = object_id('progettotipocosto') and col.name = 'idprogetto' and objectproperty(const.constid, 'IsDefaultCnst')=1
	exec ('ALTER TABLE [progettotipocosto] drop constraint '+@vincolo)
END
GO

IF NOT exists(select * from [sysobjects] as T inner join syscolumns C on T.ID = C.ID where t.name = 'progettotipocosto' and C.name = 'ammissibilita' AND (T.uid = USER_ID( ) OR T.uid = USER_ID('dbo')))
BEGIN
	ALTER TABLE [progettotipocosto] ADD ammissibilita decimal(5,2) NULL 
END
ELSE
	ALTER TABLE [progettotipocosto] ALTER COLUMN ammissibilita decimal(5,2) NULL
GO

IF NOT exists(select * from [sysobjects] as T inner join syscolumns C on T.ID = C.ID where t.name = 'progettotipocosto' and C.name = 'ct' AND (T.uid = USER_ID( ) OR T.uid = USER_ID('dbo')))
BEGIN
	ALTER TABLE [progettotipocosto] ADD ct datetime NULL 
END
ELSE
	ALTER TABLE [progettotipocosto] ALTER COLUMN ct datetime NULL
GO

IF NOT exists(select * from [sysobjects] as T inner join syscolumns C on T.ID = C.ID where t.name = 'progettotipocosto' and C.name = 'cu' AND (T.uid = USER_ID( ) OR T.uid = USER_ID('dbo')))
BEGIN
	ALTER TABLE [progettotipocosto] ADD cu varchar(64) NULL 
END
ELSE
	ALTER TABLE [progettotipocosto] ALTER COLUMN cu varchar(64) NULL
GO

IF NOT exists(select * from [sysobjects] as T inner join syscolumns C on T.ID = C.ID where t.name = 'progettotipocosto' and C.name = 'idprogettotipocostokind' AND (T.uid = USER_ID( ) OR T.uid = USER_ID('dbo')))
BEGIN
	ALTER TABLE [progettotipocosto] ADD idprogettotipocostokind int NULL 
END
ELSE
	ALTER TABLE [progettotipocosto] ALTER COLUMN idprogettotipocostokind int NULL
GO

IF NOT exists(select * from [sysobjects] as T inner join syscolumns C on T.ID = C.ID where t.name = 'progettotipocosto' and C.name = 'lt' AND (T.uid = USER_ID( ) OR T.uid = USER_ID('dbo')))
BEGIN
	ALTER TABLE [progettotipocosto] ADD lt datetime NULL 
END
ELSE
	ALTER TABLE [progettotipocosto] ALTER COLUMN lt datetime NULL
GO

IF NOT exists(select * from [sysobjects] as T inner join syscolumns C on T.ID = C.ID where t.name = 'progettotipocosto' and C.name = 'lu' AND (T.uid = USER_ID( ) OR T.uid = USER_ID('dbo')))
BEGIN
	ALTER TABLE [progettotipocosto] ADD lu varchar(64) NULL 
END
ELSE
	ALTER TABLE [progettotipocosto] ALTER COLUMN lu varchar(64) NULL
GO

IF NOT exists(select * from [sysobjects] as T inner join syscolumns C on T.ID = C.ID where t.name = 'progettotipocosto' and C.name = 'sortcode' AND (T.uid = USER_ID( ) OR T.uid = USER_ID('dbo')))
BEGIN
	ALTER TABLE [progettotipocosto] ADD sortcode int NULL 
END
ELSE
	ALTER TABLE [progettotipocosto] ALTER COLUMN sortcode int NULL
GO

IF NOT exists(select * from [sysobjects] as T inner join syscolumns C on T.ID = C.ID where t.name = 'progettotipocosto' and C.name = 'title' AND (T.uid = USER_ID( ) OR T.uid = USER_ID('dbo')))
BEGIN
	ALTER TABLE [progettotipocosto] ADD title varchar(2048) NULL 
END
ELSE
	ALTER TABLE [progettotipocosto] ALTER COLUMN title varchar(2048) NULL
GO

-- VERIFICA DI progettotipocosto IN COLUMNTYPES --
DELETE FROM columntypes WHERE tablename = 'progettotipocosto'
INSERT INTO columntypes (format,allownull,tablename,sqldeclaration,createuser,field,col_len,denynull,sqltype,systemtype,defaultvalue,col_scale,lastmoduser,col_precision,iskey) VALUES('','N','progettotipocosto','int','assistenza','idprogetto','4','S','int','System.Int32','','','''assistenza''','','S')
GO

INSERT INTO columntypes (format,allownull,tablename,sqldeclaration,createuser,field,col_len,denynull,sqltype,systemtype,defaultvalue,col_scale,lastmoduser,col_precision,iskey) VALUES('','N','progettotipocosto','int','assistenza','idprogettotipocosto','4','S','int','System.Int32','','','''assistenza''','','S')
GO

INSERT INTO columntypes (format,allownull,tablename,sqldeclaration,createuser,field,col_len,denynull,sqltype,systemtype,defaultvalue,col_scale,lastmoduser,col_precision,iskey) VALUES('','S','progettotipocosto','decimal(5,2)','assistenza','ammissibilita','5','N','decimal','System.Decimal','','2','''assistenza''','5','N')
GO

INSERT INTO columntypes (format,allownull,tablename,sqldeclaration,createuser,field,col_len,denynull,sqltype,systemtype,defaultvalue,col_scale,lastmoduser,col_precision,iskey) VALUES('','S','progettotipocosto','datetime','assistenza','ct','8','N','datetime','System.DateTime','','','''assistenza''','','N')
GO

INSERT INTO columntypes (format,allownull,tablename,sqldeclaration,createuser,field,col_len,denynull,sqltype,systemtype,defaultvalue,col_scale,lastmoduser,col_precision,iskey) VALUES('','S','progettotipocosto','varchar(64)','assistenza','cu','64','N','varchar','System.String','','','''assistenza''','','N')
GO

INSERT INTO columntypes (format,allownull,tablename,sqldeclaration,createuser,field,col_len,denynull,sqltype,systemtype,defaultvalue,col_scale,lastmoduser,col_precision,iskey) VALUES('','S','progettotipocosto','int','assistenza','idprogettotipocostokind','4','N','int','System.Int32','','','''assistenza''','','N')
GO

INSERT INTO columntypes (format,allownull,tablename,sqldeclaration,createuser,field,col_len,denynull,sqltype,systemtype,defaultvalue,col_scale,lastmoduser,col_precision,iskey) VALUES('','S','progettotipocosto','datetime','assistenza','lt','8','N','datetime','System.DateTime','','','''assistenza''','','N')
GO

INSERT INTO columntypes (format,allownull,tablename,sqldeclaration,createuser,field,col_len,denynull,sqltype,systemtype,defaultvalue,col_scale,lastmoduser,col_precision,iskey) VALUES('','S','progettotipocosto','varchar(64)','assistenza','lu','64','N','varchar','System.String','','','''assistenza''','','N')
GO

INSERT INTO columntypes (format,allownull,tablename,sqldeclaration,createuser,field,col_len,denynull,sqltype,systemtype,defaultvalue,col_scale,lastmoduser,col_precision,iskey) VALUES('','S','progettotipocosto','int','assistenza','sortcode','4','N','int','System.Int32','','','''assistenza''','','N')
GO

INSERT INTO columntypes (format,allownull,tablename,sqldeclaration,createuser,field,col_len,denynull,sqltype,systemtype,defaultvalue,col_scale,lastmoduser,col_precision,iskey) VALUES('','S','progettotipocosto','varchar(2048)','assistenza','title','2048','N','varchar','System.String','','','''assistenza''','','N')
GO

-- VERIFICA DI progettotipocosto IN CUSTOMOBJECT --
IF EXISTS(select * from customobject where objectname = 'progettotipocosto')
UPDATE customobject set isreal = 'S' where objectname = 'progettotipocosto'
ELSE
INSERT INTO customobject (objectname, isreal) values('progettotipocosto', 'S')
GO
-- FINE GENERAZIONE SCRIPT --


-- GENERAZIONE DATI PER tabledescr --
IF exists(SELECT * FROM [tabledescr] WHERE tablename = 'progettotipocosto')
UPDATE [tabledescr] SET description = '2.7.4 Voce di costo',idapplication = null,isdbo = 'N',lt = {ts '2020-06-18 12:04:23.783'},lu = 'assistenza',title = 'Voce di costo' WHERE tablename = 'progettotipocosto'
ELSE
INSERT INTO [tabledescr] (tablename,description,idapplication,isdbo,lt,lu,title) VALUES ('progettotipocosto','2.7.4 Voce di costo',null,'N',{ts '2020-06-18 12:04:23.783'},'assistenza','Voce di costo')
GO

-- FINE GENERAZIONE SCRIPT --


-- GENERAZIONE DATI PER coldescr --
IF exists(SELECT * FROM [coldescr] WHERE colname = 'ammissibilita' AND tablename = 'progettotipocosto')
UPDATE [coldescr] SET col_len = '5',col_precision = '5',col_scale = '2',description = 'Ammissibilità (%)',kind = 'S',lt = {ts '2020-11-02 18:41:54.357'},lu = 'assistenza',primarykey = 'N',sql_declaration = 'decimal(5,2)',sql_type = 'decimal',system_type = 'System.Decimal' WHERE colname = 'ammissibilita' AND tablename = 'progettotipocosto'
ELSE
INSERT INTO [coldescr] (colname,tablename,col_len,col_precision,col_scale,description,kind,lt,lu,primarykey,sql_declaration,sql_type,system_type) VALUES ('ammissibilita','progettotipocosto','5','5','2','Ammissibilità (%)','S',{ts '2020-11-02 18:41:54.357'},'assistenza','N','decimal(5,2)','decimal','System.Decimal')
GO

IF exists(SELECT * FROM [coldescr] WHERE colname = 'ct' AND tablename = 'progettotipocosto')
UPDATE [coldescr] SET col_len = '8',col_precision = null,col_scale = null,description = null,kind = 'S',lt = {ts '2020-06-18 12:04:28.390'},lu = 'assistenza',primarykey = 'N',sql_declaration = 'datetime',sql_type = 'datetime',system_type = 'System.DateTime' WHERE colname = 'ct' AND tablename = 'progettotipocosto'
ELSE
INSERT INTO [coldescr] (colname,tablename,col_len,col_precision,col_scale,description,kind,lt,lu,primarykey,sql_declaration,sql_type,system_type) VALUES ('ct','progettotipocosto','8',null,null,null,'S',{ts '2020-06-18 12:04:28.390'},'assistenza','N','datetime','datetime','System.DateTime')
GO

IF exists(SELECT * FROM [coldescr] WHERE colname = 'cu' AND tablename = 'progettotipocosto')
UPDATE [coldescr] SET col_len = '64',col_precision = null,col_scale = null,description = null,kind = 'S',lt = {ts '2020-06-18 12:04:28.390'},lu = 'assistenza',primarykey = 'N',sql_declaration = 'varchar(64)',sql_type = 'varchar',system_type = 'System.String' WHERE colname = 'cu' AND tablename = 'progettotipocosto'
ELSE
INSERT INTO [coldescr] (colname,tablename,col_len,col_precision,col_scale,description,kind,lt,lu,primarykey,sql_declaration,sql_type,system_type) VALUES ('cu','progettotipocosto','64',null,null,null,'S',{ts '2020-06-18 12:04:28.390'},'assistenza','N','varchar(64)','varchar','System.String')
GO

IF exists(SELECT * FROM [coldescr] WHERE colname = 'idprogetto' AND tablename = 'progettotipocosto')
UPDATE [coldescr] SET col_len = '4',col_precision = null,col_scale = null,description = null,kind = 'S',lt = {ts '2020-06-18 12:04:28.390'},lu = 'assistenza',primarykey = 'S',sql_declaration = 'int',sql_type = 'int',system_type = 'System.Int32' WHERE colname = 'idprogetto' AND tablename = 'progettotipocosto'
ELSE
INSERT INTO [coldescr] (colname,tablename,col_len,col_precision,col_scale,description,kind,lt,lu,primarykey,sql_declaration,sql_type,system_type) VALUES ('idprogetto','progettotipocosto','4',null,null,null,'S',{ts '2020-06-18 12:04:28.390'},'assistenza','S','int','int','System.Int32')
GO

IF exists(SELECT * FROM [coldescr] WHERE colname = 'idprogettotipocosto' AND tablename = 'progettotipocosto')
UPDATE [coldescr] SET col_len = '4',col_precision = null,col_scale = null,description = null,kind = 'S',lt = {ts '2020-06-18 12:04:28.393'},lu = 'assistenza',primarykey = 'S',sql_declaration = 'int',sql_type = 'int',system_type = 'System.Int32' WHERE colname = 'idprogettotipocosto' AND tablename = 'progettotipocosto'
ELSE
INSERT INTO [coldescr] (colname,tablename,col_len,col_precision,col_scale,description,kind,lt,lu,primarykey,sql_declaration,sql_type,system_type) VALUES ('idprogettotipocosto','progettotipocosto','4',null,null,null,'S',{ts '2020-06-18 12:04:28.393'},'assistenza','S','int','int','System.Int32')
GO

IF exists(SELECT * FROM [coldescr] WHERE colname = 'idprogettotipocostokind' AND tablename = 'progettotipocosto')
UPDATE [coldescr] SET col_len = '4',col_precision = null,col_scale = null,description = 'Voce di costo',kind = 'S',lt = {ts '2020-06-18 12:07:21.417'},lu = 'assistenza',primarykey = 'N',sql_declaration = 'int',sql_type = 'int',system_type = 'System.Int32' WHERE colname = 'idprogettotipocostokind' AND tablename = 'progettotipocosto'
ELSE
INSERT INTO [coldescr] (colname,tablename,col_len,col_precision,col_scale,description,kind,lt,lu,primarykey,sql_declaration,sql_type,system_type) VALUES ('idprogettotipocostokind','progettotipocosto','4',null,null,'Voce di costo','S',{ts '2020-06-18 12:07:21.417'},'assistenza','N','int','int','System.Int32')
GO

IF exists(SELECT * FROM [coldescr] WHERE colname = 'lt' AND tablename = 'progettotipocosto')
UPDATE [coldescr] SET col_len = '8',col_precision = null,col_scale = null,description = null,kind = 'S',lt = {ts '2020-06-18 12:04:28.393'},lu = 'assistenza',primarykey = 'N',sql_declaration = 'datetime',sql_type = 'datetime',system_type = 'System.DateTime' WHERE colname = 'lt' AND tablename = 'progettotipocosto'
ELSE
INSERT INTO [coldescr] (colname,tablename,col_len,col_precision,col_scale,description,kind,lt,lu,primarykey,sql_declaration,sql_type,system_type) VALUES ('lt','progettotipocosto','8',null,null,null,'S',{ts '2020-06-18 12:04:28.393'},'assistenza','N','datetime','datetime','System.DateTime')
GO

IF exists(SELECT * FROM [coldescr] WHERE colname = 'lu' AND tablename = 'progettotipocosto')
UPDATE [coldescr] SET col_len = '64',col_precision = null,col_scale = null,description = null,kind = 'S',lt = {ts '2020-06-18 12:04:28.393'},lu = 'assistenza',primarykey = 'N',sql_declaration = 'varchar(64)',sql_type = 'varchar',system_type = 'System.String' WHERE colname = 'lu' AND tablename = 'progettotipocosto'
ELSE
INSERT INTO [coldescr] (colname,tablename,col_len,col_precision,col_scale,description,kind,lt,lu,primarykey,sql_declaration,sql_type,system_type) VALUES ('lu','progettotipocosto','64',null,null,null,'S',{ts '2020-06-18 12:04:28.393'},'assistenza','N','varchar(64)','varchar','System.String')
GO

IF exists(SELECT * FROM [coldescr] WHERE colname = 'sortcode' AND tablename = 'progettotipocosto')
UPDATE [coldescr] SET col_len = '4',col_precision = null,col_scale = null,description = 'Ordinamento',kind = 'S',lt = {ts '2020-06-18 12:07:21.420'},lu = 'assistenza',primarykey = 'N',sql_declaration = 'int',sql_type = 'int',system_type = 'System.Int32' WHERE colname = 'sortcode' AND tablename = 'progettotipocosto'
ELSE
INSERT INTO [coldescr] (colname,tablename,col_len,col_precision,col_scale,description,kind,lt,lu,primarykey,sql_declaration,sql_type,system_type) VALUES ('sortcode','progettotipocosto','4',null,null,'Ordinamento','S',{ts '2020-06-18 12:07:21.420'},'assistenza','N','int','int','System.Int32')
GO

IF exists(SELECT * FROM [coldescr] WHERE colname = 'title' AND tablename = 'progettotipocosto')
UPDATE [coldescr] SET col_len = '2048',col_precision = null,col_scale = null,description = 'Voce',kind = 'S',lt = {ts '2020-11-04 17:14:46.367'},lu = 'assistenza',primarykey = 'N',sql_declaration = 'varchar(2048)',sql_type = 'varchar',system_type = 'System.String' WHERE colname = 'title' AND tablename = 'progettotipocosto'
ELSE
INSERT INTO [coldescr] (colname,tablename,col_len,col_precision,col_scale,description,kind,lt,lu,primarykey,sql_declaration,sql_type,system_type) VALUES ('title','progettotipocosto','2048',null,null,'Voce','S',{ts '2020-11-04 17:14:46.367'},'assistenza','N','varchar(2048)','varchar','System.String')
GO

-- FINE GENERAZIONE SCRIPT --

--[DBO]--
-- CREAZIONE TABELLA progettotipocostokind --
IF NOT EXISTS(select * from sysobjects where id = object_id(N'[dbo].[progettotipocostokind]') and OBJECTPROPERTY(id, N'IsUserTable') = 1)
BEGIN
CREATE TABLE [dbo].[progettotipocostokind] (
idprogettotipocostokind int NOT NULL,
idprogettokind int NOT NULL,
ct datetime NULL,
cu varchar(64) NULL,
description nvarchar(2048) NULL,
lt datetime NULL,
lu varchar(64) NULL,
title nvarchar(2048) NULL,
 CONSTRAINT xpkprogettotipocostokind PRIMARY KEY (idprogettotipocostokind,
idprogettokind
)
)
END
GO

-- VERIFICA STRUTTURA progettotipocostokind --
IF NOT exists(select * from [sysobjects] as T inner join syscolumns C on T.ID = C.ID where t.name = 'progettotipocostokind' and C.name = 'idprogettotipocostokind' AND (T.uid = USER_ID( ) OR T.uid = USER_ID('dbo')))
BEGIN
	ALTER TABLE [progettotipocostokind] ADD idprogettotipocostokind int NOT NULL DEFAULT 0
	declare @vincolo varchar(100)
	select @vincolo = object_name(const.constid) from syscolumns col join sysconstraints const on const.id = col.id and const.colid = col.colid where col.id = object_id('progettotipocostokind') and col.name = 'idprogettotipocostokind' and objectproperty(const.constid, 'IsDefaultCnst')=1
	exec ('ALTER TABLE [progettotipocostokind] drop constraint '+@vincolo)
END
GO

IF NOT exists(select * from [sysobjects] as T inner join syscolumns C on T.ID = C.ID where t.name = 'progettotipocostokind' and C.name = 'idprogettokind' AND (T.uid = USER_ID( ) OR T.uid = USER_ID('dbo')))
BEGIN
	ALTER TABLE [progettotipocostokind] ADD idprogettokind int NOT NULL DEFAULT 0
	declare @vincolo varchar(100)
	select @vincolo = object_name(const.constid) from syscolumns col join sysconstraints const on const.id = col.id and const.colid = col.colid where col.id = object_id('progettotipocostokind') and col.name = 'idprogettokind' and objectproperty(const.constid, 'IsDefaultCnst')=1
	exec ('ALTER TABLE [progettotipocostokind] drop constraint '+@vincolo)
END
GO

IF NOT exists(select * from [sysobjects] as T inner join syscolumns C on T.ID = C.ID where t.name = 'progettotipocostokind' and C.name = 'ct' AND (T.uid = USER_ID( ) OR T.uid = USER_ID('dbo')))
BEGIN
	ALTER TABLE [progettotipocostokind] ADD ct datetime NULL 
END
ELSE
	ALTER TABLE [progettotipocostokind] ALTER COLUMN ct datetime NULL
GO

IF NOT exists(select * from [sysobjects] as T inner join syscolumns C on T.ID = C.ID where t.name = 'progettotipocostokind' and C.name = 'cu' AND (T.uid = USER_ID( ) OR T.uid = USER_ID('dbo')))
BEGIN
	ALTER TABLE [progettotipocostokind] ADD cu varchar(64) NULL 
END
ELSE
	ALTER TABLE [progettotipocostokind] ALTER COLUMN cu varchar(64) NULL
GO

IF NOT exists(select * from [sysobjects] as T inner join syscolumns C on T.ID = C.ID where t.name = 'progettotipocostokind' and C.name = 'description' AND (T.uid = USER_ID( ) OR T.uid = USER_ID('dbo')))
BEGIN
	ALTER TABLE [progettotipocostokind] ADD description nvarchar(2048) NULL 
END
ELSE
	ALTER TABLE [progettotipocostokind] ALTER COLUMN description nvarchar(2048) NULL
GO

IF NOT exists(select * from [sysobjects] as T inner join syscolumns C on T.ID = C.ID where t.name = 'progettotipocostokind' and C.name = 'lt' AND (T.uid = USER_ID( ) OR T.uid = USER_ID('dbo')))
BEGIN
	ALTER TABLE [progettotipocostokind] ADD lt datetime NULL 
END
ELSE
	ALTER TABLE [progettotipocostokind] ALTER COLUMN lt datetime NULL
GO

IF NOT exists(select * from [sysobjects] as T inner join syscolumns C on T.ID = C.ID where t.name = 'progettotipocostokind' and C.name = 'lu' AND (T.uid = USER_ID( ) OR T.uid = USER_ID('dbo')))
BEGIN
	ALTER TABLE [progettotipocostokind] ADD lu varchar(64) NULL 
END
ELSE
	ALTER TABLE [progettotipocostokind] ALTER COLUMN lu varchar(64) NULL
GO

IF NOT exists(select * from [sysobjects] as T inner join syscolumns C on T.ID = C.ID where t.name = 'progettotipocostokind' and C.name = 'title' AND (T.uid = USER_ID( ) OR T.uid = USER_ID('dbo')))
BEGIN
	ALTER TABLE [progettotipocostokind] ADD title nvarchar(2048) NULL 
END
ELSE
	ALTER TABLE [progettotipocostokind] ALTER COLUMN title nvarchar(2048) NULL
GO

-- VERIFICA DI progettotipocostokind IN COLUMNTYPES --
DELETE FROM columntypes WHERE tablename = 'progettotipocostokind'
INSERT INTO columntypes (format,allownull,tablename,sqldeclaration,createuser,field,col_len,denynull,sqltype,systemtype,defaultvalue,col_scale,lastmoduser,col_precision,iskey) VALUES('','N','progettotipocostokind','int','ASSISTENZA','idprogettokind','4','S','int','System.Int32','','','''ASSISTENZA''','','S')
GO

INSERT INTO columntypes (format,allownull,tablename,sqldeclaration,createuser,field,col_len,denynull,sqltype,systemtype,defaultvalue,col_scale,lastmoduser,col_precision,iskey) VALUES('','N','progettotipocostokind','int','ASSISTENZA','idprogettotipocostokind','4','S','int','System.Int32','','','''ASSISTENZA''','','S')
GO

INSERT INTO columntypes (format,allownull,tablename,sqldeclaration,createuser,field,col_len,denynull,sqltype,systemtype,defaultvalue,col_scale,lastmoduser,col_precision,iskey) VALUES('','S','progettotipocostokind','datetime','ASSISTENZA','ct','8','N','datetime','System.DateTime','','','''ASSISTENZA''','','N')
GO

INSERT INTO columntypes (format,allownull,tablename,sqldeclaration,createuser,field,col_len,denynull,sqltype,systemtype,defaultvalue,col_scale,lastmoduser,col_precision,iskey) VALUES('','S','progettotipocostokind','varchar(64)','ASSISTENZA','cu','64','N','varchar','System.String','','','''ASSISTENZA''','','N')
GO

INSERT INTO columntypes (format,allownull,tablename,sqldeclaration,createuser,field,col_len,denynull,sqltype,systemtype,defaultvalue,col_scale,lastmoduser,col_precision,iskey) VALUES('','S','progettotipocostokind','nvarchar(2048)','ASSISTENZA','description','2048','N','nvarchar','System.String','','','''ASSISTENZA''','','N')
GO

INSERT INTO columntypes (format,allownull,tablename,sqldeclaration,createuser,field,col_len,denynull,sqltype,systemtype,defaultvalue,col_scale,lastmoduser,col_precision,iskey) VALUES('','S','progettotipocostokind','datetime','ASSISTENZA','lt','8','N','datetime','System.DateTime','','','''ASSISTENZA''','','N')
GO

INSERT INTO columntypes (format,allownull,tablename,sqldeclaration,createuser,field,col_len,denynull,sqltype,systemtype,defaultvalue,col_scale,lastmoduser,col_precision,iskey) VALUES('','S','progettotipocostokind','varchar(64)','ASSISTENZA','lu','64','N','varchar','System.String','','','''ASSISTENZA''','','N')
GO

INSERT INTO columntypes (format,allownull,tablename,sqldeclaration,createuser,field,col_len,denynull,sqltype,systemtype,defaultvalue,col_scale,lastmoduser,col_precision,iskey) VALUES('','S','progettotipocostokind','nvarchar(2048)','ASSISTENZA','title','2048','N','nvarchar','System.String','','','''ASSISTENZA''','','N')
GO

-- VERIFICA DI progettotipocostokind IN CUSTOMOBJECT --
IF EXISTS(select * from customobject where objectname = 'progettotipocostokind')
UPDATE customobject set isreal = 'S' where objectname = 'progettotipocostokind'
ELSE
INSERT INTO customobject (objectname, isreal) values('progettotipocostokind', 'S')
GO
-- FINE GENERAZIONE SCRIPT --


-- GENERAZIONE DATI PER tabledescr --
IF exists(SELECT * FROM [tabledescr] WHERE tablename = 'progettotipocostokind')
UPDATE [tabledescr] SET description = 'Configurazione delle voci di costo dei progetti',idapplication = null,isdbo = 'N',lt = {ts '2020-06-18 12:09:25.463'},lu = 'assistenza',title = 'Voci di costo' WHERE tablename = 'progettotipocostokind'
ELSE
INSERT INTO [tabledescr] (tablename,description,idapplication,isdbo,lt,lu,title) VALUES ('progettotipocostokind','Configurazione delle voci di costo dei progetti',null,'N',{ts '2020-06-18 12:09:25.463'},'assistenza','Voci di costo')
GO

-- FINE GENERAZIONE SCRIPT --


-- GENERAZIONE DATI PER coldescr --
IF exists(SELECT * FROM [coldescr] WHERE colname = 'ct' AND tablename = 'progettotipocostokind')
UPDATE [coldescr] SET col_len = '8',col_precision = null,col_scale = null,description = null,kind = 'S',lt = {ts '2020-06-18 12:09:29.033'},lu = 'assistenza',primarykey = 'N',sql_declaration = 'datetime',sql_type = 'datetime',system_type = 'System.DateTime' WHERE colname = 'ct' AND tablename = 'progettotipocostokind'
ELSE
INSERT INTO [coldescr] (colname,tablename,col_len,col_precision,col_scale,description,kind,lt,lu,primarykey,sql_declaration,sql_type,system_type) VALUES ('ct','progettotipocostokind','8',null,null,null,'S',{ts '2020-06-18 12:09:29.033'},'assistenza','N','datetime','datetime','System.DateTime')
GO

IF exists(SELECT * FROM [coldescr] WHERE colname = 'cu' AND tablename = 'progettotipocostokind')
UPDATE [coldescr] SET col_len = '64',col_precision = null,col_scale = null,description = null,kind = 'S',lt = {ts '2020-06-18 12:09:29.033'},lu = 'assistenza',primarykey = 'N',sql_declaration = 'varchar(64)',sql_type = 'varchar',system_type = 'System.String' WHERE colname = 'cu' AND tablename = 'progettotipocostokind'
ELSE
INSERT INTO [coldescr] (colname,tablename,col_len,col_precision,col_scale,description,kind,lt,lu,primarykey,sql_declaration,sql_type,system_type) VALUES ('cu','progettotipocostokind','64',null,null,null,'S',{ts '2020-06-18 12:09:29.033'},'assistenza','N','varchar(64)','varchar','System.String')
GO

IF exists(SELECT * FROM [coldescr] WHERE colname = 'description' AND tablename = 'progettotipocostokind')
UPDATE [coldescr] SET col_len = '2048',col_precision = null,col_scale = null,description = 'Descrizione',kind = 'S',lt = {ts '2020-06-18 12:10:05.090'},lu = 'assistenza',primarykey = 'N',sql_declaration = 'nvarchar(2048)',sql_type = 'nvarchar',system_type = 'System.String' WHERE colname = 'description' AND tablename = 'progettotipocostokind'
ELSE
INSERT INTO [coldescr] (colname,tablename,col_len,col_precision,col_scale,description,kind,lt,lu,primarykey,sql_declaration,sql_type,system_type) VALUES ('description','progettotipocostokind','2048',null,null,'Descrizione','S',{ts '2020-06-18 12:10:05.090'},'assistenza','N','nvarchar(2048)','nvarchar','System.String')
GO

IF exists(SELECT * FROM [coldescr] WHERE colname = 'idprogettokind' AND tablename = 'progettotipocostokind')
UPDATE [coldescr] SET col_len = '4',col_precision = null,col_scale = null,description = null,kind = 'S',lt = {ts '2020-06-18 12:09:29.033'},lu = 'assistenza',primarykey = 'S',sql_declaration = 'int',sql_type = 'int',system_type = 'System.Int32' WHERE colname = 'idprogettokind' AND tablename = 'progettotipocostokind'
ELSE
INSERT INTO [coldescr] (colname,tablename,col_len,col_precision,col_scale,description,kind,lt,lu,primarykey,sql_declaration,sql_type,system_type) VALUES ('idprogettokind','progettotipocostokind','4',null,null,null,'S',{ts '2020-06-18 12:09:29.033'},'assistenza','S','int','int','System.Int32')
GO

IF exists(SELECT * FROM [coldescr] WHERE colname = 'idprogettotipocostokind' AND tablename = 'progettotipocostokind')
UPDATE [coldescr] SET col_len = '4',col_precision = null,col_scale = null,description = null,kind = 'S',lt = {ts '2020-06-18 12:09:29.033'},lu = 'assistenza',primarykey = 'S',sql_declaration = 'int',sql_type = 'int',system_type = 'System.Int32' WHERE colname = 'idprogettotipocostokind' AND tablename = 'progettotipocostokind'
ELSE
INSERT INTO [coldescr] (colname,tablename,col_len,col_precision,col_scale,description,kind,lt,lu,primarykey,sql_declaration,sql_type,system_type) VALUES ('idprogettotipocostokind','progettotipocostokind','4',null,null,null,'S',{ts '2020-06-18 12:09:29.033'},'assistenza','S','int','int','System.Int32')
GO

IF exists(SELECT * FROM [coldescr] WHERE colname = 'lt' AND tablename = 'progettotipocostokind')
UPDATE [coldescr] SET col_len = '8',col_precision = null,col_scale = null,description = null,kind = 'S',lt = {ts '2020-06-18 12:09:29.033'},lu = 'assistenza',primarykey = 'N',sql_declaration = 'datetime',sql_type = 'datetime',system_type = 'System.DateTime' WHERE colname = 'lt' AND tablename = 'progettotipocostokind'
ELSE
INSERT INTO [coldescr] (colname,tablename,col_len,col_precision,col_scale,description,kind,lt,lu,primarykey,sql_declaration,sql_type,system_type) VALUES ('lt','progettotipocostokind','8',null,null,null,'S',{ts '2020-06-18 12:09:29.033'},'assistenza','N','datetime','datetime','System.DateTime')
GO

IF exists(SELECT * FROM [coldescr] WHERE colname = 'lu' AND tablename = 'progettotipocostokind')
UPDATE [coldescr] SET col_len = '64',col_precision = null,col_scale = null,description = null,kind = 'S',lt = {ts '2020-06-18 12:09:29.033'},lu = 'assistenza',primarykey = 'N',sql_declaration = 'varchar(64)',sql_type = 'varchar',system_type = 'System.String' WHERE colname = 'lu' AND tablename = 'progettotipocostokind'
ELSE
INSERT INTO [coldescr] (colname,tablename,col_len,col_precision,col_scale,description,kind,lt,lu,primarykey,sql_declaration,sql_type,system_type) VALUES ('lu','progettotipocostokind','64',null,null,null,'S',{ts '2020-06-18 12:09:29.033'},'assistenza','N','varchar(64)','varchar','System.String')
GO

IF exists(SELECT * FROM [coldescr] WHERE colname = 'title' AND tablename = 'progettotipocostokind')
UPDATE [coldescr] SET col_len = '2048',col_precision = null,col_scale = null,description = 'Voce',kind = 'S',lt = {ts '2020-06-18 12:10:05.090'},lu = 'assistenza',primarykey = 'N',sql_declaration = 'nvarchar(2048)',sql_type = 'nvarchar',system_type = 'System.String' WHERE colname = 'title' AND tablename = 'progettotipocostokind'
ELSE
INSERT INTO [coldescr] (colname,tablename,col_len,col_precision,col_scale,description,kind,lt,lu,primarykey,sql_declaration,sql_type,system_type) VALUES ('title','progettotipocostokind','2048',null,null,'Voce','S',{ts '2020-06-18 12:10:05.090'},'assistenza','N','nvarchar(2048)','nvarchar','System.String')
GO

-- FINE GENERAZIONE SCRIPT --

--[DBO]--
-- CREAZIONE TABELLA progettotipocostokindtax --
IF NOT EXISTS(select * from sysobjects where id = object_id(N'[dbo].[progettotipocostokindtax]') and OBJECTPROPERTY(id, N'IsUserTable') = 1)
BEGIN
CREATE TABLE [dbo].[progettotipocostokindtax] (
idprogettotipocostokind int NOT NULL,
taxcode int NOT NULL,
idprogettokind int NOT NULL,
ct datetime NULL,
cu varchar(64) NULL,
lt datetime NULL,
lu varchar(64) NULL,
 CONSTRAINT xpkprogettotipocostokindtax PRIMARY KEY (idprogettotipocostokind,
taxcode,
idprogettokind
)
)
END
GO

-- VERIFICA STRUTTURA progettotipocostokindtax --
IF NOT exists(select * from [sysobjects] as T inner join syscolumns C on T.ID = C.ID where t.name = 'progettotipocostokindtax' and C.name = 'idprogettotipocostokind' AND (T.uid = USER_ID( ) OR T.uid = USER_ID('dbo')))
BEGIN
	ALTER TABLE [progettotipocostokindtax] ADD idprogettotipocostokind int NOT NULL DEFAULT 0
	declare @vincolo varchar(100)
	select @vincolo = object_name(const.constid) from syscolumns col join sysconstraints const on const.id = col.id and const.colid = col.colid where col.id = object_id('progettotipocostokindtax') and col.name = 'idprogettotipocostokind' and objectproperty(const.constid, 'IsDefaultCnst')=1
	exec ('ALTER TABLE [progettotipocostokindtax] drop constraint '+@vincolo)
END
GO

IF NOT exists(select * from [sysobjects] as T inner join syscolumns C on T.ID = C.ID where t.name = 'progettotipocostokindtax' and C.name = 'taxcode' AND (T.uid = USER_ID( ) OR T.uid = USER_ID('dbo')))
BEGIN
	ALTER TABLE [progettotipocostokindtax] ADD taxcode int NOT NULL DEFAULT 0
	declare @vincolo varchar(100)
	select @vincolo = object_name(const.constid) from syscolumns col join sysconstraints const on const.id = col.id and const.colid = col.colid where col.id = object_id('progettotipocostokindtax') and col.name = 'taxcode' and objectproperty(const.constid, 'IsDefaultCnst')=1
	exec ('ALTER TABLE [progettotipocostokindtax] drop constraint '+@vincolo)
END
GO

IF NOT exists(select * from [sysobjects] as T inner join syscolumns C on T.ID = C.ID where t.name = 'progettotipocostokindtax' and C.name = 'idprogettokind' AND (T.uid = USER_ID( ) OR T.uid = USER_ID('dbo')))
BEGIN
	ALTER TABLE [progettotipocostokindtax] ADD idprogettokind int NOT NULL DEFAULT 0
	declare @vincolo varchar(100)
	select @vincolo = object_name(const.constid) from syscolumns col join sysconstraints const on const.id = col.id and const.colid = col.colid where col.id = object_id('progettotipocostokindtax') and col.name = 'idprogettokind' and objectproperty(const.constid, 'IsDefaultCnst')=1
	exec ('ALTER TABLE [progettotipocostokindtax] drop constraint '+@vincolo)
END
GO

IF NOT exists(select * from [sysobjects] as T inner join syscolumns C on T.ID = C.ID where t.name = 'progettotipocostokindtax' and C.name = 'ct' AND (T.uid = USER_ID( ) OR T.uid = USER_ID('dbo')))
BEGIN
	ALTER TABLE [progettotipocostokindtax] ADD ct datetime NULL 
END
ELSE
	ALTER TABLE [progettotipocostokindtax] ALTER COLUMN ct datetime NULL
GO

IF NOT exists(select * from [sysobjects] as T inner join syscolumns C on T.ID = C.ID where t.name = 'progettotipocostokindtax' and C.name = 'cu' AND (T.uid = USER_ID( ) OR T.uid = USER_ID('dbo')))
BEGIN
	ALTER TABLE [progettotipocostokindtax] ADD cu varchar(64) NULL 
END
ELSE
	ALTER TABLE [progettotipocostokindtax] ALTER COLUMN cu varchar(64) NULL
GO

IF NOT exists(select * from [sysobjects] as T inner join syscolumns C on T.ID = C.ID where t.name = 'progettotipocostokindtax' and C.name = 'lt' AND (T.uid = USER_ID( ) OR T.uid = USER_ID('dbo')))
BEGIN
	ALTER TABLE [progettotipocostokindtax] ADD lt datetime NULL 
END
ELSE
	ALTER TABLE [progettotipocostokindtax] ALTER COLUMN lt datetime NULL
GO

IF NOT exists(select * from [sysobjects] as T inner join syscolumns C on T.ID = C.ID where t.name = 'progettotipocostokindtax' and C.name = 'lu' AND (T.uid = USER_ID( ) OR T.uid = USER_ID('dbo')))
BEGIN
	ALTER TABLE [progettotipocostokindtax] ADD lu varchar(64) NULL 
END
ELSE
	ALTER TABLE [progettotipocostokindtax] ALTER COLUMN lu varchar(64) NULL
GO

-- VERIFICA DI progettotipocostokindtax IN COLUMNTYPES --
DELETE FROM columntypes WHERE tablename = 'progettotipocostokindtax'
INSERT INTO columntypes (format,allownull,tablename,sqldeclaration,createuser,field,col_len,denynull,sqltype,systemtype,defaultvalue,col_scale,lastmoduser,col_precision,iskey) VALUES('','N','progettotipocostokindtax','int','ASSISTENZA','idprogettokind','4','S','int','System.Int32','','','''ASSISTENZA''','','S')
GO

INSERT INTO columntypes (format,allownull,tablename,sqldeclaration,createuser,field,col_len,denynull,sqltype,systemtype,defaultvalue,col_scale,lastmoduser,col_precision,iskey) VALUES('','N','progettotipocostokindtax','int','ASSISTENZA','idprogettotipocostokind','4','S','int','System.Int32','','','''ASSISTENZA''','','S')
GO

INSERT INTO columntypes (format,allownull,tablename,sqldeclaration,createuser,field,col_len,denynull,sqltype,systemtype,defaultvalue,col_scale,lastmoduser,col_precision,iskey) VALUES('','N','progettotipocostokindtax','int','ASSISTENZA','taxcode','4','S','int','System.Int32','','','''ASSISTENZA''','','S')
GO

INSERT INTO columntypes (format,allownull,tablename,sqldeclaration,createuser,field,col_len,denynull,sqltype,systemtype,defaultvalue,col_scale,lastmoduser,col_precision,iskey) VALUES('','S','progettotipocostokindtax','datetime','ASSISTENZA','ct','8','N','datetime','System.DateTime','','','''ASSISTENZA''','','N')
GO

INSERT INTO columntypes (format,allownull,tablename,sqldeclaration,createuser,field,col_len,denynull,sqltype,systemtype,defaultvalue,col_scale,lastmoduser,col_precision,iskey) VALUES('','S','progettotipocostokindtax','varchar(64)','ASSISTENZA','cu','64','N','varchar','System.String','','','''ASSISTENZA''','','N')
GO

INSERT INTO columntypes (format,allownull,tablename,sqldeclaration,createuser,field,col_len,denynull,sqltype,systemtype,defaultvalue,col_scale,lastmoduser,col_precision,iskey) VALUES('','S','progettotipocostokindtax','datetime','ASSISTENZA','lt','8','N','datetime','System.DateTime','','','''ASSISTENZA''','','N')
GO

INSERT INTO columntypes (format,allownull,tablename,sqldeclaration,createuser,field,col_len,denynull,sqltype,systemtype,defaultvalue,col_scale,lastmoduser,col_precision,iskey) VALUES('','S','progettotipocostokindtax','varchar(64)','ASSISTENZA','lu','64','N','varchar','System.String','','','''ASSISTENZA''','','N')
GO

-- VERIFICA DI progettotipocostokindtax IN CUSTOMOBJECT --
IF EXISTS(select * from customobject where objectname = 'progettotipocostokindtax')
UPDATE customobject set isreal = 'S' where objectname = 'progettotipocostokindtax'
ELSE
INSERT INTO customobject (objectname, isreal) values('progettotipocostokindtax', 'S')
GO
-- FINE GENERAZIONE SCRIPT --


-- GENERAZIONE DATI PER tabledescr --
IF exists(SELECT * FROM [tabledescr] WHERE tablename = 'progettotipocostokindtax')
UPDATE [tabledescr] SET description = 'Tipi di ritenuta associati alla voce di costo della attivit? o progetto (modello)',idapplication = null,isdbo = 'N',lt = {ts '2020-06-18 18:32:05.590'},lu = 'assistenza',title = 'Tipi di ritenuta associati' WHERE tablename = 'progettotipocostokindtax'
ELSE
INSERT INTO [tabledescr] (tablename,description,idapplication,isdbo,lt,lu,title) VALUES ('progettotipocostokindtax','Tipi di ritenuta associati alla voce di costo della attivit? o progetto (modello)',null,'N',{ts '2020-06-18 18:32:05.590'},'assistenza','Tipi di ritenuta associati')
GO

-- FINE GENERAZIONE SCRIPT --


-- GENERAZIONE DATI PER coldescr --
IF exists(SELECT * FROM [coldescr] WHERE colname = 'ct' AND tablename = 'progettotipocostokindtax')
UPDATE [coldescr] SET col_len = '8',col_precision = null,col_scale = null,description = null,kind = 'S',lt = {ts '2020-06-18 18:32:08.673'},lu = 'assistenza',primarykey = 'N',sql_declaration = 'datetime',sql_type = 'datetime',system_type = 'System.DateTime' WHERE colname = 'ct' AND tablename = 'progettotipocostokindtax'
ELSE
INSERT INTO [coldescr] (colname,tablename,col_len,col_precision,col_scale,description,kind,lt,lu,primarykey,sql_declaration,sql_type,system_type) VALUES ('ct','progettotipocostokindtax','8',null,null,null,'S',{ts '2020-06-18 18:32:08.673'},'assistenza','N','datetime','datetime','System.DateTime')
GO

IF exists(SELECT * FROM [coldescr] WHERE colname = 'cu' AND tablename = 'progettotipocostokindtax')
UPDATE [coldescr] SET col_len = '64',col_precision = null,col_scale = null,description = null,kind = 'S',lt = {ts '2020-06-18 18:32:08.673'},lu = 'assistenza',primarykey = 'N',sql_declaration = 'varchar(64)',sql_type = 'varchar',system_type = 'System.String' WHERE colname = 'cu' AND tablename = 'progettotipocostokindtax'
ELSE
INSERT INTO [coldescr] (colname,tablename,col_len,col_precision,col_scale,description,kind,lt,lu,primarykey,sql_declaration,sql_type,system_type) VALUES ('cu','progettotipocostokindtax','64',null,null,null,'S',{ts '2020-06-18 18:32:08.673'},'assistenza','N','varchar(64)','varchar','System.String')
GO

IF exists(SELECT * FROM [coldescr] WHERE colname = 'idprogettokind' AND tablename = 'progettotipocostokindtax')
UPDATE [coldescr] SET col_len = '4',col_precision = null,col_scale = null,description = null,kind = 'S',lt = {ts '2020-06-18 18:32:08.673'},lu = 'assistenza',primarykey = 'S',sql_declaration = 'int',sql_type = 'int',system_type = 'System.Int32' WHERE colname = 'idprogettokind' AND tablename = 'progettotipocostokindtax'
ELSE
INSERT INTO [coldescr] (colname,tablename,col_len,col_precision,col_scale,description,kind,lt,lu,primarykey,sql_declaration,sql_type,system_type) VALUES ('idprogettokind','progettotipocostokindtax','4',null,null,null,'S',{ts '2020-06-18 18:32:08.673'},'assistenza','S','int','int','System.Int32')
GO

IF exists(SELECT * FROM [coldescr] WHERE colname = 'idprogettotipocostokind' AND tablename = 'progettotipocostokindtax')
UPDATE [coldescr] SET col_len = '4',col_precision = null,col_scale = null,description = null,kind = 'S',lt = {ts '2020-06-18 18:32:08.673'},lu = 'assistenza',primarykey = 'S',sql_declaration = 'int',sql_type = 'int',system_type = 'System.Int32' WHERE colname = 'idprogettotipocostokind' AND tablename = 'progettotipocostokindtax'
ELSE
INSERT INTO [coldescr] (colname,tablename,col_len,col_precision,col_scale,description,kind,lt,lu,primarykey,sql_declaration,sql_type,system_type) VALUES ('idprogettotipocostokind','progettotipocostokindtax','4',null,null,null,'S',{ts '2020-06-18 18:32:08.673'},'assistenza','S','int','int','System.Int32')
GO

IF exists(SELECT * FROM [coldescr] WHERE colname = 'lt' AND tablename = 'progettotipocostokindtax')
UPDATE [coldescr] SET col_len = '8',col_precision = null,col_scale = null,description = null,kind = 'S',lt = {ts '2020-06-18 18:32:08.673'},lu = 'assistenza',primarykey = 'N',sql_declaration = 'datetime',sql_type = 'datetime',system_type = 'System.DateTime' WHERE colname = 'lt' AND tablename = 'progettotipocostokindtax'
ELSE
INSERT INTO [coldescr] (colname,tablename,col_len,col_precision,col_scale,description,kind,lt,lu,primarykey,sql_declaration,sql_type,system_type) VALUES ('lt','progettotipocostokindtax','8',null,null,null,'S',{ts '2020-06-18 18:32:08.673'},'assistenza','N','datetime','datetime','System.DateTime')
GO

IF exists(SELECT * FROM [coldescr] WHERE colname = 'lu' AND tablename = 'progettotipocostokindtax')
UPDATE [coldescr] SET col_len = '64',col_precision = null,col_scale = null,description = null,kind = 'S',lt = {ts '2020-06-18 18:32:08.673'},lu = 'assistenza',primarykey = 'N',sql_declaration = 'varchar(64)',sql_type = 'varchar',system_type = 'System.String' WHERE colname = 'lu' AND tablename = 'progettotipocostokindtax'
ELSE
INSERT INTO [coldescr] (colname,tablename,col_len,col_precision,col_scale,description,kind,lt,lu,primarykey,sql_declaration,sql_type,system_type) VALUES ('lu','progettotipocostokindtax','64',null,null,null,'S',{ts '2020-06-18 18:32:08.673'},'assistenza','N','varchar(64)','varchar','System.String')
GO

IF exists(SELECT * FROM [coldescr] WHERE colname = 'taxcode' AND tablename = 'progettotipocostokindtax')
UPDATE [coldescr] SET col_len = '4',col_precision = null,col_scale = null,description = 'Tipi di ritenuta',kind = 'S',lt = {ts '2020-06-18 18:32:29.427'},lu = 'assistenza',primarykey = 'S',sql_declaration = 'int',sql_type = 'int',system_type = 'System.Int32' WHERE colname = 'taxcode' AND tablename = 'progettotipocostokindtax'
ELSE
INSERT INTO [coldescr] (colname,tablename,col_len,col_precision,col_scale,description,kind,lt,lu,primarykey,sql_declaration,sql_type,system_type) VALUES ('taxcode','progettotipocostokindtax','4',null,null,'Tipi di ritenuta','S',{ts '2020-06-18 18:32:29.427'},'assistenza','S','int','int','System.Int32')
GO

-- FINE GENERAZIONE SCRIPT --

--[DBO]--
-- CREAZIONE TABELLA progettotipocostotax --
IF NOT EXISTS(select * from sysobjects where id = object_id(N'[dbo].[progettotipocostotax]') and OBJECTPROPERTY(id, N'IsUserTable') = 1)
BEGIN
CREATE TABLE [dbo].[progettotipocostotax] (
idprogettotipocosto int NOT NULL,
taxcode int NOT NULL,
idprogetto int NOT NULL,
ct datetime NULL,
cu varchar(64) NULL,
lt datetime NULL,
lu varchar(64) NULL,
 CONSTRAINT xpkprogettotipocostotax PRIMARY KEY (idprogettotipocosto,
taxcode,
idprogetto
)
)
END
GO

-- VERIFICA STRUTTURA progettotipocostotax --
IF NOT exists(select * from [sysobjects] as T inner join syscolumns C on T.ID = C.ID where t.name = 'progettotipocostotax' and C.name = 'idprogettotipocosto' AND (T.uid = USER_ID( ) OR T.uid = USER_ID('dbo')))
BEGIN
	ALTER TABLE [progettotipocostotax] ADD idprogettotipocosto int NOT NULL DEFAULT 0
	declare @vincolo varchar(100)
	select @vincolo = object_name(const.constid) from syscolumns col join sysconstraints const on const.id = col.id and const.colid = col.colid where col.id = object_id('progettotipocostotax') and col.name = 'idprogettotipocosto' and objectproperty(const.constid, 'IsDefaultCnst')=1
	exec ('ALTER TABLE [progettotipocostotax] drop constraint '+@vincolo)
END
GO

IF NOT exists(select * from [sysobjects] as T inner join syscolumns C on T.ID = C.ID where t.name = 'progettotipocostotax' and C.name = 'taxcode' AND (T.uid = USER_ID( ) OR T.uid = USER_ID('dbo')))
BEGIN
	ALTER TABLE [progettotipocostotax] ADD taxcode int NOT NULL DEFAULT 0
	declare @vincolo varchar(100)
	select @vincolo = object_name(const.constid) from syscolumns col join sysconstraints const on const.id = col.id and const.colid = col.colid where col.id = object_id('progettotipocostotax') and col.name = 'taxcode' and objectproperty(const.constid, 'IsDefaultCnst')=1
	exec ('ALTER TABLE [progettotipocostotax] drop constraint '+@vincolo)
END
GO

IF NOT exists(select * from [sysobjects] as T inner join syscolumns C on T.ID = C.ID where t.name = 'progettotipocostotax' and C.name = 'idprogetto' AND (T.uid = USER_ID( ) OR T.uid = USER_ID('dbo')))
BEGIN
	ALTER TABLE [progettotipocostotax] ADD idprogetto int NOT NULL DEFAULT 0
	declare @vincolo varchar(100)
	select @vincolo = object_name(const.constid) from syscolumns col join sysconstraints const on const.id = col.id and const.colid = col.colid where col.id = object_id('progettotipocostotax') and col.name = 'idprogetto' and objectproperty(const.constid, 'IsDefaultCnst')=1
	exec ('ALTER TABLE [progettotipocostotax] drop constraint '+@vincolo)
END
GO

IF NOT exists(select * from [sysobjects] as T inner join syscolumns C on T.ID = C.ID where t.name = 'progettotipocostotax' and C.name = 'ct' AND (T.uid = USER_ID( ) OR T.uid = USER_ID('dbo')))
BEGIN
	ALTER TABLE [progettotipocostotax] ADD ct datetime NULL 
END
ELSE
	ALTER TABLE [progettotipocostotax] ALTER COLUMN ct datetime NULL
GO

IF NOT exists(select * from [sysobjects] as T inner join syscolumns C on T.ID = C.ID where t.name = 'progettotipocostotax' and C.name = 'cu' AND (T.uid = USER_ID( ) OR T.uid = USER_ID('dbo')))
BEGIN
	ALTER TABLE [progettotipocostotax] ADD cu varchar(64) NULL 
END
ELSE
	ALTER TABLE [progettotipocostotax] ALTER COLUMN cu varchar(64) NULL
GO

IF NOT exists(select * from [sysobjects] as T inner join syscolumns C on T.ID = C.ID where t.name = 'progettotipocostotax' and C.name = 'lt' AND (T.uid = USER_ID( ) OR T.uid = USER_ID('dbo')))
BEGIN
	ALTER TABLE [progettotipocostotax] ADD lt datetime NULL 
END
ELSE
	ALTER TABLE [progettotipocostotax] ALTER COLUMN lt datetime NULL
GO

IF NOT exists(select * from [sysobjects] as T inner join syscolumns C on T.ID = C.ID where t.name = 'progettotipocostotax' and C.name = 'lu' AND (T.uid = USER_ID( ) OR T.uid = USER_ID('dbo')))
BEGIN
	ALTER TABLE [progettotipocostotax] ADD lu varchar(64) NULL 
END
ELSE
	ALTER TABLE [progettotipocostotax] ALTER COLUMN lu varchar(64) NULL
GO

-- VERIFICA DI progettotipocostotax IN COLUMNTYPES --
DELETE FROM columntypes WHERE tablename = 'progettotipocostotax'
INSERT INTO columntypes (format,allownull,tablename,sqldeclaration,createuser,field,col_len,denynull,sqltype,systemtype,defaultvalue,col_scale,lastmoduser,col_precision,iskey) VALUES('','N','progettotipocostotax','int','ASSISTENZA','idprogetto','4','S','int','System.Int32','','','''ASSISTENZA''','','S')
GO

INSERT INTO columntypes (format,allownull,tablename,sqldeclaration,createuser,field,col_len,denynull,sqltype,systemtype,defaultvalue,col_scale,lastmoduser,col_precision,iskey) VALUES('','N','progettotipocostotax','int','ASSISTENZA','idprogettotipocosto','4','S','int','System.Int32','','','''ASSISTENZA''','','S')
GO

INSERT INTO columntypes (format,allownull,tablename,sqldeclaration,createuser,field,col_len,denynull,sqltype,systemtype,defaultvalue,col_scale,lastmoduser,col_precision,iskey) VALUES('','N','progettotipocostotax','int','ASSISTENZA','taxcode','4','S','int','System.Int32','','','''ASSISTENZA''','','S')
GO

INSERT INTO columntypes (format,allownull,tablename,sqldeclaration,createuser,field,col_len,denynull,sqltype,systemtype,defaultvalue,col_scale,lastmoduser,col_precision,iskey) VALUES('','S','progettotipocostotax','datetime','ASSISTENZA','ct','8','N','datetime','System.DateTime','','','''ASSISTENZA''','','N')
GO

INSERT INTO columntypes (format,allownull,tablename,sqldeclaration,createuser,field,col_len,denynull,sqltype,systemtype,defaultvalue,col_scale,lastmoduser,col_precision,iskey) VALUES('','S','progettotipocostotax','varchar(64)','ASSISTENZA','cu','64','N','varchar','System.String','','','''ASSISTENZA''','','N')
GO

INSERT INTO columntypes (format,allownull,tablename,sqldeclaration,createuser,field,col_len,denynull,sqltype,systemtype,defaultvalue,col_scale,lastmoduser,col_precision,iskey) VALUES('','S','progettotipocostotax','datetime','ASSISTENZA','lt','8','N','datetime','System.DateTime','','','''ASSISTENZA''','','N')
GO

INSERT INTO columntypes (format,allownull,tablename,sqldeclaration,createuser,field,col_len,denynull,sqltype,systemtype,defaultvalue,col_scale,lastmoduser,col_precision,iskey) VALUES('','S','progettotipocostotax','varchar(64)','ASSISTENZA','lu','64','N','varchar','System.String','','','''ASSISTENZA''','','N')
GO

-- VERIFICA DI progettotipocostotax IN CUSTOMOBJECT --
IF EXISTS(select * from customobject where objectname = 'progettotipocostotax')
UPDATE customobject set isreal = 'S' where objectname = 'progettotipocostotax'
ELSE
INSERT INTO customobject (objectname, isreal) values('progettotipocostotax', 'S')
GO
-- FINE GENERAZIONE SCRIPT --


-- GENERAZIONE DATI PER tabledescr --
IF exists(SELECT * FROM [tabledescr] WHERE tablename = 'progettotipocostotax')
UPDATE [tabledescr] SET description = 'Tipi di ritenuta associati alla voce di costo della attivit? o progetto',idapplication = null,isdbo = 'N',lt = {ts '2020-06-18 18:32:03.350'},lu = 'assistenza',title = 'Tipi di ritenuta associati' WHERE tablename = 'progettotipocostotax'
ELSE
INSERT INTO [tabledescr] (tablename,description,idapplication,isdbo,lt,lu,title) VALUES ('progettotipocostotax','Tipi di ritenuta associati alla voce di costo della attivit? o progetto',null,'N',{ts '2020-06-18 18:32:03.350'},'assistenza','Tipi di ritenuta associati')
GO

-- FINE GENERAZIONE SCRIPT --


-- GENERAZIONE DATI PER coldescr --
IF exists(SELECT * FROM [coldescr] WHERE colname = 'ct' AND tablename = 'progettotipocostotax')
UPDATE [coldescr] SET col_len = '8',col_precision = null,col_scale = null,description = null,kind = 'S',lt = {ts '2020-06-18 18:32:11.607'},lu = 'assistenza',primarykey = 'N',sql_declaration = 'datetime',sql_type = 'datetime',system_type = 'System.DateTime' WHERE colname = 'ct' AND tablename = 'progettotipocostotax'
ELSE
INSERT INTO [coldescr] (colname,tablename,col_len,col_precision,col_scale,description,kind,lt,lu,primarykey,sql_declaration,sql_type,system_type) VALUES ('ct','progettotipocostotax','8',null,null,null,'S',{ts '2020-06-18 18:32:11.607'},'assistenza','N','datetime','datetime','System.DateTime')
GO

IF exists(SELECT * FROM [coldescr] WHERE colname = 'cu' AND tablename = 'progettotipocostotax')
UPDATE [coldescr] SET col_len = '64',col_precision = null,col_scale = null,description = null,kind = 'S',lt = {ts '2020-06-18 18:32:11.607'},lu = 'assistenza',primarykey = 'N',sql_declaration = 'varchar(64)',sql_type = 'varchar',system_type = 'System.String' WHERE colname = 'cu' AND tablename = 'progettotipocostotax'
ELSE
INSERT INTO [coldescr] (colname,tablename,col_len,col_precision,col_scale,description,kind,lt,lu,primarykey,sql_declaration,sql_type,system_type) VALUES ('cu','progettotipocostotax','64',null,null,null,'S',{ts '2020-06-18 18:32:11.607'},'assistenza','N','varchar(64)','varchar','System.String')
GO

IF exists(SELECT * FROM [coldescr] WHERE colname = 'idprogetto' AND tablename = 'progettotipocostotax')
UPDATE [coldescr] SET col_len = '4',col_precision = null,col_scale = null,description = null,kind = 'S',lt = {ts '2020-06-18 18:32:11.607'},lu = 'assistenza',primarykey = 'S',sql_declaration = 'int',sql_type = 'int',system_type = 'System.Int32' WHERE colname = 'idprogetto' AND tablename = 'progettotipocostotax'
ELSE
INSERT INTO [coldescr] (colname,tablename,col_len,col_precision,col_scale,description,kind,lt,lu,primarykey,sql_declaration,sql_type,system_type) VALUES ('idprogetto','progettotipocostotax','4',null,null,null,'S',{ts '2020-06-18 18:32:11.607'},'assistenza','S','int','int','System.Int32')
GO

IF exists(SELECT * FROM [coldescr] WHERE colname = 'idprogettotipocosto' AND tablename = 'progettotipocostotax')
UPDATE [coldescr] SET col_len = '4',col_precision = null,col_scale = null,description = null,kind = 'S',lt = {ts '2020-06-18 18:32:11.607'},lu = 'assistenza',primarykey = 'S',sql_declaration = 'int',sql_type = 'int',system_type = 'System.Int32' WHERE colname = 'idprogettotipocosto' AND tablename = 'progettotipocostotax'
ELSE
INSERT INTO [coldescr] (colname,tablename,col_len,col_precision,col_scale,description,kind,lt,lu,primarykey,sql_declaration,sql_type,system_type) VALUES ('idprogettotipocosto','progettotipocostotax','4',null,null,null,'S',{ts '2020-06-18 18:32:11.607'},'assistenza','S','int','int','System.Int32')
GO

IF exists(SELECT * FROM [coldescr] WHERE colname = 'lt' AND tablename = 'progettotipocostotax')
UPDATE [coldescr] SET col_len = '8',col_precision = null,col_scale = null,description = null,kind = 'S',lt = {ts '2020-06-18 18:32:11.607'},lu = 'assistenza',primarykey = 'N',sql_declaration = 'datetime',sql_type = 'datetime',system_type = 'System.DateTime' WHERE colname = 'lt' AND tablename = 'progettotipocostotax'
ELSE
INSERT INTO [coldescr] (colname,tablename,col_len,col_precision,col_scale,description,kind,lt,lu,primarykey,sql_declaration,sql_type,system_type) VALUES ('lt','progettotipocostotax','8',null,null,null,'S',{ts '2020-06-18 18:32:11.607'},'assistenza','N','datetime','datetime','System.DateTime')
GO

IF exists(SELECT * FROM [coldescr] WHERE colname = 'lu' AND tablename = 'progettotipocostotax')
UPDATE [coldescr] SET col_len = '64',col_precision = null,col_scale = null,description = null,kind = 'S',lt = {ts '2020-06-18 18:32:11.607'},lu = 'assistenza',primarykey = 'N',sql_declaration = 'varchar(64)',sql_type = 'varchar',system_type = 'System.String' WHERE colname = 'lu' AND tablename = 'progettotipocostotax'
ELSE
INSERT INTO [coldescr] (colname,tablename,col_len,col_precision,col_scale,description,kind,lt,lu,primarykey,sql_declaration,sql_type,system_type) VALUES ('lu','progettotipocostotax','64',null,null,null,'S',{ts '2020-06-18 18:32:11.607'},'assistenza','N','varchar(64)','varchar','System.String')
GO

IF exists(SELECT * FROM [coldescr] WHERE colname = 'taxcode' AND tablename = 'progettotipocostotax')
UPDATE [coldescr] SET col_len = '4',col_precision = null,col_scale = null,description = 'Tipi di ritenuta',kind = 'S',lt = {ts '2020-06-18 18:32:23.803'},lu = 'assistenza',primarykey = 'S',sql_declaration = 'int',sql_type = 'int',system_type = 'System.Int32' WHERE colname = 'taxcode' AND tablename = 'progettotipocostotax'
ELSE
INSERT INTO [coldescr] (colname,tablename,col_len,col_precision,col_scale,description,kind,lt,lu,primarykey,sql_declaration,sql_type,system_type) VALUES ('taxcode','progettotipocostotax','4',null,null,'Tipi di ritenuta','S',{ts '2020-06-18 18:32:23.803'},'assistenza','S','int','int','System.Int32')
GO

-- FINE GENERAZIONE SCRIPT --

--[DBO]--
-- CREAZIONE TABELLA progettoudr --
IF NOT EXISTS(select * from sysobjects where id = object_id(N'[dbo].[progettoudr]') and OBJECTPROPERTY(id, N'IsUserTable') = 1)
BEGIN
CREATE TABLE [dbo].[progettoudr] (
idprogettoudr int NOT NULL,
idprogetto int NOT NULL,
assegniricerca int NULL,
borsedottorati int NULL,
budget decimal(10,2) NULL,
contrattirtd int NULL,
contributo decimal(10,2) NULL,
ct datetime NULL,
cu varchar(64) NULL,
description varchar(max) NULL,
impegnototale int NULL,
lt datetime NULL,
lu varchar(64) NULL,
title nvarchar(2048) NULL,
 CONSTRAINT xpkprogettoudr PRIMARY KEY (idprogettoudr,
idprogetto
)
)
END
GO

-- VERIFICA STRUTTURA progettoudr --
IF NOT exists(select * from [sysobjects] as T inner join syscolumns C on T.ID = C.ID where t.name = 'progettoudr' and C.name = 'idprogettoudr' AND (T.uid = USER_ID( ) OR T.uid = USER_ID('dbo')))
BEGIN
	ALTER TABLE [progettoudr] ADD idprogettoudr int NOT NULL DEFAULT 0
	declare @vincolo varchar(100)
	select @vincolo = object_name(const.constid) from syscolumns col join sysconstraints const on const.id = col.id and const.colid = col.colid where col.id = object_id('progettoudr') and col.name = 'idprogettoudr' and objectproperty(const.constid, 'IsDefaultCnst')=1
	exec ('ALTER TABLE [progettoudr] drop constraint '+@vincolo)
END
GO

IF NOT exists(select * from [sysobjects] as T inner join syscolumns C on T.ID = C.ID where t.name = 'progettoudr' and C.name = 'idprogetto' AND (T.uid = USER_ID( ) OR T.uid = USER_ID('dbo')))
BEGIN
	ALTER TABLE [progettoudr] ADD idprogetto int NOT NULL DEFAULT 0
	declare @vincolo varchar(100)
	select @vincolo = object_name(const.constid) from syscolumns col join sysconstraints const on const.id = col.id and const.colid = col.colid where col.id = object_id('progettoudr') and col.name = 'idprogetto' and objectproperty(const.constid, 'IsDefaultCnst')=1
	exec ('ALTER TABLE [progettoudr] drop constraint '+@vincolo)
END
GO

IF NOT exists(select * from [sysobjects] as T inner join syscolumns C on T.ID = C.ID where t.name = 'progettoudr' and C.name = 'assegniricerca' AND (T.uid = USER_ID( ) OR T.uid = USER_ID('dbo')))
BEGIN
	ALTER TABLE [progettoudr] ADD assegniricerca int NULL 
END
ELSE
	ALTER TABLE [progettoudr] ALTER COLUMN assegniricerca int NULL
GO

IF NOT exists(select * from [sysobjects] as T inner join syscolumns C on T.ID = C.ID where t.name = 'progettoudr' and C.name = 'borsedottorati' AND (T.uid = USER_ID( ) OR T.uid = USER_ID('dbo')))
BEGIN
	ALTER TABLE [progettoudr] ADD borsedottorati int NULL 
END
ELSE
	ALTER TABLE [progettoudr] ALTER COLUMN borsedottorati int NULL
GO

IF NOT exists(select * from [sysobjects] as T inner join syscolumns C on T.ID = C.ID where t.name = 'progettoudr' and C.name = 'budget' AND (T.uid = USER_ID( ) OR T.uid = USER_ID('dbo')))
BEGIN
	ALTER TABLE [progettoudr] ADD budget decimal(10,2) NULL 
END
ELSE
	ALTER TABLE [progettoudr] ALTER COLUMN budget decimal(10,2) NULL
GO

IF NOT exists(select * from [sysobjects] as T inner join syscolumns C on T.ID = C.ID where t.name = 'progettoudr' and C.name = 'contrattirtd' AND (T.uid = USER_ID( ) OR T.uid = USER_ID('dbo')))
BEGIN
	ALTER TABLE [progettoudr] ADD contrattirtd int NULL 
END
ELSE
	ALTER TABLE [progettoudr] ALTER COLUMN contrattirtd int NULL
GO

IF NOT exists(select * from [sysobjects] as T inner join syscolumns C on T.ID = C.ID where t.name = 'progettoudr' and C.name = 'contributo' AND (T.uid = USER_ID( ) OR T.uid = USER_ID('dbo')))
BEGIN
	ALTER TABLE [progettoudr] ADD contributo decimal(10,2) NULL 
END
ELSE
	ALTER TABLE [progettoudr] ALTER COLUMN contributo decimal(10,2) NULL
GO

IF NOT exists(select * from [sysobjects] as T inner join syscolumns C on T.ID = C.ID where t.name = 'progettoudr' and C.name = 'ct' AND (T.uid = USER_ID( ) OR T.uid = USER_ID('dbo')))
BEGIN
	ALTER TABLE [progettoudr] ADD ct datetime NULL 
END
ELSE
	ALTER TABLE [progettoudr] ALTER COLUMN ct datetime NULL
GO

IF NOT exists(select * from [sysobjects] as T inner join syscolumns C on T.ID = C.ID where t.name = 'progettoudr' and C.name = 'cu' AND (T.uid = USER_ID( ) OR T.uid = USER_ID('dbo')))
BEGIN
	ALTER TABLE [progettoudr] ADD cu varchar(64) NULL 
END
ELSE
	ALTER TABLE [progettoudr] ALTER COLUMN cu varchar(64) NULL
GO

IF NOT exists(select * from [sysobjects] as T inner join syscolumns C on T.ID = C.ID where t.name = 'progettoudr' and C.name = 'description' AND (T.uid = USER_ID( ) OR T.uid = USER_ID('dbo')))
BEGIN
	ALTER TABLE [progettoudr] ADD description varchar(max) NULL 
END
ELSE
	ALTER TABLE [progettoudr] ALTER COLUMN description varchar(max) NULL
GO

IF NOT exists(select * from [sysobjects] as T inner join syscolumns C on T.ID = C.ID where t.name = 'progettoudr' and C.name = 'impegnototale' AND (T.uid = USER_ID( ) OR T.uid = USER_ID('dbo')))
BEGIN
	ALTER TABLE [progettoudr] ADD impegnototale int NULL 
END
ELSE
	ALTER TABLE [progettoudr] ALTER COLUMN impegnototale int NULL
GO

IF NOT exists(select * from [sysobjects] as T inner join syscolumns C on T.ID = C.ID where t.name = 'progettoudr' and C.name = 'lt' AND (T.uid = USER_ID( ) OR T.uid = USER_ID('dbo')))
BEGIN
	ALTER TABLE [progettoudr] ADD lt datetime NULL 
END
ELSE
	ALTER TABLE [progettoudr] ALTER COLUMN lt datetime NULL
GO

IF NOT exists(select * from [sysobjects] as T inner join syscolumns C on T.ID = C.ID where t.name = 'progettoudr' and C.name = 'lu' AND (T.uid = USER_ID( ) OR T.uid = USER_ID('dbo')))
BEGIN
	ALTER TABLE [progettoudr] ADD lu varchar(64) NULL 
END
ELSE
	ALTER TABLE [progettoudr] ALTER COLUMN lu varchar(64) NULL
GO

IF NOT exists(select * from [sysobjects] as T inner join syscolumns C on T.ID = C.ID where t.name = 'progettoudr' and C.name = 'title' AND (T.uid = USER_ID( ) OR T.uid = USER_ID('dbo')))
BEGIN
	ALTER TABLE [progettoudr] ADD title nvarchar(2048) NULL 
END
ELSE
	ALTER TABLE [progettoudr] ALTER COLUMN title nvarchar(2048) NULL
GO

-- VERIFICA DI progettoudr IN COLUMNTYPES --
DELETE FROM columntypes WHERE tablename = 'progettoudr'
INSERT INTO columntypes (format,allownull,tablename,sqldeclaration,createuser,field,col_len,denynull,sqltype,systemtype,defaultvalue,col_scale,lastmoduser,col_precision,iskey) VALUES('','N','progettoudr','int','ASSISTENZA','idprogetto','4','S','int','System.Int32','','','''ASSISTENZA''','','S')
GO

INSERT INTO columntypes (format,allownull,tablename,sqldeclaration,createuser,field,col_len,denynull,sqltype,systemtype,defaultvalue,col_scale,lastmoduser,col_precision,iskey) VALUES('','N','progettoudr','int','ASSISTENZA','idprogettoudr','4','S','int','System.Int32','','','''ASSISTENZA''','','S')
GO

INSERT INTO columntypes (format,allownull,tablename,sqldeclaration,createuser,field,col_len,denynull,sqltype,systemtype,defaultvalue,col_scale,lastmoduser,col_precision,iskey) VALUES('','S','progettoudr','int','ASSISTENZA','assegniricerca','4','N','int','System.Int32','','','''ASSISTENZA''','','N')
GO

INSERT INTO columntypes (format,allownull,tablename,sqldeclaration,createuser,field,col_len,denynull,sqltype,systemtype,defaultvalue,col_scale,lastmoduser,col_precision,iskey) VALUES('','S','progettoudr','int','ASSISTENZA','borsedottorati','4','N','int','System.Int32','','','''ASSISTENZA''','','N')
GO

INSERT INTO columntypes (format,allownull,tablename,sqldeclaration,createuser,field,col_len,denynull,sqltype,systemtype,defaultvalue,col_scale,lastmoduser,col_precision,iskey) VALUES('','S','progettoudr','decimal(10,2)','ASSISTENZA','budget','9','N','decimal','System.Decimal','','2','''ASSISTENZA''','10','N')
GO

INSERT INTO columntypes (format,allownull,tablename,sqldeclaration,createuser,field,col_len,denynull,sqltype,systemtype,defaultvalue,col_scale,lastmoduser,col_precision,iskey) VALUES('','S','progettoudr','int','ASSISTENZA','contrattirtd','4','N','int','System.Int32','','','''ASSISTENZA''','','N')
GO

INSERT INTO columntypes (format,allownull,tablename,sqldeclaration,createuser,field,col_len,denynull,sqltype,systemtype,defaultvalue,col_scale,lastmoduser,col_precision,iskey) VALUES('','S','progettoudr','decimal(10,2)','ASSISTENZA','contributo','9','N','decimal','System.Decimal','','2','''ASSISTENZA''','10','N')
GO

INSERT INTO columntypes (format,allownull,tablename,sqldeclaration,createuser,field,col_len,denynull,sqltype,systemtype,defaultvalue,col_scale,lastmoduser,col_precision,iskey) VALUES('','S','progettoudr','datetime','ASSISTENZA','ct','8','N','datetime','System.DateTime','','','''ASSISTENZA''','','N')
GO

INSERT INTO columntypes (format,allownull,tablename,sqldeclaration,createuser,field,col_len,denynull,sqltype,systemtype,defaultvalue,col_scale,lastmoduser,col_precision,iskey) VALUES('','S','progettoudr','varchar(64)','ASSISTENZA','cu','64','N','varchar','System.String','','','''ASSISTENZA''','','N')
GO

INSERT INTO columntypes (format,allownull,tablename,sqldeclaration,createuser,field,col_len,denynull,sqltype,systemtype,defaultvalue,col_scale,lastmoduser,col_precision,iskey) VALUES('','S','progettoudr','varchar(max)','ASSISTENZA','description','-1','N','varchar','System.String','','','''ASSISTENZA''','','N')
GO

INSERT INTO columntypes (format,allownull,tablename,sqldeclaration,createuser,field,col_len,denynull,sqltype,systemtype,defaultvalue,col_scale,lastmoduser,col_precision,iskey) VALUES('','S','progettoudr','int','ASSISTENZA','impegnototale','4','N','int','System.Int32','','','''ASSISTENZA''','','N')
GO

INSERT INTO columntypes (format,allownull,tablename,sqldeclaration,createuser,field,col_len,denynull,sqltype,systemtype,defaultvalue,col_scale,lastmoduser,col_precision,iskey) VALUES('','S','progettoudr','datetime','ASSISTENZA','lt','8','N','datetime','System.DateTime','','','''ASSISTENZA''','','N')
GO

INSERT INTO columntypes (format,allownull,tablename,sqldeclaration,createuser,field,col_len,denynull,sqltype,systemtype,defaultvalue,col_scale,lastmoduser,col_precision,iskey) VALUES('','S','progettoudr','varchar(64)','ASSISTENZA','lu','64','N','varchar','System.String','','','''ASSISTENZA''','','N')
GO

INSERT INTO columntypes (format,allownull,tablename,sqldeclaration,createuser,field,col_len,denynull,sqltype,systemtype,defaultvalue,col_scale,lastmoduser,col_precision,iskey) VALUES('','S','progettoudr','nvarchar(2048)','ASSISTENZA','title','2048','N','nvarchar','System.String','','','''ASSISTENZA''','','N')
GO

-- VERIFICA DI progettoudr IN CUSTOMOBJECT --
IF EXISTS(select * from customobject where objectname = 'progettoudr')
UPDATE customobject set isreal = 'S' where objectname = 'progettoudr'
ELSE
INSERT INTO customobject (objectname, isreal) values('progettoudr', 'S')
GO
-- FINE GENERAZIONE SCRIPT --


-- GENERAZIONE DATI PER tabledescr --
IF exists(SELECT * FROM [tabledescr] WHERE tablename = 'progettoudr')
UPDATE [tabledescr] SET description = '2.7.7 Unit? di ricerca',idapplication = null,isdbo = 'N',lt = {ts '2020-05-25 13:19:18.160'},lu = 'assistenza',title = 'Unit? di ricerca' WHERE tablename = 'progettoudr'
ELSE
INSERT INTO [tabledescr] (tablename,description,idapplication,isdbo,lt,lu,title) VALUES ('progettoudr','2.7.7 Unit? di ricerca',null,'N',{ts '2020-05-25 13:19:18.160'},'assistenza','Unit? di ricerca')
GO

-- FINE GENERAZIONE SCRIPT --


-- GENERAZIONE DATI PER coldescr --
IF exists(SELECT * FROM [coldescr] WHERE colname = 'assegniricerca' AND tablename = 'progettoudr')
UPDATE [coldescr] SET col_len = '4',col_precision = null,col_scale = null,description = 'Numero assegni di ricerca previsti',kind = 'S',lt = {ts '2020-05-25 13:21:53.137'},lu = 'assistenza',primarykey = 'N',sql_declaration = 'int',sql_type = 'int',system_type = 'System.Int32' WHERE colname = 'assegniricerca' AND tablename = 'progettoudr'
ELSE
INSERT INTO [coldescr] (colname,tablename,col_len,col_precision,col_scale,description,kind,lt,lu,primarykey,sql_declaration,sql_type,system_type) VALUES ('assegniricerca','progettoudr','4',null,null,'Numero assegni di ricerca previsti','S',{ts '2020-05-25 13:21:53.137'},'assistenza','N','int','int','System.Int32')
GO

IF exists(SELECT * FROM [coldescr] WHERE colname = 'borsedottorati' AND tablename = 'progettoudr')
UPDATE [coldescr] SET col_len = '4',col_precision = null,col_scale = null,description = 'Numero borse di dottorato previste',kind = 'S',lt = {ts '2020-05-25 13:21:53.137'},lu = 'assistenza',primarykey = 'N',sql_declaration = 'int',sql_type = 'int',system_type = 'System.Int32' WHERE colname = 'borsedottorati' AND tablename = 'progettoudr'
ELSE
INSERT INTO [coldescr] (colname,tablename,col_len,col_precision,col_scale,description,kind,lt,lu,primarykey,sql_declaration,sql_type,system_type) VALUES ('borsedottorati','progettoudr','4',null,null,'Numero borse di dottorato previste','S',{ts '2020-05-25 13:21:53.137'},'assistenza','N','int','int','System.Int32')
GO

IF exists(SELECT * FROM [coldescr] WHERE colname = 'budget' AND tablename = 'progettoudr')
UPDATE [coldescr] SET col_len = '5',col_precision = '5',col_scale = '2',description = 'Costo complessivo',kind = 'S',lt = {ts '2020-06-08 18:40:28.390'},lu = 'assistenza',primarykey = 'N',sql_declaration = 'decimal(5,2)',sql_type = 'decimal',system_type = 'System.Decimal' WHERE colname = 'budget' AND tablename = 'progettoudr'
ELSE
INSERT INTO [coldescr] (colname,tablename,col_len,col_precision,col_scale,description,kind,lt,lu,primarykey,sql_declaration,sql_type,system_type) VALUES ('budget','progettoudr','5','5','2','Costo complessivo','S',{ts '2020-06-08 18:40:28.390'},'assistenza','N','decimal(5,2)','decimal','System.Decimal')
GO

IF exists(SELECT * FROM [coldescr] WHERE colname = 'contrattirtd' AND tablename = 'progettoudr')
UPDATE [coldescr] SET col_len = '4',col_precision = null,col_scale = null,description = 'Numero contratti RTD previsti',kind = 'S',lt = {ts '2020-05-25 13:21:53.137'},lu = 'assistenza',primarykey = 'N',sql_declaration = 'int',sql_type = 'int',system_type = 'System.Int32' WHERE colname = 'contrattirtd' AND tablename = 'progettoudr'
ELSE
INSERT INTO [coldescr] (colname,tablename,col_len,col_precision,col_scale,description,kind,lt,lu,primarykey,sql_declaration,sql_type,system_type) VALUES ('contrattirtd','progettoudr','4',null,null,'Numero contratti RTD previsti','S',{ts '2020-05-25 13:21:53.137'},'assistenza','N','int','int','System.Int32')
GO

IF exists(SELECT * FROM [coldescr] WHERE colname = 'contributo' AND tablename = 'progettoudr')
UPDATE [coldescr] SET col_len = '5',col_precision = '5',col_scale = '2',description = 'Contributo richiesto ',kind = 'S',lt = {ts '2020-06-08 18:40:28.390'},lu = 'assistenza',primarykey = 'N',sql_declaration = 'decimal(5,2)',sql_type = 'decimal',system_type = 'System.Decimal' WHERE colname = 'contributo' AND tablename = 'progettoudr'
ELSE
INSERT INTO [coldescr] (colname,tablename,col_len,col_precision,col_scale,description,kind,lt,lu,primarykey,sql_declaration,sql_type,system_type) VALUES ('contributo','progettoudr','5','5','2','Contributo richiesto ','S',{ts '2020-06-08 18:40:28.390'},'assistenza','N','decimal(5,2)','decimal','System.Decimal')
GO

IF exists(SELECT * FROM [coldescr] WHERE colname = 'ct' AND tablename = 'progettoudr')
UPDATE [coldescr] SET col_len = '8',col_precision = null,col_scale = null,description = null,kind = 'S',lt = {ts '2020-05-25 13:19:20.470'},lu = 'assistenza',primarykey = 'N',sql_declaration = 'datetime',sql_type = 'datetime',system_type = 'System.DateTime' WHERE colname = 'ct' AND tablename = 'progettoudr'
ELSE
INSERT INTO [coldescr] (colname,tablename,col_len,col_precision,col_scale,description,kind,lt,lu,primarykey,sql_declaration,sql_type,system_type) VALUES ('ct','progettoudr','8',null,null,null,'S',{ts '2020-05-25 13:19:20.470'},'assistenza','N','datetime','datetime','System.DateTime')
GO

IF exists(SELECT * FROM [coldescr] WHERE colname = 'cu' AND tablename = 'progettoudr')
UPDATE [coldescr] SET col_len = '64',col_precision = null,col_scale = null,description = null,kind = 'S',lt = {ts '2020-05-25 13:19:20.470'},lu = 'assistenza',primarykey = 'N',sql_declaration = 'varchar(64)',sql_type = 'varchar',system_type = 'System.String' WHERE colname = 'cu' AND tablename = 'progettoudr'
ELSE
INSERT INTO [coldescr] (colname,tablename,col_len,col_precision,col_scale,description,kind,lt,lu,primarykey,sql_declaration,sql_type,system_type) VALUES ('cu','progettoudr','64',null,null,null,'S',{ts '2020-05-25 13:19:20.470'},'assistenza','N','varchar(64)','varchar','System.String')
GO

IF exists(SELECT * FROM [coldescr] WHERE colname = 'description' AND tablename = 'progettoudr')
UPDATE [coldescr] SET col_len = '-1',col_precision = null,col_scale = null,description = 'Descrizione',kind = 'S',lt = {ts '2020-05-25 13:21:53.137'},lu = 'assistenza',primarykey = 'N',sql_declaration = 'varchar(max)',sql_type = 'varchar',system_type = 'System.String' WHERE colname = 'description' AND tablename = 'progettoudr'
ELSE
INSERT INTO [coldescr] (colname,tablename,col_len,col_precision,col_scale,description,kind,lt,lu,primarykey,sql_declaration,sql_type,system_type) VALUES ('description','progettoudr','-1',null,null,'Descrizione','S',{ts '2020-05-25 13:21:53.137'},'assistenza','N','varchar(max)','varchar','System.String')
GO

IF exists(SELECT * FROM [coldescr] WHERE colname = 'idprogetto' AND tablename = 'progettoudr')
UPDATE [coldescr] SET col_len = '4',col_precision = null,col_scale = null,description = null,kind = 'S',lt = {ts '2020-05-25 13:19:20.473'},lu = 'assistenza',primarykey = 'S',sql_declaration = 'int',sql_type = 'int',system_type = 'System.Int32' WHERE colname = 'idprogetto' AND tablename = 'progettoudr'
ELSE
INSERT INTO [coldescr] (colname,tablename,col_len,col_precision,col_scale,description,kind,lt,lu,primarykey,sql_declaration,sql_type,system_type) VALUES ('idprogetto','progettoudr','4',null,null,null,'S',{ts '2020-05-25 13:19:20.473'},'assistenza','S','int','int','System.Int32')
GO

IF exists(SELECT * FROM [coldescr] WHERE colname = 'idprogettoudr' AND tablename = 'progettoudr')
UPDATE [coldescr] SET col_len = '4',col_precision = null,col_scale = null,description = null,kind = 'S',lt = {ts '2020-05-25 13:19:20.473'},lu = 'assistenza',primarykey = 'S',sql_declaration = 'int',sql_type = 'int',system_type = 'System.Int32' WHERE colname = 'idprogettoudr' AND tablename = 'progettoudr'
ELSE
INSERT INTO [coldescr] (colname,tablename,col_len,col_precision,col_scale,description,kind,lt,lu,primarykey,sql_declaration,sql_type,system_type) VALUES ('idprogettoudr','progettoudr','4',null,null,null,'S',{ts '2020-05-25 13:19:20.473'},'assistenza','S','int','int','System.Int32')
GO

IF exists(SELECT * FROM [coldescr] WHERE colname = 'impegnototale' AND tablename = 'progettoudr')
UPDATE [coldescr] SET col_len = '4',col_precision = null,col_scale = null,description = 'Impegno temporale complessivo prevedibile in mesi/uomo',kind = 'S',lt = {ts '2020-05-25 13:21:53.137'},lu = 'assistenza',primarykey = 'N',sql_declaration = 'int',sql_type = 'int',system_type = 'System.Int32' WHERE colname = 'impegnototale' AND tablename = 'progettoudr'
ELSE
INSERT INTO [coldescr] (colname,tablename,col_len,col_precision,col_scale,description,kind,lt,lu,primarykey,sql_declaration,sql_type,system_type) VALUES ('impegnototale','progettoudr','4',null,null,'Impegno temporale complessivo prevedibile in mesi/uomo','S',{ts '2020-05-25 13:21:53.137'},'assistenza','N','int','int','System.Int32')
GO

IF exists(SELECT * FROM [coldescr] WHERE colname = 'lt' AND tablename = 'progettoudr')
UPDATE [coldescr] SET col_len = '8',col_precision = null,col_scale = null,description = null,kind = 'S',lt = {ts '2020-05-25 13:19:20.483'},lu = 'assistenza',primarykey = 'N',sql_declaration = 'datetime',sql_type = 'datetime',system_type = 'System.DateTime' WHERE colname = 'lt' AND tablename = 'progettoudr'
ELSE
INSERT INTO [coldescr] (colname,tablename,col_len,col_precision,col_scale,description,kind,lt,lu,primarykey,sql_declaration,sql_type,system_type) VALUES ('lt','progettoudr','8',null,null,null,'S',{ts '2020-05-25 13:19:20.483'},'assistenza','N','datetime','datetime','System.DateTime')
GO

IF exists(SELECT * FROM [coldescr] WHERE colname = 'lu' AND tablename = 'progettoudr')
UPDATE [coldescr] SET col_len = '64',col_precision = null,col_scale = null,description = null,kind = 'S',lt = {ts '2020-05-25 13:19:20.483'},lu = 'assistenza',primarykey = 'N',sql_declaration = 'varchar(64)',sql_type = 'varchar',system_type = 'System.String' WHERE colname = 'lu' AND tablename = 'progettoudr'
ELSE
INSERT INTO [coldescr] (colname,tablename,col_len,col_precision,col_scale,description,kind,lt,lu,primarykey,sql_declaration,sql_type,system_type) VALUES ('lu','progettoudr','64',null,null,null,'S',{ts '2020-05-25 13:19:20.483'},'assistenza','N','varchar(64)','varchar','System.String')
GO

IF exists(SELECT * FROM [coldescr] WHERE colname = 'title' AND tablename = 'progettoudr')
UPDATE [coldescr] SET col_len = '2048',col_precision = null,col_scale = null,description = 'Denominazione',kind = 'S',lt = {ts '2020-05-25 13:21:53.137'},lu = 'assistenza',primarykey = 'N',sql_declaration = 'nvarchar(2048)',sql_type = 'nvarchar',system_type = 'System.String' WHERE colname = 'title' AND tablename = 'progettoudr'
ELSE
INSERT INTO [coldescr] (colname,tablename,col_len,col_precision,col_scale,description,kind,lt,lu,primarykey,sql_declaration,sql_type,system_type) VALUES ('title','progettoudr','2048',null,null,'Denominazione','S',{ts '2020-05-25 13:21:53.137'},'assistenza','N','nvarchar(2048)','nvarchar','System.String')
GO

-- FINE GENERAZIONE SCRIPT --

--[DBO]--
-- CREAZIONE TABELLA progettoudrmembro --
IF NOT EXISTS(select * from sysobjects where id = object_id(N'[dbo].[progettoudrmembro]') and OBJECTPROPERTY(id, N'IsUserTable') = 1)
BEGIN
CREATE TABLE [dbo].[progettoudrmembro] (
idprogettoudrmembro int NOT NULL,
idprogettoudr int NOT NULL,
idprogetto int NOT NULL,
costoorario decimal(10,2) NULL,
ct datetime NULL,
cu varchar(64) NULL,
idprogettoudrmembrokind int NULL,
idreg int NULL,
impegno int NULL,
lt datetime NULL,
lu varchar(64) NULL,
 CONSTRAINT xpkprogettoudrmembro PRIMARY KEY (idprogettoudrmembro,
idprogettoudr,
idprogetto
)
)
END
GO

-- VERIFICA STRUTTURA progettoudrmembro --
IF NOT exists(select * from [sysobjects] as T inner join syscolumns C on T.ID = C.ID where t.name = 'progettoudrmembro' and C.name = 'idprogettoudrmembro' AND (T.uid = USER_ID( ) OR T.uid = USER_ID('dbo')))
BEGIN
	ALTER TABLE [progettoudrmembro] ADD idprogettoudrmembro int NOT NULL DEFAULT 0
	declare @vincolo varchar(100)
	select @vincolo = object_name(const.constid) from syscolumns col join sysconstraints const on const.id = col.id and const.colid = col.colid where col.id = object_id('progettoudrmembro') and col.name = 'idprogettoudrmembro' and objectproperty(const.constid, 'IsDefaultCnst')=1
	exec ('ALTER TABLE [progettoudrmembro] drop constraint '+@vincolo)
END
GO

IF NOT exists(select * from [sysobjects] as T inner join syscolumns C on T.ID = C.ID where t.name = 'progettoudrmembro' and C.name = 'idprogettoudr' AND (T.uid = USER_ID( ) OR T.uid = USER_ID('dbo')))
BEGIN
	ALTER TABLE [progettoudrmembro] ADD idprogettoudr int NOT NULL DEFAULT 0
	declare @vincolo varchar(100)
	select @vincolo = object_name(const.constid) from syscolumns col join sysconstraints const on const.id = col.id and const.colid = col.colid where col.id = object_id('progettoudrmembro') and col.name = 'idprogettoudr' and objectproperty(const.constid, 'IsDefaultCnst')=1
	exec ('ALTER TABLE [progettoudrmembro] drop constraint '+@vincolo)
END
GO

IF NOT exists(select * from [sysobjects] as T inner join syscolumns C on T.ID = C.ID where t.name = 'progettoudrmembro' and C.name = 'idprogetto' AND (T.uid = USER_ID( ) OR T.uid = USER_ID('dbo')))
BEGIN
	ALTER TABLE [progettoudrmembro] ADD idprogetto int NOT NULL DEFAULT 0
	declare @vincolo varchar(100)
	select @vincolo = object_name(const.constid) from syscolumns col join sysconstraints const on const.id = col.id and const.colid = col.colid where col.id = object_id('progettoudrmembro') and col.name = 'idprogetto' and objectproperty(const.constid, 'IsDefaultCnst')=1
	exec ('ALTER TABLE [progettoudrmembro] drop constraint '+@vincolo)
END
GO

IF NOT exists(select * from [sysobjects] as T inner join syscolumns C on T.ID = C.ID where t.name = 'progettoudrmembro' and C.name = 'costoorario' AND (T.uid = USER_ID( ) OR T.uid = USER_ID('dbo')))
BEGIN
	ALTER TABLE [progettoudrmembro] ADD costoorario decimal(10,2) NULL 
END
ELSE
	ALTER TABLE [progettoudrmembro] ALTER COLUMN costoorario decimal(10,2) NULL
GO

IF NOT exists(select * from [sysobjects] as T inner join syscolumns C on T.ID = C.ID where t.name = 'progettoudrmembro' and C.name = 'ct' AND (T.uid = USER_ID( ) OR T.uid = USER_ID('dbo')))
BEGIN
	ALTER TABLE [progettoudrmembro] ADD ct datetime NULL 
END
ELSE
	ALTER TABLE [progettoudrmembro] ALTER COLUMN ct datetime NULL
GO

IF NOT exists(select * from [sysobjects] as T inner join syscolumns C on T.ID = C.ID where t.name = 'progettoudrmembro' and C.name = 'cu' AND (T.uid = USER_ID( ) OR T.uid = USER_ID('dbo')))
BEGIN
	ALTER TABLE [progettoudrmembro] ADD cu varchar(64) NULL 
END
ELSE
	ALTER TABLE [progettoudrmembro] ALTER COLUMN cu varchar(64) NULL
GO

IF NOT exists(select * from [sysobjects] as T inner join syscolumns C on T.ID = C.ID where t.name = 'progettoudrmembro' and C.name = 'idprogettoudrmembrokind' AND (T.uid = USER_ID( ) OR T.uid = USER_ID('dbo')))
BEGIN
	ALTER TABLE [progettoudrmembro] ADD idprogettoudrmembrokind int NULL 
END
ELSE
	ALTER TABLE [progettoudrmembro] ALTER COLUMN idprogettoudrmembrokind int NULL
GO

IF NOT exists(select * from [sysobjects] as T inner join syscolumns C on T.ID = C.ID where t.name = 'progettoudrmembro' and C.name = 'idreg' AND (T.uid = USER_ID( ) OR T.uid = USER_ID('dbo')))
BEGIN
	ALTER TABLE [progettoudrmembro] ADD idreg int NULL 
END
ELSE
	ALTER TABLE [progettoudrmembro] ALTER COLUMN idreg int NULL
GO

IF NOT exists(select * from [sysobjects] as T inner join syscolumns C on T.ID = C.ID where t.name = 'progettoudrmembro' and C.name = 'impegno' AND (T.uid = USER_ID( ) OR T.uid = USER_ID('dbo')))
BEGIN
	ALTER TABLE [progettoudrmembro] ADD impegno int NULL 
END
ELSE
	ALTER TABLE [progettoudrmembro] ALTER COLUMN impegno int NULL
GO

IF NOT exists(select * from [sysobjects] as T inner join syscolumns C on T.ID = C.ID where t.name = 'progettoudrmembro' and C.name = 'lt' AND (T.uid = USER_ID( ) OR T.uid = USER_ID('dbo')))
BEGIN
	ALTER TABLE [progettoudrmembro] ADD lt datetime NULL 
END
ELSE
	ALTER TABLE [progettoudrmembro] ALTER COLUMN lt datetime NULL
GO

IF NOT exists(select * from [sysobjects] as T inner join syscolumns C on T.ID = C.ID where t.name = 'progettoudrmembro' and C.name = 'lu' AND (T.uid = USER_ID( ) OR T.uid = USER_ID('dbo')))
BEGIN
	ALTER TABLE [progettoudrmembro] ADD lu varchar(64) NULL 
END
ELSE
	ALTER TABLE [progettoudrmembro] ALTER COLUMN lu varchar(64) NULL
GO

-- VERIFICA DI progettoudrmembro IN COLUMNTYPES --
DELETE FROM columntypes WHERE tablename = 'progettoudrmembro'
INSERT INTO columntypes (format,allownull,tablename,sqldeclaration,createuser,field,col_len,denynull,sqltype,systemtype,defaultvalue,col_scale,lastmoduser,col_precision,iskey) VALUES('','N','progettoudrmembro','int','assistenza','idprogetto','4','S','int','System.Int32','','','''assistenza''','','S')
GO

INSERT INTO columntypes (format,allownull,tablename,sqldeclaration,createuser,field,col_len,denynull,sqltype,systemtype,defaultvalue,col_scale,lastmoduser,col_precision,iskey) VALUES('','N','progettoudrmembro','int','assistenza','idprogettoudr','4','S','int','System.Int32','','','''assistenza''','','S')
GO

INSERT INTO columntypes (format,allownull,tablename,sqldeclaration,createuser,field,col_len,denynull,sqltype,systemtype,defaultvalue,col_scale,lastmoduser,col_precision,iskey) VALUES('','N','progettoudrmembro','int','assistenza','idprogettoudrmembro','4','S','int','System.Int32','','','''assistenza''','','S')
GO

INSERT INTO columntypes (format,allownull,tablename,sqldeclaration,createuser,field,col_len,denynull,sqltype,systemtype,defaultvalue,col_scale,lastmoduser,col_precision,iskey) VALUES('','S','progettoudrmembro','decimal(10,2)','assistenza','costoorario','9','N','decimal','System.Decimal','','2','''assistenza''','10','N')
GO

INSERT INTO columntypes (format,allownull,tablename,sqldeclaration,createuser,field,col_len,denynull,sqltype,systemtype,defaultvalue,col_scale,lastmoduser,col_precision,iskey) VALUES('','S','progettoudrmembro','datetime','assistenza','ct','8','N','datetime','System.DateTime','','','''assistenza''','','N')
GO

INSERT INTO columntypes (format,allownull,tablename,sqldeclaration,createuser,field,col_len,denynull,sqltype,systemtype,defaultvalue,col_scale,lastmoduser,col_precision,iskey) VALUES('','S','progettoudrmembro','varchar(64)','assistenza','cu','64','N','varchar','System.String','','','''assistenza''','','N')
GO

INSERT INTO columntypes (format,allownull,tablename,sqldeclaration,createuser,field,col_len,denynull,sqltype,systemtype,defaultvalue,col_scale,lastmoduser,col_precision,iskey) VALUES('','S','progettoudrmembro','int','assistenza','idprogettoudrmembrokind','4','N','int','System.Int32','','','''assistenza''','','N')
GO

INSERT INTO columntypes (format,allownull,tablename,sqldeclaration,createuser,field,col_len,denynull,sqltype,systemtype,defaultvalue,col_scale,lastmoduser,col_precision,iskey) VALUES('','S','progettoudrmembro','int','assistenza','idreg','4','N','int','System.Int32','','','''assistenza''','','N')
GO

INSERT INTO columntypes (format,allownull,tablename,sqldeclaration,createuser,field,col_len,denynull,sqltype,systemtype,defaultvalue,col_scale,lastmoduser,col_precision,iskey) VALUES('','S','progettoudrmembro','int','assistenza','impegno','4','N','int','System.Int32','','','''assistenza''','','N')
GO

INSERT INTO columntypes (format,allownull,tablename,sqldeclaration,createuser,field,col_len,denynull,sqltype,systemtype,defaultvalue,col_scale,lastmoduser,col_precision,iskey) VALUES('','S','progettoudrmembro','datetime','assistenza','lt','8','N','datetime','System.DateTime','','','''assistenza''','','N')
GO

INSERT INTO columntypes (format,allownull,tablename,sqldeclaration,createuser,field,col_len,denynull,sqltype,systemtype,defaultvalue,col_scale,lastmoduser,col_precision,iskey) VALUES('','S','progettoudrmembro','varchar(64)','assistenza','lu','64','N','varchar','System.String','','','''assistenza''','','N')
GO

-- VERIFICA DI progettoudrmembro IN CUSTOMOBJECT --
IF EXISTS(select * from customobject where objectname = 'progettoudrmembro')
UPDATE customobject set isreal = 'S' where objectname = 'progettoudrmembro'
ELSE
INSERT INTO customobject (objectname, isreal) values('progettoudrmembro', 'S')
GO
-- FINE GENERAZIONE SCRIPT --


-- GENERAZIONE DATI PER tabledescr --
IF exists(SELECT * FROM [tabledescr] WHERE tablename = 'progettoudrmembro')
UPDATE [tabledescr] SET description = '2.7.9 Membro di una UdR',idapplication = null,isdbo = 'N',lt = {ts '2020-05-25 13:23:14.820'},lu = 'assistenza',title = 'Membri della UdR' WHERE tablename = 'progettoudrmembro'
ELSE
INSERT INTO [tabledescr] (tablename,description,idapplication,isdbo,lt,lu,title) VALUES ('progettoudrmembro','2.7.9 Membro di una UdR',null,'N',{ts '2020-05-25 13:23:14.820'},'assistenza','Membri della UdR')
GO

-- FINE GENERAZIONE SCRIPT --


-- GENERAZIONE DATI PER coldescr --
IF exists(SELECT * FROM [coldescr] WHERE colname = 'costoorario' AND tablename = 'progettoudrmembro')
UPDATE [coldescr] SET col_len = '9',col_precision = '10',col_scale = '2',description = 'Costo orario',kind = 'S',lt = {ts '2020-11-10 15:26:00.810'},lu = 'assistenza',primarykey = 'N',sql_declaration = 'decimal(10,2)',sql_type = 'decimal',system_type = 'System.Decimal' WHERE colname = 'costoorario' AND tablename = 'progettoudrmembro'
ELSE
INSERT INTO [coldescr] (colname,tablename,col_len,col_precision,col_scale,description,kind,lt,lu,primarykey,sql_declaration,sql_type,system_type) VALUES ('costoorario','progettoudrmembro','9','10','2','Costo orario','S',{ts '2020-11-10 15:26:00.810'},'assistenza','N','decimal(10,2)','decimal','System.Decimal')
GO

IF exists(SELECT * FROM [coldescr] WHERE colname = 'ct' AND tablename = 'progettoudrmembro')
UPDATE [coldescr] SET col_len = '8',col_precision = null,col_scale = null,description = null,kind = 'S',lt = {ts '2020-05-25 13:23:18.950'},lu = 'assistenza',primarykey = 'N',sql_declaration = 'datetime',sql_type = 'datetime',system_type = 'System.DateTime' WHERE colname = 'ct' AND tablename = 'progettoudrmembro'
ELSE
INSERT INTO [coldescr] (colname,tablename,col_len,col_precision,col_scale,description,kind,lt,lu,primarykey,sql_declaration,sql_type,system_type) VALUES ('ct','progettoudrmembro','8',null,null,null,'S',{ts '2020-05-25 13:23:18.950'},'assistenza','N','datetime','datetime','System.DateTime')
GO

IF exists(SELECT * FROM [coldescr] WHERE colname = 'cu' AND tablename = 'progettoudrmembro')
UPDATE [coldescr] SET col_len = '64',col_precision = null,col_scale = null,description = null,kind = 'S',lt = {ts '2020-05-25 13:23:18.950'},lu = 'assistenza',primarykey = 'N',sql_declaration = 'varchar(64)',sql_type = 'varchar',system_type = 'System.String' WHERE colname = 'cu' AND tablename = 'progettoudrmembro'
ELSE
INSERT INTO [coldescr] (colname,tablename,col_len,col_precision,col_scale,description,kind,lt,lu,primarykey,sql_declaration,sql_type,system_type) VALUES ('cu','progettoudrmembro','64',null,null,null,'S',{ts '2020-05-25 13:23:18.950'},'assistenza','N','varchar(64)','varchar','System.String')
GO

IF exists(SELECT * FROM [coldescr] WHERE colname = 'idprogetto' AND tablename = 'progettoudrmembro')
UPDATE [coldescr] SET col_len = '4',col_precision = null,col_scale = null,description = null,kind = 'S',lt = {ts '2020-05-25 13:23:18.950'},lu = 'assistenza',primarykey = 'S',sql_declaration = 'int',sql_type = 'int',system_type = 'System.Int32' WHERE colname = 'idprogetto' AND tablename = 'progettoudrmembro'
ELSE
INSERT INTO [coldescr] (colname,tablename,col_len,col_precision,col_scale,description,kind,lt,lu,primarykey,sql_declaration,sql_type,system_type) VALUES ('idprogetto','progettoudrmembro','4',null,null,null,'S',{ts '2020-05-25 13:23:18.950'},'assistenza','S','int','int','System.Int32')
GO

IF exists(SELECT * FROM [coldescr] WHERE colname = 'idprogettoudr' AND tablename = 'progettoudrmembro')
UPDATE [coldescr] SET col_len = '4',col_precision = null,col_scale = null,description = null,kind = 'S',lt = {ts '2020-05-25 13:23:18.950'},lu = 'assistenza',primarykey = 'S',sql_declaration = 'int',sql_type = 'int',system_type = 'System.Int32' WHERE colname = 'idprogettoudr' AND tablename = 'progettoudrmembro'
ELSE
INSERT INTO [coldescr] (colname,tablename,col_len,col_precision,col_scale,description,kind,lt,lu,primarykey,sql_declaration,sql_type,system_type) VALUES ('idprogettoudr','progettoudrmembro','4',null,null,null,'S',{ts '2020-05-25 13:23:18.950'},'assistenza','S','int','int','System.Int32')
GO

IF exists(SELECT * FROM [coldescr] WHERE colname = 'idprogettoudrmembro' AND tablename = 'progettoudrmembro')
UPDATE [coldescr] SET col_len = '4',col_precision = null,col_scale = null,description = null,kind = 'S',lt = {ts '2020-05-25 13:23:18.950'},lu = 'assistenza',primarykey = 'S',sql_declaration = 'int',sql_type = 'int',system_type = 'System.Int32' WHERE colname = 'idprogettoudrmembro' AND tablename = 'progettoudrmembro'
ELSE
INSERT INTO [coldescr] (colname,tablename,col_len,col_precision,col_scale,description,kind,lt,lu,primarykey,sql_declaration,sql_type,system_type) VALUES ('idprogettoudrmembro','progettoudrmembro','4',null,null,null,'S',{ts '2020-05-25 13:23:18.950'},'assistenza','S','int','int','System.Int32')
GO

IF exists(SELECT * FROM [coldescr] WHERE colname = 'idprogettoudrmembrokind' AND tablename = 'progettoudrmembro')
UPDATE [coldescr] SET col_len = '4',col_precision = null,col_scale = null,description = 'Ruolo',kind = 'S',lt = {ts '2020-11-17 13:06:26.967'},lu = 'assistenza',primarykey = 'N',sql_declaration = 'int',sql_type = 'int',system_type = 'System.Int32' WHERE colname = 'idprogettoudrmembrokind' AND tablename = 'progettoudrmembro'
ELSE
INSERT INTO [coldescr] (colname,tablename,col_len,col_precision,col_scale,description,kind,lt,lu,primarykey,sql_declaration,sql_type,system_type) VALUES ('idprogettoudrmembrokind','progettoudrmembro','4',null,null,'Ruolo','S',{ts '2020-11-17 13:06:26.967'},'assistenza','N','int','int','System.Int32')
GO

IF exists(SELECT * FROM [coldescr] WHERE colname = 'idreg' AND tablename = 'progettoudrmembro')
UPDATE [coldescr] SET col_len = '4',col_precision = null,col_scale = null,description = 'Membro',kind = 'S',lt = {ts '2020-07-14 16:25:22.687'},lu = 'assistenza',primarykey = 'N',sql_declaration = 'int',sql_type = 'int',system_type = 'System.Int32' WHERE colname = 'idreg' AND tablename = 'progettoudrmembro'
ELSE
INSERT INTO [coldescr] (colname,tablename,col_len,col_precision,col_scale,description,kind,lt,lu,primarykey,sql_declaration,sql_type,system_type) VALUES ('idreg','progettoudrmembro','4',null,null,'Membro','S',{ts '2020-07-14 16:25:22.687'},'assistenza','N','int','int','System.Int32')
GO

IF exists(SELECT * FROM [coldescr] WHERE colname = 'impegno' AND tablename = 'progettoudrmembro')
UPDATE [coldescr] SET col_len = '4',col_precision = null,col_scale = null,description = 'Mesi/uomo preventivati',kind = 'S',lt = {ts '2020-05-25 13:24:30.863'},lu = 'assistenza',primarykey = 'N',sql_declaration = 'int',sql_type = 'int',system_type = 'System.Int32' WHERE colname = 'impegno' AND tablename = 'progettoudrmembro'
ELSE
INSERT INTO [coldescr] (colname,tablename,col_len,col_precision,col_scale,description,kind,lt,lu,primarykey,sql_declaration,sql_type,system_type) VALUES ('impegno','progettoudrmembro','4',null,null,'Mesi/uomo preventivati','S',{ts '2020-05-25 13:24:30.863'},'assistenza','N','int','int','System.Int32')
GO

IF exists(SELECT * FROM [coldescr] WHERE colname = 'lt' AND tablename = 'progettoudrmembro')
UPDATE [coldescr] SET col_len = '8',col_precision = null,col_scale = null,description = null,kind = 'S',lt = {ts '2020-05-25 13:23:18.953'},lu = 'assistenza',primarykey = 'N',sql_declaration = 'datetime',sql_type = 'datetime',system_type = 'System.DateTime' WHERE colname = 'lt' AND tablename = 'progettoudrmembro'
ELSE
INSERT INTO [coldescr] (colname,tablename,col_len,col_precision,col_scale,description,kind,lt,lu,primarykey,sql_declaration,sql_type,system_type) VALUES ('lt','progettoudrmembro','8',null,null,null,'S',{ts '2020-05-25 13:23:18.953'},'assistenza','N','datetime','datetime','System.DateTime')
GO

IF exists(SELECT * FROM [coldescr] WHERE colname = 'lu' AND tablename = 'progettoudrmembro')
UPDATE [coldescr] SET col_len = '64',col_precision = null,col_scale = null,description = null,kind = 'S',lt = {ts '2020-05-25 13:23:18.953'},lu = 'assistenza',primarykey = 'N',sql_declaration = 'varchar(64)',sql_type = 'varchar',system_type = 'System.String' WHERE colname = 'lu' AND tablename = 'progettoudrmembro'
ELSE
INSERT INTO [coldescr] (colname,tablename,col_len,col_precision,col_scale,description,kind,lt,lu,primarykey,sql_declaration,sql_type,system_type) VALUES ('lu','progettoudrmembro','64',null,null,null,'S',{ts '2020-05-25 13:23:18.953'},'assistenza','N','varchar(64)','varchar','System.String')
GO

-- FINE GENERAZIONE SCRIPT --

--[DBO]--
-- CREAZIONE TABELLA progettoudrmembrokind --
IF NOT EXISTS(select * from sysobjects where id = object_id(N'[dbo].[progettoudrmembrokind]') and OBJECTPROPERTY(id, N'IsUserTable') = 1)
BEGIN
CREATE TABLE [dbo].[progettoudrmembrokind] (
idprogettoudrmembrokind int NOT NULL,
active char(1) NOT NULL,
ct datetime NOT NULL,
cu varchar(64) NOT NULL,
description varchar(2048) NULL,
lt datetime NOT NULL,
lu varchar(64) NOT NULL,
sortcode int NULL,
title varchar(50) NULL,
 CONSTRAINT xpkprogettoudrmembrokind PRIMARY KEY (idprogettoudrmembrokind
)
)
END
GO

-- VERIFICA STRUTTURA progettoudrmembrokind --
IF NOT exists(select * from [sysobjects] as T inner join syscolumns C on T.ID = C.ID where t.name = 'progettoudrmembrokind' and C.name = 'idprogettoudrmembrokind' AND (T.uid = USER_ID( ) OR T.uid = USER_ID('dbo')))
BEGIN
	ALTER TABLE [progettoudrmembrokind] ADD idprogettoudrmembrokind int NOT NULL DEFAULT 0
	declare @vincolo varchar(100)
	select @vincolo = object_name(const.constid) from syscolumns col join sysconstraints const on const.id = col.id and const.colid = col.colid where col.id = object_id('progettoudrmembrokind') and col.name = 'idprogettoudrmembrokind' and objectproperty(const.constid, 'IsDefaultCnst')=1
	exec ('ALTER TABLE [progettoudrmembrokind] drop constraint '+@vincolo)
END
GO

IF NOT exists(select * from [sysobjects] as T inner join syscolumns C on T.ID = C.ID where t.name = 'progettoudrmembrokind' and C.name = 'active' AND (T.uid = USER_ID( ) OR T.uid = USER_ID('dbo')))
BEGIN
	ALTER TABLE [progettoudrmembrokind] ADD active char(1) NOT NULL DEFAULT ''
	declare @vincolo varchar(100)
	select @vincolo = object_name(const.constid) from syscolumns col join sysconstraints const on const.id = col.id and const.colid = col.colid where col.id = object_id('progettoudrmembrokind') and col.name = 'active' and objectproperty(const.constid, 'IsDefaultCnst')=1
	exec ('ALTER TABLE [progettoudrmembrokind] drop constraint '+@vincolo)
END
ELSE
	ALTER TABLE [progettoudrmembrokind] ALTER COLUMN active char(1) NOT NULL
GO

IF NOT exists(select * from [sysobjects] as T inner join syscolumns C on T.ID = C.ID where t.name = 'progettoudrmembrokind' and C.name = 'ct' AND (T.uid = USER_ID( ) OR T.uid = USER_ID('dbo')))
BEGIN
	ALTER TABLE [progettoudrmembrokind] ADD ct datetime NOT NULL DEFAULT 01/01/1000
	declare @vincolo varchar(100)
	select @vincolo = object_name(const.constid) from syscolumns col join sysconstraints const on const.id = col.id and const.colid = col.colid where col.id = object_id('progettoudrmembrokind') and col.name = 'ct' and objectproperty(const.constid, 'IsDefaultCnst')=1
	exec ('ALTER TABLE [progettoudrmembrokind] drop constraint '+@vincolo)
END
ELSE
	ALTER TABLE [progettoudrmembrokind] ALTER COLUMN ct datetime NOT NULL
GO

IF NOT exists(select * from [sysobjects] as T inner join syscolumns C on T.ID = C.ID where t.name = 'progettoudrmembrokind' and C.name = 'cu' AND (T.uid = USER_ID( ) OR T.uid = USER_ID('dbo')))
BEGIN
	ALTER TABLE [progettoudrmembrokind] ADD cu varchar(64) NOT NULL DEFAULT ''
	declare @vincolo varchar(100)
	select @vincolo = object_name(const.constid) from syscolumns col join sysconstraints const on const.id = col.id and const.colid = col.colid where col.id = object_id('progettoudrmembrokind') and col.name = 'cu' and objectproperty(const.constid, 'IsDefaultCnst')=1
	exec ('ALTER TABLE [progettoudrmembrokind] drop constraint '+@vincolo)
END
ELSE
	ALTER TABLE [progettoudrmembrokind] ALTER COLUMN cu varchar(64) NOT NULL
GO

IF NOT exists(select * from [sysobjects] as T inner join syscolumns C on T.ID = C.ID where t.name = 'progettoudrmembrokind' and C.name = 'description' AND (T.uid = USER_ID( ) OR T.uid = USER_ID('dbo')))
BEGIN
	ALTER TABLE [progettoudrmembrokind] ADD description varchar(2048) NULL 
END
ELSE
	ALTER TABLE [progettoudrmembrokind] ALTER COLUMN description varchar(2048) NULL
GO

IF NOT exists(select * from [sysobjects] as T inner join syscolumns C on T.ID = C.ID where t.name = 'progettoudrmembrokind' and C.name = 'lt' AND (T.uid = USER_ID( ) OR T.uid = USER_ID('dbo')))
BEGIN
	ALTER TABLE [progettoudrmembrokind] ADD lt datetime NOT NULL DEFAULT 01/01/1000
	declare @vincolo varchar(100)
	select @vincolo = object_name(const.constid) from syscolumns col join sysconstraints const on const.id = col.id and const.colid = col.colid where col.id = object_id('progettoudrmembrokind') and col.name = 'lt' and objectproperty(const.constid, 'IsDefaultCnst')=1
	exec ('ALTER TABLE [progettoudrmembrokind] drop constraint '+@vincolo)
END
ELSE
	ALTER TABLE [progettoudrmembrokind] ALTER COLUMN lt datetime NOT NULL
GO

IF NOT exists(select * from [sysobjects] as T inner join syscolumns C on T.ID = C.ID where t.name = 'progettoudrmembrokind' and C.name = 'lu' AND (T.uid = USER_ID( ) OR T.uid = USER_ID('dbo')))
BEGIN
	ALTER TABLE [progettoudrmembrokind] ADD lu varchar(64) NOT NULL DEFAULT ''
	declare @vincolo varchar(100)
	select @vincolo = object_name(const.constid) from syscolumns col join sysconstraints const on const.id = col.id and const.colid = col.colid where col.id = object_id('progettoudrmembrokind') and col.name = 'lu' and objectproperty(const.constid, 'IsDefaultCnst')=1
	exec ('ALTER TABLE [progettoudrmembrokind] drop constraint '+@vincolo)
END
ELSE
	ALTER TABLE [progettoudrmembrokind] ALTER COLUMN lu varchar(64) NOT NULL
GO

IF NOT exists(select * from [sysobjects] as T inner join syscolumns C on T.ID = C.ID where t.name = 'progettoudrmembrokind' and C.name = 'sortcode' AND (T.uid = USER_ID( ) OR T.uid = USER_ID('dbo')))
BEGIN
	ALTER TABLE [progettoudrmembrokind] ADD sortcode int NULL 
END
ELSE
	ALTER TABLE [progettoudrmembrokind] ALTER COLUMN sortcode int NULL
GO

IF NOT exists(select * from [sysobjects] as T inner join syscolumns C on T.ID = C.ID where t.name = 'progettoudrmembrokind' and C.name = 'title' AND (T.uid = USER_ID( ) OR T.uid = USER_ID('dbo')))
BEGIN
	ALTER TABLE [progettoudrmembrokind] ADD title varchar(50) NULL 
END
ELSE
	ALTER TABLE [progettoudrmembrokind] ALTER COLUMN title varchar(50) NULL
GO

-- VERIFICA DI progettoudrmembrokind IN COLUMNTYPES --
DELETE FROM columntypes WHERE tablename = 'progettoudrmembrokind'
INSERT INTO columntypes (format,allownull,tablename,sqldeclaration,createuser,field,col_len,denynull,sqltype,systemtype,defaultvalue,col_scale,lastmoduser,col_precision,iskey) VALUES('','N','progettoudrmembrokind','int','assistenza','idprogettoudrmembrokind','4','S','int','System.Int32','','','''assistenza''','','S')
GO

INSERT INTO columntypes (format,allownull,tablename,sqldeclaration,createuser,field,col_len,denynull,sqltype,systemtype,defaultvalue,col_scale,lastmoduser,col_precision,iskey) VALUES('','N','progettoudrmembrokind','char(1)','assistenza','active','1','S','char','System.String','','','''assistenza''','','N')
GO

INSERT INTO columntypes (format,allownull,tablename,sqldeclaration,createuser,field,col_len,denynull,sqltype,systemtype,defaultvalue,col_scale,lastmoduser,col_precision,iskey) VALUES('','N','progettoudrmembrokind','datetime','assistenza','ct','8','S','datetime','System.DateTime','','','''assistenza''','','N')
GO

INSERT INTO columntypes (format,allownull,tablename,sqldeclaration,createuser,field,col_len,denynull,sqltype,systemtype,defaultvalue,col_scale,lastmoduser,col_precision,iskey) VALUES('','N','progettoudrmembrokind','varchar(64)','assistenza','cu','64','S','varchar','System.String','','','''assistenza''','','N')
GO

INSERT INTO columntypes (format,allownull,tablename,sqldeclaration,createuser,field,col_len,denynull,sqltype,systemtype,defaultvalue,col_scale,lastmoduser,col_precision,iskey) VALUES('','S','progettoudrmembrokind','varchar(2048)','assistenza','description','2048','N','varchar','System.String','','','''assistenza''','','N')
GO

INSERT INTO columntypes (format,allownull,tablename,sqldeclaration,createuser,field,col_len,denynull,sqltype,systemtype,defaultvalue,col_scale,lastmoduser,col_precision,iskey) VALUES('','N','progettoudrmembrokind','datetime','assistenza','lt','8','S','datetime','System.DateTime','','','''assistenza''','','N')
GO

INSERT INTO columntypes (format,allownull,tablename,sqldeclaration,createuser,field,col_len,denynull,sqltype,systemtype,defaultvalue,col_scale,lastmoduser,col_precision,iskey) VALUES('','N','progettoudrmembrokind','varchar(64)','assistenza','lu','64','S','varchar','System.String','','','''assistenza''','','N')
GO

INSERT INTO columntypes (format,allownull,tablename,sqldeclaration,createuser,field,col_len,denynull,sqltype,systemtype,defaultvalue,col_scale,lastmoduser,col_precision,iskey) VALUES('','S','progettoudrmembrokind','int','assistenza','sortcode','4','N','int','System.Int32','','','''assistenza''','','N')
GO

INSERT INTO columntypes (format,allownull,tablename,sqldeclaration,createuser,field,col_len,denynull,sqltype,systemtype,defaultvalue,col_scale,lastmoduser,col_precision,iskey) VALUES('','S','progettoudrmembrokind','varchar(50)','assistenza','title','50','N','varchar','System.String','','','''assistenza''','','N')
GO

-- VERIFICA DI progettoudrmembrokind IN CUSTOMOBJECT --
IF EXISTS(select * from customobject where objectname = 'progettoudrmembrokind')
UPDATE customobject set isreal = 'S' where objectname = 'progettoudrmembrokind'
ELSE
INSERT INTO customobject (objectname, isreal) values('progettoudrmembrokind', 'S')
GO

-- GENERAZIONE DATI PER progettoudrmembrokind --
IF exists(SELECT * FROM [progettoudrmembrokind] WHERE idprogettoudrmembrokind = '1')
UPDATE [progettoudrmembrokind] SET active = 'S',ct = {ts '2020-06-02 21:49:48.130'},cu = 'ferdinando',description = null,lt = {ts '2020-06-02 21:49:48.130'},lu = 'ferdinando',sortcode = '1',title = 'Membro' WHERE idprogettoudrmembrokind = '1'
ELSE
INSERT INTO [progettoudrmembrokind] (idprogettoudrmembrokind,active,ct,cu,description,lt,lu,sortcode,title) VALUES ('1','S',{ts '2020-06-02 21:49:48.130'},'ferdinando',null,{ts '2020-06-02 21:49:48.130'},'ferdinando','1','Membro')
GO

IF exists(SELECT * FROM [progettoudrmembrokind] WHERE idprogettoudrmembrokind = '2')
UPDATE [progettoudrmembrokind] SET active = 'S',ct = {ts '2020-06-02 21:49:48.130'},cu = 'ferdinando',description = null,lt = {ts '2020-06-02 21:49:48.130'},lu = 'ferdinando',sortcode = '2',title = 'Responsabile scientifico' WHERE idprogettoudrmembrokind = '2'
ELSE
INSERT INTO [progettoudrmembrokind] (idprogettoudrmembrokind,active,ct,cu,description,lt,lu,sortcode,title) VALUES ('2','S',{ts '2020-06-02 21:49:48.130'},'ferdinando',null,{ts '2020-06-02 21:49:48.130'},'ferdinando','2','Responsabile scientifico')
GO

IF exists(SELECT * FROM [progettoudrmembrokind] WHERE idprogettoudrmembrokind = '3')
UPDATE [progettoudrmembrokind] SET active = 'S',ct = {ts '2020-06-02 21:49:48.130'},cu = 'ferdinando',description = null,lt = {ts '2020-06-02 21:49:48.130'},lu = 'ferdinando',sortcode = '3',title = 'Responsabile amministrativo' WHERE idprogettoudrmembrokind = '3'
ELSE
INSERT INTO [progettoudrmembrokind] (idprogettoudrmembrokind,active,ct,cu,description,lt,lu,sortcode,title) VALUES ('3','S',{ts '2020-06-02 21:49:48.130'},'ferdinando',null,{ts '2020-06-02 21:49:48.130'},'ferdinando','3','Responsabile amministrativo')
GO

-- FINE GENERAZIONE SCRIPT --


-- GENERAZIONE DATI PER tabledescr --
IF exists(SELECT * FROM [tabledescr] WHERE tablename = 'progettoudrmembrokind')
UPDATE [tabledescr] SET description = 'Tipologia di membro delle unità di personale',idapplication = null,isdbo = 'N',lt = {ts '2020-11-17 13:03:42.090'},lu = 'assistenza',title = 'Tipologia di membro delle unità di personale' WHERE tablename = 'progettoudrmembrokind'
ELSE
INSERT INTO [tabledescr] (tablename,description,idapplication,isdbo,lt,lu,title) VALUES ('progettoudrmembrokind','Tipologia di membro delle unità di personale',null,'N',{ts '2020-11-17 13:03:42.090'},'assistenza','Tipologia di membro delle unità di personale')
GO

-- FINE GENERAZIONE SCRIPT --


-- GENERAZIONE DATI PER coldescr --
IF exists(SELECT * FROM [coldescr] WHERE colname = 'active' AND tablename = 'progettoudrmembrokind')
UPDATE [coldescr] SET col_len = '1',col_precision = null,col_scale = null,description = 'Attivo',kind = 'S',lt = {ts '2020-11-17 13:04:49.847'},lu = 'assistenza',primarykey = 'N',sql_declaration = 'char(1)',sql_type = 'char',system_type = 'System.String' WHERE colname = 'active' AND tablename = 'progettoudrmembrokind'
ELSE
INSERT INTO [coldescr] (colname,tablename,col_len,col_precision,col_scale,description,kind,lt,lu,primarykey,sql_declaration,sql_type,system_type) VALUES ('active','progettoudrmembrokind','1',null,null,'Attivo','S',{ts '2020-11-17 13:04:49.847'},'assistenza','N','char(1)','char','System.String')
GO

IF exists(SELECT * FROM [coldescr] WHERE colname = 'ct' AND tablename = 'progettoudrmembrokind')
UPDATE [coldescr] SET col_len = '8',col_precision = null,col_scale = null,description = null,kind = 'S',lt = {ts '2020-11-17 13:03:44.817'},lu = 'assistenza',primarykey = 'N',sql_declaration = 'datetime',sql_type = 'datetime',system_type = 'System.DateTime' WHERE colname = 'ct' AND tablename = 'progettoudrmembrokind'
ELSE
INSERT INTO [coldescr] (colname,tablename,col_len,col_precision,col_scale,description,kind,lt,lu,primarykey,sql_declaration,sql_type,system_type) VALUES ('ct','progettoudrmembrokind','8',null,null,null,'S',{ts '2020-11-17 13:03:44.817'},'assistenza','N','datetime','datetime','System.DateTime')
GO

IF exists(SELECT * FROM [coldescr] WHERE colname = 'cu' AND tablename = 'progettoudrmembrokind')
UPDATE [coldescr] SET col_len = '64',col_precision = null,col_scale = null,description = null,kind = 'S',lt = {ts '2020-11-17 13:03:44.817'},lu = 'assistenza',primarykey = 'N',sql_declaration = 'varchar(64)',sql_type = 'varchar',system_type = 'System.String' WHERE colname = 'cu' AND tablename = 'progettoudrmembrokind'
ELSE
INSERT INTO [coldescr] (colname,tablename,col_len,col_precision,col_scale,description,kind,lt,lu,primarykey,sql_declaration,sql_type,system_type) VALUES ('cu','progettoudrmembrokind','64',null,null,null,'S',{ts '2020-11-17 13:03:44.817'},'assistenza','N','varchar(64)','varchar','System.String')
GO

IF exists(SELECT * FROM [coldescr] WHERE colname = 'description' AND tablename = 'progettoudrmembrokind')
UPDATE [coldescr] SET col_len = '2048',col_precision = null,col_scale = null,description = 'Descrizione',kind = 'S',lt = {ts '2020-11-17 13:04:49.847'},lu = 'assistenza',primarykey = 'N',sql_declaration = 'varchar(2048)',sql_type = 'varchar',system_type = 'System.String' WHERE colname = 'description' AND tablename = 'progettoudrmembrokind'
ELSE
INSERT INTO [coldescr] (colname,tablename,col_len,col_precision,col_scale,description,kind,lt,lu,primarykey,sql_declaration,sql_type,system_type) VALUES ('description','progettoudrmembrokind','2048',null,null,'Descrizione','S',{ts '2020-11-17 13:04:49.847'},'assistenza','N','varchar(2048)','varchar','System.String')
GO

IF exists(SELECT * FROM [coldescr] WHERE colname = 'idprogettoudrmembrokind' AND tablename = 'progettoudrmembrokind')
UPDATE [coldescr] SET col_len = '4',col_precision = null,col_scale = null,description = null,kind = 'S',lt = {ts '2020-11-17 13:03:44.820'},lu = 'assistenza',primarykey = 'S',sql_declaration = 'int',sql_type = 'int',system_type = 'System.Int32' WHERE colname = 'idprogettoudrmembrokind' AND tablename = 'progettoudrmembrokind'
ELSE
INSERT INTO [coldescr] (colname,tablename,col_len,col_precision,col_scale,description,kind,lt,lu,primarykey,sql_declaration,sql_type,system_type) VALUES ('idprogettoudrmembrokind','progettoudrmembrokind','4',null,null,null,'S',{ts '2020-11-17 13:03:44.820'},'assistenza','S','int','int','System.Int32')
GO

IF exists(SELECT * FROM [coldescr] WHERE colname = 'lt' AND tablename = 'progettoudrmembrokind')
UPDATE [coldescr] SET col_len = '8',col_precision = null,col_scale = null,description = null,kind = 'S',lt = {ts '2020-11-17 13:03:44.820'},lu = 'assistenza',primarykey = 'N',sql_declaration = 'datetime',sql_type = 'datetime',system_type = 'System.DateTime' WHERE colname = 'lt' AND tablename = 'progettoudrmembrokind'
ELSE
INSERT INTO [coldescr] (colname,tablename,col_len,col_precision,col_scale,description,kind,lt,lu,primarykey,sql_declaration,sql_type,system_type) VALUES ('lt','progettoudrmembrokind','8',null,null,null,'S',{ts '2020-11-17 13:03:44.820'},'assistenza','N','datetime','datetime','System.DateTime')
GO

IF exists(SELECT * FROM [coldescr] WHERE colname = 'lu' AND tablename = 'progettoudrmembrokind')
UPDATE [coldescr] SET col_len = '64',col_precision = null,col_scale = null,description = null,kind = 'S',lt = {ts '2020-11-17 13:03:44.820'},lu = 'assistenza',primarykey = 'N',sql_declaration = 'varchar(64)',sql_type = 'varchar',system_type = 'System.String' WHERE colname = 'lu' AND tablename = 'progettoudrmembrokind'
ELSE
INSERT INTO [coldescr] (colname,tablename,col_len,col_precision,col_scale,description,kind,lt,lu,primarykey,sql_declaration,sql_type,system_type) VALUES ('lu','progettoudrmembrokind','64',null,null,null,'S',{ts '2020-11-17 13:03:44.820'},'assistenza','N','varchar(64)','varchar','System.String')
GO

IF exists(SELECT * FROM [coldescr] WHERE colname = 'sortcode' AND tablename = 'progettoudrmembrokind')
UPDATE [coldescr] SET col_len = '4',col_precision = null,col_scale = null,description = 'Ordinamento',kind = 'S',lt = {ts '2020-11-17 13:04:49.847'},lu = 'assistenza',primarykey = 'N',sql_declaration = 'int',sql_type = 'int',system_type = 'System.Int32' WHERE colname = 'sortcode' AND tablename = 'progettoudrmembrokind'
ELSE
INSERT INTO [coldescr] (colname,tablename,col_len,col_precision,col_scale,description,kind,lt,lu,primarykey,sql_declaration,sql_type,system_type) VALUES ('sortcode','progettoudrmembrokind','4',null,null,'Ordinamento','S',{ts '2020-11-17 13:04:49.847'},'assistenza','N','int','int','System.Int32')
GO

IF exists(SELECT * FROM [coldescr] WHERE colname = 'title' AND tablename = 'progettoudrmembrokind')
UPDATE [coldescr] SET col_len = '50',col_precision = null,col_scale = null,description = 'Tipo di membro',kind = 'S',lt = {ts '2020-11-17 13:04:49.847'},lu = 'assistenza',primarykey = 'N',sql_declaration = 'varchar(50)',sql_type = 'varchar',system_type = 'System.String' WHERE colname = 'title' AND tablename = 'progettoudrmembrokind'
ELSE
INSERT INTO [coldescr] (colname,tablename,col_len,col_precision,col_scale,description,kind,lt,lu,primarykey,sql_declaration,sql_type,system_type) VALUES ('title','progettoudrmembrokind','50',null,null,'Tipo di membro','S',{ts '2020-11-17 13:04:49.847'},'assistenza','N','varchar(50)','varchar','System.String')
GO

-- FINE GENERAZIONE SCRIPT --

--[DBO]--
-- CREAZIONE VISTA accmotivedefaultview
IF EXISTS(select * from sysobjects where id = object_id(N'[dbo].[accmotivedefaultview]') and OBJECTPROPERTY(id, N'IsView') = 1)
DROP VIEW [dbo].[accmotivedefaultview]
GO

CREATE VIEW [dbo].[accmotivedefaultview] AS SELECT CASE WHEN accmotive.active = 'S' THEN 'Si' WHEN accmotive.active = 'N' THEN 'No' END AS accmotive_active, accmotive.codemotive, accmotive.ct AS accmotive_ct, accmotive.cu AS accmotive_cu, accmotive.expensekind AS accmotive_expensekind, accmotive.flag AS accmotive_flag,CASE WHEN accmotive.flagamm = 'S' THEN 'Si' WHEN accmotive.flagamm = 'N' THEN 'No' END AS accmotive_flagamm,CASE WHEN accmotive.flagdep = 'S' THEN 'Si' WHEN accmotive.flagdep = 'N' THEN 'No' END AS accmotive_flagdep, accmotive.idaccmotive, accmotive.lt AS accmotive_lt, accmotive.lu AS accmotive_lu, accmotiveparent.codemotive AS accmotiveparent_codemotive, accmotiveparent.title AS accmotiveparent_title, accmotive.paridaccmotive, accmotive.title AS accmotive_title, isnull('Codice: ' + accmotive.codemotive + '; ','') + ' ' + isnull('Denominazione: ' + accmotive.title + '; ','') as dropdown_title FROM accmotive WITH (NOLOCK)  LEFT OUTER JOIN accmotive AS accmotiveparent WITH (NOLOCK) ON accmotive.paridaccmotive = accmotiveparent.idaccmotive WHERE  accmotive.idaccmotive IS NOT NULL 
GO

-- VERIFICA DI accmotivedefaultview IN COLUMNTYPES --
DELETE FROM columntypes WHERE tablename = 'accmotivedefaultview'
INSERT INTO columntypes (format,allownull,tablename,sqldeclaration,createuser,field,col_len,denynull,sqltype,systemtype,defaultvalue,col_scale,lastmoduser,col_precision,iskey) VALUES('','S','accmotivedefaultview','varchar(2)','ASSISTENZA','accmotive_active','2','N','varchar','System.String','','','''ASSISTENZA''','','N')
GO

INSERT INTO columntypes (format,allownull,tablename,sqldeclaration,createuser,field,col_len,denynull,sqltype,systemtype,defaultvalue,col_scale,lastmoduser,col_precision,iskey) VALUES('','N','accmotivedefaultview','datetime','ASSISTENZA','accmotive_ct','8','S','datetime','System.DateTime','','','''ASSISTENZA''','','N')
GO

INSERT INTO columntypes (format,allownull,tablename,sqldeclaration,createuser,field,col_len,denynull,sqltype,systemtype,defaultvalue,col_scale,lastmoduser,col_precision,iskey) VALUES('','N','accmotivedefaultview','varchar(64)','ASSISTENZA','accmotive_cu','64','S','varchar','System.String','','','''ASSISTENZA''','','N')
GO

INSERT INTO columntypes (format,allownull,tablename,sqldeclaration,createuser,field,col_len,denynull,sqltype,systemtype,defaultvalue,col_scale,lastmoduser,col_precision,iskey) VALUES('','S','accmotivedefaultview','varchar(2)','ASSISTENZA','accmotive_expensekind','2','N','varchar','System.String','','','''ASSISTENZA''','','N')
GO

INSERT INTO columntypes (format,allownull,tablename,sqldeclaration,createuser,field,col_len,denynull,sqltype,systemtype,defaultvalue,col_scale,lastmoduser,col_precision,iskey) VALUES('','S','accmotivedefaultview','int','ASSISTENZA','accmotive_flag','4','N','int','System.Int32','','','''ASSISTENZA''','','N')
GO

INSERT INTO columntypes (format,allownull,tablename,sqldeclaration,createuser,field,col_len,denynull,sqltype,systemtype,defaultvalue,col_scale,lastmoduser,col_precision,iskey) VALUES('','S','accmotivedefaultview','varchar(2)','ASSISTENZA','accmotive_flagamm','2','N','varchar','System.String','','','''ASSISTENZA''','','N')
GO

INSERT INTO columntypes (format,allownull,tablename,sqldeclaration,createuser,field,col_len,denynull,sqltype,systemtype,defaultvalue,col_scale,lastmoduser,col_precision,iskey) VALUES('','S','accmotivedefaultview','varchar(2)','ASSISTENZA','accmotive_flagdep','2','N','varchar','System.String','','','''ASSISTENZA''','','N')
GO

INSERT INTO columntypes (format,allownull,tablename,sqldeclaration,createuser,field,col_len,denynull,sqltype,systemtype,defaultvalue,col_scale,lastmoduser,col_precision,iskey) VALUES('','N','accmotivedefaultview','datetime','ASSISTENZA','accmotive_lt','8','S','datetime','System.DateTime','','','''ASSISTENZA''','','N')
GO

INSERT INTO columntypes (format,allownull,tablename,sqldeclaration,createuser,field,col_len,denynull,sqltype,systemtype,defaultvalue,col_scale,lastmoduser,col_precision,iskey) VALUES('','N','accmotivedefaultview','varchar(64)','ASSISTENZA','accmotive_lu','64','S','varchar','System.String','','','''ASSISTENZA''','','N')
GO

INSERT INTO columntypes (format,allownull,tablename,sqldeclaration,createuser,field,col_len,denynull,sqltype,systemtype,defaultvalue,col_scale,lastmoduser,col_precision,iskey) VALUES('','N','accmotivedefaultview','varchar(150)','ASSISTENZA','accmotive_title','150','S','varchar','System.String','','','''ASSISTENZA''','','N')
GO

INSERT INTO columntypes (format,allownull,tablename,sqldeclaration,createuser,field,col_len,denynull,sqltype,systemtype,defaultvalue,col_scale,lastmoduser,col_precision,iskey) VALUES('','S','accmotivedefaultview','varchar(50)','ASSISTENZA','accmotiveparent_codemotive','50','N','varchar','System.String','','','''ASSISTENZA''','','N')
GO

INSERT INTO columntypes (format,allownull,tablename,sqldeclaration,createuser,field,col_len,denynull,sqltype,systemtype,defaultvalue,col_scale,lastmoduser,col_precision,iskey) VALUES('','S','accmotivedefaultview','varchar(150)','ASSISTENZA','accmotiveparent_title','150','N','varchar','System.String','','','''ASSISTENZA''','','N')
GO

INSERT INTO columntypes (format,allownull,tablename,sqldeclaration,createuser,field,col_len,denynull,sqltype,systemtype,defaultvalue,col_scale,lastmoduser,col_precision,iskey) VALUES('','N','accmotivedefaultview','varchar(50)','ASSISTENZA','codemotive','50','S','varchar','System.String','','','''ASSISTENZA''','','N')
GO

INSERT INTO columntypes (format,allownull,tablename,sqldeclaration,createuser,field,col_len,denynull,sqltype,systemtype,defaultvalue,col_scale,lastmoduser,col_precision,iskey) VALUES('','N','accmotivedefaultview','varchar(228)','ASSISTENZA','dropdown_title','228','S','varchar','System.String','','','''ASSISTENZA''','','N')
GO

INSERT INTO columntypes (format,allownull,tablename,sqldeclaration,createuser,field,col_len,denynull,sqltype,systemtype,defaultvalue,col_scale,lastmoduser,col_precision,iskey) VALUES('','N','accmotivedefaultview','varchar(36)','ASSISTENZA','idaccmotive','36','S','varchar','System.String','','','''ASSISTENZA''','','N')
GO

INSERT INTO columntypes (format,allownull,tablename,sqldeclaration,createuser,field,col_len,denynull,sqltype,systemtype,defaultvalue,col_scale,lastmoduser,col_precision,iskey) VALUES('','S','accmotivedefaultview','varchar(36)','ASSISTENZA','paridaccmotive','36','N','varchar','System.String','','','''ASSISTENZA''','','N')
GO

-- VERIFICA DI accmotivedefaultview IN CUSTOMOBJECT --
IF EXISTS(select * from customobject where objectname = 'accmotivedefaultview')
UPDATE customobject set isreal = 'N' where objectname = 'accmotivedefaultview'
ELSE
INSERT INTO customobject (objectname, isreal) values('accmotivedefaultview', 'N')
GO
-- FINE GENERAZIONE SCRIPT --

--[DBO]--
-- CREAZIONE VISTA accmotivesegview
IF EXISTS(select * from sysobjects where id = object_id(N'[dbo].[accmotivesegview]') and OBJECTPROPERTY(id, N'IsView') = 1)
DROP VIEW [dbo].[accmotivesegview]
GO

CREATE VIEW [dbo].[accmotivesegview] AS SELECT CASE WHEN accmotive.active = 'S' THEN 'Si' WHEN accmotive.active = 'N' THEN 'No' END AS accmotive_active, accmotive.codemotive AS accmotive_codemotive, accmotive.ct AS accmotive_ct, accmotive.cu AS accmotive_cu, accmotive.expensekind AS accmotive_expensekind, accmotive.flag AS accmotive_flag,CASE WHEN accmotive.flagamm = 'S' THEN 'Si' WHEN accmotive.flagamm = 'N' THEN 'No' END AS accmotive_flagamm,CASE WHEN accmotive.flagdep = 'S' THEN 'Si' WHEN accmotive.flagdep = 'N' THEN 'No' END AS accmotive_flagdep, accmotive.idaccmotive, accmotive.lt AS accmotive_lt, accmotive.lu AS accmotive_lu, accmotiveparent.codemotive AS accmotiveparent_codemotive, accmotiveparent.title AS accmotiveparent_title, accmotive.paridaccmotive, accmotive.title, isnull('Causale: ' + accmotive.title + '; ','') + ' ' + isnull('Codice  : ' + accmotive.codemotive + '; ','') as dropdown_title FROM accmotive WITH (NOLOCK)  LEFT OUTER JOIN accmotive AS accmotiveparent WITH (NOLOCK) ON accmotive.paridaccmotive = accmotiveparent.idaccmotive WHERE  isnull(accmotive.active,'S') = 'S' AND accmotive.idaccmotive IS NOT NULL 
GO

-- VERIFICA DI accmotivesegview IN COLUMNTYPES --
DELETE FROM columntypes WHERE tablename = 'accmotivesegview'
INSERT INTO columntypes (format,allownull,tablename,sqldeclaration,createuser,field,col_len,denynull,sqltype,systemtype,defaultvalue,col_scale,lastmoduser,col_precision,iskey) VALUES('','S','accmotivesegview','varchar(2)','ASSISTENZA','accmotive_active','2','N','varchar','System.String','','','''ASSISTENZA''','','N')
GO

INSERT INTO columntypes (format,allownull,tablename,sqldeclaration,createuser,field,col_len,denynull,sqltype,systemtype,defaultvalue,col_scale,lastmoduser,col_precision,iskey) VALUES('','N','accmotivesegview','varchar(50)','ASSISTENZA','accmotive_codemotive','50','S','varchar','System.String','','','''ASSISTENZA''','','N')
GO

INSERT INTO columntypes (format,allownull,tablename,sqldeclaration,createuser,field,col_len,denynull,sqltype,systemtype,defaultvalue,col_scale,lastmoduser,col_precision,iskey) VALUES('','N','accmotivesegview','datetime','ASSISTENZA','accmotive_ct','8','S','datetime','System.DateTime','','','''ASSISTENZA''','','N')
GO

INSERT INTO columntypes (format,allownull,tablename,sqldeclaration,createuser,field,col_len,denynull,sqltype,systemtype,defaultvalue,col_scale,lastmoduser,col_precision,iskey) VALUES('','N','accmotivesegview','varchar(64)','ASSISTENZA','accmotive_cu','64','S','varchar','System.String','','','''ASSISTENZA''','','N')
GO

INSERT INTO columntypes (format,allownull,tablename,sqldeclaration,createuser,field,col_len,denynull,sqltype,systemtype,defaultvalue,col_scale,lastmoduser,col_precision,iskey) VALUES('','S','accmotivesegview','varchar(2)','ASSISTENZA','accmotive_expensekind','2','N','varchar','System.String','','','''ASSISTENZA''','','N')
GO

INSERT INTO columntypes (format,allownull,tablename,sqldeclaration,createuser,field,col_len,denynull,sqltype,systemtype,defaultvalue,col_scale,lastmoduser,col_precision,iskey) VALUES('','S','accmotivesegview','int','ASSISTENZA','accmotive_flag','4','N','int','System.Int32','','','''ASSISTENZA''','','N')
GO

INSERT INTO columntypes (format,allownull,tablename,sqldeclaration,createuser,field,col_len,denynull,sqltype,systemtype,defaultvalue,col_scale,lastmoduser,col_precision,iskey) VALUES('','S','accmotivesegview','varchar(2)','ASSISTENZA','accmotive_flagamm','2','N','varchar','System.String','','','''ASSISTENZA''','','N')
GO

INSERT INTO columntypes (format,allownull,tablename,sqldeclaration,createuser,field,col_len,denynull,sqltype,systemtype,defaultvalue,col_scale,lastmoduser,col_precision,iskey) VALUES('','S','accmotivesegview','varchar(2)','ASSISTENZA','accmotive_flagdep','2','N','varchar','System.String','','','''ASSISTENZA''','','N')
GO

INSERT INTO columntypes (format,allownull,tablename,sqldeclaration,createuser,field,col_len,denynull,sqltype,systemtype,defaultvalue,col_scale,lastmoduser,col_precision,iskey) VALUES('','N','accmotivesegview','datetime','ASSISTENZA','accmotive_lt','8','S','datetime','System.DateTime','','','''ASSISTENZA''','','N')
GO

INSERT INTO columntypes (format,allownull,tablename,sqldeclaration,createuser,field,col_len,denynull,sqltype,systemtype,defaultvalue,col_scale,lastmoduser,col_precision,iskey) VALUES('','N','accmotivesegview','varchar(64)','ASSISTENZA','accmotive_lu','64','S','varchar','System.String','','','''ASSISTENZA''','','N')
GO

INSERT INTO columntypes (format,allownull,tablename,sqldeclaration,createuser,field,col_len,denynull,sqltype,systemtype,defaultvalue,col_scale,lastmoduser,col_precision,iskey) VALUES('','S','accmotivesegview','varchar(50)','ASSISTENZA','accmotiveparent_codemotive','50','N','varchar','System.String','','','''ASSISTENZA''','','N')
GO

INSERT INTO columntypes (format,allownull,tablename,sqldeclaration,createuser,field,col_len,denynull,sqltype,systemtype,defaultvalue,col_scale,lastmoduser,col_precision,iskey) VALUES('','S','accmotivesegview','varchar(150)','ASSISTENZA','accmotiveparent_title','150','N','varchar','System.String','','','''ASSISTENZA''','','N')
GO

INSERT INTO columntypes (format,allownull,tablename,sqldeclaration,createuser,field,col_len,denynull,sqltype,systemtype,defaultvalue,col_scale,lastmoduser,col_precision,iskey) VALUES('','N','accmotivesegview','varchar(224)','ASSISTENZA','dropdown_title','224','S','varchar','System.String','','','''ASSISTENZA''','','N')
GO

INSERT INTO columntypes (format,allownull,tablename,sqldeclaration,createuser,field,col_len,denynull,sqltype,systemtype,defaultvalue,col_scale,lastmoduser,col_precision,iskey) VALUES('','N','accmotivesegview','varchar(36)','ASSISTENZA','idaccmotive','36','S','varchar','System.String','','','''ASSISTENZA''','','N')
GO

INSERT INTO columntypes (format,allownull,tablename,sqldeclaration,createuser,field,col_len,denynull,sqltype,systemtype,defaultvalue,col_scale,lastmoduser,col_precision,iskey) VALUES('','S','accmotivesegview','varchar(36)','ASSISTENZA','paridaccmotive','36','N','varchar','System.String','','','''ASSISTENZA''','','N')
GO

INSERT INTO columntypes (format,allownull,tablename,sqldeclaration,createuser,field,col_len,denynull,sqltype,systemtype,defaultvalue,col_scale,lastmoduser,col_precision,iskey) VALUES('','N','accmotivesegview','varchar(150)','ASSISTENZA','title','150','S','varchar','System.String','','','''ASSISTENZA''','','N')
GO

-- VERIFICA DI accmotivesegview IN CUSTOMOBJECT --
IF EXISTS(select * from customobject where objectname = 'accmotivesegview')
UPDATE customobject set isreal = 'N' where objectname = 'accmotivesegview'
ELSE
INSERT INTO customobject (objectname, isreal) values('accmotivesegview', 'N')
GO
-- FINE GENERAZIONE SCRIPT --

--[DBO]--
-- CREAZIONE VISTA progettokindsegview
IF EXISTS(select * from sysobjects where id = object_id(N'[dbo].[progettokindsegview]') and OBJECTPROPERTY(id, N'IsView') = 1)
DROP VIEW [dbo].[progettokindsegview]
GO

CREATE VIEW [dbo].[progettokindsegview] AS SELECT  progettokind.ct AS progettokind_ct, progettokind.cu AS progettokind_cu, progettokind.description AS progettokind_description,CASE WHEN progettokind.idcorsostudio = 'S' THEN 'Si' WHEN progettokind.idcorsostudio = 'N' THEN 'No' END AS progettokind_idcorsostudio, progettoactivitykind.title AS progettoactivitykind_title, progettokind.idprogettoactivitykind AS progettokind_idprogettoactivitykind, progettokind.idprogettokind, progettokind.lt AS progettokind_lt, progettokind.lu AS progettokind_lu, progettokind.oredivisionecostostipendio AS progettokind_oredivisionecostostipendio, progettokind.title, isnull('Titolo: ' + progettokind.title + '; ','') as dropdown_title FROM progettokind WITH (NOLOCK)  LEFT OUTER JOIN progettoactivitykind WITH (NOLOCK) ON progettokind.idprogettoactivitykind = progettoactivitykind.idprogettoactivitykind WHERE  progettokind.idprogettokind IS NOT NULL 
GO

-- VERIFICA DI progettokindsegview IN COLUMNTYPES --
DELETE FROM columntypes WHERE tablename = 'progettokindsegview'
INSERT INTO columntypes (format,allownull,tablename,sqldeclaration,createuser,field,col_len,denynull,sqltype,systemtype,defaultvalue,col_scale,lastmoduser,col_precision,iskey) VALUES('','N','progettokindsegview','nvarchar(2058)','ASSISTENZA','dropdown_title','2058','S','nvarchar','System.String','','','''ASSISTENZA''','','N')
GO

INSERT INTO columntypes (format,allownull,tablename,sqldeclaration,createuser,field,col_len,denynull,sqltype,systemtype,defaultvalue,col_scale,lastmoduser,col_precision,iskey) VALUES('','N','progettokindsegview','int','ASSISTENZA','idprogettokind','4','S','int','System.Int32','','','''ASSISTENZA''','','N')
GO

INSERT INTO columntypes (format,allownull,tablename,sqldeclaration,createuser,field,col_len,denynull,sqltype,systemtype,defaultvalue,col_scale,lastmoduser,col_precision,iskey) VALUES('','S','progettokindsegview','nvarchar(2048)','ASSISTENZA','progettoactivitykind_title','2048','N','nvarchar','System.String','','','''ASSISTENZA''','','N')
GO

INSERT INTO columntypes (format,allownull,tablename,sqldeclaration,createuser,field,col_len,denynull,sqltype,systemtype,defaultvalue,col_scale,lastmoduser,col_precision,iskey) VALUES('','S','progettokindsegview','datetime','ASSISTENZA','progettokind_ct','8','N','datetime','System.DateTime','','','''ASSISTENZA''','','N')
GO

INSERT INTO columntypes (format,allownull,tablename,sqldeclaration,createuser,field,col_len,denynull,sqltype,systemtype,defaultvalue,col_scale,lastmoduser,col_precision,iskey) VALUES('','S','progettokindsegview','varchar(64)','ASSISTENZA','progettokind_cu','64','N','varchar','System.String','','','''ASSISTENZA''','','N')
GO

INSERT INTO columntypes (format,allownull,tablename,sqldeclaration,createuser,field,col_len,denynull,sqltype,systemtype,defaultvalue,col_scale,lastmoduser,col_precision,iskey) VALUES('','S','progettokindsegview','nvarchar(max)','ASSISTENZA','progettokind_description','0','N','nvarchar','System.String','','','''ASSISTENZA''','','N')
GO

INSERT INTO columntypes (format,allownull,tablename,sqldeclaration,createuser,field,col_len,denynull,sqltype,systemtype,defaultvalue,col_scale,lastmoduser,col_precision,iskey) VALUES('','S','progettokindsegview','varchar(2)','','progettokind_idcorsostudio','2','N','varchar','System.String','','','','','N')
GO

INSERT INTO columntypes (format,allownull,tablename,sqldeclaration,createuser,field,col_len,denynull,sqltype,systemtype,defaultvalue,col_scale,lastmoduser,col_precision,iskey) VALUES('','S','progettokindsegview','int','ASSISTENZA','progettokind_idprogettoactivitykind','4','N','int','System.Int32','','','''ASSISTENZA''','','N')
GO

INSERT INTO columntypes (format,allownull,tablename,sqldeclaration,createuser,field,col_len,denynull,sqltype,systemtype,defaultvalue,col_scale,lastmoduser,col_precision,iskey) VALUES('','S','progettokindsegview','datetime','ASSISTENZA','progettokind_lt','8','N','datetime','System.DateTime','','','''ASSISTENZA''','','N')
GO

INSERT INTO columntypes (format,allownull,tablename,sqldeclaration,createuser,field,col_len,denynull,sqltype,systemtype,defaultvalue,col_scale,lastmoduser,col_precision,iskey) VALUES('','S','progettokindsegview','varchar(64)','ASSISTENZA','progettokind_lu','64','N','varchar','System.String','','','''ASSISTENZA''','','N')
GO

INSERT INTO columntypes (format,allownull,tablename,sqldeclaration,createuser,field,col_len,denynull,sqltype,systemtype,defaultvalue,col_scale,lastmoduser,col_precision,iskey) VALUES('','S','progettokindsegview','int','ASSISTENZA','progettokind_oredivisionecostostipendio','4','N','int','System.Int32','','','''ASSISTENZA''','','N')
GO

INSERT INTO columntypes (format,allownull,tablename,sqldeclaration,createuser,field,col_len,denynull,sqltype,systemtype,defaultvalue,col_scale,lastmoduser,col_precision,iskey) VALUES('','S','progettokindsegview','nvarchar(2048)','ASSISTENZA','title','2048','N','nvarchar','System.String','','','''ASSISTENZA''','','N')
GO

-- VERIFICA DI progettokindsegview IN CUSTOMOBJECT --
IF EXISTS(select * from customobject where objectname = 'progettokindsegview')
UPDATE customobject set isreal = 'N' where objectname = 'progettokindsegview'
ELSE
INSERT INTO customobject (objectname, isreal) values('progettokindsegview', 'N')
GO
-- FINE GENERAZIONE SCRIPT --

--[DBO]--
-- CREAZIONE VISTA progettosegview
IF EXISTS(select * from sysobjects where id = object_id(N'[dbo].[progettosegview]') and OBJECTPROPERTY(id, N'IsView') = 1)
DROP VIEW [dbo].[progettosegview]
GO

CREATE VIEW [dbo].[progettosegview] AS SELECT  progetto.budget AS progetto_budget, progetto.budgetcalcolato AS progetto_budgetcalcolato, progetto.budgetcalcolatodate AS progetto_budgetcalcolatodate, progetto.capofilatxt AS progetto_capofilatxt, progetto.codiceidentificativo AS progetto_codiceidentificativo, progetto.contributo AS progetto_contributo, progetto.contributoente AS progetto_contributoente, progetto.ct AS progetto_ct, progetto.cu AS progetto_cu, progetto.cup AS progetto_cup, progetto.data AS progetto_data, progetto.description AS progetto_description, progetto.durata AS progetto_durata, progetto.finanziatoretxt AS progetto_finanziatoretxt, corsostudio.title AS corsostudio_title, corsostudio.annoistituz AS corsostudio_annoistituz, progetto.idcorsostudio, currency.codecurrency AS currency_codecurrency, progetto.idcurrency, duratakind.title AS duratakind_title, progetto.idduratakind AS progetto_idduratakind, progetto.idprogetto, progettokind.title AS progettokind_title, progetto.idprogettokind AS progetto_idprogettokind, progettostatuskind.title AS progettostatuskind_title, progetto.idprogettostatuskind AS progetto_idprogettostatuskind, registry.title AS registry_title, progetto.idreg, registry_registry_aziendeaziende.title AS registryaziende_title, progetto.idreg_aziende, registry_registry_aziendeaziende_fin.title AS registryaziende_fin_title, progetto.idreg_aziende_fin, registryprogfin.title AS registryprogfin_title, registryprogfin.code AS registryprogfin_code, progetto.idregistryprogfin AS progetto_idregistryprogfin, registryprogfinbando.title AS registryprogfinbando_title, registryprogfinbando.number AS registryprogfinbando_number, registryprogfinbando.scadenza AS registryprogfinbando_scadenza, progetto.idregistryprogfinbando AS progetto_idregistryprogfinbando, progetto.lt AS progetto_lt, progetto.lu AS progetto_lu, progetto.start AS progetto_start, progetto.stop AS progetto_stop, progetto.title AS progetto_title, progetto.titolobreve, progetto.totalbudget AS progetto_totalbudget, progetto.totalcontributo AS progetto_totalcontributo, progetto.url AS progetto_url, isnull('Titolo breve o acronimo: ' + progetto.titolobreve + '; ','') as dropdown_title FROM progetto WITH (NOLOCK)  LEFT OUTER JOIN corsostudio WITH (NOLOCK) ON progetto.idcorsostudio = corsostudio.idcorsostudio LEFT OUTER JOIN currency WITH (NOLOCK) ON progetto.idcurrency = currency.idcurrency LEFT OUTER JOIN duratakind WITH (NOLOCK) ON progetto.idduratakind = duratakind.idduratakind LEFT OUTER JOIN progettokind WITH (NOLOCK) ON progetto.idprogettokind = progettokind.idprogettokind LEFT OUTER JOIN progettostatuskind WITH (NOLOCK) ON progetto.idprogettostatuskind = progettostatuskind.idprogettostatuskind LEFT OUTER JOIN registry WITH (NOLOCK) ON progetto.idreg = registry.idreg LEFT OUTER JOIN registry_aziende AS registry_aziendeaziende WITH (NOLOCK) ON progetto.idreg_aziende = registry_aziendeaziende.idreg LEFT OUTER JOIN registry AS registry_registry_aziendeaziende WITH (NOLOCK) ON registry_aziendeaziende.idreg = registry_registry_aziendeaziende.idreg LEFT OUTER JOIN registry_aziende AS registry_aziendeaziende_fin WITH (NOLOCK) ON progetto.idreg_aziende_fin = registry_aziendeaziende_fin.idreg LEFT OUTER JOIN registry AS registry_registry_aziendeaziende_fin WITH (NOLOCK) ON registry_aziendeaziende_fin.idreg = registry_registry_aziendeaziende_fin.idreg LEFT OUTER JOIN registryprogfin WITH (NOLOCK) ON progetto.idregistryprogfin = registryprogfin.idregistryprogfin LEFT OUTER JOIN registryprogfinbando WITH (NOLOCK) ON progetto.idregistryprogfinbando = registryprogfinbando.idregistryprogfinbando WHERE  progetto.idprogetto IS NOT NULL 
GO

-- VERIFICA DI progettosegview IN COLUMNTYPES --
DELETE FROM columntypes WHERE tablename = 'progettosegview'
INSERT INTO columntypes (format,allownull,tablename,sqldeclaration,createuser,field,col_len,denynull,sqltype,systemtype,defaultvalue,col_scale,lastmoduser,col_precision,iskey) VALUES('','S','progettosegview','int','ASSISTENZA','corsostudio_annoistituz','4','N','int','System.Int32','','','''ASSISTENZA''','','N')
GO

INSERT INTO columntypes (format,allownull,tablename,sqldeclaration,createuser,field,col_len,denynull,sqltype,systemtype,defaultvalue,col_scale,lastmoduser,col_precision,iskey) VALUES('','S','progettosegview','varchar(1024)','ASSISTENZA','corsostudio_title','1024','N','varchar','System.String','','','''ASSISTENZA''','','N')
GO

INSERT INTO columntypes (format,allownull,tablename,sqldeclaration,createuser,field,col_len,denynull,sqltype,systemtype,defaultvalue,col_scale,lastmoduser,col_precision,iskey) VALUES('','S','progettosegview','varchar(20)','','currency_codecurrency','20','N','varchar','System.String','','','','','N')
GO

INSERT INTO columntypes (format,allownull,tablename,sqldeclaration,createuser,field,col_len,denynull,sqltype,systemtype,defaultvalue,col_scale,lastmoduser,col_precision,iskey) VALUES('','N','progettosegview','nvarchar(2075)','ASSISTENZA','dropdown_title','2075','S','nvarchar','System.String','','','''ASSISTENZA''','','N')
GO

INSERT INTO columntypes (format,allownull,tablename,sqldeclaration,createuser,field,col_len,denynull,sqltype,systemtype,defaultvalue,col_scale,lastmoduser,col_precision,iskey) VALUES('','S','progettosegview','varchar(50)','ASSISTENZA','duratakind_title','50','N','varchar','System.String','','','''ASSISTENZA''','','N')
GO

INSERT INTO columntypes (format,allownull,tablename,sqldeclaration,createuser,field,col_len,denynull,sqltype,systemtype,defaultvalue,col_scale,lastmoduser,col_precision,iskey) VALUES('','S','progettosegview','int','ASSISTENZA','idcorsostudio','4','N','int','System.Int32','','','''ASSISTENZA''','','N')
GO

INSERT INTO columntypes (format,allownull,tablename,sqldeclaration,createuser,field,col_len,denynull,sqltype,systemtype,defaultvalue,col_scale,lastmoduser,col_precision,iskey) VALUES('','S','progettosegview','int','','idcurrency','4','N','int','System.Int32','','','','','N')
GO

INSERT INTO columntypes (format,allownull,tablename,sqldeclaration,createuser,field,col_len,denynull,sqltype,systemtype,defaultvalue,col_scale,lastmoduser,col_precision,iskey) VALUES('','N','progettosegview','int','ASSISTENZA','idprogetto','4','S','int','System.Int32','','','''ASSISTENZA''','','N')
GO

INSERT INTO columntypes (format,allownull,tablename,sqldeclaration,createuser,field,col_len,denynull,sqltype,systemtype,defaultvalue,col_scale,lastmoduser,col_precision,iskey) VALUES('','S','progettosegview','int','ASSISTENZA','idreg','4','N','int','System.Int32','','','''ASSISTENZA''','','N')
GO

INSERT INTO columntypes (format,allownull,tablename,sqldeclaration,createuser,field,col_len,denynull,sqltype,systemtype,defaultvalue,col_scale,lastmoduser,col_precision,iskey) VALUES('','S','progettosegview','int','ASSISTENZA','idreg_aziende','4','N','int','System.Int32','','','''ASSISTENZA''','','N')
GO

INSERT INTO columntypes (format,allownull,tablename,sqldeclaration,createuser,field,col_len,denynull,sqltype,systemtype,defaultvalue,col_scale,lastmoduser,col_precision,iskey) VALUES('','S','progettosegview','int','ASSISTENZA','idreg_aziende_fin','4','N','int','System.Int32','','','''ASSISTENZA''','','N')
GO

INSERT INTO columntypes (format,allownull,tablename,sqldeclaration,createuser,field,col_len,denynull,sqltype,systemtype,defaultvalue,col_scale,lastmoduser,col_precision,iskey) VALUES('','S','progettosegview','decimal(14,2)','ASSISTENZA','progetto_budget','9','N','decimal','System.Decimal','','2','''ASSISTENZA''','14','N')
GO

INSERT INTO columntypes (format,allownull,tablename,sqldeclaration,createuser,field,col_len,denynull,sqltype,systemtype,defaultvalue,col_scale,lastmoduser,col_precision,iskey) VALUES('','S','progettosegview','decimal(14,2)','ASSISTENZA','progetto_budgetcalcolato','9','N','decimal','System.Decimal','','2','''ASSISTENZA''','14','N')
GO

INSERT INTO columntypes (format,allownull,tablename,sqldeclaration,createuser,field,col_len,denynull,sqltype,systemtype,defaultvalue,col_scale,lastmoduser,col_precision,iskey) VALUES('','S','progettosegview','datetime','ASSISTENZA','progetto_budgetcalcolatodate','8','N','datetime','System.DateTime','','','''ASSISTENZA''','','N')
GO

INSERT INTO columntypes (format,allownull,tablename,sqldeclaration,createuser,field,col_len,denynull,sqltype,systemtype,defaultvalue,col_scale,lastmoduser,col_precision,iskey) VALUES('','S','progettosegview','nvarchar(2048)','ASSISTENZA','progetto_capofilatxt','2048','N','nvarchar','System.String','','','''ASSISTENZA''','','N')
GO

INSERT INTO columntypes (format,allownull,tablename,sqldeclaration,createuser,field,col_len,denynull,sqltype,systemtype,defaultvalue,col_scale,lastmoduser,col_precision,iskey) VALUES('','S','progettosegview','varchar(2048)','','progetto_codiceidentificativo','2048','N','varchar','System.String','','','','','N')
GO

INSERT INTO columntypes (format,allownull,tablename,sqldeclaration,createuser,field,col_len,denynull,sqltype,systemtype,defaultvalue,col_scale,lastmoduser,col_precision,iskey) VALUES('','S','progettosegview','decimal(14,2)','ASSISTENZA','progetto_contributo','9','N','decimal','System.Decimal','','2','''ASSISTENZA''','14','N')
GO

INSERT INTO columntypes (format,allownull,tablename,sqldeclaration,createuser,field,col_len,denynull,sqltype,systemtype,defaultvalue,col_scale,lastmoduser,col_precision,iskey) VALUES('','S','progettosegview','decimal(14,2)','ASSISTENZA','progetto_contributoente','9','N','decimal','System.Decimal','','2','''ASSISTENZA''','14','N')
GO

INSERT INTO columntypes (format,allownull,tablename,sqldeclaration,createuser,field,col_len,denynull,sqltype,systemtype,defaultvalue,col_scale,lastmoduser,col_precision,iskey) VALUES('','N','progettosegview','datetime','ASSISTENZA','progetto_ct','8','S','datetime','System.DateTime','','','''ASSISTENZA''','','N')
GO

INSERT INTO columntypes (format,allownull,tablename,sqldeclaration,createuser,field,col_len,denynull,sqltype,systemtype,defaultvalue,col_scale,lastmoduser,col_precision,iskey) VALUES('','N','progettosegview','varchar(64)','ASSISTENZA','progetto_cu','64','S','varchar','System.String','','','''ASSISTENZA''','','N')
GO

INSERT INTO columntypes (format,allownull,tablename,sqldeclaration,createuser,field,col_len,denynull,sqltype,systemtype,defaultvalue,col_scale,lastmoduser,col_precision,iskey) VALUES('','S','progettosegview','varchar(15)','ASSISTENZA','progetto_cup','15','N','varchar','System.String','','','''ASSISTENZA''','','N')
GO

INSERT INTO columntypes (format,allownull,tablename,sqldeclaration,createuser,field,col_len,denynull,sqltype,systemtype,defaultvalue,col_scale,lastmoduser,col_precision,iskey) VALUES('','S','progettosegview','date','ASSISTENZA','progetto_data','3','N','date','System.DateTime','','','''ASSISTENZA''','','N')
GO

INSERT INTO columntypes (format,allownull,tablename,sqldeclaration,createuser,field,col_len,denynull,sqltype,systemtype,defaultvalue,col_scale,lastmoduser,col_precision,iskey) VALUES('','S','progettosegview','nvarchar(max)','ASSISTENZA','progetto_description','0','N','nvarchar','System.String','','','''ASSISTENZA''','','N')
GO

INSERT INTO columntypes (format,allownull,tablename,sqldeclaration,createuser,field,col_len,denynull,sqltype,systemtype,defaultvalue,col_scale,lastmoduser,col_precision,iskey) VALUES('','S','progettosegview','int','ASSISTENZA','progetto_durata','4','N','int','System.Int32','','','''ASSISTENZA''','','N')
GO

INSERT INTO columntypes (format,allownull,tablename,sqldeclaration,createuser,field,col_len,denynull,sqltype,systemtype,defaultvalue,col_scale,lastmoduser,col_precision,iskey) VALUES('','S','progettosegview','nvarchar(2048)','ASSISTENZA','progetto_finanziatoretxt','2048','N','nvarchar','System.String','','','''ASSISTENZA''','','N')
GO

INSERT INTO columntypes (format,allownull,tablename,sqldeclaration,createuser,field,col_len,denynull,sqltype,systemtype,defaultvalue,col_scale,lastmoduser,col_precision,iskey) VALUES('','S','progettosegview','int','ASSISTENZA','progetto_idduratakind','4','N','int','System.Int32','','','''ASSISTENZA''','','N')
GO

INSERT INTO columntypes (format,allownull,tablename,sqldeclaration,createuser,field,col_len,denynull,sqltype,systemtype,defaultvalue,col_scale,lastmoduser,col_precision,iskey) VALUES('','S','progettosegview','int','ASSISTENZA','progetto_idprogettokind','4','N','int','System.Int32','','','''ASSISTENZA''','','N')
GO

INSERT INTO columntypes (format,allownull,tablename,sqldeclaration,createuser,field,col_len,denynull,sqltype,systemtype,defaultvalue,col_scale,lastmoduser,col_precision,iskey) VALUES('','S','progettosegview','int','ASSISTENZA','progetto_idprogettostatuskind','4','N','int','System.Int32','','','''ASSISTENZA''','','N')
GO

INSERT INTO columntypes (format,allownull,tablename,sqldeclaration,createuser,field,col_len,denynull,sqltype,systemtype,defaultvalue,col_scale,lastmoduser,col_precision,iskey) VALUES('','S','progettosegview','int','ASSISTENZA','progetto_idregistryprogfin','4','N','int','System.Int32','','','''ASSISTENZA''','','N')
GO

INSERT INTO columntypes (format,allownull,tablename,sqldeclaration,createuser,field,col_len,denynull,sqltype,systemtype,defaultvalue,col_scale,lastmoduser,col_precision,iskey) VALUES('','S','progettosegview','int','ASSISTENZA','progetto_idregistryprogfinbando','4','N','int','System.Int32','','','''ASSISTENZA''','','N')
GO

INSERT INTO columntypes (format,allownull,tablename,sqldeclaration,createuser,field,col_len,denynull,sqltype,systemtype,defaultvalue,col_scale,lastmoduser,col_precision,iskey) VALUES('','N','progettosegview','datetime','ASSISTENZA','progetto_lt','8','S','datetime','System.DateTime','','','''ASSISTENZA''','','N')
GO

INSERT INTO columntypes (format,allownull,tablename,sqldeclaration,createuser,field,col_len,denynull,sqltype,systemtype,defaultvalue,col_scale,lastmoduser,col_precision,iskey) VALUES('','N','progettosegview','varchar(64)','ASSISTENZA','progetto_lu','64','S','varchar','System.String','','','''ASSISTENZA''','','N')
GO

INSERT INTO columntypes (format,allownull,tablename,sqldeclaration,createuser,field,col_len,denynull,sqltype,systemtype,defaultvalue,col_scale,lastmoduser,col_precision,iskey) VALUES('','S','progettosegview','date','ASSISTENZA','progetto_start','3','N','date','System.DateTime','','','''ASSISTENZA''','','N')
GO

INSERT INTO columntypes (format,allownull,tablename,sqldeclaration,createuser,field,col_len,denynull,sqltype,systemtype,defaultvalue,col_scale,lastmoduser,col_precision,iskey) VALUES('','S','progettosegview','date','ASSISTENZA','progetto_stop','3','N','date','System.DateTime','','','''ASSISTENZA''','','N')
GO

INSERT INTO columntypes (format,allownull,tablename,sqldeclaration,createuser,field,col_len,denynull,sqltype,systemtype,defaultvalue,col_scale,lastmoduser,col_precision,iskey) VALUES('','S','progettosegview','nvarchar(4000)','ASSISTENZA','progetto_title','4000','N','nvarchar','System.String','','','''ASSISTENZA''','','N')
GO

INSERT INTO columntypes (format,allownull,tablename,sqldeclaration,createuser,field,col_len,denynull,sqltype,systemtype,defaultvalue,col_scale,lastmoduser,col_precision,iskey) VALUES('','S','progettosegview','decimal(14,2)','ASSISTENZA','progetto_totalbudget','9','N','decimal','System.Decimal','','2','''ASSISTENZA''','14','N')
GO

INSERT INTO columntypes (format,allownull,tablename,sqldeclaration,createuser,field,col_len,denynull,sqltype,systemtype,defaultvalue,col_scale,lastmoduser,col_precision,iskey) VALUES('','S','progettosegview','decimal(14,2)','','progetto_totalcontributo','9','N','decimal','System.Decimal','','2','','14','N')
GO

INSERT INTO columntypes (format,allownull,tablename,sqldeclaration,createuser,field,col_len,denynull,sqltype,systemtype,defaultvalue,col_scale,lastmoduser,col_precision,iskey) VALUES('','S','progettosegview','varchar(1024)','','progetto_url','1024','N','varchar','System.String','','','','','N')
GO

INSERT INTO columntypes (format,allownull,tablename,sqldeclaration,createuser,field,col_len,denynull,sqltype,systemtype,defaultvalue,col_scale,lastmoduser,col_precision,iskey) VALUES('','S','progettosegview','nvarchar(2048)','ASSISTENZA','progettokind_title','2048','N','nvarchar','System.String','','','''ASSISTENZA''','','N')
GO

INSERT INTO columntypes (format,allownull,tablename,sqldeclaration,createuser,field,col_len,denynull,sqltype,systemtype,defaultvalue,col_scale,lastmoduser,col_precision,iskey) VALUES('','S','progettosegview','varchar(50)','ASSISTENZA','progettostatuskind_title','50','N','varchar','System.String','','','''ASSISTENZA''','','N')
GO

INSERT INTO columntypes (format,allownull,tablename,sqldeclaration,createuser,field,col_len,denynull,sqltype,systemtype,defaultvalue,col_scale,lastmoduser,col_precision,iskey) VALUES('','S','progettosegview','varchar(101)','ASSISTENZA','registry_title','101','N','varchar','System.String','','','''ASSISTENZA''','','N')
GO

INSERT INTO columntypes (format,allownull,tablename,sqldeclaration,createuser,field,col_len,denynull,sqltype,systemtype,defaultvalue,col_scale,lastmoduser,col_precision,iskey) VALUES('','S','progettosegview','varchar(101)','ASSISTENZA','registryaziende_fin_title','101','N','varchar','System.String','','','''ASSISTENZA''','','N')
GO

INSERT INTO columntypes (format,allownull,tablename,sqldeclaration,createuser,field,col_len,denynull,sqltype,systemtype,defaultvalue,col_scale,lastmoduser,col_precision,iskey) VALUES('','S','progettosegview','varchar(101)','ASSISTENZA','registryaziende_title','101','N','varchar','System.String','','','''ASSISTENZA''','','N')
GO

INSERT INTO columntypes (format,allownull,tablename,sqldeclaration,createuser,field,col_len,denynull,sqltype,systemtype,defaultvalue,col_scale,lastmoduser,col_precision,iskey) VALUES('','S','progettosegview','nvarchar(2048)','ASSISTENZA','registryprogfin_code','2048','N','nvarchar','System.String','','','''ASSISTENZA''','','N')
GO

INSERT INTO columntypes (format,allownull,tablename,sqldeclaration,createuser,field,col_len,denynull,sqltype,systemtype,defaultvalue,col_scale,lastmoduser,col_precision,iskey) VALUES('','S','progettosegview','nvarchar(2048)','ASSISTENZA','registryprogfin_title','2048','N','nvarchar','System.String','','','''ASSISTENZA''','','N')
GO

INSERT INTO columntypes (format,allownull,tablename,sqldeclaration,createuser,field,col_len,denynull,sqltype,systemtype,defaultvalue,col_scale,lastmoduser,col_precision,iskey) VALUES('','S','progettosegview','nvarchar(2048)','ASSISTENZA','registryprogfinbando_number','2048','N','nvarchar','System.String','','','''ASSISTENZA''','','N')
GO

INSERT INTO columntypes (format,allownull,tablename,sqldeclaration,createuser,field,col_len,denynull,sqltype,systemtype,defaultvalue,col_scale,lastmoduser,col_precision,iskey) VALUES('','S','progettosegview','date','ASSISTENZA','registryprogfinbando_scadenza','3','N','date','System.DateTime','','','''ASSISTENZA''','','N')
GO

INSERT INTO columntypes (format,allownull,tablename,sqldeclaration,createuser,field,col_len,denynull,sqltype,systemtype,defaultvalue,col_scale,lastmoduser,col_precision,iskey) VALUES('','S','progettosegview','nvarchar(2048)','ASSISTENZA','registryprogfinbando_title','2048','N','nvarchar','System.String','','','''ASSISTENZA''','','N')
GO

INSERT INTO columntypes (format,allownull,tablename,sqldeclaration,createuser,field,col_len,denynull,sqltype,systemtype,defaultvalue,col_scale,lastmoduser,col_precision,iskey) VALUES('','S','progettosegview','nvarchar(2048)','ASSISTENZA','titolobreve','2048','N','nvarchar','System.String','','','''ASSISTENZA''','','N')
GO

-- VERIFICA DI progettosegview IN CUSTOMOBJECT --
IF EXISTS(select * from customobject where objectname = 'progettosegview')
UPDATE customobject set isreal = 'N' where objectname = 'progettosegview'
ELSE
INSERT INTO customobject (objectname, isreal) values('progettosegview', 'N')
GO
-- FINE GENERAZIONE SCRIPT --

--[DBO]--
-- CREAZIONE VISTA progettoudrmembrokinddefaultview
IF EXISTS(select * from sysobjects where id = object_id(N'[dbo].[progettoudrmembrokinddefaultview]') and OBJECTPROPERTY(id, N'IsView') = 1)
DROP VIEW [dbo].[progettoudrmembrokinddefaultview]
GO

CREATE VIEW [dbo].[progettoudrmembrokinddefaultview] AS SELECT CASE WHEN progettoudrmembrokind.active = 'S' THEN 'Si' WHEN progettoudrmembrokind.active = 'N' THEN 'No' END AS progettoudrmembrokind_active, progettoudrmembrokind.ct AS progettoudrmembrokind_ct, progettoudrmembrokind.cu AS progettoudrmembrokind_cu, progettoudrmembrokind.description AS progettoudrmembrokind_description, progettoudrmembrokind.idprogettoudrmembrokind, progettoudrmembrokind.lt AS progettoudrmembrokind_lt, progettoudrmembrokind.lu AS progettoudrmembrokind_lu, progettoudrmembrokind.sortcode AS progettoudrmembrokind_sortcode, progettoudrmembrokind.title, isnull('Tipo di membro: ' + progettoudrmembrokind.title + '; ','') as dropdown_title FROM progettoudrmembrokind WITH (NOLOCK)  WHERE  progettoudrmembrokind.idprogettoudrmembrokind IS NOT NULL 
GO

-- VERIFICA DI progettoudrmembrokinddefaultview IN COLUMNTYPES --
DELETE FROM columntypes WHERE tablename = 'progettoudrmembrokinddefaultview'
INSERT INTO columntypes (format,allownull,tablename,sqldeclaration,createuser,field,col_len,denynull,sqltype,systemtype,defaultvalue,col_scale,lastmoduser,col_precision,iskey) VALUES('','N','progettoudrmembrokinddefaultview','varchar(68)','','dropdown_title','68','S','varchar','System.String','','','','','N')
GO

INSERT INTO columntypes (format,allownull,tablename,sqldeclaration,createuser,field,col_len,denynull,sqltype,systemtype,defaultvalue,col_scale,lastmoduser,col_precision,iskey) VALUES('','N','progettoudrmembrokinddefaultview','int','','idprogettoudrmembrokind','4','S','int','System.Int32','','','','','N')
GO

INSERT INTO columntypes (format,allownull,tablename,sqldeclaration,createuser,field,col_len,denynull,sqltype,systemtype,defaultvalue,col_scale,lastmoduser,col_precision,iskey) VALUES('','S','progettoudrmembrokinddefaultview','varchar(2)','','progettoudrmembrokind_active','2','N','varchar','System.String','','','','','N')
GO

INSERT INTO columntypes (format,allownull,tablename,sqldeclaration,createuser,field,col_len,denynull,sqltype,systemtype,defaultvalue,col_scale,lastmoduser,col_precision,iskey) VALUES('','N','progettoudrmembrokinddefaultview','datetime','','progettoudrmembrokind_ct','8','S','datetime','System.DateTime','','','','','N')
GO

INSERT INTO columntypes (format,allownull,tablename,sqldeclaration,createuser,field,col_len,denynull,sqltype,systemtype,defaultvalue,col_scale,lastmoduser,col_precision,iskey) VALUES('','N','progettoudrmembrokinddefaultview','varchar(64)','','progettoudrmembrokind_cu','64','S','varchar','System.String','','','','','N')
GO

INSERT INTO columntypes (format,allownull,tablename,sqldeclaration,createuser,field,col_len,denynull,sqltype,systemtype,defaultvalue,col_scale,lastmoduser,col_precision,iskey) VALUES('','S','progettoudrmembrokinddefaultview','varchar(2048)','','progettoudrmembrokind_description','2048','N','varchar','System.String','','','','','N')
GO

INSERT INTO columntypes (format,allownull,tablename,sqldeclaration,createuser,field,col_len,denynull,sqltype,systemtype,defaultvalue,col_scale,lastmoduser,col_precision,iskey) VALUES('','N','progettoudrmembrokinddefaultview','datetime','','progettoudrmembrokind_lt','8','S','datetime','System.DateTime','','','','','N')
GO

INSERT INTO columntypes (format,allownull,tablename,sqldeclaration,createuser,field,col_len,denynull,sqltype,systemtype,defaultvalue,col_scale,lastmoduser,col_precision,iskey) VALUES('','N','progettoudrmembrokinddefaultview','varchar(64)','','progettoudrmembrokind_lu','64','S','varchar','System.String','','','','','N')
GO

INSERT INTO columntypes (format,allownull,tablename,sqldeclaration,createuser,field,col_len,denynull,sqltype,systemtype,defaultvalue,col_scale,lastmoduser,col_precision,iskey) VALUES('','S','progettoudrmembrokinddefaultview','int','','progettoudrmembrokind_sortcode','4','N','int','System.Int32','','','','','N')
GO

INSERT INTO columntypes (format,allownull,tablename,sqldeclaration,createuser,field,col_len,denynull,sqltype,systemtype,defaultvalue,col_scale,lastmoduser,col_precision,iskey) VALUES('','S','progettoudrmembrokinddefaultview','varchar(50)','','title','50','N','varchar','System.String','','','','','N')
GO

-- VERIFICA DI progettoudrmembrokinddefaultview IN CUSTOMOBJECT --
IF EXISTS(select * from customobject where objectname = 'progettoudrmembrokinddefaultview')
UPDATE customobject set isreal = 'N' where objectname = 'progettoudrmembrokinddefaultview'
ELSE
INSERT INTO customobject (objectname, isreal) values('progettoudrmembrokinddefaultview', 'N')
GO

-- GENERAZIONE DATI PER progettoudrmembrokinddefaultview --
-- FINE GENERAZIONE SCRIPT --

--[DBO]--
-- CREAZIONE VISTA taxsegview
IF EXISTS(select * from sysobjects where id = object_id(N'[dbo].[taxsegview]') and OBJECTPROPERTY(id, N'IsView') = 1)
DROP VIEW [dbo].[taxsegview]
GO

CREATE VIEW [dbo].[taxsegview] AS SELECT CASE WHEN tax.active = 'S' THEN 'Si' WHEN tax.active = 'N' THEN 'No' END AS tax_active,CASE WHEN tax.appliancebasis = 'S' THEN 'Si' WHEN tax.appliancebasis = 'N' THEN 'No' END AS tax_appliancebasis, tax.ct AS tax_ct, tax.cu AS tax_cu, tax.description, tax.fiscaltaxcode AS tax_fiscaltaxcode, tax.fiscaltaxcodecredit AS tax_fiscaltaxcodecredit,CASE WHEN tax.flagunabatable = 'S' THEN 'Si' WHEN tax.flagunabatable = 'N' THEN 'No' END AS tax_flagunabatable,CASE WHEN tax.geoappliance = 'S' THEN 'Si' WHEN tax.geoappliance = 'N' THEN 'No' END AS tax_geoappliance, accmotivecost.codemotive AS accmotivecost_codemotive, accmotivecost.title AS accmotivecost_title, tax.idaccmotive_cost, accmotivedebit.codemotive AS accmotivedebit_codemotive, accmotivedebit.title AS accmotivedebit_title, tax.idaccmotive_debit, accmotivepay.codemotive AS accmotivepay_codemotive, accmotivepay.title AS accmotivepay_title, tax.idaccmotive_pay, tax.insuranceagencycode AS tax_insuranceagencycode, tax.lt AS tax_lt, tax.lu AS tax_lu, tax.maintaxcode AS tax_maintaxcode, tax.taxablecode AS tax_taxablecode, tax.taxcode, tax.taxkind AS tax_taxkind, tax.taxref AS tax_taxref, isnull('Descrizione: ' + tax.description + '; ','') + ' ' + isnull('Codice ritenuta: ' + tax.taxref + '; ','') as dropdown_title FROM tax WITH (NOLOCK)  LEFT OUTER JOIN accmotive AS accmotivecost WITH (NOLOCK) ON tax.idaccmotive_cost = accmotivecost.idaccmotive LEFT OUTER JOIN accmotive AS accmotivedebit WITH (NOLOCK) ON tax.idaccmotive_debit = accmotivedebit.idaccmotive LEFT OUTER JOIN accmotive AS accmotivepay WITH (NOLOCK) ON tax.idaccmotive_pay = accmotivepay.idaccmotive WHERE  tax.active = 'S' AND tax.taxcode IS NOT NULL 
GO

-- VERIFICA DI taxsegview IN COLUMNTYPES --
DELETE FROM columntypes WHERE tablename = 'taxsegview'
INSERT INTO columntypes (format,allownull,tablename,sqldeclaration,createuser,field,col_len,denynull,sqltype,systemtype,defaultvalue,col_scale,lastmoduser,col_precision,iskey) VALUES('','S','taxsegview','varchar(50)','','accmotivecost_codemotive','50','N','varchar','System.String','','','','','N')
GO

INSERT INTO columntypes (format,allownull,tablename,sqldeclaration,createuser,field,col_len,denynull,sqltype,systemtype,defaultvalue,col_scale,lastmoduser,col_precision,iskey) VALUES('','S','taxsegview','varchar(150)','ASSISTENZA','accmotivecost_title','150','N','varchar','System.String','','','''ASSISTENZA''','','N')
GO

INSERT INTO columntypes (format,allownull,tablename,sqldeclaration,createuser,field,col_len,denynull,sqltype,systemtype,defaultvalue,col_scale,lastmoduser,col_precision,iskey) VALUES('','S','taxsegview','varchar(50)','','accmotivedebit_codemotive','50','N','varchar','System.String','','','','','N')
GO

INSERT INTO columntypes (format,allownull,tablename,sqldeclaration,createuser,field,col_len,denynull,sqltype,systemtype,defaultvalue,col_scale,lastmoduser,col_precision,iskey) VALUES('','S','taxsegview','varchar(150)','ASSISTENZA','accmotivedebit_title','150','N','varchar','System.String','','','''ASSISTENZA''','','N')
GO

INSERT INTO columntypes (format,allownull,tablename,sqldeclaration,createuser,field,col_len,denynull,sqltype,systemtype,defaultvalue,col_scale,lastmoduser,col_precision,iskey) VALUES('','S','taxsegview','varchar(50)','','accmotivepay_codemotive','50','N','varchar','System.String','','','','','N')
GO

INSERT INTO columntypes (format,allownull,tablename,sqldeclaration,createuser,field,col_len,denynull,sqltype,systemtype,defaultvalue,col_scale,lastmoduser,col_precision,iskey) VALUES('','S','taxsegview','varchar(150)','ASSISTENZA','accmotivepay_title','150','N','varchar','System.String','','','''ASSISTENZA''','','N')
GO

INSERT INTO columntypes (format,allownull,tablename,sqldeclaration,createuser,field,col_len,denynull,sqltype,systemtype,defaultvalue,col_scale,lastmoduser,col_precision,iskey) VALUES('','N','taxsegview','varchar(50)','ASSISTENZA','description','50','S','varchar','System.String','','','''ASSISTENZA''','','N')
GO

INSERT INTO columntypes (format,allownull,tablename,sqldeclaration,createuser,field,col_len,denynull,sqltype,systemtype,defaultvalue,col_scale,lastmoduser,col_precision,iskey) VALUES('','N','taxsegview','varchar(105)','ASSISTENZA','dropdown_title','105','S','varchar','System.String','','','''ASSISTENZA''','','N')
GO

INSERT INTO columntypes (format,allownull,tablename,sqldeclaration,createuser,field,col_len,denynull,sqltype,systemtype,defaultvalue,col_scale,lastmoduser,col_precision,iskey) VALUES('','S','taxsegview','varchar(36)','ASSISTENZA','idaccmotive_cost','36','N','varchar','System.String','','','''ASSISTENZA''','','N')
GO

INSERT INTO columntypes (format,allownull,tablename,sqldeclaration,createuser,field,col_len,denynull,sqltype,systemtype,defaultvalue,col_scale,lastmoduser,col_precision,iskey) VALUES('','S','taxsegview','varchar(36)','ASSISTENZA','idaccmotive_debit','36','N','varchar','System.String','','','''ASSISTENZA''','','N')
GO

INSERT INTO columntypes (format,allownull,tablename,sqldeclaration,createuser,field,col_len,denynull,sqltype,systemtype,defaultvalue,col_scale,lastmoduser,col_precision,iskey) VALUES('','S','taxsegview','varchar(36)','ASSISTENZA','idaccmotive_pay','36','N','varchar','System.String','','','''ASSISTENZA''','','N')
GO

INSERT INTO columntypes (format,allownull,tablename,sqldeclaration,createuser,field,col_len,denynull,sqltype,systemtype,defaultvalue,col_scale,lastmoduser,col_precision,iskey) VALUES('','S','taxsegview','varchar(2)','ASSISTENZA','tax_active','2','N','varchar','System.String','','','''ASSISTENZA''','','N')
GO

INSERT INTO columntypes (format,allownull,tablename,sqldeclaration,createuser,field,col_len,denynull,sqltype,systemtype,defaultvalue,col_scale,lastmoduser,col_precision,iskey) VALUES('','S','taxsegview','varchar(2)','ASSISTENZA','tax_appliancebasis','2','N','varchar','System.String','','','''ASSISTENZA''','','N')
GO

INSERT INTO columntypes (format,allownull,tablename,sqldeclaration,createuser,field,col_len,denynull,sqltype,systemtype,defaultvalue,col_scale,lastmoduser,col_precision,iskey) VALUES('','N','taxsegview','datetime','ASSISTENZA','tax_ct','8','S','datetime','System.DateTime','','','''ASSISTENZA''','','N')
GO

INSERT INTO columntypes (format,allownull,tablename,sqldeclaration,createuser,field,col_len,denynull,sqltype,systemtype,defaultvalue,col_scale,lastmoduser,col_precision,iskey) VALUES('','N','taxsegview','varchar(64)','ASSISTENZA','tax_cu','64','S','varchar','System.String','','','''ASSISTENZA''','','N')
GO

INSERT INTO columntypes (format,allownull,tablename,sqldeclaration,createuser,field,col_len,denynull,sqltype,systemtype,defaultvalue,col_scale,lastmoduser,col_precision,iskey) VALUES('','S','taxsegview','varchar(20)','ASSISTENZA','tax_fiscaltaxcode','20','N','varchar','System.String','','','''ASSISTENZA''','','N')
GO

INSERT INTO columntypes (format,allownull,tablename,sqldeclaration,createuser,field,col_len,denynull,sqltype,systemtype,defaultvalue,col_scale,lastmoduser,col_precision,iskey) VALUES('','S','taxsegview','varchar(20)','ASSISTENZA','tax_fiscaltaxcodecredit','20','N','varchar','System.String','','','''ASSISTENZA''','','N')
GO

INSERT INTO columntypes (format,allownull,tablename,sqldeclaration,createuser,field,col_len,denynull,sqltype,systemtype,defaultvalue,col_scale,lastmoduser,col_precision,iskey) VALUES('','S','taxsegview','varchar(2)','ASSISTENZA','tax_flagunabatable','2','N','varchar','System.String','','','''ASSISTENZA''','','N')
GO

INSERT INTO columntypes (format,allownull,tablename,sqldeclaration,createuser,field,col_len,denynull,sqltype,systemtype,defaultvalue,col_scale,lastmoduser,col_precision,iskey) VALUES('','S','taxsegview','varchar(2)','ASSISTENZA','tax_geoappliance','2','N','varchar','System.String','','','''ASSISTENZA''','','N')
GO

INSERT INTO columntypes (format,allownull,tablename,sqldeclaration,createuser,field,col_len,denynull,sqltype,systemtype,defaultvalue,col_scale,lastmoduser,col_precision,iskey) VALUES('','S','taxsegview','varchar(10)','ASSISTENZA','tax_insuranceagencycode','10','N','varchar','System.String','','','''ASSISTENZA''','','N')
GO

INSERT INTO columntypes (format,allownull,tablename,sqldeclaration,createuser,field,col_len,denynull,sqltype,systemtype,defaultvalue,col_scale,lastmoduser,col_precision,iskey) VALUES('','N','taxsegview','datetime','ASSISTENZA','tax_lt','8','S','datetime','System.DateTime','','','''ASSISTENZA''','','N')
GO

INSERT INTO columntypes (format,allownull,tablename,sqldeclaration,createuser,field,col_len,denynull,sqltype,systemtype,defaultvalue,col_scale,lastmoduser,col_precision,iskey) VALUES('','N','taxsegview','varchar(64)','ASSISTENZA','tax_lu','64','S','varchar','System.String','','','''ASSISTENZA''','','N')
GO

INSERT INTO columntypes (format,allownull,tablename,sqldeclaration,createuser,field,col_len,denynull,sqltype,systemtype,defaultvalue,col_scale,lastmoduser,col_precision,iskey) VALUES('','S','taxsegview','int','ASSISTENZA','tax_maintaxcode','4','N','int','System.Int32','','','''ASSISTENZA''','','N')
GO

INSERT INTO columntypes (format,allownull,tablename,sqldeclaration,createuser,field,col_len,denynull,sqltype,systemtype,defaultvalue,col_scale,lastmoduser,col_precision,iskey) VALUES('','S','taxsegview','varchar(20)','ASSISTENZA','tax_taxablecode','20','N','varchar','System.String','','','''ASSISTENZA''','','N')
GO

INSERT INTO columntypes (format,allownull,tablename,sqldeclaration,createuser,field,col_len,denynull,sqltype,systemtype,defaultvalue,col_scale,lastmoduser,col_precision,iskey) VALUES('','N','taxsegview','smallint','ASSISTENZA','tax_taxkind','2','S','smallint','System.Int16','','','''ASSISTENZA''','','N')
GO

INSERT INTO columntypes (format,allownull,tablename,sqldeclaration,createuser,field,col_len,denynull,sqltype,systemtype,defaultvalue,col_scale,lastmoduser,col_precision,iskey) VALUES('','N','taxsegview','varchar(20)','ASSISTENZA','tax_taxref','20','S','varchar','System.String','','','''ASSISTENZA''','','N')
GO

INSERT INTO columntypes (format,allownull,tablename,sqldeclaration,createuser,field,col_len,denynull,sqltype,systemtype,defaultvalue,col_scale,lastmoduser,col_precision,iskey) VALUES('','N','taxsegview','int','ASSISTENZA','taxcode','4','S','int','System.Int32','','','''ASSISTENZA''','','N')
GO

-- VERIFICA DI taxsegview IN CUSTOMOBJECT --
IF EXISTS(select * from customobject where objectname = 'taxsegview')
UPDATE customobject set isreal = 'N' where objectname = 'taxsegview'
ELSE
INSERT INTO customobject (objectname, isreal) values('taxsegview', 'N')
GO

-- GENERAZIONE DATI PER taxsegview --
-- FINE GENERAZIONE SCRIPT --

