
/*
Easy
Copyright (C) 2022 Università degli Studi di Catania (www.unict.it)
This program is free software: you can redistribute it and/or modify
it under the terms of the GNU General Public License as published by
the Free Software Foundation, either version 3 of the License, or
(at your option) any later version.
This program is distributed in the hope that it will be useful,
but WITHOUT ANY WARRANTY; without even the implied warranty of
MERCHANTABILITY or FITNESS FOR A PARTICULAR PURPOSE.  See the
GNU General Public License for more details.
You should have received a copy of the GNU General Public License
along with this program.  If not, see <http://www.gnu.org/licenses/>.
*/



-- GENERAZIONE DATI PER tabledescr --
IF exists(SELECT * FROM [tabledescr] WHERE tablename = 'affidamento')
UPDATE [tabledescr] SET description = '2.4.18 Affidamento',idapplication = '3',isdbo = 'S',lt = {ts '2021-02-19 12:21:31.377'},lu = 'assistenza',title = 'Affidamento' WHERE tablename = 'affidamento'
ELSE
INSERT INTO [tabledescr] (tablename,description,idapplication,isdbo,lt,lu,title) VALUES ('affidamento','2.4.18 Affidamento','3','S',{ts '2021-02-19 12:21:31.377'},'assistenza','Affidamento')
GO

-- FINE GENERAZIONE SCRIPT --


-- GENERAZIONE DATI PER coldescr --
IF exists(SELECT * FROM [coldescr] WHERE colname = 'aa' AND tablename = 'affidamento')
UPDATE [coldescr] SET col_len = '9',col_precision = null,col_scale = null,description = 'Anno accademico',kind = 'S',lt = {ts '2020-10-22 12:50:41.043'},lu = 'assistenza',primarykey = 'S',sql_declaration = 'varchar(9)',sql_type = 'varchar',system_type = 'System.String' WHERE colname = 'aa' AND tablename = 'affidamento'
ELSE
INSERT INTO [coldescr] (colname,tablename,col_len,col_precision,col_scale,description,kind,lt,lu,primarykey,sql_declaration,sql_type,system_type) VALUES ('aa','affidamento','9',null,null,'Anno accademico','S',{ts '2020-10-22 12:50:41.043'},'assistenza','S','varchar(9)','varchar','System.String')
GO

IF exists(SELECT * FROM [coldescr] WHERE colname = 'ct' AND tablename = 'affidamento')
UPDATE [coldescr] SET col_len = '8',col_precision = null,col_scale = null,description = null,kind = 'S',lt = {ts '2018-07-19 15:50:06.917'},lu = 'assistenza',primarykey = 'N',sql_declaration = 'datetime',sql_type = 'datetime',system_type = 'System.DateTime' WHERE colname = 'ct' AND tablename = 'affidamento'
ELSE
INSERT INTO [coldescr] (colname,tablename,col_len,col_precision,col_scale,description,kind,lt,lu,primarykey,sql_declaration,sql_type,system_type) VALUES ('ct','affidamento','8',null,null,null,'S',{ts '2018-07-19 15:50:06.917'},'assistenza','N','datetime','datetime','System.DateTime')
GO

IF exists(SELECT * FROM [coldescr] WHERE colname = 'cu' AND tablename = 'affidamento')
UPDATE [coldescr] SET col_len = '64',col_precision = null,col_scale = null,description = null,kind = 'S',lt = {ts '2018-07-19 15:50:06.917'},lu = 'assistenza',primarykey = 'N',sql_declaration = 'varchar(64)',sql_type = 'varchar',system_type = 'System.String' WHERE colname = 'cu' AND tablename = 'affidamento'
ELSE
INSERT INTO [coldescr] (colname,tablename,col_len,col_precision,col_scale,description,kind,lt,lu,primarykey,sql_declaration,sql_type,system_type) VALUES ('cu','affidamento','64',null,null,null,'S',{ts '2018-07-19 15:50:06.917'},'assistenza','N','varchar(64)','varchar','System.String')
GO

IF exists(SELECT * FROM [coldescr] WHERE colname = 'freqobbl' AND tablename = 'affidamento')
UPDATE [coldescr] SET col_len = '1',col_precision = null,col_scale = null,description = 'Frequenza obbligatoria',kind = 'S',lt = {ts '2019-02-19 12:21:15.440'},lu = 'assistenza',primarykey = 'N',sql_declaration = 'char(1)',sql_type = 'char',system_type = 'System.String' WHERE colname = 'freqobbl' AND tablename = 'affidamento'
ELSE
INSERT INTO [coldescr] (colname,tablename,col_len,col_precision,col_scale,description,kind,lt,lu,primarykey,sql_declaration,sql_type,system_type) VALUES ('freqobbl','affidamento','1',null,null,'Frequenza obbligatoria','S',{ts '2019-02-19 12:21:15.440'},'assistenza','N','char(1)','char','System.String')
GO

IF exists(SELECT * FROM [coldescr] WHERE colname = 'frequenzaminima' AND tablename = 'affidamento')
UPDATE [coldescr] SET col_len = '4',col_precision = null,col_scale = null,description = 'Frequenza minima (%)',kind = 'S',lt = {ts '2020-02-21 17:47:34.117'},lu = 'assistenza',primarykey = 'N',sql_declaration = 'int',sql_type = 'int',system_type = 'System.Int32' WHERE colname = 'frequenzaminima' AND tablename = 'affidamento'
ELSE
INSERT INTO [coldescr] (colname,tablename,col_len,col_precision,col_scale,description,kind,lt,lu,primarykey,sql_declaration,sql_type,system_type) VALUES ('frequenzaminima','affidamento','4',null,null,'Frequenza minima (%)','S',{ts '2020-02-21 17:47:34.117'},'assistenza','N','int','int','System.Int32')
GO

IF exists(SELECT * FROM [coldescr] WHERE colname = 'frequenzaminimadebito' AND tablename = 'affidamento')
UPDATE [coldescr] SET col_len = '4',col_precision = null,col_scale = null,description = 'Frequenza minima con debito (%)',kind = 'S',lt = {ts '2020-02-21 17:47:34.120'},lu = 'assistenza',primarykey = 'N',sql_declaration = 'int',sql_type = 'int',system_type = 'System.Int32' WHERE colname = 'frequenzaminimadebito' AND tablename = 'affidamento'
ELSE
INSERT INTO [coldescr] (colname,tablename,col_len,col_precision,col_scale,description,kind,lt,lu,primarykey,sql_declaration,sql_type,system_type) VALUES ('frequenzaminimadebito','affidamento','4',null,null,'Frequenza minima con debito (%)','S',{ts '2020-02-21 17:47:34.120'},'assistenza','N','int','int','System.Int32')
GO

IF exists(SELECT * FROM [coldescr] WHERE colname = 'gratuito' AND tablename = 'affidamento')
UPDATE [coldescr] SET col_len = '1',col_precision = null,col_scale = null,description = null,kind = 'S',lt = {ts '2018-07-19 15:50:06.917'},lu = 'assistenza',primarykey = 'N',sql_declaration = 'char(1)',sql_type = 'char',system_type = 'System.String' WHERE colname = 'gratuito' AND tablename = 'affidamento'
ELSE
INSERT INTO [coldescr] (colname,tablename,col_len,col_precision,col_scale,description,kind,lt,lu,primarykey,sql_declaration,sql_type,system_type) VALUES ('gratuito','affidamento','1',null,null,null,'S',{ts '2018-07-19 15:50:06.917'},'assistenza','N','char(1)','char','System.String')
GO

IF exists(SELECT * FROM [coldescr] WHERE colname = 'idaffidamento' AND tablename = 'affidamento')
UPDATE [coldescr] SET col_len = '4',col_precision = null,col_scale = null,description = 'Codice',kind = 'S',lt = {ts '2019-02-19 12:21:15.440'},lu = 'assistenza',primarykey = 'S',sql_declaration = 'int',sql_type = 'int',system_type = 'System.Int32' WHERE colname = 'idaffidamento' AND tablename = 'affidamento'
ELSE
INSERT INTO [coldescr] (colname,tablename,col_len,col_precision,col_scale,description,kind,lt,lu,primarykey,sql_declaration,sql_type,system_type) VALUES ('idaffidamento','affidamento','4',null,null,'Codice','S',{ts '2019-02-19 12:21:15.440'},'assistenza','S','int','int','System.Int32')
GO

IF exists(SELECT * FROM [coldescr] WHERE colname = 'idaffidamentokind' AND tablename = 'affidamento')
UPDATE [coldescr] SET col_len = '4',col_precision = null,col_scale = null,description = 'Tipologia',kind = 'S',lt = {ts '2019-02-19 12:21:15.440'},lu = 'assistenza',primarykey = 'N',sql_declaration = 'int',sql_type = 'int',system_type = 'System.Int32' WHERE colname = 'idaffidamentokind' AND tablename = 'affidamento'
ELSE
INSERT INTO [coldescr] (colname,tablename,col_len,col_precision,col_scale,description,kind,lt,lu,primarykey,sql_declaration,sql_type,system_type) VALUES ('idaffidamentokind','affidamento','4',null,null,'Tipologia','S',{ts '2019-02-19 12:21:15.440'},'assistenza','N','int','int','System.Int32')
GO

IF exists(SELECT * FROM [coldescr] WHERE colname = 'idattivform' AND tablename = 'affidamento')
UPDATE [coldescr] SET col_len = '4',col_precision = null,col_scale = null,description = null,kind = 'S',lt = {ts '2019-04-11 12:38:17.243'},lu = 'assistenza',primarykey = 'S',sql_declaration = 'int',sql_type = 'int',system_type = 'System.Int32' WHERE colname = 'idattivform' AND tablename = 'affidamento'
ELSE
INSERT INTO [coldescr] (colname,tablename,col_len,col_precision,col_scale,description,kind,lt,lu,primarykey,sql_declaration,sql_type,system_type) VALUES ('idattivform','affidamento','4',null,null,null,'S',{ts '2019-04-11 12:38:17.243'},'assistenza','S','int','int','System.Int32')
GO

IF exists(SELECT * FROM [coldescr] WHERE colname = 'idcanale' AND tablename = 'affidamento')
UPDATE [coldescr] SET col_len = '4',col_precision = null,col_scale = null,description = 'Canale',kind = 'S',lt = {ts '2019-04-11 12:38:17.247'},lu = 'assistenza',primarykey = 'S',sql_declaration = 'int',sql_type = 'int',system_type = 'System.Int32' WHERE colname = 'idcanale' AND tablename = 'affidamento'
ELSE
INSERT INTO [coldescr] (colname,tablename,col_len,col_precision,col_scale,description,kind,lt,lu,primarykey,sql_declaration,sql_type,system_type) VALUES ('idcanale','affidamento','4',null,null,'Canale','S',{ts '2019-04-11 12:38:17.247'},'assistenza','S','int','int','System.Int32')
GO

IF exists(SELECT * FROM [coldescr] WHERE colname = 'idcorsostudio' AND tablename = 'affidamento')
UPDATE [coldescr] SET col_len = '4',col_precision = null,col_scale = null,description = null,kind = 'S',lt = {ts '2019-09-23 16:10:15.997'},lu = 'assistenza',primarykey = 'S',sql_declaration = 'int',sql_type = 'int',system_type = 'System.Int32' WHERE colname = 'idcorsostudio' AND tablename = 'affidamento'
ELSE
INSERT INTO [coldescr] (colname,tablename,col_len,col_precision,col_scale,description,kind,lt,lu,primarykey,sql_declaration,sql_type,system_type) VALUES ('idcorsostudio','affidamento','4',null,null,null,'S',{ts '2019-09-23 16:10:15.997'},'assistenza','S','int','int','System.Int32')
GO

IF exists(SELECT * FROM [coldescr] WHERE colname = 'iddidprog' AND tablename = 'affidamento')
UPDATE [coldescr] SET col_len = '4',col_precision = null,col_scale = null,description = null,kind = 'S',lt = {ts '2019-04-11 12:38:17.243'},lu = 'assistenza',primarykey = 'S',sql_declaration = 'int',sql_type = 'int',system_type = 'System.Int32' WHERE colname = 'iddidprog' AND tablename = 'affidamento'
ELSE
INSERT INTO [coldescr] (colname,tablename,col_len,col_precision,col_scale,description,kind,lt,lu,primarykey,sql_declaration,sql_type,system_type) VALUES ('iddidprog','affidamento','4',null,null,null,'S',{ts '2019-04-11 12:38:17.243'},'assistenza','S','int','int','System.Int32')
GO

IF exists(SELECT * FROM [coldescr] WHERE colname = 'iddidproganno' AND tablename = 'affidamento')
UPDATE [coldescr] SET col_len = '4',col_precision = null,col_scale = null,description = null,kind = 'S',lt = {ts '2019-04-11 12:38:17.247'},lu = 'assistenza',primarykey = 'S',sql_declaration = 'int',sql_type = 'int',system_type = 'System.Int32' WHERE colname = 'iddidproganno' AND tablename = 'affidamento'
ELSE
INSERT INTO [coldescr] (colname,tablename,col_len,col_precision,col_scale,description,kind,lt,lu,primarykey,sql_declaration,sql_type,system_type) VALUES ('iddidproganno','affidamento','4',null,null,null,'S',{ts '2019-04-11 12:38:17.247'},'assistenza','S','int','int','System.Int32')
GO

IF exists(SELECT * FROM [coldescr] WHERE colname = 'iddidprogcurr' AND tablename = 'affidamento')
UPDATE [coldescr] SET col_len = '4',col_precision = null,col_scale = null,description = null,kind = 'S',lt = {ts '2019-04-11 12:38:17.247'},lu = 'assistenza',primarykey = 'S',sql_declaration = 'int',sql_type = 'int',system_type = 'System.Int32' WHERE colname = 'iddidprogcurr' AND tablename = 'affidamento'
ELSE
INSERT INTO [coldescr] (colname,tablename,col_len,col_precision,col_scale,description,kind,lt,lu,primarykey,sql_declaration,sql_type,system_type) VALUES ('iddidprogcurr','affidamento','4',null,null,null,'S',{ts '2019-04-11 12:38:17.247'},'assistenza','S','int','int','System.Int32')
GO

IF exists(SELECT * FROM [coldescr] WHERE colname = 'iddidprogori' AND tablename = 'affidamento')
UPDATE [coldescr] SET col_len = '4',col_precision = null,col_scale = null,description = null,kind = 'S',lt = {ts '2019-04-11 12:38:17.247'},lu = 'assistenza',primarykey = 'S',sql_declaration = 'int',sql_type = 'int',system_type = 'System.Int32' WHERE colname = 'iddidprogori' AND tablename = 'affidamento'
ELSE
INSERT INTO [coldescr] (colname,tablename,col_len,col_precision,col_scale,description,kind,lt,lu,primarykey,sql_declaration,sql_type,system_type) VALUES ('iddidprogori','affidamento','4',null,null,null,'S',{ts '2019-04-11 12:38:17.247'},'assistenza','S','int','int','System.Int32')
GO

IF exists(SELECT * FROM [coldescr] WHERE colname = 'iddidprogporzanno' AND tablename = 'affidamento')
UPDATE [coldescr] SET col_len = '4',col_precision = null,col_scale = null,description = null,kind = 'S',lt = {ts '2019-04-11 12:38:17.247'},lu = 'assistenza',primarykey = 'S',sql_declaration = 'int',sql_type = 'int',system_type = 'System.Int32' WHERE colname = 'iddidprogporzanno' AND tablename = 'affidamento'
ELSE
INSERT INTO [coldescr] (colname,tablename,col_len,col_precision,col_scale,description,kind,lt,lu,primarykey,sql_declaration,sql_type,system_type) VALUES ('iddidprogporzanno','affidamento','4',null,null,null,'S',{ts '2019-04-11 12:38:17.247'},'assistenza','S','int','int','System.Int32')
GO

IF exists(SELECT * FROM [coldescr] WHERE colname = 'iderogazkind' AND tablename = 'affidamento')
UPDATE [coldescr] SET col_len = '4',col_precision = null,col_scale = null,description = 'Tipo di erogazione',kind = 'S',lt = {ts '2019-02-19 12:21:15.440'},lu = 'assistenza',primarykey = 'N',sql_declaration = 'int',sql_type = 'int',system_type = 'System.Int32' WHERE colname = 'iderogazkind' AND tablename = 'affidamento'
ELSE
INSERT INTO [coldescr] (colname,tablename,col_len,col_precision,col_scale,description,kind,lt,lu,primarykey,sql_declaration,sql_type,system_type) VALUES ('iderogazkind','affidamento','4',null,null,'Tipo di erogazione','S',{ts '2019-02-19 12:21:15.440'},'assistenza','N','int','int','System.Int32')
GO

IF exists(SELECT * FROM [coldescr] WHERE colname = 'idreg_docenti' AND tablename = 'affidamento')
UPDATE [coldescr] SET col_len = '4',col_precision = null,col_scale = null,description = 'Docente',kind = 'S',lt = {ts '2019-02-22 17:57:59.187'},lu = 'assistenza',primarykey = 'N',sql_declaration = 'int',sql_type = 'int',system_type = 'System.Int32' WHERE colname = 'idreg_docenti' AND tablename = 'affidamento'
ELSE
INSERT INTO [coldescr] (colname,tablename,col_len,col_precision,col_scale,description,kind,lt,lu,primarykey,sql_declaration,sql_type,system_type) VALUES ('idreg_docenti','affidamento','4',null,null,'Docente','S',{ts '2019-02-22 17:57:59.187'},'assistenza','N','int','int','System.Int32')
GO

IF exists(SELECT * FROM [coldescr] WHERE colname = 'json' AND tablename = 'affidamento')
UPDATE [coldescr] SET col_len = '0',col_precision = null,col_scale = null,description = 'Affidamento',kind = 'S',lt = {ts '2020-05-12 12:04:43.310'},lu = 'assistenza',primarykey = 'N',sql_declaration = 'nvarchar(max)',sql_type = 'nvarchar',system_type = 'System.String' WHERE colname = 'json' AND tablename = 'affidamento'
ELSE
INSERT INTO [coldescr] (colname,tablename,col_len,col_precision,col_scale,description,kind,lt,lu,primarykey,sql_declaration,sql_type,system_type) VALUES ('json','affidamento','0',null,null,'Affidamento','S',{ts '2020-05-12 12:04:43.310'},'assistenza','N','nvarchar(max)','nvarchar','System.String')
GO

IF exists(SELECT * FROM [coldescr] WHERE colname = 'jsonancestor' AND tablename = 'affidamento')
UPDATE [coldescr] SET col_len = '0',col_precision = null,col_scale = null,description = 'Didattica',kind = 'S',lt = {ts '2020-05-14 11:53:22.190'},lu = 'assistenza',primarykey = 'N',sql_declaration = 'nvarchar(max)',sql_type = 'nvarchar',system_type = 'System.String' WHERE colname = 'jsonancestor' AND tablename = 'affidamento'
ELSE
INSERT INTO [coldescr] (colname,tablename,col_len,col_precision,col_scale,description,kind,lt,lu,primarykey,sql_declaration,sql_type,system_type) VALUES ('jsonancestor','affidamento','0',null,null,'Didattica','S',{ts '2020-05-14 11:53:22.190'},'assistenza','N','nvarchar(max)','nvarchar','System.String')
GO

IF exists(SELECT * FROM [coldescr] WHERE colname = 'lt' AND tablename = 'affidamento')
UPDATE [coldescr] SET col_len = '8',col_precision = null,col_scale = null,description = null,kind = 'S',lt = {ts '2018-07-19 15:50:06.917'},lu = 'assistenza',primarykey = 'N',sql_declaration = 'datetime',sql_type = 'datetime',system_type = 'System.DateTime' WHERE colname = 'lt' AND tablename = 'affidamento'
ELSE
INSERT INTO [coldescr] (colname,tablename,col_len,col_precision,col_scale,description,kind,lt,lu,primarykey,sql_declaration,sql_type,system_type) VALUES ('lt','affidamento','8',null,null,null,'S',{ts '2018-07-19 15:50:06.917'},'assistenza','N','datetime','datetime','System.DateTime')
GO

IF exists(SELECT * FROM [coldescr] WHERE colname = 'lu' AND tablename = 'affidamento')
UPDATE [coldescr] SET col_len = '64',col_precision = null,col_scale = null,description = null,kind = 'S',lt = {ts '2018-07-19 15:50:06.917'},lu = 'assistenza',primarykey = 'N',sql_declaration = 'varchar(64)',sql_type = 'varchar',system_type = 'System.String' WHERE colname = 'lu' AND tablename = 'affidamento'
ELSE
INSERT INTO [coldescr] (colname,tablename,col_len,col_precision,col_scale,description,kind,lt,lu,primarykey,sql_declaration,sql_type,system_type) VALUES ('lu','affidamento','64',null,null,null,'S',{ts '2018-07-19 15:50:06.917'},'assistenza','N','varchar(64)','varchar','System.String')
GO

IF exists(SELECT * FROM [coldescr] WHERE colname = 'orariric' AND tablename = 'affidamento')
UPDATE [coldescr] SET col_len = '0',col_precision = null,col_scale = null,description = 'Orari di ricevimento',kind = 'S',lt = {ts '2019-02-19 12:21:15.440'},lu = 'assistenza',primarykey = 'N',sql_declaration = 'nvarchar(max)',sql_type = 'nvarchar',system_type = 'System.String' WHERE colname = 'orariric' AND tablename = 'affidamento'
ELSE
INSERT INTO [coldescr] (colname,tablename,col_len,col_precision,col_scale,description,kind,lt,lu,primarykey,sql_declaration,sql_type,system_type) VALUES ('orariric','affidamento','0',null,null,'Orari di ricevimento','S',{ts '2019-02-19 12:21:15.440'},'assistenza','N','nvarchar(max)','nvarchar','System.String')
GO

IF exists(SELECT * FROM [coldescr] WHERE colname = 'orariric_en' AND tablename = 'affidamento')
UPDATE [coldescr] SET col_len = '0',col_precision = null,col_scale = null,description = 'Oriari di ricevimento (EN)',kind = 'S',lt = {ts '2019-02-19 12:21:15.440'},lu = 'assistenza',primarykey = 'N',sql_declaration = 'nvarchar(max)',sql_type = 'nvarchar',system_type = 'System.String' WHERE colname = 'orariric_en' AND tablename = 'affidamento'
ELSE
INSERT INTO [coldescr] (colname,tablename,col_len,col_precision,col_scale,description,kind,lt,lu,primarykey,sql_declaration,sql_type,system_type) VALUES ('orariric_en','affidamento','0',null,null,'Oriari di ricevimento (EN)','S',{ts '2019-02-19 12:21:15.440'},'assistenza','N','nvarchar(max)','nvarchar','System.String')
GO

IF exists(SELECT * FROM [coldescr] WHERE colname = 'paridaffidamento' AND tablename = 'affidamento')
UPDATE [coldescr] SET col_len = '4',col_precision = null,col_scale = null,description = null,kind = 'S',lt = {ts '2019-02-19 12:29:11.180'},lu = 'assistenza',primarykey = 'N',sql_declaration = 'int',sql_type = 'int',system_type = 'System.Int32' WHERE colname = 'paridaffidamento' AND tablename = 'affidamento'
ELSE
INSERT INTO [coldescr] (colname,tablename,col_len,col_precision,col_scale,description,kind,lt,lu,primarykey,sql_declaration,sql_type,system_type) VALUES ('paridaffidamento','affidamento','4',null,null,null,'S',{ts '2019-02-19 12:29:11.180'},'assistenza','N','int','int','System.Int32')
GO

IF exists(SELECT * FROM [coldescr] WHERE colname = 'prog' AND tablename = 'affidamento')
UPDATE [coldescr] SET col_len = '0',col_precision = null,col_scale = null,description = 'Programma',kind = 'S',lt = {ts '2019-02-19 12:21:15.440'},lu = 'assistenza',primarykey = 'N',sql_declaration = 'nvarchar(max)',sql_type = 'nvarchar',system_type = 'System.String' WHERE colname = 'prog' AND tablename = 'affidamento'
ELSE
INSERT INTO [coldescr] (colname,tablename,col_len,col_precision,col_scale,description,kind,lt,lu,primarykey,sql_declaration,sql_type,system_type) VALUES ('prog','affidamento','0',null,null,'Programma','S',{ts '2019-02-19 12:21:15.440'},'assistenza','N','nvarchar(max)','nvarchar','System.String')
GO

IF exists(SELECT * FROM [coldescr] WHERE colname = 'prog_en' AND tablename = 'affidamento')
UPDATE [coldescr] SET col_len = '0',col_precision = null,col_scale = null,description = 'Programma (EN)',kind = 'S',lt = {ts '2019-02-19 12:21:15.440'},lu = 'assistenza',primarykey = 'N',sql_declaration = 'nvarchar(max)',sql_type = 'nvarchar',system_type = 'System.String' WHERE colname = 'prog_en' AND tablename = 'affidamento'
ELSE
INSERT INTO [coldescr] (colname,tablename,col_len,col_precision,col_scale,description,kind,lt,lu,primarykey,sql_declaration,sql_type,system_type) VALUES ('prog_en','affidamento','0',null,null,'Programma (EN)','S',{ts '2019-02-19 12:21:15.440'},'assistenza','N','nvarchar(max)','nvarchar','System.String')
GO

IF exists(SELECT * FROM [coldescr] WHERE colname = 'riferimento' AND tablename = 'affidamento')
UPDATE [coldescr] SET col_len = '1',col_precision = null,col_scale = null,description = 'Docente di riferimento per il canale',kind = 'S',lt = {ts '2019-02-19 12:21:15.440'},lu = 'assistenza',primarykey = 'N',sql_declaration = 'char(1)',sql_type = 'char',system_type = 'System.String' WHERE colname = 'riferimento' AND tablename = 'affidamento'
ELSE
INSERT INTO [coldescr] (colname,tablename,col_len,col_precision,col_scale,description,kind,lt,lu,primarykey,sql_declaration,sql_type,system_type) VALUES ('riferimento','affidamento','1',null,null,'Docente di riferimento per il canale','S',{ts '2019-02-19 12:21:15.440'},'assistenza','N','char(1)','char','System.String')
GO

IF exists(SELECT * FROM [coldescr] WHERE colname = 'start' AND tablename = 'affidamento')
UPDATE [coldescr] SET col_len = '3',col_precision = null,col_scale = null,description = 'Inizio',kind = 'S',lt = {ts '2019-02-19 12:21:15.440'},lu = 'assistenza',primarykey = 'N',sql_declaration = 'date',sql_type = 'date',system_type = 'System.DateTime' WHERE colname = 'start' AND tablename = 'affidamento'
ELSE
INSERT INTO [coldescr] (colname,tablename,col_len,col_precision,col_scale,description,kind,lt,lu,primarykey,sql_declaration,sql_type,system_type) VALUES ('start','affidamento','3',null,null,'Inizio','S',{ts '2019-02-19 12:21:15.440'},'assistenza','N','date','date','System.DateTime')
GO

IF exists(SELECT * FROM [coldescr] WHERE colname = 'stop' AND tablename = 'affidamento')
UPDATE [coldescr] SET col_len = '3',col_precision = null,col_scale = null,description = 'Fine',kind = 'S',lt = {ts '2019-02-19 12:21:15.440'},lu = 'assistenza',primarykey = 'N',sql_declaration = 'date',sql_type = 'date',system_type = 'System.DateTime' WHERE colname = 'stop' AND tablename = 'affidamento'
ELSE
INSERT INTO [coldescr] (colname,tablename,col_len,col_precision,col_scale,description,kind,lt,lu,primarykey,sql_declaration,sql_type,system_type) VALUES ('stop','affidamento','3',null,null,'Fine','S',{ts '2019-02-19 12:21:15.440'},'assistenza','N','date','date','System.DateTime')
GO

IF exists(SELECT * FROM [coldescr] WHERE colname = 'testi' AND tablename = 'affidamento')
UPDATE [coldescr] SET col_len = '0',col_precision = null,col_scale = null,description = null,kind = 'S',lt = {ts '2018-07-19 15:50:06.920'},lu = 'assistenza',primarykey = 'N',sql_declaration = 'nvarchar(max)',sql_type = 'nvarchar',system_type = 'System.String' WHERE colname = 'testi' AND tablename = 'affidamento'
ELSE
INSERT INTO [coldescr] (colname,tablename,col_len,col_precision,col_scale,description,kind,lt,lu,primarykey,sql_declaration,sql_type,system_type) VALUES ('testi','affidamento','0',null,null,null,'S',{ts '2018-07-19 15:50:06.920'},'assistenza','N','nvarchar(max)','nvarchar','System.String')
GO

IF exists(SELECT * FROM [coldescr] WHERE colname = 'testi_en' AND tablename = 'affidamento')
UPDATE [coldescr] SET col_len = '0',col_precision = null,col_scale = null,description = 'Testi (EN)',kind = 'S',lt = {ts '2019-02-19 12:21:15.440'},lu = 'assistenza',primarykey = 'N',sql_declaration = 'nvarchar(max)',sql_type = 'nvarchar',system_type = 'System.String' WHERE colname = 'testi_en' AND tablename = 'affidamento'
ELSE
INSERT INTO [coldescr] (colname,tablename,col_len,col_precision,col_scale,description,kind,lt,lu,primarykey,sql_declaration,sql_type,system_type) VALUES ('testi_en','affidamento','0',null,null,'Testi (EN)','S',{ts '2019-02-19 12:21:15.440'},'assistenza','N','nvarchar(max)','nvarchar','System.String')
GO

IF exists(SELECT * FROM [coldescr] WHERE colname = 'title' AND tablename = 'affidamento')
UPDATE [coldescr] SET col_len = '0',col_precision = null,col_scale = null,description = null,kind = 'S',lt = {ts '2019-10-11 12:06:00.257'},lu = 'assistenza',primarykey = 'N',sql_declaration = 'nvarchar(max)',sql_type = 'nvarchar',system_type = 'System.String' WHERE colname = 'title' AND tablename = 'affidamento'
ELSE
INSERT INTO [coldescr] (colname,tablename,col_len,col_precision,col_scale,description,kind,lt,lu,primarykey,sql_declaration,sql_type,system_type) VALUES ('title','affidamento','0',null,null,null,'S',{ts '2019-10-11 12:06:00.257'},'assistenza','N','nvarchar(max)','nvarchar','System.String')
GO

IF exists(SELECT * FROM [coldescr] WHERE colname = 'urlcorso' AND tablename = 'affidamento')
UPDATE [coldescr] SET col_len = '512',col_precision = null,col_scale = null,description = 'Indirizzo web del corso',kind = 'S',lt = {ts '2019-02-19 12:21:15.440'},lu = 'assistenza',primarykey = 'N',sql_declaration = 'varchar(512)',sql_type = 'varchar',system_type = 'System.String' WHERE colname = 'urlcorso' AND tablename = 'affidamento'
ELSE
INSERT INTO [coldescr] (colname,tablename,col_len,col_precision,col_scale,description,kind,lt,lu,primarykey,sql_declaration,sql_type,system_type) VALUES ('urlcorso','affidamento','512',null,null,'Indirizzo web del corso','S',{ts '2019-02-19 12:21:15.440'},'assistenza','N','varchar(512)','varchar','System.String')
GO

-- FINE GENERAZIONE SCRIPT --


-- GENERAZIONE DATI PER relation --
IF exists(SELECT * FROM [relation] WHERE idrelation = '3297')
UPDATE [relation] SET childtable = 'affidamento',description = 'canale affidato al docente',lt = {ts '2018-07-19 18:24:47.403'},lu = 'assistenza',parenttable = 'canale',title = null WHERE idrelation = '3297'
ELSE
INSERT INTO [relation] (idrelation,childtable,description,lt,lu,parenttable,title) VALUES ('3297','affidamento','canale affidato al docente',{ts '2018-07-19 18:24:47.403'},'assistenza','canale',null)
GO

-- FINE GENERAZIONE SCRIPT --


-- GENERAZIONE DATI PER tabledescr --
IF exists(SELECT * FROM [tabledescr] WHERE tablename = 'affidamentoattach')
UPDATE [tabledescr] SET description = 'Allegati dell''affidamento',idapplication = '3',isdbo = 'S',lt = {ts '2021-02-19 12:27:45.190'},lu = 'assistenza',title = 'Allegati dell''affidamento' WHERE tablename = 'affidamentoattach'
ELSE
INSERT INTO [tabledescr] (tablename,description,idapplication,isdbo,lt,lu,title) VALUES ('affidamentoattach','Allegati dell''affidamento','3','S',{ts '2021-02-19 12:27:45.190'},'assistenza','Allegati dell''affidamento')
GO

-- FINE GENERAZIONE SCRIPT --


-- GENERAZIONE DATI PER coldescr --
IF exists(SELECT * FROM [coldescr] WHERE colname = 'aa' AND tablename = 'affidamentoattach')
UPDATE [coldescr] SET col_len = '9',col_precision = null,col_scale = null,description = null,kind = 'S',lt = {ts '2019-09-23 16:10:49.710'},lu = 'assistenza',primarykey = 'S',sql_declaration = 'varchar(9)',sql_type = 'varchar',system_type = 'System.String' WHERE colname = 'aa' AND tablename = 'affidamentoattach'
ELSE
INSERT INTO [coldescr] (colname,tablename,col_len,col_precision,col_scale,description,kind,lt,lu,primarykey,sql_declaration,sql_type,system_type) VALUES ('aa','affidamentoattach','9',null,null,null,'S',{ts '2019-09-23 16:10:49.710'},'assistenza','S','varchar(9)','varchar','System.String')
GO

IF exists(SELECT * FROM [coldescr] WHERE colname = 'ct' AND tablename = 'affidamentoattach')
UPDATE [coldescr] SET col_len = '8',col_precision = null,col_scale = null,description = null,kind = 'S',lt = {ts '2019-09-23 16:10:49.710'},lu = 'assistenza',primarykey = 'N',sql_declaration = 'datetime',sql_type = 'datetime',system_type = 'System.DateTime' WHERE colname = 'ct' AND tablename = 'affidamentoattach'
ELSE
INSERT INTO [coldescr] (colname,tablename,col_len,col_precision,col_scale,description,kind,lt,lu,primarykey,sql_declaration,sql_type,system_type) VALUES ('ct','affidamentoattach','8',null,null,null,'S',{ts '2019-09-23 16:10:49.710'},'assistenza','N','datetime','datetime','System.DateTime')
GO

IF exists(SELECT * FROM [coldescr] WHERE colname = 'cu' AND tablename = 'affidamentoattach')
UPDATE [coldescr] SET col_len = '64',col_precision = null,col_scale = null,description = null,kind = 'S',lt = {ts '2019-09-23 16:10:49.710'},lu = 'assistenza',primarykey = 'N',sql_declaration = 'varchar(64)',sql_type = 'varchar',system_type = 'System.String' WHERE colname = 'cu' AND tablename = 'affidamentoattach'
ELSE
INSERT INTO [coldescr] (colname,tablename,col_len,col_precision,col_scale,description,kind,lt,lu,primarykey,sql_declaration,sql_type,system_type) VALUES ('cu','affidamentoattach','64',null,null,null,'S',{ts '2019-09-23 16:10:49.710'},'assistenza','N','varchar(64)','varchar','System.String')
GO

IF exists(SELECT * FROM [coldescr] WHERE colname = 'idaffidamento' AND tablename = 'affidamentoattach')
UPDATE [coldescr] SET col_len = '4',col_precision = null,col_scale = null,description = null,kind = 'S',lt = {ts '2019-09-23 16:10:49.710'},lu = 'assistenza',primarykey = 'S',sql_declaration = 'int',sql_type = 'int',system_type = 'System.Int32' WHERE colname = 'idaffidamento' AND tablename = 'affidamentoattach'
ELSE
INSERT INTO [coldescr] (colname,tablename,col_len,col_precision,col_scale,description,kind,lt,lu,primarykey,sql_declaration,sql_type,system_type) VALUES ('idaffidamento','affidamentoattach','4',null,null,null,'S',{ts '2019-09-23 16:10:49.710'},'assistenza','S','int','int','System.Int32')
GO

IF exists(SELECT * FROM [coldescr] WHERE colname = 'idattach' AND tablename = 'affidamentoattach')
UPDATE [coldescr] SET col_len = '4',col_precision = null,col_scale = null,description = 'Allegato',kind = 'S',lt = {ts '2019-09-23 16:11:14.180'},lu = 'assistenza',primarykey = 'S',sql_declaration = 'int',sql_type = 'int',system_type = 'System.Int32' WHERE colname = 'idattach' AND tablename = 'affidamentoattach'
ELSE
INSERT INTO [coldescr] (colname,tablename,col_len,col_precision,col_scale,description,kind,lt,lu,primarykey,sql_declaration,sql_type,system_type) VALUES ('idattach','affidamentoattach','4',null,null,'Allegato','S',{ts '2019-09-23 16:11:14.180'},'assistenza','S','int','int','System.Int32')
GO

IF exists(SELECT * FROM [coldescr] WHERE colname = 'idattivform' AND tablename = 'affidamentoattach')
UPDATE [coldescr] SET col_len = '4',col_precision = null,col_scale = null,description = null,kind = 'S',lt = {ts '2019-09-23 16:10:49.710'},lu = 'assistenza',primarykey = 'S',sql_declaration = 'int',sql_type = 'int',system_type = 'System.Int32' WHERE colname = 'idattivform' AND tablename = 'affidamentoattach'
ELSE
INSERT INTO [coldescr] (colname,tablename,col_len,col_precision,col_scale,description,kind,lt,lu,primarykey,sql_declaration,sql_type,system_type) VALUES ('idattivform','affidamentoattach','4',null,null,null,'S',{ts '2019-09-23 16:10:49.710'},'assistenza','S','int','int','System.Int32')
GO

IF exists(SELECT * FROM [coldescr] WHERE colname = 'idcanale' AND tablename = 'affidamentoattach')
UPDATE [coldescr] SET col_len = '4',col_precision = null,col_scale = null,description = null,kind = 'S',lt = {ts '2019-09-23 16:10:49.710'},lu = 'assistenza',primarykey = 'S',sql_declaration = 'int',sql_type = 'int',system_type = 'System.Int32' WHERE colname = 'idcanale' AND tablename = 'affidamentoattach'
ELSE
INSERT INTO [coldescr] (colname,tablename,col_len,col_precision,col_scale,description,kind,lt,lu,primarykey,sql_declaration,sql_type,system_type) VALUES ('idcanale','affidamentoattach','4',null,null,null,'S',{ts '2019-09-23 16:10:49.710'},'assistenza','S','int','int','System.Int32')
GO

IF exists(SELECT * FROM [coldescr] WHERE colname = 'idcorsostudio' AND tablename = 'affidamentoattach')
UPDATE [coldescr] SET col_len = '4',col_precision = null,col_scale = null,description = null,kind = 'S',lt = {ts '2019-09-23 16:10:49.710'},lu = 'assistenza',primarykey = 'S',sql_declaration = 'int',sql_type = 'int',system_type = 'System.Int32' WHERE colname = 'idcorsostudio' AND tablename = 'affidamentoattach'
ELSE
INSERT INTO [coldescr] (colname,tablename,col_len,col_precision,col_scale,description,kind,lt,lu,primarykey,sql_declaration,sql_type,system_type) VALUES ('idcorsostudio','affidamentoattach','4',null,null,null,'S',{ts '2019-09-23 16:10:49.710'},'assistenza','S','int','int','System.Int32')
GO

IF exists(SELECT * FROM [coldescr] WHERE colname = 'iddidprog' AND tablename = 'affidamentoattach')
UPDATE [coldescr] SET col_len = '4',col_precision = null,col_scale = null,description = null,kind = 'S',lt = {ts '2019-09-23 16:10:49.710'},lu = 'assistenza',primarykey = 'S',sql_declaration = 'int',sql_type = 'int',system_type = 'System.Int32' WHERE colname = 'iddidprog' AND tablename = 'affidamentoattach'
ELSE
INSERT INTO [coldescr] (colname,tablename,col_len,col_precision,col_scale,description,kind,lt,lu,primarykey,sql_declaration,sql_type,system_type) VALUES ('iddidprog','affidamentoattach','4',null,null,null,'S',{ts '2019-09-23 16:10:49.710'},'assistenza','S','int','int','System.Int32')
GO

IF exists(SELECT * FROM [coldescr] WHERE colname = 'iddidproganno' AND tablename = 'affidamentoattach')
UPDATE [coldescr] SET col_len = '4',col_precision = null,col_scale = null,description = null,kind = 'S',lt = {ts '2019-09-23 16:10:49.710'},lu = 'assistenza',primarykey = 'S',sql_declaration = 'int',sql_type = 'int',system_type = 'System.Int32' WHERE colname = 'iddidproganno' AND tablename = 'affidamentoattach'
ELSE
INSERT INTO [coldescr] (colname,tablename,col_len,col_precision,col_scale,description,kind,lt,lu,primarykey,sql_declaration,sql_type,system_type) VALUES ('iddidproganno','affidamentoattach','4',null,null,null,'S',{ts '2019-09-23 16:10:49.710'},'assistenza','S','int','int','System.Int32')
GO

IF exists(SELECT * FROM [coldescr] WHERE colname = 'iddidprogcurr' AND tablename = 'affidamentoattach')
UPDATE [coldescr] SET col_len = '4',col_precision = null,col_scale = null,description = null,kind = 'S',lt = {ts '2019-09-23 16:10:49.710'},lu = 'assistenza',primarykey = 'S',sql_declaration = 'int',sql_type = 'int',system_type = 'System.Int32' WHERE colname = 'iddidprogcurr' AND tablename = 'affidamentoattach'
ELSE
INSERT INTO [coldescr] (colname,tablename,col_len,col_precision,col_scale,description,kind,lt,lu,primarykey,sql_declaration,sql_type,system_type) VALUES ('iddidprogcurr','affidamentoattach','4',null,null,null,'S',{ts '2019-09-23 16:10:49.710'},'assistenza','S','int','int','System.Int32')
GO

IF exists(SELECT * FROM [coldescr] WHERE colname = 'iddidprogori' AND tablename = 'affidamentoattach')
UPDATE [coldescr] SET col_len = '4',col_precision = null,col_scale = null,description = null,kind = 'S',lt = {ts '2019-09-23 16:10:49.710'},lu = 'assistenza',primarykey = 'S',sql_declaration = 'int',sql_type = 'int',system_type = 'System.Int32' WHERE colname = 'iddidprogori' AND tablename = 'affidamentoattach'
ELSE
INSERT INTO [coldescr] (colname,tablename,col_len,col_precision,col_scale,description,kind,lt,lu,primarykey,sql_declaration,sql_type,system_type) VALUES ('iddidprogori','affidamentoattach','4',null,null,null,'S',{ts '2019-09-23 16:10:49.710'},'assistenza','S','int','int','System.Int32')
GO

IF exists(SELECT * FROM [coldescr] WHERE colname = 'iddidprogporzanno' AND tablename = 'affidamentoattach')
UPDATE [coldescr] SET col_len = '4',col_precision = null,col_scale = null,description = null,kind = 'S',lt = {ts '2019-09-23 16:10:49.710'},lu = 'assistenza',primarykey = 'S',sql_declaration = 'int',sql_type = 'int',system_type = 'System.Int32' WHERE colname = 'iddidprogporzanno' AND tablename = 'affidamentoattach'
ELSE
INSERT INTO [coldescr] (colname,tablename,col_len,col_precision,col_scale,description,kind,lt,lu,primarykey,sql_declaration,sql_type,system_type) VALUES ('iddidprogporzanno','affidamentoattach','4',null,null,null,'S',{ts '2019-09-23 16:10:49.710'},'assistenza','S','int','int','System.Int32')
GO

IF exists(SELECT * FROM [coldescr] WHERE colname = 'idreg_docenti' AND tablename = 'affidamentoattach')
UPDATE [coldescr] SET col_len = '4',col_precision = null,col_scale = null,description = 'Docente',kind = 'S',lt = {ts '2020-06-09 10:22:51.970'},lu = 'assistenza',primarykey = 'N',sql_declaration = 'int',sql_type = 'int',system_type = 'System.Int32' WHERE colname = 'idreg_docenti' AND tablename = 'affidamentoattach'
ELSE
INSERT INTO [coldescr] (colname,tablename,col_len,col_precision,col_scale,description,kind,lt,lu,primarykey,sql_declaration,sql_type,system_type) VALUES ('idreg_docenti','affidamentoattach','4',null,null,'Docente','S',{ts '2020-06-09 10:22:51.970'},'assistenza','N','int','int','System.Int32')
GO

IF exists(SELECT * FROM [coldescr] WHERE colname = 'lt' AND tablename = 'affidamentoattach')
UPDATE [coldescr] SET col_len = '8',col_precision = null,col_scale = null,description = null,kind = 'S',lt = {ts '2019-09-23 16:10:49.710'},lu = 'assistenza',primarykey = 'N',sql_declaration = 'datetime',sql_type = 'datetime',system_type = 'System.DateTime' WHERE colname = 'lt' AND tablename = 'affidamentoattach'
ELSE
INSERT INTO [coldescr] (colname,tablename,col_len,col_precision,col_scale,description,kind,lt,lu,primarykey,sql_declaration,sql_type,system_type) VALUES ('lt','affidamentoattach','8',null,null,null,'S',{ts '2019-09-23 16:10:49.710'},'assistenza','N','datetime','datetime','System.DateTime')
GO

IF exists(SELECT * FROM [coldescr] WHERE colname = 'lu' AND tablename = 'affidamentoattach')
UPDATE [coldescr] SET col_len = '64',col_precision = null,col_scale = null,description = null,kind = 'S',lt = {ts '2019-09-23 16:10:49.710'},lu = 'assistenza',primarykey = 'N',sql_declaration = 'varchar(64)',sql_type = 'varchar',system_type = 'System.String' WHERE colname = 'lu' AND tablename = 'affidamentoattach'
ELSE
INSERT INTO [coldescr] (colname,tablename,col_len,col_precision,col_scale,description,kind,lt,lu,primarykey,sql_declaration,sql_type,system_type) VALUES ('lu','affidamentoattach','64',null,null,null,'S',{ts '2019-09-23 16:10:49.710'},'assistenza','N','varchar(64)','varchar','System.String')
GO

-- FINE GENERAZIONE SCRIPT --


-- GENERAZIONE DATI PER tabledescr --
IF exists(SELECT * FROM [tabledescr] WHERE tablename = 'affidamentocaratteristica')
UPDATE [tabledescr] SET description = null,idapplication = '3',isdbo = 'S',lt = {ts '2021-02-19 12:24:11.840'},lu = 'assistenza',title = 'Caratteristiche dell''affidamento' WHERE tablename = 'affidamentocaratteristica'
ELSE
INSERT INTO [tabledescr] (tablename,description,idapplication,isdbo,lt,lu,title) VALUES ('affidamentocaratteristica',null,'3','S',{ts '2021-02-19 12:24:11.840'},'assistenza','Caratteristiche dell''affidamento')
GO

-- FINE GENERAZIONE SCRIPT --


-- GENERAZIONE DATI PER coldescr --
IF exists(SELECT * FROM [coldescr] WHERE colname = 'aa' AND tablename = 'affidamentocaratteristica')
UPDATE [coldescr] SET col_len = '9',col_precision = null,col_scale = null,description = null,kind = 'S',lt = {ts '2019-09-23 16:11:27.657'},lu = 'assistenza',primarykey = 'S',sql_declaration = 'varchar(9)',sql_type = 'varchar',system_type = 'System.String' WHERE colname = 'aa' AND tablename = 'affidamentocaratteristica'
ELSE
INSERT INTO [coldescr] (colname,tablename,col_len,col_precision,col_scale,description,kind,lt,lu,primarykey,sql_declaration,sql_type,system_type) VALUES ('aa','affidamentocaratteristica','9',null,null,null,'S',{ts '2019-09-23 16:11:27.657'},'assistenza','S','varchar(9)','varchar','System.String')
GO

IF exists(SELECT * FROM [coldescr] WHERE colname = 'cf' AND tablename = 'affidamentocaratteristica')
UPDATE [coldescr] SET col_len = '5',col_precision = '9',col_scale = '2',description = 'Crediti',kind = 'S',lt = {ts '2019-04-11 16:06:51.863'},lu = 'assistenza',primarykey = 'N',sql_declaration = 'decimal(9,2)',sql_type = 'decimal',system_type = 'System.Decimal' WHERE colname = 'cf' AND tablename = 'affidamentocaratteristica'
ELSE
INSERT INTO [coldescr] (colname,tablename,col_len,col_precision,col_scale,description,kind,lt,lu,primarykey,sql_declaration,sql_type,system_type) VALUES ('cf','affidamentocaratteristica','5','9','2','Crediti','S',{ts '2019-04-11 16:06:51.863'},'assistenza','N','decimal(9,2)','decimal','System.Decimal')
GO

IF exists(SELECT * FROM [coldescr] WHERE colname = 'ct' AND tablename = 'affidamentocaratteristica')
UPDATE [coldescr] SET col_len = '8',col_precision = null,col_scale = null,description = null,kind = 'S',lt = {ts '2019-04-11 16:04:31.387'},lu = 'assistenza',primarykey = 'N',sql_declaration = 'datetime',sql_type = 'datetime',system_type = 'System.DateTime' WHERE colname = 'ct' AND tablename = 'affidamentocaratteristica'
ELSE
INSERT INTO [coldescr] (colname,tablename,col_len,col_precision,col_scale,description,kind,lt,lu,primarykey,sql_declaration,sql_type,system_type) VALUES ('ct','affidamentocaratteristica','8',null,null,null,'S',{ts '2019-04-11 16:04:31.387'},'assistenza','N','datetime','datetime','System.DateTime')
GO

IF exists(SELECT * FROM [coldescr] WHERE colname = 'cu' AND tablename = 'affidamentocaratteristica')
UPDATE [coldescr] SET col_len = '64',col_precision = null,col_scale = null,description = null,kind = 'S',lt = {ts '2019-04-11 16:04:31.387'},lu = 'assistenza',primarykey = 'N',sql_declaration = 'varchar(64)',sql_type = 'varchar',system_type = 'System.String' WHERE colname = 'cu' AND tablename = 'affidamentocaratteristica'
ELSE
INSERT INTO [coldescr] (colname,tablename,col_len,col_precision,col_scale,description,kind,lt,lu,primarykey,sql_declaration,sql_type,system_type) VALUES ('cu','affidamentocaratteristica','64',null,null,null,'S',{ts '2019-04-11 16:04:31.387'},'assistenza','N','varchar(64)','varchar','System.String')
GO

IF exists(SELECT * FROM [coldescr] WHERE colname = 'idaffidamento' AND tablename = 'affidamentocaratteristica')
UPDATE [coldescr] SET col_len = '4',col_precision = null,col_scale = null,description = null,kind = 'S',lt = {ts '2019-04-11 16:04:31.387'},lu = 'assistenza',primarykey = 'S',sql_declaration = 'int',sql_type = 'int',system_type = 'System.Int32' WHERE colname = 'idaffidamento' AND tablename = 'affidamentocaratteristica'
ELSE
INSERT INTO [coldescr] (colname,tablename,col_len,col_precision,col_scale,description,kind,lt,lu,primarykey,sql_declaration,sql_type,system_type) VALUES ('idaffidamento','affidamentocaratteristica','4',null,null,null,'S',{ts '2019-04-11 16:04:31.387'},'assistenza','S','int','int','System.Int32')
GO

IF exists(SELECT * FROM [coldescr] WHERE colname = 'idaffidamentocaratteristica' AND tablename = 'affidamentocaratteristica')
UPDATE [coldescr] SET col_len = '4',col_precision = null,col_scale = null,description = null,kind = 'S',lt = {ts '2019-04-11 16:04:31.387'},lu = 'assistenza',primarykey = 'S',sql_declaration = 'int',sql_type = 'int',system_type = 'System.Int32' WHERE colname = 'idaffidamentocaratteristica' AND tablename = 'affidamentocaratteristica'
ELSE
INSERT INTO [coldescr] (colname,tablename,col_len,col_precision,col_scale,description,kind,lt,lu,primarykey,sql_declaration,sql_type,system_type) VALUES ('idaffidamentocaratteristica','affidamentocaratteristica','4',null,null,null,'S',{ts '2019-04-11 16:04:31.387'},'assistenza','S','int','int','System.Int32')
GO

IF exists(SELECT * FROM [coldescr] WHERE colname = 'idambitoareadisc' AND tablename = 'affidamentocaratteristica')
UPDATE [coldescr] SET col_len = '4',col_precision = null,col_scale = null,description = 'Ambito o area disciplinare',kind = 'S',lt = {ts '2019-04-11 16:06:51.863'},lu = 'assistenza',primarykey = 'N',sql_declaration = 'int',sql_type = 'int',system_type = 'System.Int32' WHERE colname = 'idambitoareadisc' AND tablename = 'affidamentocaratteristica'
ELSE
INSERT INTO [coldescr] (colname,tablename,col_len,col_precision,col_scale,description,kind,lt,lu,primarykey,sql_declaration,sql_type,system_type) VALUES ('idambitoareadisc','affidamentocaratteristica','4',null,null,'Ambito o area disciplinare','S',{ts '2019-04-11 16:06:51.863'},'assistenza','N','int','int','System.Int32')
GO

IF exists(SELECT * FROM [coldescr] WHERE colname = 'idattivform' AND tablename = 'affidamentocaratteristica')
UPDATE [coldescr] SET col_len = '4',col_precision = null,col_scale = null,description = null,kind = 'S',lt = {ts '2019-04-11 16:04:31.387'},lu = 'assistenza',primarykey = 'S',sql_declaration = 'int',sql_type = 'int',system_type = 'System.Int32' WHERE colname = 'idattivform' AND tablename = 'affidamentocaratteristica'
ELSE
INSERT INTO [coldescr] (colname,tablename,col_len,col_precision,col_scale,description,kind,lt,lu,primarykey,sql_declaration,sql_type,system_type) VALUES ('idattivform','affidamentocaratteristica','4',null,null,null,'S',{ts '2019-04-11 16:04:31.387'},'assistenza','S','int','int','System.Int32')
GO

IF exists(SELECT * FROM [coldescr] WHERE colname = 'idcanale' AND tablename = 'affidamentocaratteristica')
UPDATE [coldescr] SET col_len = '4',col_precision = null,col_scale = null,description = null,kind = 'S',lt = {ts '2019-04-11 16:04:31.387'},lu = 'assistenza',primarykey = 'S',sql_declaration = 'int',sql_type = 'int',system_type = 'System.Int32' WHERE colname = 'idcanale' AND tablename = 'affidamentocaratteristica'
ELSE
INSERT INTO [coldescr] (colname,tablename,col_len,col_precision,col_scale,description,kind,lt,lu,primarykey,sql_declaration,sql_type,system_type) VALUES ('idcanale','affidamentocaratteristica','4',null,null,null,'S',{ts '2019-04-11 16:04:31.387'},'assistenza','S','int','int','System.Int32')
GO

IF exists(SELECT * FROM [coldescr] WHERE colname = 'idcorsostudio' AND tablename = 'affidamentocaratteristica')
UPDATE [coldescr] SET col_len = '4',col_precision = null,col_scale = null,description = null,kind = 'S',lt = {ts '2019-09-23 16:11:27.657'},lu = 'assistenza',primarykey = 'S',sql_declaration = 'int',sql_type = 'int',system_type = 'System.Int32' WHERE colname = 'idcorsostudio' AND tablename = 'affidamentocaratteristica'
ELSE
INSERT INTO [coldescr] (colname,tablename,col_len,col_precision,col_scale,description,kind,lt,lu,primarykey,sql_declaration,sql_type,system_type) VALUES ('idcorsostudio','affidamentocaratteristica','4',null,null,null,'S',{ts '2019-09-23 16:11:27.657'},'assistenza','S','int','int','System.Int32')
GO

IF exists(SELECT * FROM [coldescr] WHERE colname = 'iddidprog' AND tablename = 'affidamentocaratteristica')
UPDATE [coldescr] SET col_len = '4',col_precision = null,col_scale = null,description = null,kind = 'S',lt = {ts '2019-04-11 16:04:31.387'},lu = 'assistenza',primarykey = 'S',sql_declaration = 'int',sql_type = 'int',system_type = 'System.Int32' WHERE colname = 'iddidprog' AND tablename = 'affidamentocaratteristica'
ELSE
INSERT INTO [coldescr] (colname,tablename,col_len,col_precision,col_scale,description,kind,lt,lu,primarykey,sql_declaration,sql_type,system_type) VALUES ('iddidprog','affidamentocaratteristica','4',null,null,null,'S',{ts '2019-04-11 16:04:31.387'},'assistenza','S','int','int','System.Int32')
GO

IF exists(SELECT * FROM [coldescr] WHERE colname = 'iddidproganno' AND tablename = 'affidamentocaratteristica')
UPDATE [coldescr] SET col_len = '4',col_precision = null,col_scale = null,description = null,kind = 'S',lt = {ts '2019-04-11 16:04:31.387'},lu = 'assistenza',primarykey = 'S',sql_declaration = 'int',sql_type = 'int',system_type = 'System.Int32' WHERE colname = 'iddidproganno' AND tablename = 'affidamentocaratteristica'
ELSE
INSERT INTO [coldescr] (colname,tablename,col_len,col_precision,col_scale,description,kind,lt,lu,primarykey,sql_declaration,sql_type,system_type) VALUES ('iddidproganno','affidamentocaratteristica','4',null,null,null,'S',{ts '2019-04-11 16:04:31.387'},'assistenza','S','int','int','System.Int32')
GO

IF exists(SELECT * FROM [coldescr] WHERE colname = 'iddidprogcurr' AND tablename = 'affidamentocaratteristica')
UPDATE [coldescr] SET col_len = '4',col_precision = null,col_scale = null,description = null,kind = 'S',lt = {ts '2019-04-11 16:04:31.387'},lu = 'assistenza',primarykey = 'S',sql_declaration = 'int',sql_type = 'int',system_type = 'System.Int32' WHERE colname = 'iddidprogcurr' AND tablename = 'affidamentocaratteristica'
ELSE
INSERT INTO [coldescr] (colname,tablename,col_len,col_precision,col_scale,description,kind,lt,lu,primarykey,sql_declaration,sql_type,system_type) VALUES ('iddidprogcurr','affidamentocaratteristica','4',null,null,null,'S',{ts '2019-04-11 16:04:31.387'},'assistenza','S','int','int','System.Int32')
GO

IF exists(SELECT * FROM [coldescr] WHERE colname = 'iddidprogori' AND tablename = 'affidamentocaratteristica')
UPDATE [coldescr] SET col_len = '4',col_precision = null,col_scale = null,description = null,kind = 'S',lt = {ts '2019-04-11 16:04:31.387'},lu = 'assistenza',primarykey = 'S',sql_declaration = 'int',sql_type = 'int',system_type = 'System.Int32' WHERE colname = 'iddidprogori' AND tablename = 'affidamentocaratteristica'
ELSE
INSERT INTO [coldescr] (colname,tablename,col_len,col_precision,col_scale,description,kind,lt,lu,primarykey,sql_declaration,sql_type,system_type) VALUES ('iddidprogori','affidamentocaratteristica','4',null,null,null,'S',{ts '2019-04-11 16:04:31.387'},'assistenza','S','int','int','System.Int32')
GO

IF exists(SELECT * FROM [coldescr] WHERE colname = 'iddidprogporzanno' AND tablename = 'affidamentocaratteristica')
UPDATE [coldescr] SET col_len = '4',col_precision = null,col_scale = null,description = null,kind = 'S',lt = {ts '2019-04-11 16:04:31.387'},lu = 'assistenza',primarykey = 'S',sql_declaration = 'int',sql_type = 'int',system_type = 'System.Int32' WHERE colname = 'iddidprogporzanno' AND tablename = 'affidamentocaratteristica'
ELSE
INSERT INTO [coldescr] (colname,tablename,col_len,col_precision,col_scale,description,kind,lt,lu,primarykey,sql_declaration,sql_type,system_type) VALUES ('iddidprogporzanno','affidamentocaratteristica','4',null,null,null,'S',{ts '2019-04-11 16:04:31.387'},'assistenza','S','int','int','System.Int32')
GO

IF exists(SELECT * FROM [coldescr] WHERE colname = 'idsasd' AND tablename = 'affidamentocaratteristica')
UPDATE [coldescr] SET col_len = '4',col_precision = null,col_scale = null,description = 'SASD',kind = 'S',lt = {ts '2019-04-11 16:06:51.863'},lu = 'assistenza',primarykey = 'N',sql_declaration = 'int',sql_type = 'int',system_type = 'System.Int32' WHERE colname = 'idsasd' AND tablename = 'affidamentocaratteristica'
ELSE
INSERT INTO [coldescr] (colname,tablename,col_len,col_precision,col_scale,description,kind,lt,lu,primarykey,sql_declaration,sql_type,system_type) VALUES ('idsasd','affidamentocaratteristica','4',null,null,'SASD','S',{ts '2019-04-11 16:06:51.863'},'assistenza','N','int','int','System.Int32')
GO

IF exists(SELECT * FROM [coldescr] WHERE colname = 'idsasdgruppo' AND tablename = 'affidamentocaratteristica')
UPDATE [coldescr] SET col_len = '4',col_precision = null,col_scale = null,description = 'Gruppo',kind = 'S',lt = {ts '2020-05-15 12:23:55.730'},lu = 'assistenza',primarykey = 'N',sql_declaration = 'int',sql_type = 'int',system_type = 'System.Int32' WHERE colname = 'idsasdgruppo' AND tablename = 'affidamentocaratteristica'
ELSE
INSERT INTO [coldescr] (colname,tablename,col_len,col_precision,col_scale,description,kind,lt,lu,primarykey,sql_declaration,sql_type,system_type) VALUES ('idsasdgruppo','affidamentocaratteristica','4',null,null,'Gruppo','S',{ts '2020-05-15 12:23:55.730'},'assistenza','N','int','int','System.Int32')
GO

IF exists(SELECT * FROM [coldescr] WHERE colname = 'idtipoattform' AND tablename = 'affidamentocaratteristica')
UPDATE [coldescr] SET col_len = '4',col_precision = null,col_scale = null,description = 'Tipo di attività formativa',kind = 'S',lt = {ts '2020-10-08 12:48:44.407'},lu = 'assistenza',primarykey = 'N',sql_declaration = 'int',sql_type = 'int',system_type = 'System.Int32' WHERE colname = 'idtipoattform' AND tablename = 'affidamentocaratteristica'
ELSE
INSERT INTO [coldescr] (colname,tablename,col_len,col_precision,col_scale,description,kind,lt,lu,primarykey,sql_declaration,sql_type,system_type) VALUES ('idtipoattform','affidamentocaratteristica','4',null,null,'Tipo di attività formativa','S',{ts '2020-10-08 12:48:44.407'},'assistenza','N','int','int','System.Int32')
GO

IF exists(SELECT * FROM [coldescr] WHERE colname = 'json' AND tablename = 'affidamentocaratteristica')
UPDATE [coldescr] SET col_len = '-1',col_precision = null,col_scale = null,description = 'Caratteristiche',kind = 'S',lt = {ts '2020-05-12 12:05:06.713'},lu = 'assistenza',primarykey = 'N',sql_declaration = 'varchar(max)',sql_type = 'varchar',system_type = 'System.String' WHERE colname = 'json' AND tablename = 'affidamentocaratteristica'
ELSE
INSERT INTO [coldescr] (colname,tablename,col_len,col_precision,col_scale,description,kind,lt,lu,primarykey,sql_declaration,sql_type,system_type) VALUES ('json','affidamentocaratteristica','-1',null,null,'Caratteristiche','S',{ts '2020-05-12 12:05:06.713'},'assistenza','N','varchar(max)','varchar','System.String')
GO

IF exists(SELECT * FROM [coldescr] WHERE colname = 'lt' AND tablename = 'affidamentocaratteristica')
UPDATE [coldescr] SET col_len = '8',col_precision = null,col_scale = null,description = null,kind = 'S',lt = {ts '2019-04-11 16:04:31.387'},lu = 'assistenza',primarykey = 'N',sql_declaration = 'datetime',sql_type = 'datetime',system_type = 'System.DateTime' WHERE colname = 'lt' AND tablename = 'affidamentocaratteristica'
ELSE
INSERT INTO [coldescr] (colname,tablename,col_len,col_precision,col_scale,description,kind,lt,lu,primarykey,sql_declaration,sql_type,system_type) VALUES ('lt','affidamentocaratteristica','8',null,null,null,'S',{ts '2019-04-11 16:04:31.387'},'assistenza','N','datetime','datetime','System.DateTime')
GO

IF exists(SELECT * FROM [coldescr] WHERE colname = 'lu' AND tablename = 'affidamentocaratteristica')
UPDATE [coldescr] SET col_len = '64',col_precision = null,col_scale = null,description = null,kind = 'S',lt = {ts '2019-04-11 16:04:31.387'},lu = 'assistenza',primarykey = 'N',sql_declaration = 'varchar(64)',sql_type = 'varchar',system_type = 'System.String' WHERE colname = 'lu' AND tablename = 'affidamentocaratteristica'
ELSE
INSERT INTO [coldescr] (colname,tablename,col_len,col_precision,col_scale,description,kind,lt,lu,primarykey,sql_declaration,sql_type,system_type) VALUES ('lu','affidamentocaratteristica','64',null,null,null,'S',{ts '2019-04-11 16:04:31.387'},'assistenza','N','varchar(64)','varchar','System.String')
GO

IF exists(SELECT * FROM [coldescr] WHERE colname = 'profess' AND tablename = 'affidamentocaratteristica')
UPDATE [coldescr] SET col_len = '1',col_precision = null,col_scale = null,description = 'Professionalizzante',kind = 'S',lt = {ts '2019-04-11 16:06:51.863'},lu = 'assistenza',primarykey = 'N',sql_declaration = 'char(1)',sql_type = 'char',system_type = 'System.String' WHERE colname = 'profess' AND tablename = 'affidamentocaratteristica'
ELSE
INSERT INTO [coldescr] (colname,tablename,col_len,col_precision,col_scale,description,kind,lt,lu,primarykey,sql_declaration,sql_type,system_type) VALUES ('profess','affidamentocaratteristica','1',null,null,'Professionalizzante','S',{ts '2019-04-11 16:06:51.863'},'assistenza','N','char(1)','char','System.String')
GO

IF exists(SELECT * FROM [coldescr] WHERE colname = 'title' AND tablename = 'affidamentocaratteristica')
UPDATE [coldescr] SET col_len = '2048',col_precision = null,col_scale = null,description = 'Caratteristiche',kind = 'S',lt = {ts '2020-05-07 13:08:42.403'},lu = 'assistenza',primarykey = 'N',sql_declaration = 'varchar(2048)',sql_type = 'varchar',system_type = 'System.String' WHERE colname = 'title' AND tablename = 'affidamentocaratteristica'
ELSE
INSERT INTO [coldescr] (colname,tablename,col_len,col_precision,col_scale,description,kind,lt,lu,primarykey,sql_declaration,sql_type,system_type) VALUES ('title','affidamentocaratteristica','2048',null,null,'Caratteristiche','S',{ts '2020-05-07 13:08:42.403'},'assistenza','N','varchar(2048)','varchar','System.String')
GO

-- FINE GENERAZIONE SCRIPT --


-- GENERAZIONE DATI PER tabledescr --
IF exists(SELECT * FROM [tabledescr] WHERE tablename = 'affidamentocaratteristicaora')
UPDATE [tabledescr] SET description = null,idapplication = '3',isdbo = 'S',lt = {ts '2021-02-19 12:25:21.770'},lu = 'assistenza',title = 'Ore' WHERE tablename = 'affidamentocaratteristicaora'
ELSE
INSERT INTO [tabledescr] (tablename,description,idapplication,isdbo,lt,lu,title) VALUES ('affidamentocaratteristicaora',null,'3','S',{ts '2021-02-19 12:25:21.770'},'assistenza','Ore')
GO

-- FINE GENERAZIONE SCRIPT --


-- GENERAZIONE DATI PER coldescr --
IF exists(SELECT * FROM [coldescr] WHERE colname = 'aa' AND tablename = 'affidamentocaratteristicaora')
UPDATE [coldescr] SET col_len = '9',col_precision = null,col_scale = null,description = null,kind = 'S',lt = {ts '2019-09-23 16:11:37.257'},lu = 'assistenza',primarykey = 'S',sql_declaration = 'varchar(9)',sql_type = 'varchar',system_type = 'System.String' WHERE colname = 'aa' AND tablename = 'affidamentocaratteristicaora'
ELSE
INSERT INTO [coldescr] (colname,tablename,col_len,col_precision,col_scale,description,kind,lt,lu,primarykey,sql_declaration,sql_type,system_type) VALUES ('aa','affidamentocaratteristicaora','9',null,null,null,'S',{ts '2019-09-23 16:11:37.257'},'assistenza','S','varchar(9)','varchar','System.String')
GO

IF exists(SELECT * FROM [coldescr] WHERE colname = 'ct' AND tablename = 'affidamentocaratteristicaora')
UPDATE [coldescr] SET col_len = '8',col_precision = null,col_scale = null,description = null,kind = 'S',lt = {ts '2019-04-11 16:23:02.207'},lu = 'assistenza',primarykey = 'N',sql_declaration = 'datetime',sql_type = 'datetime',system_type = 'System.DateTime' WHERE colname = 'ct' AND tablename = 'affidamentocaratteristicaora'
ELSE
INSERT INTO [coldescr] (colname,tablename,col_len,col_precision,col_scale,description,kind,lt,lu,primarykey,sql_declaration,sql_type,system_type) VALUES ('ct','affidamentocaratteristicaora','8',null,null,null,'S',{ts '2019-04-11 16:23:02.207'},'assistenza','N','datetime','datetime','System.DateTime')
GO

IF exists(SELECT * FROM [coldescr] WHERE colname = 'cu' AND tablename = 'affidamentocaratteristicaora')
UPDATE [coldescr] SET col_len = '64',col_precision = null,col_scale = null,description = null,kind = 'S',lt = {ts '2019-04-11 16:23:02.207'},lu = 'assistenza',primarykey = 'N',sql_declaration = 'varchar(64)',sql_type = 'varchar',system_type = 'System.String' WHERE colname = 'cu' AND tablename = 'affidamentocaratteristicaora'
ELSE
INSERT INTO [coldescr] (colname,tablename,col_len,col_precision,col_scale,description,kind,lt,lu,primarykey,sql_declaration,sql_type,system_type) VALUES ('cu','affidamentocaratteristicaora','64',null,null,null,'S',{ts '2019-04-11 16:23:02.207'},'assistenza','N','varchar(64)','varchar','System.String')
GO

IF exists(SELECT * FROM [coldescr] WHERE colname = 'idaffidamento' AND tablename = 'affidamentocaratteristicaora')
UPDATE [coldescr] SET col_len = '4',col_precision = null,col_scale = null,description = null,kind = 'S',lt = {ts '2019-04-11 16:23:02.207'},lu = 'assistenza',primarykey = 'S',sql_declaration = 'int',sql_type = 'int',system_type = 'System.Int32' WHERE colname = 'idaffidamento' AND tablename = 'affidamentocaratteristicaora'
ELSE
INSERT INTO [coldescr] (colname,tablename,col_len,col_precision,col_scale,description,kind,lt,lu,primarykey,sql_declaration,sql_type,system_type) VALUES ('idaffidamento','affidamentocaratteristicaora','4',null,null,null,'S',{ts '2019-04-11 16:23:02.207'},'assistenza','S','int','int','System.Int32')
GO

IF exists(SELECT * FROM [coldescr] WHERE colname = 'idaffidamentocaratteristica' AND tablename = 'affidamentocaratteristicaora')
UPDATE [coldescr] SET col_len = '4',col_precision = null,col_scale = null,description = null,kind = 'S',lt = {ts '2019-04-11 16:23:02.207'},lu = 'assistenza',primarykey = 'S',sql_declaration = 'int',sql_type = 'int',system_type = 'System.Int32' WHERE colname = 'idaffidamentocaratteristica' AND tablename = 'affidamentocaratteristicaora'
ELSE
INSERT INTO [coldescr] (colname,tablename,col_len,col_precision,col_scale,description,kind,lt,lu,primarykey,sql_declaration,sql_type,system_type) VALUES ('idaffidamentocaratteristica','affidamentocaratteristicaora','4',null,null,null,'S',{ts '2019-04-11 16:23:02.207'},'assistenza','S','int','int','System.Int32')
GO

IF exists(SELECT * FROM [coldescr] WHERE colname = 'idaffidamentocaratteristicaora' AND tablename = 'affidamentocaratteristicaora')
UPDATE [coldescr] SET col_len = '4',col_precision = null,col_scale = null,description = null,kind = 'S',lt = {ts '2019-04-11 16:23:02.207'},lu = 'assistenza',primarykey = 'S',sql_declaration = 'int',sql_type = 'int',system_type = 'System.Int32' WHERE colname = 'idaffidamentocaratteristicaora' AND tablename = 'affidamentocaratteristicaora'
ELSE
INSERT INTO [coldescr] (colname,tablename,col_len,col_precision,col_scale,description,kind,lt,lu,primarykey,sql_declaration,sql_type,system_type) VALUES ('idaffidamentocaratteristicaora','affidamentocaratteristicaora','4',null,null,null,'S',{ts '2019-04-11 16:23:02.207'},'assistenza','S','int','int','System.Int32')
GO

IF exists(SELECT * FROM [coldescr] WHERE colname = 'idattivform' AND tablename = 'affidamentocaratteristicaora')
UPDATE [coldescr] SET col_len = '4',col_precision = null,col_scale = null,description = null,kind = 'S',lt = {ts '2019-04-11 16:23:02.207'},lu = 'assistenza',primarykey = 'S',sql_declaration = 'int',sql_type = 'int',system_type = 'System.Int32' WHERE colname = 'idattivform' AND tablename = 'affidamentocaratteristicaora'
ELSE
INSERT INTO [coldescr] (colname,tablename,col_len,col_precision,col_scale,description,kind,lt,lu,primarykey,sql_declaration,sql_type,system_type) VALUES ('idattivform','affidamentocaratteristicaora','4',null,null,null,'S',{ts '2019-04-11 16:23:02.207'},'assistenza','S','int','int','System.Int32')
GO

IF exists(SELECT * FROM [coldescr] WHERE colname = 'idcanale' AND tablename = 'affidamentocaratteristicaora')
UPDATE [coldescr] SET col_len = '4',col_precision = null,col_scale = null,description = null,kind = 'S',lt = {ts '2019-04-11 16:23:02.207'},lu = 'assistenza',primarykey = 'S',sql_declaration = 'int',sql_type = 'int',system_type = 'System.Int32' WHERE colname = 'idcanale' AND tablename = 'affidamentocaratteristicaora'
ELSE
INSERT INTO [coldescr] (colname,tablename,col_len,col_precision,col_scale,description,kind,lt,lu,primarykey,sql_declaration,sql_type,system_type) VALUES ('idcanale','affidamentocaratteristicaora','4',null,null,null,'S',{ts '2019-04-11 16:23:02.207'},'assistenza','S','int','int','System.Int32')
GO

IF exists(SELECT * FROM [coldescr] WHERE colname = 'idcorsostudio' AND tablename = 'affidamentocaratteristicaora')
UPDATE [coldescr] SET col_len = '4',col_precision = null,col_scale = null,description = null,kind = 'S',lt = {ts '2019-09-23 16:11:37.257'},lu = 'assistenza',primarykey = 'S',sql_declaration = 'int',sql_type = 'int',system_type = 'System.Int32' WHERE colname = 'idcorsostudio' AND tablename = 'affidamentocaratteristicaora'
ELSE
INSERT INTO [coldescr] (colname,tablename,col_len,col_precision,col_scale,description,kind,lt,lu,primarykey,sql_declaration,sql_type,system_type) VALUES ('idcorsostudio','affidamentocaratteristicaora','4',null,null,null,'S',{ts '2019-09-23 16:11:37.257'},'assistenza','S','int','int','System.Int32')
GO

IF exists(SELECT * FROM [coldescr] WHERE colname = 'iddidprog' AND tablename = 'affidamentocaratteristicaora')
UPDATE [coldescr] SET col_len = '4',col_precision = null,col_scale = null,description = null,kind = 'S',lt = {ts '2019-04-11 16:23:02.207'},lu = 'assistenza',primarykey = 'S',sql_declaration = 'int',sql_type = 'int',system_type = 'System.Int32' WHERE colname = 'iddidprog' AND tablename = 'affidamentocaratteristicaora'
ELSE
INSERT INTO [coldescr] (colname,tablename,col_len,col_precision,col_scale,description,kind,lt,lu,primarykey,sql_declaration,sql_type,system_type) VALUES ('iddidprog','affidamentocaratteristicaora','4',null,null,null,'S',{ts '2019-04-11 16:23:02.207'},'assistenza','S','int','int','System.Int32')
GO

IF exists(SELECT * FROM [coldescr] WHERE colname = 'iddidproganno' AND tablename = 'affidamentocaratteristicaora')
UPDATE [coldescr] SET col_len = '4',col_precision = null,col_scale = null,description = null,kind = 'S',lt = {ts '2019-04-11 16:23:02.207'},lu = 'assistenza',primarykey = 'S',sql_declaration = 'int',sql_type = 'int',system_type = 'System.Int32' WHERE colname = 'iddidproganno' AND tablename = 'affidamentocaratteristicaora'
ELSE
INSERT INTO [coldescr] (colname,tablename,col_len,col_precision,col_scale,description,kind,lt,lu,primarykey,sql_declaration,sql_type,system_type) VALUES ('iddidproganno','affidamentocaratteristicaora','4',null,null,null,'S',{ts '2019-04-11 16:23:02.207'},'assistenza','S','int','int','System.Int32')
GO

IF exists(SELECT * FROM [coldescr] WHERE colname = 'iddidprogcurr' AND tablename = 'affidamentocaratteristicaora')
UPDATE [coldescr] SET col_len = '4',col_precision = null,col_scale = null,description = null,kind = 'S',lt = {ts '2019-04-11 16:23:02.207'},lu = 'assistenza',primarykey = 'S',sql_declaration = 'int',sql_type = 'int',system_type = 'System.Int32' WHERE colname = 'iddidprogcurr' AND tablename = 'affidamentocaratteristicaora'
ELSE
INSERT INTO [coldescr] (colname,tablename,col_len,col_precision,col_scale,description,kind,lt,lu,primarykey,sql_declaration,sql_type,system_type) VALUES ('iddidprogcurr','affidamentocaratteristicaora','4',null,null,null,'S',{ts '2019-04-11 16:23:02.207'},'assistenza','S','int','int','System.Int32')
GO

IF exists(SELECT * FROM [coldescr] WHERE colname = 'iddidprogori' AND tablename = 'affidamentocaratteristicaora')
UPDATE [coldescr] SET col_len = '4',col_precision = null,col_scale = null,description = null,kind = 'S',lt = {ts '2019-04-11 16:23:02.207'},lu = 'assistenza',primarykey = 'S',sql_declaration = 'int',sql_type = 'int',system_type = 'System.Int32' WHERE colname = 'iddidprogori' AND tablename = 'affidamentocaratteristicaora'
ELSE
INSERT INTO [coldescr] (colname,tablename,col_len,col_precision,col_scale,description,kind,lt,lu,primarykey,sql_declaration,sql_type,system_type) VALUES ('iddidprogori','affidamentocaratteristicaora','4',null,null,null,'S',{ts '2019-04-11 16:23:02.207'},'assistenza','S','int','int','System.Int32')
GO

IF exists(SELECT * FROM [coldescr] WHERE colname = 'iddidprogporzanno' AND tablename = 'affidamentocaratteristicaora')
UPDATE [coldescr] SET col_len = '4',col_precision = null,col_scale = null,description = null,kind = 'S',lt = {ts '2019-04-11 16:23:02.207'},lu = 'assistenza',primarykey = 'S',sql_declaration = 'int',sql_type = 'int',system_type = 'System.Int32' WHERE colname = 'iddidprogporzanno' AND tablename = 'affidamentocaratteristicaora'
ELSE
INSERT INTO [coldescr] (colname,tablename,col_len,col_precision,col_scale,description,kind,lt,lu,primarykey,sql_declaration,sql_type,system_type) VALUES ('iddidprogporzanno','affidamentocaratteristicaora','4',null,null,null,'S',{ts '2019-04-11 16:23:02.207'},'assistenza','S','int','int','System.Int32')
GO

IF exists(SELECT * FROM [coldescr] WHERE colname = 'idorakind' AND tablename = 'affidamentocaratteristicaora')
UPDATE [coldescr] SET col_len = '4',col_precision = null,col_scale = null,description = 'Tipo',kind = 'S',lt = {ts '2019-10-04 20:18:12.397'},lu = 'assistenza',primarykey = 'N',sql_declaration = 'int',sql_type = 'int',system_type = 'System.Int32' WHERE colname = 'idorakind' AND tablename = 'affidamentocaratteristicaora'
ELSE
INSERT INTO [coldescr] (colname,tablename,col_len,col_precision,col_scale,description,kind,lt,lu,primarykey,sql_declaration,sql_type,system_type) VALUES ('idorakind','affidamentocaratteristicaora','4',null,null,'Tipo','S',{ts '2019-10-04 20:18:12.397'},'assistenza','N','int','int','System.Int32')
GO

IF exists(SELECT * FROM [coldescr] WHERE colname = 'lt' AND tablename = 'affidamentocaratteristicaora')
UPDATE [coldescr] SET col_len = '8',col_precision = null,col_scale = null,description = null,kind = 'S',lt = {ts '2019-04-11 16:23:02.210'},lu = 'assistenza',primarykey = 'N',sql_declaration = 'datetime',sql_type = 'datetime',system_type = 'System.DateTime' WHERE colname = 'lt' AND tablename = 'affidamentocaratteristicaora'
ELSE
INSERT INTO [coldescr] (colname,tablename,col_len,col_precision,col_scale,description,kind,lt,lu,primarykey,sql_declaration,sql_type,system_type) VALUES ('lt','affidamentocaratteristicaora','8',null,null,null,'S',{ts '2019-04-11 16:23:02.210'},'assistenza','N','datetime','datetime','System.DateTime')
GO

IF exists(SELECT * FROM [coldescr] WHERE colname = 'lu' AND tablename = 'affidamentocaratteristicaora')
UPDATE [coldescr] SET col_len = '64',col_precision = null,col_scale = null,description = null,kind = 'S',lt = {ts '2019-04-11 16:23:02.213'},lu = 'assistenza',primarykey = 'N',sql_declaration = 'varchar(64)',sql_type = 'varchar',system_type = 'System.String' WHERE colname = 'lu' AND tablename = 'affidamentocaratteristicaora'
ELSE
INSERT INTO [coldescr] (colname,tablename,col_len,col_precision,col_scale,description,kind,lt,lu,primarykey,sql_declaration,sql_type,system_type) VALUES ('lu','affidamentocaratteristicaora','64',null,null,null,'S',{ts '2019-04-11 16:23:02.213'},'assistenza','N','varchar(64)','varchar','System.String')
GO

IF exists(SELECT * FROM [coldescr] WHERE colname = 'ora' AND tablename = 'affidamentocaratteristicaora')
UPDATE [coldescr] SET col_len = '4',col_precision = null,col_scale = null,description = 'Ore',kind = 'S',lt = {ts '2019-04-11 16:23:09.993'},lu = 'assistenza',primarykey = 'N',sql_declaration = 'int',sql_type = 'int',system_type = 'System.Int32' WHERE colname = 'ora' AND tablename = 'affidamentocaratteristicaora'
ELSE
INSERT INTO [coldescr] (colname,tablename,col_len,col_precision,col_scale,description,kind,lt,lu,primarykey,sql_declaration,sql_type,system_type) VALUES ('ora','affidamentocaratteristicaora','4',null,null,'Ore','S',{ts '2019-04-11 16:23:09.993'},'assistenza','N','int','int','System.Int32')
GO

IF exists(SELECT * FROM [coldescr] WHERE colname = 'ripetizioni' AND tablename = 'affidamentocaratteristicaora')
UPDATE [coldescr] SET col_len = '4',col_precision = null,col_scale = null,description = null,kind = 'S',lt = {ts '2020-05-20 12:59:25.357'},lu = 'assistenza',primarykey = 'N',sql_declaration = 'int',sql_type = 'int',system_type = 'System.Int32' WHERE colname = 'ripetizioni' AND tablename = 'affidamentocaratteristicaora'
ELSE
INSERT INTO [coldescr] (colname,tablename,col_len,col_precision,col_scale,description,kind,lt,lu,primarykey,sql_declaration,sql_type,system_type) VALUES ('ripetizioni','affidamentocaratteristicaora','4',null,null,null,'S',{ts '2020-05-20 12:59:25.357'},'assistenza','N','int','int','System.Int32')
GO

-- FINE GENERAZIONE SCRIPT --


-- GENERAZIONE DATI PER tabledescr --
IF exists(SELECT * FROM [tabledescr] WHERE tablename = 'affidamentokind')
UPDATE [tabledescr] SET description = 'VOCABOLARIO modificabile da loro delle tipologie di 2.4.18 Affidamento',idapplication = '2',isdbo = 'S',lt = {ts '2021-02-25 15:34:23.447'},lu = 'assistenza',title = 'Ttipologie di affidamento' WHERE tablename = 'affidamentokind'
ELSE
INSERT INTO [tabledescr] (tablename,description,idapplication,isdbo,lt,lu,title) VALUES ('affidamentokind','VOCABOLARIO modificabile da loro delle tipologie di 2.4.18 Affidamento','2','S',{ts '2021-02-25 15:34:23.447'},'assistenza','Ttipologie di affidamento')
GO

-- FINE GENERAZIONE SCRIPT --


-- GENERAZIONE DATI PER coldescr --
IF exists(SELECT * FROM [coldescr] WHERE colname = 'active' AND tablename = 'affidamentokind')
UPDATE [coldescr] SET col_len = '1',col_precision = null,col_scale = null,description = null,kind = 'S',lt = {ts '2018-07-19 18:28:54.077'},lu = 'assistenza',primarykey = 'N',sql_declaration = 'char(1)',sql_type = 'char',system_type = 'System.String' WHERE colname = 'active' AND tablename = 'affidamentokind'
ELSE
INSERT INTO [coldescr] (colname,tablename,col_len,col_precision,col_scale,description,kind,lt,lu,primarykey,sql_declaration,sql_type,system_type) VALUES ('active','affidamentokind','1',null,null,null,'S',{ts '2018-07-19 18:28:54.077'},'assistenza','N','char(1)','char','System.String')
GO

IF exists(SELECT * FROM [coldescr] WHERE colname = 'costoora' AND tablename = 'affidamentokind')
UPDATE [coldescr] SET col_len = '5',col_precision = '9',col_scale = '2',description = 'Costo orario',kind = 'S',lt = {ts '2020-05-20 12:58:43.987'},lu = 'assistenza',primarykey = 'N',sql_declaration = 'decimal(9,2)',sql_type = 'decimal',system_type = 'System.Decimal' WHERE colname = 'costoora' AND tablename = 'affidamentokind'
ELSE
INSERT INTO [coldescr] (colname,tablename,col_len,col_precision,col_scale,description,kind,lt,lu,primarykey,sql_declaration,sql_type,system_type) VALUES ('costoora','affidamentokind','5','9','2','Costo orario','S',{ts '2020-05-20 12:58:43.987'},'assistenza','N','decimal(9,2)','decimal','System.Decimal')
GO

IF exists(SELECT * FROM [coldescr] WHERE colname = 'costoorariodacontratto' AND tablename = 'affidamentokind')
UPDATE [coldescr] SET col_len = '1',col_precision = null,col_scale = null,description = 'Costo orario da ruolo',kind = 'S',lt = {ts '2020-10-19 13:25:29.723'},lu = 'assistenza',primarykey = 'N',sql_declaration = 'varchar(1)',sql_type = 'varchar',system_type = 'System.String' WHERE colname = 'costoorariodacontratto' AND tablename = 'affidamentokind'
ELSE
INSERT INTO [coldescr] (colname,tablename,col_len,col_precision,col_scale,description,kind,lt,lu,primarykey,sql_declaration,sql_type,system_type) VALUES ('costoorariodacontratto','affidamentokind','1',null,null,'Costo orario da ruolo','S',{ts '2020-10-19 13:25:29.723'},'assistenza','N','varchar(1)','varchar','System.String')
GO

IF exists(SELECT * FROM [coldescr] WHERE colname = 'ct' AND tablename = 'affidamentokind')
UPDATE [coldescr] SET col_len = '8',col_precision = null,col_scale = null,description = null,kind = 'S',lt = {ts '2018-07-19 18:28:54.077'},lu = 'assistenza',primarykey = 'N',sql_declaration = 'datetime',sql_type = 'datetime',system_type = 'System.DateTime' WHERE colname = 'ct' AND tablename = 'affidamentokind'
ELSE
INSERT INTO [coldescr] (colname,tablename,col_len,col_precision,col_scale,description,kind,lt,lu,primarykey,sql_declaration,sql_type,system_type) VALUES ('ct','affidamentokind','8',null,null,null,'S',{ts '2018-07-19 18:28:54.077'},'assistenza','N','datetime','datetime','System.DateTime')
GO

IF exists(SELECT * FROM [coldescr] WHERE colname = 'cu' AND tablename = 'affidamentokind')
UPDATE [coldescr] SET col_len = '64',col_precision = null,col_scale = null,description = null,kind = 'S',lt = {ts '2018-07-19 18:28:54.077'},lu = 'assistenza',primarykey = 'N',sql_declaration = 'varchar(64)',sql_type = 'varchar',system_type = 'System.String' WHERE colname = 'cu' AND tablename = 'affidamentokind'
ELSE
INSERT INTO [coldescr] (colname,tablename,col_len,col_precision,col_scale,description,kind,lt,lu,primarykey,sql_declaration,sql_type,system_type) VALUES ('cu','affidamentokind','64',null,null,null,'S',{ts '2018-07-19 18:28:54.077'},'assistenza','N','varchar(64)','varchar','System.String')
GO

IF exists(SELECT * FROM [coldescr] WHERE colname = 'description' AND tablename = 'affidamentokind')
UPDATE [coldescr] SET col_len = '256',col_precision = null,col_scale = null,description = null,kind = 'S',lt = {ts '2018-07-19 18:28:54.077'},lu = 'assistenza',primarykey = 'N',sql_declaration = 'varchar(256)',sql_type = 'varchar',system_type = 'System.String' WHERE colname = 'description' AND tablename = 'affidamentokind'
ELSE
INSERT INTO [coldescr] (colname,tablename,col_len,col_precision,col_scale,description,kind,lt,lu,primarykey,sql_declaration,sql_type,system_type) VALUES ('description','affidamentokind','256',null,null,null,'S',{ts '2018-07-19 18:28:54.077'},'assistenza','N','varchar(256)','varchar','System.String')
GO

IF exists(SELECT * FROM [coldescr] WHERE colname = 'idaffidamentokind' AND tablename = 'affidamentokind')
UPDATE [coldescr] SET col_len = '4',col_precision = null,col_scale = null,description = null,kind = 'S',lt = {ts '2018-07-19 18:28:54.077'},lu = 'assistenza',primarykey = 'S',sql_declaration = 'int',sql_type = 'int',system_type = 'System.Int32' WHERE colname = 'idaffidamentokind' AND tablename = 'affidamentokind'
ELSE
INSERT INTO [coldescr] (colname,tablename,col_len,col_precision,col_scale,description,kind,lt,lu,primarykey,sql_declaration,sql_type,system_type) VALUES ('idaffidamentokind','affidamentokind','4',null,null,null,'S',{ts '2018-07-19 18:28:54.077'},'assistenza','S','int','int','System.Int32')
GO

IF exists(SELECT * FROM [coldescr] WHERE colname = 'lt' AND tablename = 'affidamentokind')
UPDATE [coldescr] SET col_len = '8',col_precision = null,col_scale = null,description = null,kind = 'S',lt = {ts '2018-07-19 18:28:54.077'},lu = 'assistenza',primarykey = 'N',sql_declaration = 'datetime',sql_type = 'datetime',system_type = 'System.DateTime' WHERE colname = 'lt' AND tablename = 'affidamentokind'
ELSE
INSERT INTO [coldescr] (colname,tablename,col_len,col_precision,col_scale,description,kind,lt,lu,primarykey,sql_declaration,sql_type,system_type) VALUES ('lt','affidamentokind','8',null,null,null,'S',{ts '2018-07-19 18:28:54.077'},'assistenza','N','datetime','datetime','System.DateTime')
GO

IF exists(SELECT * FROM [coldescr] WHERE colname = 'lu' AND tablename = 'affidamentokind')
UPDATE [coldescr] SET col_len = '64',col_precision = null,col_scale = null,description = null,kind = 'S',lt = {ts '2018-07-19 18:28:54.077'},lu = 'assistenza',primarykey = 'N',sql_declaration = 'varchar(64)',sql_type = 'varchar',system_type = 'System.String' WHERE colname = 'lu' AND tablename = 'affidamentokind'
ELSE
INSERT INTO [coldescr] (colname,tablename,col_len,col_precision,col_scale,description,kind,lt,lu,primarykey,sql_declaration,sql_type,system_type) VALUES ('lu','affidamentokind','64',null,null,null,'S',{ts '2018-07-19 18:28:54.077'},'assistenza','N','varchar(64)','varchar','System.String')
GO

IF exists(SELECT * FROM [coldescr] WHERE colname = 'sortcode' AND tablename = 'affidamentokind')
UPDATE [coldescr] SET col_len = '4',col_precision = null,col_scale = null,description = null,kind = 'S',lt = {ts '2018-07-19 18:28:54.077'},lu = 'assistenza',primarykey = 'N',sql_declaration = 'int',sql_type = 'int',system_type = 'System.Int32' WHERE colname = 'sortcode' AND tablename = 'affidamentokind'
ELSE
INSERT INTO [coldescr] (colname,tablename,col_len,col_precision,col_scale,description,kind,lt,lu,primarykey,sql_declaration,sql_type,system_type) VALUES ('sortcode','affidamentokind','4',null,null,null,'S',{ts '2018-07-19 18:28:54.077'},'assistenza','N','int','int','System.Int32')
GO

IF exists(SELECT * FROM [coldescr] WHERE colname = 'title' AND tablename = 'affidamentokind')
UPDATE [coldescr] SET col_len = '50',col_precision = null,col_scale = null,description = null,kind = 'S',lt = {ts '2018-07-19 18:28:54.077'},lu = 'assistenza',primarykey = 'N',sql_declaration = 'varchar(50)',sql_type = 'varchar',system_type = 'System.String' WHERE colname = 'title' AND tablename = 'affidamentokind'
ELSE
INSERT INTO [coldescr] (colname,tablename,col_len,col_precision,col_scale,description,kind,lt,lu,primarykey,sql_declaration,sql_type,system_type) VALUES ('title','affidamentokind','50',null,null,null,'S',{ts '2018-07-19 18:28:54.077'},'assistenza','N','varchar(50)','varchar','System.String')
GO

-- FINE GENERAZIONE SCRIPT --


-- GENERAZIONE DATI PER relation --
IF exists(SELECT * FROM [relation] WHERE idrelation = '3298')
UPDATE [relation] SET childtable = 'affidamentokind',description = 'affidamento di cui indica la tipologia',lt = {ts '2018-07-19 18:29:11.507'},lu = 'assistenza',parenttable = 'affidamento',title = null WHERE idrelation = '3298'
ELSE
INSERT INTO [relation] (idrelation,childtable,description,lt,lu,parenttable,title) VALUES ('3298','affidamentokind','affidamento di cui indica la tipologia',{ts '2018-07-19 18:29:11.507'},'assistenza','affidamento',null)
GO

-- FINE GENERAZIONE SCRIPT --


-- GENERAZIONE DATI PER tabledescr --
IF exists(SELECT * FROM [tabledescr] WHERE tablename = 'ambitoareadisc')
UPDATE [tabledescr] SET description = 'VOCABOLARIO MIUR 2.4.5 Area o ambito Disciplinare',idapplication = '3',isdbo = 'S',lt = {ts '2021-02-19 15:40:08.027'},lu = 'assistenza',title = 'Area o ambito Disciplinare' WHERE tablename = 'ambitoareadisc'
ELSE
INSERT INTO [tabledescr] (tablename,description,idapplication,isdbo,lt,lu,title) VALUES ('ambitoareadisc','VOCABOLARIO MIUR 2.4.5 Area o ambito Disciplinare','3','S',{ts '2021-02-19 15:40:08.027'},'assistenza','Area o ambito Disciplinare')
GO

-- FINE GENERAZIONE SCRIPT --


-- GENERAZIONE DATI PER coldescr --
IF exists(SELECT * FROM [coldescr] WHERE colname = 'idambitoareadisc' AND tablename = 'ambitoareadisc')
UPDATE [coldescr] SET col_len = '4',col_precision = null,col_scale = null,description = null,kind = 'S',lt = {ts '2018-07-19 17:28:01.377'},lu = 'assistenza',primarykey = 'S',sql_declaration = 'int',sql_type = 'int',system_type = 'System.Int32' WHERE colname = 'idambitoareadisc' AND tablename = 'ambitoareadisc'
ELSE
INSERT INTO [coldescr] (colname,tablename,col_len,col_precision,col_scale,description,kind,lt,lu,primarykey,sql_declaration,sql_type,system_type) VALUES ('idambitoareadisc','ambitoareadisc','4',null,null,null,'S',{ts '2018-07-19 17:28:01.377'},'assistenza','S','int','int','System.Int32')
GO

IF exists(SELECT * FROM [coldescr] WHERE colname = 'idclassescuola' AND tablename = 'ambitoareadisc')
UPDATE [coldescr] SET col_len = '4',col_precision = null,col_scale = null,description = 'Scuola / Classe di laurea',kind = 'S',lt = {ts '2020-05-18 21:44:24.070'},lu = 'assistenza',primarykey = 'N',sql_declaration = 'int',sql_type = 'int',system_type = 'System.Int32' WHERE colname = 'idclassescuola' AND tablename = 'ambitoareadisc'
ELSE
INSERT INTO [coldescr] (colname,tablename,col_len,col_precision,col_scale,description,kind,lt,lu,primarykey,sql_declaration,sql_type,system_type) VALUES ('idclassescuola','ambitoareadisc','4',null,null,'Scuola / Classe di laurea','S',{ts '2020-05-18 21:44:24.070'},'assistenza','N','int','int','System.Int32')
GO

IF exists(SELECT * FROM [coldescr] WHERE colname = 'idtipoattform' AND tablename = 'ambitoareadisc')
UPDATE [coldescr] SET col_len = '4',col_precision = null,col_scale = null,description = 'Tipo attività formativa',kind = 'S',lt = {ts '2020-05-18 21:44:24.070'},lu = 'assistenza',primarykey = 'N',sql_declaration = 'int',sql_type = 'int',system_type = 'System.Int32' WHERE colname = 'idtipoattform' AND tablename = 'ambitoareadisc'
ELSE
INSERT INTO [coldescr] (colname,tablename,col_len,col_precision,col_scale,description,kind,lt,lu,primarykey,sql_declaration,sql_type,system_type) VALUES ('idtipoattform','ambitoareadisc','4',null,null,'Tipo attività formativa','S',{ts '2020-05-18 21:44:24.070'},'assistenza','N','int','int','System.Int32')
GO

IF exists(SELECT * FROM [coldescr] WHERE colname = 'indicecineca' AND tablename = 'ambitoareadisc')
UPDATE [coldescr] SET col_len = '4',col_precision = null,col_scale = null,description = 'Id cineca',kind = 'S',lt = {ts '2020-05-18 21:44:24.070'},lu = 'assistenza',primarykey = 'N',sql_declaration = 'int',sql_type = 'int',system_type = 'System.Int32' WHERE colname = 'indicecineca' AND tablename = 'ambitoareadisc'
ELSE
INSERT INTO [coldescr] (colname,tablename,col_len,col_precision,col_scale,description,kind,lt,lu,primarykey,sql_declaration,sql_type,system_type) VALUES ('indicecineca','ambitoareadisc','4',null,null,'Id cineca','S',{ts '2020-05-18 21:44:24.070'},'assistenza','N','int','int','System.Int32')
GO

IF exists(SELECT * FROM [coldescr] WHERE colname = 'lt' AND tablename = 'ambitoareadisc')
UPDATE [coldescr] SET col_len = '8',col_precision = null,col_scale = null,description = null,kind = 'S',lt = {ts '2018-07-19 17:28:01.377'},lu = 'assistenza',primarykey = 'N',sql_declaration = 'datetime',sql_type = 'datetime',system_type = 'System.DateTime' WHERE colname = 'lt' AND tablename = 'ambitoareadisc'
ELSE
INSERT INTO [coldescr] (colname,tablename,col_len,col_precision,col_scale,description,kind,lt,lu,primarykey,sql_declaration,sql_type,system_type) VALUES ('lt','ambitoareadisc','8',null,null,null,'S',{ts '2018-07-19 17:28:01.377'},'assistenza','N','datetime','datetime','System.DateTime')
GO

IF exists(SELECT * FROM [coldescr] WHERE colname = 'lu' AND tablename = 'ambitoareadisc')
UPDATE [coldescr] SET col_len = '64',col_precision = null,col_scale = null,description = null,kind = 'S',lt = {ts '2018-07-19 17:28:01.377'},lu = 'assistenza',primarykey = 'N',sql_declaration = 'varchar(64)',sql_type = 'varchar',system_type = 'System.String' WHERE colname = 'lu' AND tablename = 'ambitoareadisc'
ELSE
INSERT INTO [coldescr] (colname,tablename,col_len,col_precision,col_scale,description,kind,lt,lu,primarykey,sql_declaration,sql_type,system_type) VALUES ('lu','ambitoareadisc','64',null,null,null,'S',{ts '2018-07-19 17:28:01.377'},'assistenza','N','varchar(64)','varchar','System.String')
GO

IF exists(SELECT * FROM [coldescr] WHERE colname = 'sortcode' AND tablename = 'ambitoareadisc')
UPDATE [coldescr] SET col_len = '4',col_precision = null,col_scale = null,description = 'Ordine nel tipo di attività formativa',kind = 'S',lt = {ts '2020-05-18 21:44:24.070'},lu = 'assistenza',primarykey = 'N',sql_declaration = 'int',sql_type = 'int',system_type = 'System.Int32' WHERE colname = 'sortcode' AND tablename = 'ambitoareadisc'
ELSE
INSERT INTO [coldescr] (colname,tablename,col_len,col_precision,col_scale,description,kind,lt,lu,primarykey,sql_declaration,sql_type,system_type) VALUES ('sortcode','ambitoareadisc','4',null,null,'Ordine nel tipo di attività formativa','S',{ts '2020-05-18 21:44:24.070'},'assistenza','N','int','int','System.Int32')
GO

IF exists(SELECT * FROM [coldescr] WHERE colname = 'title' AND tablename = 'ambitoareadisc')
UPDATE [coldescr] SET col_len = '256',col_precision = null,col_scale = null,description = 'Ambito',kind = 'S',lt = {ts '2020-05-18 21:44:24.070'},lu = 'assistenza',primarykey = 'N',sql_declaration = 'varchar(256)',sql_type = 'varchar',system_type = 'System.String' WHERE colname = 'title' AND tablename = 'ambitoareadisc'
ELSE
INSERT INTO [coldescr] (colname,tablename,col_len,col_precision,col_scale,description,kind,lt,lu,primarykey,sql_declaration,sql_type,system_type) VALUES ('title','ambitoareadisc','256',null,null,'Ambito','S',{ts '2020-05-18 21:44:24.070'},'assistenza','N','varchar(256)','varchar','System.String')
GO

-- FINE GENERAZIONE SCRIPT --


-- GENERAZIONE DATI PER tabledescr --
IF exists(SELECT * FROM [tabledescr] WHERE tablename = 'annoaccademico')
UPDATE [tabledescr] SET description = 'Anno accademico',idapplication = '2',isdbo = 'S',lt = {ts '2021-02-25 15:37:02.127'},lu = 'assistenza',title = 'Anno accademico' WHERE tablename = 'annoaccademico'
ELSE
INSERT INTO [tabledescr] (tablename,description,idapplication,isdbo,lt,lu,title) VALUES ('annoaccademico','Anno accademico','2','S',{ts '2021-02-25 15:37:02.127'},'assistenza','Anno accademico')
GO

-- FINE GENERAZIONE SCRIPT --


-- GENERAZIONE DATI PER coldescr --
IF exists(SELECT * FROM [coldescr] WHERE colname = 'aa' AND tablename = 'annoaccademico')
UPDATE [coldescr] SET col_len = '9',col_precision = null,col_scale = null,description = 'Anno accademico',kind = 'S',lt = {ts '2020-02-03 19:57:59.590'},lu = 'assistenza',primarykey = 'S',sql_declaration = 'nvarchar(9)',sql_type = 'nvarchar',system_type = 'System.String' WHERE colname = 'aa' AND tablename = 'annoaccademico'
ELSE
INSERT INTO [coldescr] (colname,tablename,col_len,col_precision,col_scale,description,kind,lt,lu,primarykey,sql_declaration,sql_type,system_type) VALUES ('aa','annoaccademico','9',null,null,'Anno accademico','S',{ts '2020-02-03 19:57:59.590'},'assistenza','S','nvarchar(9)','nvarchar','System.String')
GO

-- FINE GENERAZIONE SCRIPT --


-- GENERAZIONE DATI PER tabledescr --
IF exists(SELECT * FROM [tabledescr] WHERE tablename = 'aoo')
UPDATE [tabledescr] SET description = '2.4.38 Area organizzativa omogenea (AOO)',idapplication = '2',isdbo = 'S',lt = {ts '2021-02-25 15:38:54.520'},lu = 'assistenza',title = 'Area organizzativa omogenea (AOO)' WHERE tablename = 'aoo'
ELSE
INSERT INTO [tabledescr] (tablename,description,idapplication,isdbo,lt,lu,title) VALUES ('aoo','2.4.38 Area organizzativa omogenea (AOO)','2','S',{ts '2021-02-25 15:38:54.520'},'assistenza','Area organizzativa omogenea (AOO)')
GO

-- FINE GENERAZIONE SCRIPT --


-- GENERAZIONE DATI PER coldescr --
IF exists(SELECT * FROM [coldescr] WHERE colname = 'codiceaooipa' AND tablename = 'aoo')
UPDATE [coldescr] SET col_len = '50',col_precision = null,col_scale = null,description = 'Codice IPA',kind = 'S',lt = {ts '2019-03-13 16:39:31.320'},lu = 'assistenza',primarykey = 'N',sql_declaration = 'varchar(50)',sql_type = 'varchar',system_type = 'System.String' WHERE colname = 'codiceaooipa' AND tablename = 'aoo'
ELSE
INSERT INTO [coldescr] (colname,tablename,col_len,col_precision,col_scale,description,kind,lt,lu,primarykey,sql_declaration,sql_type,system_type) VALUES ('codiceaooipa','aoo','50',null,null,'Codice IPA','S',{ts '2019-03-13 16:39:31.320'},'assistenza','N','varchar(50)','varchar','System.String')
GO

IF exists(SELECT * FROM [coldescr] WHERE colname = 'ct' AND tablename = 'aoo')
UPDATE [coldescr] SET col_len = '8',col_precision = null,col_scale = null,description = null,kind = 'S',lt = {ts '2018-07-17 18:17:39.180'},lu = 'assistenza',primarykey = 'N',sql_declaration = 'datetime',sql_type = 'datetime',system_type = 'System.DateTime' WHERE colname = 'ct' AND tablename = 'aoo'
ELSE
INSERT INTO [coldescr] (colname,tablename,col_len,col_precision,col_scale,description,kind,lt,lu,primarykey,sql_declaration,sql_type,system_type) VALUES ('ct','aoo','8',null,null,null,'S',{ts '2018-07-17 18:17:39.180'},'assistenza','N','datetime','datetime','System.DateTime')
GO

IF exists(SELECT * FROM [coldescr] WHERE colname = 'cu' AND tablename = 'aoo')
UPDATE [coldescr] SET col_len = '64',col_precision = null,col_scale = null,description = null,kind = 'S',lt = {ts '2018-07-17 18:17:39.180'},lu = 'assistenza',primarykey = 'N',sql_declaration = 'varchar(64)',sql_type = 'varchar',system_type = 'System.String' WHERE colname = 'cu' AND tablename = 'aoo'
ELSE
INSERT INTO [coldescr] (colname,tablename,col_len,col_precision,col_scale,description,kind,lt,lu,primarykey,sql_declaration,sql_type,system_type) VALUES ('cu','aoo','64',null,null,null,'S',{ts '2018-07-17 18:17:39.180'},'assistenza','N','varchar(64)','varchar','System.String')
GO

IF exists(SELECT * FROM [coldescr] WHERE colname = 'idaoo' AND tablename = 'aoo')
UPDATE [coldescr] SET col_len = '4',col_precision = null,col_scale = null,description = null,kind = 'S',lt = {ts '2018-07-17 18:17:39.180'},lu = 'assistenza',primarykey = 'S',sql_declaration = 'int',sql_type = 'int',system_type = 'System.Int32' WHERE colname = 'idaoo' AND tablename = 'aoo'
ELSE
INSERT INTO [coldescr] (colname,tablename,col_len,col_precision,col_scale,description,kind,lt,lu,primarykey,sql_declaration,sql_type,system_type) VALUES ('idaoo','aoo','4',null,null,null,'S',{ts '2018-07-17 18:17:39.180'},'assistenza','S','int','int','System.Int32')
GO

IF exists(SELECT * FROM [coldescr] WHERE colname = 'idreg' AND tablename = 'aoo')
UPDATE [coldescr] SET col_len = '4',col_precision = null,col_scale = null,description = 'Istituto o ente o azienda',kind = 'S',lt = {ts '2020-01-03 16:18:45.320'},lu = 'assistenza',primarykey = 'N',sql_declaration = 'int',sql_type = 'int',system_type = 'System.Int32' WHERE colname = 'idreg' AND tablename = 'aoo'
ELSE
INSERT INTO [coldescr] (colname,tablename,col_len,col_precision,col_scale,description,kind,lt,lu,primarykey,sql_declaration,sql_type,system_type) VALUES ('idreg','aoo','4',null,null,'Istituto o ente o azienda','S',{ts '2020-01-03 16:18:45.320'},'assistenza','N','int','int','System.Int32')
GO

IF exists(SELECT * FROM [coldescr] WHERE colname = 'idsede' AND tablename = 'aoo')
UPDATE [coldescr] SET col_len = '4',col_precision = null,col_scale = null,description = 'Sede',kind = 'S',lt = {ts '2019-08-30 15:41:51.497'},lu = 'assistenza',primarykey = 'N',sql_declaration = 'int',sql_type = 'int',system_type = 'System.Int32' WHERE colname = 'idsede' AND tablename = 'aoo'
ELSE
INSERT INTO [coldescr] (colname,tablename,col_len,col_precision,col_scale,description,kind,lt,lu,primarykey,sql_declaration,sql_type,system_type) VALUES ('idsede','aoo','4',null,null,'Sede','S',{ts '2019-08-30 15:41:51.497'},'assistenza','N','int','int','System.Int32')
GO

IF exists(SELECT * FROM [coldescr] WHERE colname = 'lt' AND tablename = 'aoo')
UPDATE [coldescr] SET col_len = '8',col_precision = null,col_scale = null,description = null,kind = 'S',lt = {ts '2018-07-17 18:17:39.180'},lu = 'assistenza',primarykey = 'N',sql_declaration = 'datetime',sql_type = 'datetime',system_type = 'System.DateTime' WHERE colname = 'lt' AND tablename = 'aoo'
ELSE
INSERT INTO [coldescr] (colname,tablename,col_len,col_precision,col_scale,description,kind,lt,lu,primarykey,sql_declaration,sql_type,system_type) VALUES ('lt','aoo','8',null,null,null,'S',{ts '2018-07-17 18:17:39.180'},'assistenza','N','datetime','datetime','System.DateTime')
GO

IF exists(SELECT * FROM [coldescr] WHERE colname = 'lu' AND tablename = 'aoo')
UPDATE [coldescr] SET col_len = '64',col_precision = null,col_scale = null,description = null,kind = 'S',lt = {ts '2018-07-17 18:17:39.180'},lu = 'assistenza',primarykey = 'N',sql_declaration = 'varchar(64)',sql_type = 'varchar',system_type = 'System.String' WHERE colname = 'lu' AND tablename = 'aoo'
ELSE
INSERT INTO [coldescr] (colname,tablename,col_len,col_precision,col_scale,description,kind,lt,lu,primarykey,sql_declaration,sql_type,system_type) VALUES ('lu','aoo','64',null,null,null,'S',{ts '2018-07-17 18:17:39.180'},'assistenza','N','varchar(64)','varchar','System.String')
GO

IF exists(SELECT * FROM [coldescr] WHERE colname = 'title' AND tablename = 'aoo')
UPDATE [coldescr] SET col_len = '1024',col_precision = null,col_scale = null,description = 'Denominazione',kind = 'S',lt = {ts '2019-03-13 16:39:31.323'},lu = 'assistenza',primarykey = 'N',sql_declaration = 'varchar(1024)',sql_type = 'varchar',system_type = 'System.String' WHERE colname = 'title' AND tablename = 'aoo'
ELSE
INSERT INTO [coldescr] (colname,tablename,col_len,col_precision,col_scale,description,kind,lt,lu,primarykey,sql_declaration,sql_type,system_type) VALUES ('title','aoo','1024',null,null,'Denominazione','S',{ts '2019-03-13 16:39:31.323'},'assistenza','N','varchar(1024)','varchar','System.String')
GO

-- FINE GENERAZIONE SCRIPT --


-- GENERAZIONE DATI PER tabledescr --
IF exists(SELECT * FROM [tabledescr] WHERE tablename = 'areadidattica')
UPDATE [tabledescr] SET description = 'VOCABOLARIO MIUR delle aree didattiche',idapplication = '2',isdbo = 'S',lt = {ts '2018-07-20 11:24:09.313'},lu = 'assistenza',title = 'Aree didattiche MIUR' WHERE tablename = 'areadidattica'
ELSE
INSERT INTO [tabledescr] (tablename,description,idapplication,isdbo,lt,lu,title) VALUES ('areadidattica','VOCABOLARIO MIUR delle aree didattiche','2','S',{ts '2018-07-20 11:24:09.313'},'assistenza','Aree didattiche MIUR')
GO

-- FINE GENERAZIONE SCRIPT --


-- GENERAZIONE DATI PER coldescr --
IF exists(SELECT * FROM [coldescr] WHERE colname = 'active' AND tablename = 'areadidattica')
UPDATE [coldescr] SET col_len = '1',col_precision = null,col_scale = null,description = 'Attivo',kind = 'S',lt = {ts '2018-12-18 18:35:37.280'},lu = 'assistenza',primarykey = 'N',sql_declaration = 'char(1)',sql_type = 'char',system_type = 'System.String' WHERE colname = 'active' AND tablename = 'areadidattica'
ELSE
INSERT INTO [coldescr] (colname,tablename,col_len,col_precision,col_scale,description,kind,lt,lu,primarykey,sql_declaration,sql_type,system_type) VALUES ('active','areadidattica','1',null,null,'Attivo','S',{ts '2018-12-18 18:35:37.280'},'assistenza','N','char(1)','char','System.String')
GO

IF exists(SELECT * FROM [coldescr] WHERE colname = 'ct' AND tablename = 'areadidattica')
UPDATE [coldescr] SET col_len = '8',col_precision = null,col_scale = null,description = null,kind = 'S',lt = {ts '2018-12-18 18:33:48.990'},lu = 'assistenza',primarykey = 'N',sql_declaration = 'datetime',sql_type = 'datetime',system_type = 'System.DateTime' WHERE colname = 'ct' AND tablename = 'areadidattica'
ELSE
INSERT INTO [coldescr] (colname,tablename,col_len,col_precision,col_scale,description,kind,lt,lu,primarykey,sql_declaration,sql_type,system_type) VALUES ('ct','areadidattica','8',null,null,null,'S',{ts '2018-12-18 18:33:48.990'},'assistenza','N','datetime','datetime','System.DateTime')
GO

IF exists(SELECT * FROM [coldescr] WHERE colname = 'cu' AND tablename = 'areadidattica')
UPDATE [coldescr] SET col_len = '64',col_precision = null,col_scale = null,description = null,kind = 'S',lt = {ts '2018-12-18 18:33:48.990'},lu = 'assistenza',primarykey = 'N',sql_declaration = 'nvarchar(64)',sql_type = 'nvarchar',system_type = 'System.String' WHERE colname = 'cu' AND tablename = 'areadidattica'
ELSE
INSERT INTO [coldescr] (colname,tablename,col_len,col_precision,col_scale,description,kind,lt,lu,primarykey,sql_declaration,sql_type,system_type) VALUES ('cu','areadidattica','64',null,null,null,'S',{ts '2018-12-18 18:33:48.990'},'assistenza','N','nvarchar(64)','nvarchar','System.String')
GO

IF exists(SELECT * FROM [coldescr] WHERE colname = 'idareadidattica' AND tablename = 'areadidattica')
UPDATE [coldescr] SET col_len = '4',col_precision = null,col_scale = null,description = 'Codice',kind = 'S',lt = {ts '2018-12-18 18:35:37.283'},lu = 'assistenza',primarykey = 'S',sql_declaration = 'int',sql_type = 'int',system_type = 'System.Int32' WHERE colname = 'idareadidattica' AND tablename = 'areadidattica'
ELSE
INSERT INTO [coldescr] (colname,tablename,col_len,col_precision,col_scale,description,kind,lt,lu,primarykey,sql_declaration,sql_type,system_type) VALUES ('idareadidattica','areadidattica','4',null,null,'Codice','S',{ts '2018-12-18 18:35:37.283'},'assistenza','S','int','int','System.Int32')
GO

IF exists(SELECT * FROM [coldescr] WHERE colname = 'idcorsostudiokind' AND tablename = 'areadidattica')
UPDATE [coldescr] SET col_len = '4',col_precision = null,col_scale = null,description = 'Tipo di corso',kind = 'S',lt = {ts '2019-03-11 12:18:00.097'},lu = 'assistenza',primarykey = 'N',sql_declaration = 'int',sql_type = 'int',system_type = 'System.Int32' WHERE colname = 'idcorsostudiokind' AND tablename = 'areadidattica'
ELSE
INSERT INTO [coldescr] (colname,tablename,col_len,col_precision,col_scale,description,kind,lt,lu,primarykey,sql_declaration,sql_type,system_type) VALUES ('idcorsostudiokind','areadidattica','4',null,null,'Tipo di corso','S',{ts '2019-03-11 12:18:00.097'},'assistenza','N','int','int','System.Int32')
GO

IF exists(SELECT * FROM [coldescr] WHERE colname = 'lt' AND tablename = 'areadidattica')
UPDATE [coldescr] SET col_len = '8',col_precision = null,col_scale = null,description = null,kind = 'S',lt = {ts '2018-12-18 18:33:48.990'},lu = 'assistenza',primarykey = 'N',sql_declaration = 'datetime',sql_type = 'datetime',system_type = 'System.DateTime' WHERE colname = 'lt' AND tablename = 'areadidattica'
ELSE
INSERT INTO [coldescr] (colname,tablename,col_len,col_precision,col_scale,description,kind,lt,lu,primarykey,sql_declaration,sql_type,system_type) VALUES ('lt','areadidattica','8',null,null,null,'S',{ts '2018-12-18 18:33:48.990'},'assistenza','N','datetime','datetime','System.DateTime')
GO

IF exists(SELECT * FROM [coldescr] WHERE colname = 'lu' AND tablename = 'areadidattica')
UPDATE [coldescr] SET col_len = '64',col_precision = null,col_scale = null,description = null,kind = 'S',lt = {ts '2018-12-18 18:33:48.993'},lu = 'assistenza',primarykey = 'N',sql_declaration = 'nvarchar(64)',sql_type = 'nvarchar',system_type = 'System.String' WHERE colname = 'lu' AND tablename = 'areadidattica'
ELSE
INSERT INTO [coldescr] (colname,tablename,col_len,col_precision,col_scale,description,kind,lt,lu,primarykey,sql_declaration,sql_type,system_type) VALUES ('lu','areadidattica','64',null,null,null,'S',{ts '2018-12-18 18:33:48.993'},'assistenza','N','nvarchar(64)','nvarchar','System.String')
GO

IF exists(SELECT * FROM [coldescr] WHERE colname = 'sortcode' AND tablename = 'areadidattica')
UPDATE [coldescr] SET col_len = '4',col_precision = null,col_scale = null,description = 'Ordine',kind = 'S',lt = {ts '2018-12-18 18:35:37.283'},lu = 'assistenza',primarykey = 'N',sql_declaration = 'int',sql_type = 'int',system_type = 'System.Int32' WHERE colname = 'sortcode' AND tablename = 'areadidattica'
ELSE
INSERT INTO [coldescr] (colname,tablename,col_len,col_precision,col_scale,description,kind,lt,lu,primarykey,sql_declaration,sql_type,system_type) VALUES ('sortcode','areadidattica','4',null,null,'Ordine','S',{ts '2018-12-18 18:35:37.283'},'assistenza','N','int','int','System.Int32')
GO

IF exists(SELECT * FROM [coldescr] WHERE colname = 'subtitle' AND tablename = 'areadidattica')
UPDATE [coldescr] SET col_len = '100',col_precision = null,col_scale = null,description = 'Sotto-titolo',kind = 'S',lt = {ts '2018-12-18 18:35:37.283'},lu = 'assistenza',primarykey = 'N',sql_declaration = 'varchar(100)',sql_type = 'varchar',system_type = 'System.String' WHERE colname = 'subtitle' AND tablename = 'areadidattica'
ELSE
INSERT INTO [coldescr] (colname,tablename,col_len,col_precision,col_scale,description,kind,lt,lu,primarykey,sql_declaration,sql_type,system_type) VALUES ('subtitle','areadidattica','100',null,null,'Sotto-titolo','S',{ts '2018-12-18 18:35:37.283'},'assistenza','N','varchar(100)','varchar','System.String')
GO

IF exists(SELECT * FROM [coldescr] WHERE colname = 'title' AND tablename = 'areadidattica')
UPDATE [coldescr] SET col_len = '100',col_precision = null,col_scale = null,description = 'Titolo',kind = 'S',lt = {ts '2018-12-18 18:35:37.283'},lu = 'assistenza',primarykey = 'N',sql_declaration = 'varchar(100)',sql_type = 'varchar',system_type = 'System.String' WHERE colname = 'title' AND tablename = 'areadidattica'
ELSE
INSERT INTO [coldescr] (colname,tablename,col_len,col_precision,col_scale,description,kind,lt,lu,primarykey,sql_declaration,sql_type,system_type) VALUES ('title','areadidattica','100',null,null,'Titolo','S',{ts '2018-12-18 18:35:37.283'},'assistenza','N','varchar(100)','varchar','System.String')
GO

-- FINE GENERAZIONE SCRIPT --


-- GENERAZIONE DATI PER relation --
IF exists(SELECT * FROM [relation] WHERE idrelation = '3281')
UPDATE [relation] SET childtable = 'areadidattica',description = 'didattica programmata di cui si sta indicando l''area',lt = {ts '2018-07-19 17:33:40.670'},lu = 'assistenza',parenttable = 'didprog',title = null WHERE idrelation = '3281'
ELSE
INSERT INTO [relation] (idrelation,childtable,description,lt,lu,parenttable,title) VALUES ('3281','areadidattica','didattica programmata di cui si sta indicando l''area',{ts '2018-07-19 17:33:40.670'},'assistenza','didprog',null)
GO

-- FINE GENERAZIONE SCRIPT --


-- GENERAZIONE DATI PER tabledescr --
IF exists(SELECT * FROM [tabledescr] WHERE tablename = 'assetdiary')
UPDATE [tabledescr] SET description = 'Diari di utilizzo dei beni strumentali relativi al workpackage di un progetto',idapplication = '3',isdbo = 'N',lt = {ts '2021-02-19 11:37:30.923'},lu = 'assistenza',title = 'Diari di utilizzo dei beni strumentali' WHERE tablename = 'assetdiary'
ELSE
INSERT INTO [tabledescr] (tablename,description,idapplication,isdbo,lt,lu,title) VALUES ('assetdiary','Diari di utilizzo dei beni strumentali relativi al workpackage di un progetto','3','N',{ts '2021-02-19 11:37:30.923'},'assistenza','Diari di utilizzo dei beni strumentali')
GO

-- FINE GENERAZIONE SCRIPT --


-- GENERAZIONE DATI PER coldescr --
IF exists(SELECT * FROM [coldescr] WHERE colname = 'ct' AND tablename = 'assetdiary')
UPDATE [coldescr] SET col_len = '8',col_precision = null,col_scale = null,description = null,kind = 'S',lt = {ts '2020-06-05 15:58:18.140'},lu = 'assistenza',primarykey = 'N',sql_declaration = 'datetime',sql_type = 'datetime',system_type = 'System.DateTime' WHERE colname = 'ct' AND tablename = 'assetdiary'
ELSE
INSERT INTO [coldescr] (colname,tablename,col_len,col_precision,col_scale,description,kind,lt,lu,primarykey,sql_declaration,sql_type,system_type) VALUES ('ct','assetdiary','8',null,null,null,'S',{ts '2020-06-05 15:58:18.140'},'assistenza','N','datetime','datetime','System.DateTime')
GO

IF exists(SELECT * FROM [coldescr] WHERE colname = 'cu' AND tablename = 'assetdiary')
UPDATE [coldescr] SET col_len = '64',col_precision = null,col_scale = null,description = null,kind = 'S',lt = {ts '2020-06-05 15:58:18.140'},lu = 'assistenza',primarykey = 'N',sql_declaration = 'varchar(64)',sql_type = 'varchar',system_type = 'System.String' WHERE colname = 'cu' AND tablename = 'assetdiary'
ELSE
INSERT INTO [coldescr] (colname,tablename,col_len,col_precision,col_scale,description,kind,lt,lu,primarykey,sql_declaration,sql_type,system_type) VALUES ('cu','assetdiary','64',null,null,null,'S',{ts '2020-06-05 15:58:18.140'},'assistenza','N','varchar(64)','varchar','System.String')
GO

IF exists(SELECT * FROM [coldescr] WHERE colname = 'idasset' AND tablename = 'assetdiary')
UPDATE [coldescr] SET col_len = '4',col_precision = null,col_scale = null,description = 'Bene strumentale',kind = 'S',lt = {ts '2020-06-16 17:27:29.270'},lu = 'assistenza',primarykey = 'N',sql_declaration = 'int',sql_type = 'int',system_type = 'System.Int32' WHERE colname = 'idasset' AND tablename = 'assetdiary'
ELSE
INSERT INTO [coldescr] (colname,tablename,col_len,col_precision,col_scale,description,kind,lt,lu,primarykey,sql_declaration,sql_type,system_type) VALUES ('idasset','assetdiary','4',null,null,'Bene strumentale','S',{ts '2020-06-16 17:27:29.270'},'assistenza','N','int','int','System.Int32')
GO

IF exists(SELECT * FROM [coldescr] WHERE colname = 'idassetdiary' AND tablename = 'assetdiary')
UPDATE [coldescr] SET col_len = '4',col_precision = null,col_scale = null,description = null,kind = 'S',lt = {ts '2020-06-05 15:58:18.140'},lu = 'assistenza',primarykey = 'S',sql_declaration = 'int',sql_type = 'int',system_type = 'System.Int32' WHERE colname = 'idassetdiary' AND tablename = 'assetdiary'
ELSE
INSERT INTO [coldescr] (colname,tablename,col_len,col_precision,col_scale,description,kind,lt,lu,primarykey,sql_declaration,sql_type,system_type) VALUES ('idassetdiary','assetdiary','4',null,null,null,'S',{ts '2020-06-05 15:58:18.140'},'assistenza','S','int','int','System.Int32')
GO

IF exists(SELECT * FROM [coldescr] WHERE colname = 'idpiece' AND tablename = 'assetdiary')
UPDATE [coldescr] SET col_len = '4',col_precision = null,col_scale = null,description = 'Numero parte',kind = 'S',lt = {ts '2020-06-18 10:33:39.790'},lu = 'assistenza',primarykey = 'N',sql_declaration = 'int',sql_type = 'int',system_type = 'System.Int32' WHERE colname = 'idpiece' AND tablename = 'assetdiary'
ELSE
INSERT INTO [coldescr] (colname,tablename,col_len,col_precision,col_scale,description,kind,lt,lu,primarykey,sql_declaration,sql_type,system_type) VALUES ('idpiece','assetdiary','4',null,null,'Numero parte','S',{ts '2020-06-18 10:33:39.790'},'assistenza','N','int','int','System.Int32')
GO

IF exists(SELECT * FROM [coldescr] WHERE colname = 'idprogetto' AND tablename = 'assetdiary')
UPDATE [coldescr] SET col_len = '4',col_precision = null,col_scale = null,description = 'Progetto',kind = 'S',lt = {ts '2020-06-16 17:27:29.270'},lu = 'assistenza',primarykey = 'N',sql_declaration = 'int',sql_type = 'int',system_type = 'System.Int32' WHERE colname = 'idprogetto' AND tablename = 'assetdiary'
ELSE
INSERT INTO [coldescr] (colname,tablename,col_len,col_precision,col_scale,description,kind,lt,lu,primarykey,sql_declaration,sql_type,system_type) VALUES ('idprogetto','assetdiary','4',null,null,'Progetto','S',{ts '2020-06-16 17:27:29.270'},'assistenza','N','int','int','System.Int32')
GO

IF exists(SELECT * FROM [coldescr] WHERE colname = 'idreg' AND tablename = 'assetdiary')
UPDATE [coldescr] SET col_len = '4',col_precision = null,col_scale = null,description = 'Operatore',kind = 'S',lt = {ts '2020-06-16 17:27:29.270'},lu = 'assistenza',primarykey = 'N',sql_declaration = 'int',sql_type = 'int',system_type = 'System.Int32' WHERE colname = 'idreg' AND tablename = 'assetdiary'
ELSE
INSERT INTO [coldescr] (colname,tablename,col_len,col_precision,col_scale,description,kind,lt,lu,primarykey,sql_declaration,sql_type,system_type) VALUES ('idreg','assetdiary','4',null,null,'Operatore','S',{ts '2020-06-16 17:27:29.270'},'assistenza','N','int','int','System.Int32')
GO

IF exists(SELECT * FROM [coldescr] WHERE colname = 'idworkpackage' AND tablename = 'assetdiary')
UPDATE [coldescr] SET col_len = '4',col_precision = null,col_scale = null,description = 'Workpackage',kind = 'S',lt = {ts '2020-06-16 17:27:29.270'},lu = 'assistenza',primarykey = 'N',sql_declaration = 'int',sql_type = 'int',system_type = 'System.Int32' WHERE colname = 'idworkpackage' AND tablename = 'assetdiary'
ELSE
INSERT INTO [coldescr] (colname,tablename,col_len,col_precision,col_scale,description,kind,lt,lu,primarykey,sql_declaration,sql_type,system_type) VALUES ('idworkpackage','assetdiary','4',null,null,'Workpackage','S',{ts '2020-06-16 17:27:29.270'},'assistenza','N','int','int','System.Int32')
GO

IF exists(SELECT * FROM [coldescr] WHERE colname = 'lt' AND tablename = 'assetdiary')
UPDATE [coldescr] SET col_len = '8',col_precision = null,col_scale = null,description = null,kind = 'S',lt = {ts '2020-06-05 15:58:18.143'},lu = 'assistenza',primarykey = 'N',sql_declaration = 'datetime',sql_type = 'datetime',system_type = 'System.DateTime' WHERE colname = 'lt' AND tablename = 'assetdiary'
ELSE
INSERT INTO [coldescr] (colname,tablename,col_len,col_precision,col_scale,description,kind,lt,lu,primarykey,sql_declaration,sql_type,system_type) VALUES ('lt','assetdiary','8',null,null,null,'S',{ts '2020-06-05 15:58:18.143'},'assistenza','N','datetime','datetime','System.DateTime')
GO

IF exists(SELECT * FROM [coldescr] WHERE colname = 'lu' AND tablename = 'assetdiary')
UPDATE [coldescr] SET col_len = '64',col_precision = null,col_scale = null,description = null,kind = 'S',lt = {ts '2020-06-05 15:58:18.143'},lu = 'assistenza',primarykey = 'N',sql_declaration = 'varchar(64)',sql_type = 'varchar',system_type = 'System.String' WHERE colname = 'lu' AND tablename = 'assetdiary'
ELSE
INSERT INTO [coldescr] (colname,tablename,col_len,col_precision,col_scale,description,kind,lt,lu,primarykey,sql_declaration,sql_type,system_type) VALUES ('lu','assetdiary','64',null,null,null,'S',{ts '2020-06-05 15:58:18.143'},'assistenza','N','varchar(64)','varchar','System.String')
GO

IF exists(SELECT * FROM [coldescr] WHERE colname = 'orepreventivate' AND tablename = 'assetdiary')
UPDATE [coldescr] SET col_len = '4',col_precision = null,col_scale = null,description = 'Ore di utilizzo complessive preventivate',kind = 'S',lt = {ts '2020-06-18 10:33:39.793'},lu = 'assistenza',primarykey = 'N',sql_declaration = 'int',sql_type = 'int',system_type = 'System.Int32' WHERE colname = 'orepreventivate' AND tablename = 'assetdiary'
ELSE
INSERT INTO [coldescr] (colname,tablename,col_len,col_precision,col_scale,description,kind,lt,lu,primarykey,sql_declaration,sql_type,system_type) VALUES ('orepreventivate','assetdiary','4',null,null,'Ore di utilizzo complessive preventivate','S',{ts '2020-06-18 10:33:39.793'},'assistenza','N','int','int','System.Int32')
GO

-- FINE GENERAZIONE SCRIPT --


-- GENERAZIONE DATI PER tabledescr --
IF exists(SELECT * FROM [tabledescr] WHERE tablename = 'assetdiaryora')
UPDATE [tabledescr] SET description = 'Dettaglio delle ore di utilizzo di un bene strumentale',idapplication = '3',isdbo = 'N',lt = {ts '2021-02-19 11:39:16.030'},lu = 'assistenza',title = 'Dettaglio delle ore' WHERE tablename = 'assetdiaryora'
ELSE
INSERT INTO [tabledescr] (tablename,description,idapplication,isdbo,lt,lu,title) VALUES ('assetdiaryora','Dettaglio delle ore di utilizzo di un bene strumentale','3','N',{ts '2021-02-19 11:39:16.030'},'assistenza','Dettaglio delle ore')
GO

-- FINE GENERAZIONE SCRIPT --


-- GENERAZIONE DATI PER coldescr --
IF exists(SELECT * FROM [coldescr] WHERE colname = 'amount' AND tablename = 'assetdiaryora')
UPDATE [coldescr] SET col_len = '5',col_precision = '9',col_scale = '2',description = null,kind = 'S',lt = {ts '2020-06-23 16:49:01.053'},lu = 'assistenza',primarykey = 'N',sql_declaration = 'decimal(9,2)',sql_type = 'decimal',system_type = 'System.Decimal' WHERE colname = 'amount' AND tablename = 'assetdiaryora'
ELSE
INSERT INTO [coldescr] (colname,tablename,col_len,col_precision,col_scale,description,kind,lt,lu,primarykey,sql_declaration,sql_type,system_type) VALUES ('amount','assetdiaryora','5','9','2',null,'S',{ts '2020-06-23 16:49:01.053'},'assistenza','N','decimal(9,2)','decimal','System.Decimal')
GO

IF exists(SELECT * FROM [coldescr] WHERE colname = 'ct' AND tablename = 'assetdiaryora')
UPDATE [coldescr] SET col_len = '8',col_precision = null,col_scale = null,description = null,kind = 'S',lt = {ts '2020-06-05 16:23:32.147'},lu = 'assistenza',primarykey = 'N',sql_declaration = 'datetime',sql_type = 'datetime',system_type = 'System.DateTime' WHERE colname = 'ct' AND tablename = 'assetdiaryora'
ELSE
INSERT INTO [coldescr] (colname,tablename,col_len,col_precision,col_scale,description,kind,lt,lu,primarykey,sql_declaration,sql_type,system_type) VALUES ('ct','assetdiaryora','8',null,null,null,'S',{ts '2020-06-05 16:23:32.147'},'assistenza','N','datetime','datetime','System.DateTime')
GO

IF exists(SELECT * FROM [coldescr] WHERE colname = 'cu' AND tablename = 'assetdiaryora')
UPDATE [coldescr] SET col_len = '64',col_precision = null,col_scale = null,description = null,kind = 'S',lt = {ts '2020-06-05 16:23:32.147'},lu = 'assistenza',primarykey = 'N',sql_declaration = 'varchar(64)',sql_type = 'varchar',system_type = 'System.String' WHERE colname = 'cu' AND tablename = 'assetdiaryora'
ELSE
INSERT INTO [coldescr] (colname,tablename,col_len,col_precision,col_scale,description,kind,lt,lu,primarykey,sql_declaration,sql_type,system_type) VALUES ('cu','assetdiaryora','64',null,null,null,'S',{ts '2020-06-05 16:23:32.147'},'assistenza','N','varchar(64)','varchar','System.String')
GO

IF exists(SELECT * FROM [coldescr] WHERE colname = 'idassetdiary' AND tablename = 'assetdiaryora')
UPDATE [coldescr] SET col_len = '4',col_precision = null,col_scale = null,description = null,kind = 'S',lt = {ts '2020-06-05 16:23:32.147'},lu = 'assistenza',primarykey = 'S',sql_declaration = 'int',sql_type = 'int',system_type = 'System.Int32' WHERE colname = 'idassetdiary' AND tablename = 'assetdiaryora'
ELSE
INSERT INTO [coldescr] (colname,tablename,col_len,col_precision,col_scale,description,kind,lt,lu,primarykey,sql_declaration,sql_type,system_type) VALUES ('idassetdiary','assetdiaryora','4',null,null,null,'S',{ts '2020-06-05 16:23:32.147'},'assistenza','S','int','int','System.Int32')
GO

IF exists(SELECT * FROM [coldescr] WHERE colname = 'idassetdiaryora' AND tablename = 'assetdiaryora')
UPDATE [coldescr] SET col_len = '4',col_precision = null,col_scale = null,description = null,kind = 'S',lt = {ts '2020-06-05 16:23:32.147'},lu = 'assistenza',primarykey = 'S',sql_declaration = 'int',sql_type = 'int',system_type = 'System.Int32' WHERE colname = 'idassetdiaryora' AND tablename = 'assetdiaryora'
ELSE
INSERT INTO [coldescr] (colname,tablename,col_len,col_precision,col_scale,description,kind,lt,lu,primarykey,sql_declaration,sql_type,system_type) VALUES ('idassetdiaryora','assetdiaryora','4',null,null,null,'S',{ts '2020-06-05 16:23:32.147'},'assistenza','S','int','int','System.Int32')
GO

IF exists(SELECT * FROM [coldescr] WHERE colname = 'lt' AND tablename = 'assetdiaryora')
UPDATE [coldescr] SET col_len = '8',col_precision = null,col_scale = null,description = null,kind = 'S',lt = {ts '2020-06-05 16:23:32.147'},lu = 'assistenza',primarykey = 'N',sql_declaration = 'datetime',sql_type = 'datetime',system_type = 'System.DateTime' WHERE colname = 'lt' AND tablename = 'assetdiaryora'
ELSE
INSERT INTO [coldescr] (colname,tablename,col_len,col_precision,col_scale,description,kind,lt,lu,primarykey,sql_declaration,sql_type,system_type) VALUES ('lt','assetdiaryora','8',null,null,null,'S',{ts '2020-06-05 16:23:32.147'},'assistenza','N','datetime','datetime','System.DateTime')
GO

IF exists(SELECT * FROM [coldescr] WHERE colname = 'lu' AND tablename = 'assetdiaryora')
UPDATE [coldescr] SET col_len = '64',col_precision = null,col_scale = null,description = null,kind = 'S',lt = {ts '2020-06-05 16:23:32.147'},lu = 'assistenza',primarykey = 'N',sql_declaration = 'varchar(64)',sql_type = 'varchar',system_type = 'System.String' WHERE colname = 'lu' AND tablename = 'assetdiaryora'
ELSE
INSERT INTO [coldescr] (colname,tablename,col_len,col_precision,col_scale,description,kind,lt,lu,primarykey,sql_declaration,sql_type,system_type) VALUES ('lu','assetdiaryora','64',null,null,null,'S',{ts '2020-06-05 16:23:32.147'},'assistenza','N','varchar(64)','varchar','System.String')
GO

IF exists(SELECT * FROM [coldescr] WHERE colname = 'start' AND tablename = 'assetdiaryora')
UPDATE [coldescr] SET col_len = '8',col_precision = null,col_scale = null,description = 'Data e ora di inizio',kind = 'S',lt = {ts '2020-06-05 16:25:20.413'},lu = 'assistenza',primarykey = 'N',sql_declaration = 'datetime',sql_type = 'datetime',system_type = 'System.DateTime' WHERE colname = 'start' AND tablename = 'assetdiaryora'
ELSE
INSERT INTO [coldescr] (colname,tablename,col_len,col_precision,col_scale,description,kind,lt,lu,primarykey,sql_declaration,sql_type,system_type) VALUES ('start','assetdiaryora','8',null,null,'Data e ora di inizio','S',{ts '2020-06-05 16:25:20.413'},'assistenza','N','datetime','datetime','System.DateTime')
GO

IF exists(SELECT * FROM [coldescr] WHERE colname = 'stop' AND tablename = 'assetdiaryora')
UPDATE [coldescr] SET col_len = '8',col_precision = null,col_scale = null,description = 'Data e ora di fine',kind = 'S',lt = {ts '2020-06-05 16:25:20.413'},lu = 'assistenza',primarykey = 'N',sql_declaration = 'datetime',sql_type = 'datetime',system_type = 'System.DateTime' WHERE colname = 'stop' AND tablename = 'assetdiaryora'
ELSE
INSERT INTO [coldescr] (colname,tablename,col_len,col_precision,col_scale,description,kind,lt,lu,primarykey,sql_declaration,sql_type,system_type) VALUES ('stop','assetdiaryora','8',null,null,'Data e ora di fine','S',{ts '2020-06-05 16:25:20.413'},'assistenza','N','datetime','datetime','System.DateTime')
GO

-- FINE GENERAZIONE SCRIPT --


-- GENERAZIONE DATI PER tabledescr --
IF exists(SELECT * FROM [tabledescr] WHERE tablename = 'ateco')
UPDATE [tabledescr] SET description = 'VOCABOLARIO classificazione ATECO delle attività delle aziende',idapplication = '2',isdbo = 'S',lt = {ts '2021-02-26 11:40:42.193'},lu = 'assistenza',title = 'Classificazione ATECO delle attività delle aziende' WHERE tablename = 'ateco'
ELSE
INSERT INTO [tabledescr] (tablename,description,idapplication,isdbo,lt,lu,title) VALUES ('ateco','VOCABOLARIO classificazione ATECO delle attività delle aziende','2','S',{ts '2021-02-26 11:40:42.193'},'assistenza','Classificazione ATECO delle attività delle aziende')
GO

-- FINE GENERAZIONE SCRIPT --


-- GENERAZIONE DATI PER coldescr --
IF exists(SELECT * FROM [coldescr] WHERE colname = 'codice' AND tablename = 'ateco')
UPDATE [coldescr] SET col_len = '50',col_precision = null,col_scale = null,description = null,kind = 'S',lt = {ts '2018-07-17 17:43:31.070'},lu = 'assistenza',primarykey = 'N',sql_declaration = 'varchar(50)',sql_type = 'varchar',system_type = 'System.String' WHERE colname = 'codice' AND tablename = 'ateco'
ELSE
INSERT INTO [coldescr] (colname,tablename,col_len,col_precision,col_scale,description,kind,lt,lu,primarykey,sql_declaration,sql_type,system_type) VALUES ('codice','ateco','50',null,null,null,'S',{ts '2018-07-17 17:43:31.070'},'assistenza','N','varchar(50)','varchar','System.String')
GO

IF exists(SELECT * FROM [coldescr] WHERE colname = 'idateco' AND tablename = 'ateco')
UPDATE [coldescr] SET col_len = '4',col_precision = null,col_scale = null,description = null,kind = 'S',lt = {ts '2018-07-17 17:43:31.070'},lu = 'assistenza',primarykey = 'S',sql_declaration = 'int',sql_type = 'int',system_type = 'System.Int32' WHERE colname = 'idateco' AND tablename = 'ateco'
ELSE
INSERT INTO [coldescr] (colname,tablename,col_len,col_precision,col_scale,description,kind,lt,lu,primarykey,sql_declaration,sql_type,system_type) VALUES ('idateco','ateco','4',null,null,null,'S',{ts '2018-07-17 17:43:31.070'},'assistenza','S','int','int','System.Int32')
GO

IF exists(SELECT * FROM [coldescr] WHERE colname = 'title' AND tablename = 'ateco')
UPDATE [coldescr] SET col_len = '255',col_precision = null,col_scale = null,description = null,kind = 'S',lt = {ts '2018-07-17 17:43:31.070'},lu = 'assistenza',primarykey = 'N',sql_declaration = 'varchar(255)',sql_type = 'varchar',system_type = 'System.String' WHERE colname = 'title' AND tablename = 'ateco'
ELSE
INSERT INTO [coldescr] (colname,tablename,col_len,col_precision,col_scale,description,kind,lt,lu,primarykey,sql_declaration,sql_type,system_type) VALUES ('title','ateco','255',null,null,null,'S',{ts '2018-07-17 17:43:31.070'},'assistenza','N','varchar(255)','varchar','System.String')
GO

-- FINE GENERAZIONE SCRIPT --


-- GENERAZIONE DATI PER tabledescr --
IF exists(SELECT * FROM [tabledescr] WHERE tablename = 'attach')
UPDATE [tabledescr] SET description = null,idapplication = '2',isdbo = 'S',lt = {ts '2019-02-26 13:02:55.900'},lu = 'assistenza',title = 'Allegati' WHERE tablename = 'attach'
ELSE
INSERT INTO [tabledescr] (tablename,description,idapplication,isdbo,lt,lu,title) VALUES ('attach',null,'2','S',{ts '2019-02-26 13:02:55.900'},'assistenza','Allegati')
GO

-- FINE GENERAZIONE SCRIPT --


-- GENERAZIONE DATI PER coldescr --
IF exists(SELECT * FROM [coldescr] WHERE colname = 'attachment' AND tablename = 'attach')
UPDATE [coldescr] SET col_len = '-1',col_precision = null,col_scale = null,description = 'Allegato su SQL',kind = 'S',lt = {ts '2019-02-26 13:03:43.403'},lu = 'assistenza',primarykey = 'N',sql_declaration = 'varbinary(max)',sql_type = 'varbinary',system_type = 'System.Byte[]' WHERE colname = 'attachment' AND tablename = 'attach'
ELSE
INSERT INTO [coldescr] (colname,tablename,col_len,col_precision,col_scale,description,kind,lt,lu,primarykey,sql_declaration,sql_type,system_type) VALUES ('attachment','attach','-1',null,null,'Allegato su SQL','S',{ts '2019-02-26 13:03:43.403'},'assistenza','N','varbinary(max)','varbinary','System.Byte[]')
GO

IF exists(SELECT * FROM [coldescr] WHERE colname = 'ct' AND tablename = 'attach')
UPDATE [coldescr] SET col_len = '8',col_precision = null,col_scale = null,description = null,kind = 'S',lt = {ts '2019-02-26 13:02:59.780'},lu = 'assistenza',primarykey = 'N',sql_declaration = 'datetime',sql_type = 'datetime',system_type = 'System.DateTime' WHERE colname = 'ct' AND tablename = 'attach'
ELSE
INSERT INTO [coldescr] (colname,tablename,col_len,col_precision,col_scale,description,kind,lt,lu,primarykey,sql_declaration,sql_type,system_type) VALUES ('ct','attach','8',null,null,null,'S',{ts '2019-02-26 13:02:59.780'},'assistenza','N','datetime','datetime','System.DateTime')
GO

IF exists(SELECT * FROM [coldescr] WHERE colname = 'cu' AND tablename = 'attach')
UPDATE [coldescr] SET col_len = '64',col_precision = null,col_scale = null,description = null,kind = 'S',lt = {ts '2019-02-26 13:02:59.780'},lu = 'assistenza',primarykey = 'N',sql_declaration = 'varchar(64)',sql_type = 'varchar',system_type = 'System.String' WHERE colname = 'cu' AND tablename = 'attach'
ELSE
INSERT INTO [coldescr] (colname,tablename,col_len,col_precision,col_scale,description,kind,lt,lu,primarykey,sql_declaration,sql_type,system_type) VALUES ('cu','attach','64',null,null,null,'S',{ts '2019-02-26 13:02:59.780'},'assistenza','N','varchar(64)','varchar','System.String')
GO

IF exists(SELECT * FROM [coldescr] WHERE colname = 'filename' AND tablename = 'attach')
UPDATE [coldescr] SET col_len = '512',col_precision = null,col_scale = null,description = 'Nome del file',kind = 'S',lt = {ts '2019-02-26 13:03:43.403'},lu = 'assistenza',primarykey = 'N',sql_declaration = 'varchar(512)',sql_type = 'varchar',system_type = 'System.String' WHERE colname = 'filename' AND tablename = 'attach'
ELSE
INSERT INTO [coldescr] (colname,tablename,col_len,col_precision,col_scale,description,kind,lt,lu,primarykey,sql_declaration,sql_type,system_type) VALUES ('filename','attach','512',null,null,'Nome del file','S',{ts '2019-02-26 13:03:43.403'},'assistenza','N','varchar(512)','varchar','System.String')
GO

IF exists(SELECT * FROM [coldescr] WHERE colname = 'Hash' AND tablename = 'attach')
UPDATE [coldescr] SET col_len = '160',col_precision = null,col_scale = null,description = null,kind = 'S',lt = {ts '2019-02-26 13:02:59.783'},lu = 'assistenza',primarykey = 'N',sql_declaration = 'varbinary(160)',sql_type = 'varbinary',system_type = 'System.Byte[]' WHERE colname = 'Hash' AND tablename = 'attach'
ELSE
INSERT INTO [coldescr] (colname,tablename,col_len,col_precision,col_scale,description,kind,lt,lu,primarykey,sql_declaration,sql_type,system_type) VALUES ('Hash','attach','160',null,null,null,'S',{ts '2019-02-26 13:02:59.783'},'assistenza','N','varbinary(160)','varbinary','System.Byte[]')
GO

IF exists(SELECT * FROM [coldescr] WHERE colname = 'idattach' AND tablename = 'attach')
UPDATE [coldescr] SET col_len = '4',col_precision = null,col_scale = null,description = null,kind = 'S',lt = {ts '2019-02-26 13:02:59.783'},lu = 'assistenza',primarykey = 'S',sql_declaration = 'int',sql_type = 'int',system_type = 'System.Int32' WHERE colname = 'idattach' AND tablename = 'attach'
ELSE
INSERT INTO [coldescr] (colname,tablename,col_len,col_precision,col_scale,description,kind,lt,lu,primarykey,sql_declaration,sql_type,system_type) VALUES ('idattach','attach','4',null,null,null,'S',{ts '2019-02-26 13:02:59.783'},'assistenza','S','int','int','System.Int32')
GO

IF exists(SELECT * FROM [coldescr] WHERE colname = 'lt' AND tablename = 'attach')
UPDATE [coldescr] SET col_len = '8',col_precision = null,col_scale = null,description = null,kind = 'S',lt = {ts '2019-02-26 13:02:59.783'},lu = 'assistenza',primarykey = 'N',sql_declaration = 'datetime',sql_type = 'datetime',system_type = 'System.DateTime' WHERE colname = 'lt' AND tablename = 'attach'
ELSE
INSERT INTO [coldescr] (colname,tablename,col_len,col_precision,col_scale,description,kind,lt,lu,primarykey,sql_declaration,sql_type,system_type) VALUES ('lt','attach','8',null,null,null,'S',{ts '2019-02-26 13:02:59.783'},'assistenza','N','datetime','datetime','System.DateTime')
GO

IF exists(SELECT * FROM [coldescr] WHERE colname = 'lu' AND tablename = 'attach')
UPDATE [coldescr] SET col_len = '64',col_precision = null,col_scale = null,description = null,kind = 'S',lt = {ts '2019-02-26 13:02:59.783'},lu = 'assistenza',primarykey = 'N',sql_declaration = 'varchar(64)',sql_type = 'varchar',system_type = 'System.String' WHERE colname = 'lu' AND tablename = 'attach'
ELSE
INSERT INTO [coldescr] (colname,tablename,col_len,col_precision,col_scale,description,kind,lt,lu,primarykey,sql_declaration,sql_type,system_type) VALUES ('lu','attach','64',null,null,null,'S',{ts '2019-02-26 13:02:59.783'},'assistenza','N','varchar(64)','varchar','System.String')
GO

IF exists(SELECT * FROM [coldescr] WHERE colname = 'Size' AND tablename = 'attach')
UPDATE [coldescr] SET col_len = '8',col_precision = null,col_scale = null,description = 'Dimensione',kind = 'S',lt = {ts '2019-02-26 13:03:43.403'},lu = 'assistenza',primarykey = 'N',sql_declaration = 'bigint',sql_type = 'bigint',system_type = 'System.Int64' WHERE colname = 'Size' AND tablename = 'attach'
ELSE
INSERT INTO [coldescr] (colname,tablename,col_len,col_precision,col_scale,description,kind,lt,lu,primarykey,sql_declaration,sql_type,system_type) VALUES ('Size','attach','8',null,null,'Dimensione','S',{ts '2019-02-26 13:03:43.403'},'assistenza','N','bigint','bigint','System.Int64')
GO

-- FINE GENERAZIONE SCRIPT --


-- GENERAZIONE DATI PER tabledescr --
IF exists(SELECT * FROM [tabledescr] WHERE tablename = 'attivform')
UPDATE [tabledescr] SET description = '2.4.28 attività formativa: insegnamenti/moduli attivati in quella porzione d''anno',idapplication = '2',isdbo = 'S',lt = {ts '2020-09-28 16:39:02.753'},lu = 'assistenza',title = 'Attività formativa: insegnamenti/moduli attivati in quella porzione d''anno' WHERE tablename = 'attivform'
ELSE
INSERT INTO [tabledescr] (tablename,description,idapplication,isdbo,lt,lu,title) VALUES ('attivform','2.4.28 attività formativa: insegnamenti/moduli attivati in quella porzione d''anno','2','S',{ts '2020-09-28 16:39:02.753'},'assistenza','Attività formativa: insegnamenti/moduli attivati in quella porzione d''anno')
GO

-- FINE GENERAZIONE SCRIPT --


-- GENERAZIONE DATI PER coldescr --
IF exists(SELECT * FROM [coldescr] WHERE colname = 'aa' AND tablename = 'attivform')
UPDATE [coldescr] SET col_len = '9',col_precision = null,col_scale = null,description = null,kind = 'S',lt = {ts '2019-09-23 16:08:36.463'},lu = 'assistenza',primarykey = 'S',sql_declaration = 'varchar(9)',sql_type = 'varchar',system_type = 'System.String' WHERE colname = 'aa' AND tablename = 'attivform'
ELSE
INSERT INTO [coldescr] (colname,tablename,col_len,col_precision,col_scale,description,kind,lt,lu,primarykey,sql_declaration,sql_type,system_type) VALUES ('aa','attivform','9',null,null,null,'S',{ts '2019-09-23 16:08:36.463'},'assistenza','S','varchar(9)','varchar','System.String')
GO

IF exists(SELECT * FROM [coldescr] WHERE colname = 'ct' AND tablename = 'attivform')
UPDATE [coldescr] SET col_len = '8',col_precision = null,col_scale = null,description = null,kind = 'S',lt = {ts '2019-09-19 10:51:02.443'},lu = 'assistenza',primarykey = 'N',sql_declaration = 'datetime',sql_type = 'datetime',system_type = 'System.DateTime' WHERE colname = 'ct' AND tablename = 'attivform'
ELSE
INSERT INTO [coldescr] (colname,tablename,col_len,col_precision,col_scale,description,kind,lt,lu,primarykey,sql_declaration,sql_type,system_type) VALUES ('ct','attivform','8',null,null,null,'S',{ts '2019-09-19 10:51:02.443'},'assistenza','N','datetime','datetime','System.DateTime')
GO

IF exists(SELECT * FROM [coldescr] WHERE colname = 'cu' AND tablename = 'attivform')
UPDATE [coldescr] SET col_len = '64',col_precision = null,col_scale = null,description = null,kind = 'S',lt = {ts '2018-07-19 18:06:38.927'},lu = 'assistenza',primarykey = 'N',sql_declaration = 'varchar(64)',sql_type = 'varchar',system_type = 'System.String' WHERE colname = 'cu' AND tablename = 'attivform'
ELSE
INSERT INTO [coldescr] (colname,tablename,col_len,col_precision,col_scale,description,kind,lt,lu,primarykey,sql_declaration,sql_type,system_type) VALUES ('cu','attivform','64',null,null,null,'S',{ts '2018-07-19 18:06:38.927'},'assistenza','N','varchar(64)','varchar','System.String')
GO

IF exists(SELECT * FROM [coldescr] WHERE colname = 'idattivform' AND tablename = 'attivform')
UPDATE [coldescr] SET col_len = '4',col_precision = null,col_scale = null,description = null,kind = 'S',lt = {ts '2018-07-19 18:06:38.927'},lu = 'assistenza',primarykey = 'S',sql_declaration = 'int',sql_type = 'int',system_type = 'System.Int32' WHERE colname = 'idattivform' AND tablename = 'attivform'
ELSE
INSERT INTO [coldescr] (colname,tablename,col_len,col_precision,col_scale,description,kind,lt,lu,primarykey,sql_declaration,sql_type,system_type) VALUES ('idattivform','attivform','4',null,null,null,'S',{ts '2018-07-19 18:06:38.927'},'assistenza','S','int','int','System.Int32')
GO

IF exists(SELECT * FROM [coldescr] WHERE colname = 'idcorsostudio' AND tablename = 'attivform')
UPDATE [coldescr] SET col_len = '4',col_precision = null,col_scale = null,description = 'Corso di studi',kind = 'S',lt = {ts '2020-02-03 19:50:25.670'},lu = 'assistenza',primarykey = 'S',sql_declaration = 'int',sql_type = 'int',system_type = 'System.Int32' WHERE colname = 'idcorsostudio' AND tablename = 'attivform'
ELSE
INSERT INTO [coldescr] (colname,tablename,col_len,col_precision,col_scale,description,kind,lt,lu,primarykey,sql_declaration,sql_type,system_type) VALUES ('idcorsostudio','attivform','4',null,null,'Corso di studi','S',{ts '2020-02-03 19:50:25.670'},'assistenza','S','int','int','System.Int32')
GO

IF exists(SELECT * FROM [coldescr] WHERE colname = 'iddidprog' AND tablename = 'attivform')
UPDATE [coldescr] SET col_len = '4',col_precision = null,col_scale = null,description = 'Didattica programmata',kind = 'S',lt = {ts '2020-02-03 19:50:25.670'},lu = 'assistenza',primarykey = 'S',sql_declaration = 'int',sql_type = 'int',system_type = 'System.Int32' WHERE colname = 'iddidprog' AND tablename = 'attivform'
ELSE
INSERT INTO [coldescr] (colname,tablename,col_len,col_precision,col_scale,description,kind,lt,lu,primarykey,sql_declaration,sql_type,system_type) VALUES ('iddidprog','attivform','4',null,null,'Didattica programmata','S',{ts '2020-02-03 19:50:25.670'},'assistenza','S','int','int','System.Int32')
GO

IF exists(SELECT * FROM [coldescr] WHERE colname = 'iddidproganno' AND tablename = 'attivform')
UPDATE [coldescr] SET col_len = '4',col_precision = null,col_scale = null,description = 'Anno di corso',kind = 'S',lt = {ts '2019-09-19 10:47:08.170'},lu = 'assistenza',primarykey = 'S',sql_declaration = 'int',sql_type = 'int',system_type = 'System.Int32' WHERE colname = 'iddidproganno' AND tablename = 'attivform'
ELSE
INSERT INTO [coldescr] (colname,tablename,col_len,col_precision,col_scale,description,kind,lt,lu,primarykey,sql_declaration,sql_type,system_type) VALUES ('iddidproganno','attivform','4',null,null,'Anno di corso','S',{ts '2019-09-19 10:47:08.170'},'assistenza','S','int','int','System.Int32')
GO

IF exists(SELECT * FROM [coldescr] WHERE colname = 'iddidprogcurr' AND tablename = 'attivform')
UPDATE [coldescr] SET col_len = '4',col_precision = null,col_scale = null,description = 'Curriculum',kind = 'S',lt = {ts '2019-09-19 10:47:08.170'},lu = 'assistenza',primarykey = 'S',sql_declaration = 'int',sql_type = 'int',system_type = 'System.Int32' WHERE colname = 'iddidprogcurr' AND tablename = 'attivform'
ELSE
INSERT INTO [coldescr] (colname,tablename,col_len,col_precision,col_scale,description,kind,lt,lu,primarykey,sql_declaration,sql_type,system_type) VALUES ('iddidprogcurr','attivform','4',null,null,'Curriculum','S',{ts '2019-09-19 10:47:08.170'},'assistenza','S','int','int','System.Int32')
GO

IF exists(SELECT * FROM [coldescr] WHERE colname = 'iddidproggrupp' AND tablename = 'attivform')
UPDATE [coldescr] SET col_len = '4',col_precision = null,col_scale = null,description = 'Gruppo opzionale',kind = 'S',lt = {ts '2019-09-10 16:53:16.000'},lu = 'assistenza',primarykey = 'N',sql_declaration = 'int',sql_type = 'int',system_type = 'System.Int32' WHERE colname = 'iddidproggrupp' AND tablename = 'attivform'
ELSE
INSERT INTO [coldescr] (colname,tablename,col_len,col_precision,col_scale,description,kind,lt,lu,primarykey,sql_declaration,sql_type,system_type) VALUES ('iddidproggrupp','attivform','4',null,null,'Gruppo opzionale','S',{ts '2019-09-10 16:53:16.000'},'assistenza','N','int','int','System.Int32')
GO

IF exists(SELECT * FROM [coldescr] WHERE colname = 'iddidprogori' AND tablename = 'attivform')
UPDATE [coldescr] SET col_len = '4',col_precision = null,col_scale = null,description = 'Orientamento',kind = 'S',lt = {ts '2019-09-19 10:47:08.170'},lu = 'assistenza',primarykey = 'S',sql_declaration = 'int',sql_type = 'int',system_type = 'System.Int32' WHERE colname = 'iddidprogori' AND tablename = 'attivform'
ELSE
INSERT INTO [coldescr] (colname,tablename,col_len,col_precision,col_scale,description,kind,lt,lu,primarykey,sql_declaration,sql_type,system_type) VALUES ('iddidprogori','attivform','4',null,null,'Orientamento','S',{ts '2019-09-19 10:47:08.170'},'assistenza','S','int','int','System.Int32')
GO

IF exists(SELECT * FROM [coldescr] WHERE colname = 'iddidprogporzanno' AND tablename = 'attivform')
UPDATE [coldescr] SET col_len = '4',col_precision = null,col_scale = null,description = 'Porzione d''anno',kind = 'S',lt = {ts '2019-09-19 10:51:32.140'},lu = 'assistenza',primarykey = 'S',sql_declaration = 'int',sql_type = 'int',system_type = 'System.Int32' WHERE colname = 'iddidprogporzanno' AND tablename = 'attivform'
ELSE
INSERT INTO [coldescr] (colname,tablename,col_len,col_precision,col_scale,description,kind,lt,lu,primarykey,sql_declaration,sql_type,system_type) VALUES ('iddidprogporzanno','attivform','4',null,null,'Porzione d''anno','S',{ts '2019-09-19 10:51:32.140'},'assistenza','S','int','int','System.Int32')
GO

IF exists(SELECT * FROM [coldescr] WHERE colname = 'idinsegn' AND tablename = 'attivform')
UPDATE [coldescr] SET col_len = '4',col_precision = null,col_scale = null,description = 'Insegnamento',kind = 'S',lt = {ts '2019-09-10 16:53:16.000'},lu = 'assistenza',primarykey = 'N',sql_declaration = 'int',sql_type = 'int',system_type = 'System.Int32' WHERE colname = 'idinsegn' AND tablename = 'attivform'
ELSE
INSERT INTO [coldescr] (colname,tablename,col_len,col_precision,col_scale,description,kind,lt,lu,primarykey,sql_declaration,sql_type,system_type) VALUES ('idinsegn','attivform','4',null,null,'Insegnamento','S',{ts '2019-09-10 16:53:16.000'},'assistenza','N','int','int','System.Int32')
GO

IF exists(SELECT * FROM [coldescr] WHERE colname = 'idinsegninteg' AND tablename = 'attivform')
UPDATE [coldescr] SET col_len = '4',col_precision = null,col_scale = null,description = 'Integrando',kind = 'S',lt = {ts '2019-09-10 16:53:16.003'},lu = 'assistenza',primarykey = 'N',sql_declaration = 'int',sql_type = 'int',system_type = 'System.Int32' WHERE colname = 'idinsegninteg' AND tablename = 'attivform'
ELSE
INSERT INTO [coldescr] (colname,tablename,col_len,col_precision,col_scale,description,kind,lt,lu,primarykey,sql_declaration,sql_type,system_type) VALUES ('idinsegninteg','attivform','4',null,null,'Integrando','S',{ts '2019-09-10 16:53:16.003'},'assistenza','N','int','int','System.Int32')
GO

IF exists(SELECT * FROM [coldescr] WHERE colname = 'idsede' AND tablename = 'attivform')
UPDATE [coldescr] SET col_len = '4',col_precision = null,col_scale = null,description = 'Sede',kind = 'S',lt = {ts '2020-09-29 18:04:13.813'},lu = 'assistenza',primarykey = 'S',sql_declaration = 'int',sql_type = 'int',system_type = 'System.Int32' WHERE colname = 'idsede' AND tablename = 'attivform'
ELSE
INSERT INTO [coldescr] (colname,tablename,col_len,col_precision,col_scale,description,kind,lt,lu,primarykey,sql_declaration,sql_type,system_type) VALUES ('idsede','attivform','4',null,null,'Sede','S',{ts '2020-09-29 18:04:13.813'},'assistenza','S','int','int','System.Int32')
GO

IF exists(SELECT * FROM [coldescr] WHERE colname = 'lt' AND tablename = 'attivform')
UPDATE [coldescr] SET col_len = '8',col_precision = null,col_scale = null,description = null,kind = 'S',lt = {ts '2018-07-19 18:06:38.927'},lu = 'assistenza',primarykey = 'N',sql_declaration = 'datetime',sql_type = 'datetime',system_type = 'System.DateTime' WHERE colname = 'lt' AND tablename = 'attivform'
ELSE
INSERT INTO [coldescr] (colname,tablename,col_len,col_precision,col_scale,description,kind,lt,lu,primarykey,sql_declaration,sql_type,system_type) VALUES ('lt','attivform','8',null,null,null,'S',{ts '2018-07-19 18:06:38.927'},'assistenza','N','datetime','datetime','System.DateTime')
GO

IF exists(SELECT * FROM [coldescr] WHERE colname = 'lu' AND tablename = 'attivform')
UPDATE [coldescr] SET col_len = '64',col_precision = null,col_scale = null,description = null,kind = 'S',lt = {ts '2018-07-19 18:06:38.927'},lu = 'assistenza',primarykey = 'N',sql_declaration = 'varchar(64)',sql_type = 'varchar',system_type = 'System.String' WHERE colname = 'lu' AND tablename = 'attivform'
ELSE
INSERT INTO [coldescr] (colname,tablename,col_len,col_precision,col_scale,description,kind,lt,lu,primarykey,sql_declaration,sql_type,system_type) VALUES ('lu','attivform','64',null,null,null,'S',{ts '2018-07-19 18:06:38.927'},'assistenza','N','varchar(64)','varchar','System.String')
GO

IF exists(SELECT * FROM [coldescr] WHERE colname = 'obbform' AND tablename = 'attivform')
UPDATE [coldescr] SET col_len = '0',col_precision = null,col_scale = null,description = 'Obiettivi formativi',kind = 'S',lt = {ts '2019-09-10 16:53:16.003'},lu = 'assistenza',primarykey = 'N',sql_declaration = 'nvarchar(max)',sql_type = 'nvarchar',system_type = 'System.String' WHERE colname = 'obbform' AND tablename = 'attivform'
ELSE
INSERT INTO [coldescr] (colname,tablename,col_len,col_precision,col_scale,description,kind,lt,lu,primarykey,sql_declaration,sql_type,system_type) VALUES ('obbform','attivform','0',null,null,'Obiettivi formativi','S',{ts '2019-09-10 16:53:16.003'},'assistenza','N','nvarchar(max)','nvarchar','System.String')
GO

IF exists(SELECT * FROM [coldescr] WHERE colname = 'obbform_en' AND tablename = 'attivform')
UPDATE [coldescr] SET col_len = '0',col_precision = null,col_scale = null,description = 'Obiettivi formativi (ENG)',kind = 'S',lt = {ts '2019-09-10 16:53:16.003'},lu = 'assistenza',primarykey = 'N',sql_declaration = 'nvarchar(max)',sql_type = 'nvarchar',system_type = 'System.String' WHERE colname = 'obbform_en' AND tablename = 'attivform'
ELSE
INSERT INTO [coldescr] (colname,tablename,col_len,col_precision,col_scale,description,kind,lt,lu,primarykey,sql_declaration,sql_type,system_type) VALUES ('obbform_en','attivform','0',null,null,'Obiettivi formativi (ENG)','S',{ts '2019-09-10 16:53:16.003'},'assistenza','N','nvarchar(max)','nvarchar','System.String')
GO

IF exists(SELECT * FROM [coldescr] WHERE colname = 'sortcode' AND tablename = 'attivform')
UPDATE [coldescr] SET col_len = '4',col_precision = null,col_scale = null,description = 'Ordine',kind = 'S',lt = {ts '2019-09-10 16:53:16.003'},lu = 'assistenza',primarykey = 'N',sql_declaration = 'int',sql_type = 'int',system_type = 'System.Int32' WHERE colname = 'sortcode' AND tablename = 'attivform'
ELSE
INSERT INTO [coldescr] (colname,tablename,col_len,col_precision,col_scale,description,kind,lt,lu,primarykey,sql_declaration,sql_type,system_type) VALUES ('sortcode','attivform','4',null,null,'Ordine','S',{ts '2019-09-10 16:53:16.003'},'assistenza','N','int','int','System.Int32')
GO

IF exists(SELECT * FROM [coldescr] WHERE colname = 'start' AND tablename = 'attivform')
UPDATE [coldescr] SET col_len = '3',col_precision = null,col_scale = null,description = 'Dal',kind = 'S',lt = {ts '2019-09-10 16:53:16.007'},lu = 'assistenza',primarykey = 'N',sql_declaration = 'date',sql_type = 'date',system_type = 'System.DateTime' WHERE colname = 'start' AND tablename = 'attivform'
ELSE
INSERT INTO [coldescr] (colname,tablename,col_len,col_precision,col_scale,description,kind,lt,lu,primarykey,sql_declaration,sql_type,system_type) VALUES ('start','attivform','3',null,null,'Dal','S',{ts '2019-09-10 16:53:16.007'},'assistenza','N','date','date','System.DateTime')
GO

IF exists(SELECT * FROM [coldescr] WHERE colname = 'stop' AND tablename = 'attivform')
UPDATE [coldescr] SET col_len = '3',col_precision = null,col_scale = null,description = 'Al',kind = 'S',lt = {ts '2019-09-10 16:53:16.007'},lu = 'assistenza',primarykey = 'N',sql_declaration = 'date',sql_type = 'date',system_type = 'System.DateTime' WHERE colname = 'stop' AND tablename = 'attivform'
ELSE
INSERT INTO [coldescr] (colname,tablename,col_len,col_precision,col_scale,description,kind,lt,lu,primarykey,sql_declaration,sql_type,system_type) VALUES ('stop','attivform','3',null,null,'Al','S',{ts '2019-09-10 16:53:16.007'},'assistenza','N','date','date','System.DateTime')
GO

IF exists(SELECT * FROM [coldescr] WHERE colname = 'tipovalutaz' AND tablename = 'attivform')
UPDATE [coldescr] SET col_len = '1',col_precision = null,col_scale = null,description = 'Profitto o Idoneità',kind = 'S',lt = {ts '2020-09-28 16:11:49.120'},lu = 'assistenza',primarykey = 'N',sql_declaration = 'char(1)',sql_type = 'char',system_type = 'System.String' WHERE colname = 'tipovalutaz' AND tablename = 'attivform'
ELSE
INSERT INTO [coldescr] (colname,tablename,col_len,col_precision,col_scale,description,kind,lt,lu,primarykey,sql_declaration,sql_type,system_type) VALUES ('tipovalutaz','attivform','1',null,null,'Profitto o Idoneità','S',{ts '2020-09-28 16:11:49.120'},'assistenza','N','char(1)','char','System.String')
GO

IF exists(SELECT * FROM [coldescr] WHERE colname = 'title' AND tablename = 'attivform')
UPDATE [coldescr] SET col_len = '0',col_precision = null,col_scale = null,description = 'Attività formativa',kind = 'S',lt = {ts '2020-09-28 16:11:49.123'},lu = 'assistenza',primarykey = 'N',sql_declaration = 'nvarchar(max)',sql_type = 'nvarchar',system_type = 'System.String' WHERE colname = 'title' AND tablename = 'attivform'
ELSE
INSERT INTO [coldescr] (colname,tablename,col_len,col_precision,col_scale,description,kind,lt,lu,primarykey,sql_declaration,sql_type,system_type) VALUES ('title','attivform','0',null,null,'Attività formativa','S',{ts '2020-09-28 16:11:49.123'},'assistenza','N','nvarchar(max)','nvarchar','System.String')
GO

-- FINE GENERAZIONE SCRIPT --


-- GENERAZIONE DATI PER tabledescr --
IF exists(SELECT * FROM [tabledescr] WHERE tablename = 'aula')
UPDATE [tabledescr] SET description = '2.4.24 Aule',idapplication = '2',isdbo = 'S',lt = {ts '2021-02-19 15:06:06.983'},lu = 'assistenza',title = 'Aule' WHERE tablename = 'aula'
ELSE
INSERT INTO [tabledescr] (tablename,description,idapplication,isdbo,lt,lu,title) VALUES ('aula','2.4.24 Aule','2','S',{ts '2021-02-19 15:06:06.983'},'assistenza','Aule')
GO

-- FINE GENERAZIONE SCRIPT --


-- GENERAZIONE DATI PER coldescr --
IF exists(SELECT * FROM [coldescr] WHERE colname = 'address' AND tablename = 'aula')
UPDATE [coldescr] SET col_len = '100',col_precision = null,col_scale = null,description = 'Indirizzo',kind = 'S',lt = {ts '2019-09-24 15:54:30.630'},lu = 'assistenza',primarykey = 'N',sql_declaration = 'varchar(100)',sql_type = 'varchar',system_type = 'System.String' WHERE colname = 'address' AND tablename = 'aula'
ELSE
INSERT INTO [coldescr] (colname,tablename,col_len,col_precision,col_scale,description,kind,lt,lu,primarykey,sql_declaration,sql_type,system_type) VALUES ('address','aula','100',null,null,'Indirizzo','S',{ts '2019-09-24 15:54:30.630'},'assistenza','N','varchar(100)','varchar','System.String')
GO

IF exists(SELECT * FROM [coldescr] WHERE colname = 'cap' AND tablename = 'aula')
UPDATE [coldescr] SET col_len = '20',col_precision = null,col_scale = null,description = 'CAP',kind = 'S',lt = {ts '2019-09-24 15:54:30.630'},lu = 'assistenza',primarykey = 'N',sql_declaration = 'varchar(20)',sql_type = 'varchar',system_type = 'System.String' WHERE colname = 'cap' AND tablename = 'aula'
ELSE
INSERT INTO [coldescr] (colname,tablename,col_len,col_precision,col_scale,description,kind,lt,lu,primarykey,sql_declaration,sql_type,system_type) VALUES ('cap','aula','20',null,null,'CAP','S',{ts '2019-09-24 15:54:30.630'},'assistenza','N','varchar(20)','varchar','System.String')
GO

IF exists(SELECT * FROM [coldescr] WHERE colname = 'capienza' AND tablename = 'aula')
UPDATE [coldescr] SET col_len = '4',col_precision = null,col_scale = null,description = null,kind = 'S',lt = {ts '2019-09-24 15:52:41.580'},lu = 'assistenza',primarykey = 'N',sql_declaration = 'int',sql_type = 'int',system_type = 'System.Int32' WHERE colname = 'capienza' AND tablename = 'aula'
ELSE
INSERT INTO [coldescr] (colname,tablename,col_len,col_precision,col_scale,description,kind,lt,lu,primarykey,sql_declaration,sql_type,system_type) VALUES ('capienza','aula','4',null,null,null,'S',{ts '2019-09-24 15:52:41.580'},'assistenza','N','int','int','System.Int32')
GO

IF exists(SELECT * FROM [coldescr] WHERE colname = 'capienzadis' AND tablename = 'aula')
UPDATE [coldescr] SET col_len = '4',col_precision = null,col_scale = null,description = 'Capienza disabili',kind = 'S',lt = {ts '2019-09-24 15:54:30.630'},lu = 'assistenza',primarykey = 'N',sql_declaration = 'int',sql_type = 'int',system_type = 'System.Int32' WHERE colname = 'capienzadis' AND tablename = 'aula'
ELSE
INSERT INTO [coldescr] (colname,tablename,col_len,col_precision,col_scale,description,kind,lt,lu,primarykey,sql_declaration,sql_type,system_type) VALUES ('capienzadis','aula','4',null,null,'Capienza disabili','S',{ts '2019-09-24 15:54:30.630'},'assistenza','N','int','int','System.Int32')
GO

IF exists(SELECT * FROM [coldescr] WHERE colname = 'code' AND tablename = 'aula')
UPDATE [coldescr] SET col_len = '128',col_precision = null,col_scale = null,description = 'Codice',kind = 'S',lt = {ts '2019-09-24 16:15:23.280'},lu = 'assistenza',primarykey = 'N',sql_declaration = 'varchar(128)',sql_type = 'varchar',system_type = 'System.String' WHERE colname = 'code' AND tablename = 'aula'
ELSE
INSERT INTO [coldescr] (colname,tablename,col_len,col_precision,col_scale,description,kind,lt,lu,primarykey,sql_declaration,sql_type,system_type) VALUES ('code','aula','128',null,null,'Codice','S',{ts '2019-09-24 16:15:23.280'},'assistenza','N','varchar(128)','varchar','System.String')
GO

IF exists(SELECT * FROM [coldescr] WHERE colname = 'ct' AND tablename = 'aula')
UPDATE [coldescr] SET col_len = '8',col_precision = null,col_scale = null,description = null,kind = 'S',lt = {ts '2019-09-24 15:52:41.580'},lu = 'assistenza',primarykey = 'N',sql_declaration = 'datetime',sql_type = 'datetime',system_type = 'System.DateTime' WHERE colname = 'ct' AND tablename = 'aula'
ELSE
INSERT INTO [coldescr] (colname,tablename,col_len,col_precision,col_scale,description,kind,lt,lu,primarykey,sql_declaration,sql_type,system_type) VALUES ('ct','aula','8',null,null,null,'S',{ts '2019-09-24 15:52:41.580'},'assistenza','N','datetime','datetime','System.DateTime')
GO

IF exists(SELECT * FROM [coldescr] WHERE colname = 'cu' AND tablename = 'aula')
UPDATE [coldescr] SET col_len = '64',col_precision = null,col_scale = null,description = null,kind = 'S',lt = {ts '2019-09-24 15:52:41.580'},lu = 'assistenza',primarykey = 'N',sql_declaration = 'varchar(64)',sql_type = 'varchar',system_type = 'System.String' WHERE colname = 'cu' AND tablename = 'aula'
ELSE
INSERT INTO [coldescr] (colname,tablename,col_len,col_precision,col_scale,description,kind,lt,lu,primarykey,sql_declaration,sql_type,system_type) VALUES ('cu','aula','64',null,null,null,'S',{ts '2019-09-24 15:52:41.580'},'assistenza','N','varchar(64)','varchar','System.String')
GO

IF exists(SELECT * FROM [coldescr] WHERE colname = 'dotazioni' AND tablename = 'aula')
UPDATE [coldescr] SET col_len = '0',col_precision = null,col_scale = null,description = null,kind = 'S',lt = {ts '2019-09-24 15:52:41.580'},lu = 'assistenza',primarykey = 'N',sql_declaration = 'nvarchar(max)',sql_type = 'nvarchar',system_type = 'System.String' WHERE colname = 'dotazioni' AND tablename = 'aula'
ELSE
INSERT INTO [coldescr] (colname,tablename,col_len,col_precision,col_scale,description,kind,lt,lu,primarykey,sql_declaration,sql_type,system_type) VALUES ('dotazioni','aula','0',null,null,null,'S',{ts '2019-09-24 15:52:41.580'},'assistenza','N','nvarchar(max)','nvarchar','System.String')
GO

IF exists(SELECT * FROM [coldescr] WHERE colname = 'idaula' AND tablename = 'aula')
UPDATE [coldescr] SET col_len = '4',col_precision = null,col_scale = null,description = null,kind = 'S',lt = {ts '2019-09-24 15:52:41.580'},lu = 'assistenza',primarykey = 'S',sql_declaration = 'int',sql_type = 'int',system_type = 'System.Int32' WHERE colname = 'idaula' AND tablename = 'aula'
ELSE
INSERT INTO [coldescr] (colname,tablename,col_len,col_precision,col_scale,description,kind,lt,lu,primarykey,sql_declaration,sql_type,system_type) VALUES ('idaula','aula','4',null,null,null,'S',{ts '2019-09-24 15:52:41.580'},'assistenza','S','int','int','System.Int32')
GO

IF exists(SELECT * FROM [coldescr] WHERE colname = 'idaulakind' AND tablename = 'aula')
UPDATE [coldescr] SET col_len = '4',col_precision = null,col_scale = null,description = 'Tipologia',kind = 'S',lt = {ts '2019-09-24 15:54:30.630'},lu = 'assistenza',primarykey = 'N',sql_declaration = 'int',sql_type = 'int',system_type = 'System.Int32' WHERE colname = 'idaulakind' AND tablename = 'aula'
ELSE
INSERT INTO [coldescr] (colname,tablename,col_len,col_precision,col_scale,description,kind,lt,lu,primarykey,sql_declaration,sql_type,system_type) VALUES ('idaulakind','aula','4',null,null,'Tipologia','S',{ts '2019-09-24 15:54:30.630'},'assistenza','N','int','int','System.Int32')
GO

IF exists(SELECT * FROM [coldescr] WHERE colname = 'idcity' AND tablename = 'aula')
UPDATE [coldescr] SET col_len = '4',col_precision = null,col_scale = null,description = 'Città',kind = 'S',lt = {ts '2020-10-08 15:18:48.633'},lu = 'assistenza',primarykey = 'N',sql_declaration = 'int',sql_type = 'int',system_type = 'System.Int32' WHERE colname = 'idcity' AND tablename = 'aula'
ELSE
INSERT INTO [coldescr] (colname,tablename,col_len,col_precision,col_scale,description,kind,lt,lu,primarykey,sql_declaration,sql_type,system_type) VALUES ('idcity','aula','4',null,null,'Città','S',{ts '2020-10-08 15:18:48.633'},'assistenza','N','int','int','System.Int32')
GO

IF exists(SELECT * FROM [coldescr] WHERE colname = 'idedificio' AND tablename = 'aula')
UPDATE [coldescr] SET col_len = '4',col_precision = null,col_scale = null,description = 'Edificio',kind = 'S',lt = {ts '2019-09-24 15:54:30.630'},lu = 'assistenza',primarykey = 'S',sql_declaration = 'int',sql_type = 'int',system_type = 'System.Int32' WHERE colname = 'idedificio' AND tablename = 'aula'
ELSE
INSERT INTO [coldescr] (colname,tablename,col_len,col_precision,col_scale,description,kind,lt,lu,primarykey,sql_declaration,sql_type,system_type) VALUES ('idedificio','aula','4',null,null,'Edificio','S',{ts '2019-09-24 15:54:30.630'},'assistenza','S','int','int','System.Int32')
GO

IF exists(SELECT * FROM [coldescr] WHERE colname = 'idnation' AND tablename = 'aula')
UPDATE [coldescr] SET col_len = '4',col_precision = null,col_scale = null,description = 'Nazione',kind = 'S',lt = {ts '2019-09-24 15:54:30.630'},lu = 'assistenza',primarykey = 'N',sql_declaration = 'int',sql_type = 'int',system_type = 'System.Int32' WHERE colname = 'idnation' AND tablename = 'aula'
ELSE
INSERT INTO [coldescr] (colname,tablename,col_len,col_precision,col_scale,description,kind,lt,lu,primarykey,sql_declaration,sql_type,system_type) VALUES ('idnation','aula','4',null,null,'Nazione','S',{ts '2019-09-24 15:54:30.630'},'assistenza','N','int','int','System.Int32')
GO

IF exists(SELECT * FROM [coldescr] WHERE colname = 'idsede' AND tablename = 'aula')
UPDATE [coldescr] SET col_len = '4',col_precision = null,col_scale = null,description = 'Sede',kind = 'S',lt = {ts '2019-09-24 15:54:30.630'},lu = 'assistenza',primarykey = 'S',sql_declaration = 'int',sql_type = 'int',system_type = 'System.Int32' WHERE colname = 'idsede' AND tablename = 'aula'
ELSE
INSERT INTO [coldescr] (colname,tablename,col_len,col_precision,col_scale,description,kind,lt,lu,primarykey,sql_declaration,sql_type,system_type) VALUES ('idsede','aula','4',null,null,'Sede','S',{ts '2019-09-24 15:54:30.630'},'assistenza','S','int','int','System.Int32')
GO

IF exists(SELECT * FROM [coldescr] WHERE colname = 'idstruttura' AND tablename = 'aula')
UPDATE [coldescr] SET col_len = '4',col_precision = null,col_scale = null,description = 'Struttra didattica di afferenza',kind = 'S',lt = {ts '2019-09-24 15:54:30.630'},lu = 'assistenza',primarykey = 'N',sql_declaration = 'int',sql_type = 'int',system_type = 'System.Int32' WHERE colname = 'idstruttura' AND tablename = 'aula'
ELSE
INSERT INTO [coldescr] (colname,tablename,col_len,col_precision,col_scale,description,kind,lt,lu,primarykey,sql_declaration,sql_type,system_type) VALUES ('idstruttura','aula','4',null,null,'Struttra didattica di afferenza','S',{ts '2019-09-24 15:54:30.630'},'assistenza','N','int','int','System.Int32')
GO

IF exists(SELECT * FROM [coldescr] WHERE colname = 'latitude' AND tablename = 'aula')
UPDATE [coldescr] SET col_len = '8',col_precision = null,col_scale = null,description = 'latitudine',kind = 'S',lt = {ts '2019-09-24 15:54:30.630'},lu = 'assistenza',primarykey = 'N',sql_declaration = 'float',sql_type = 'float',system_type = 'System.Double' WHERE colname = 'latitude' AND tablename = 'aula'
ELSE
INSERT INTO [coldescr] (colname,tablename,col_len,col_precision,col_scale,description,kind,lt,lu,primarykey,sql_declaration,sql_type,system_type) VALUES ('latitude','aula','8',null,null,'latitudine','S',{ts '2019-09-24 15:54:30.630'},'assistenza','N','float','float','System.Double')
GO

IF exists(SELECT * FROM [coldescr] WHERE colname = 'location' AND tablename = 'aula')
UPDATE [coldescr] SET col_len = '20',col_precision = null,col_scale = null,description = 'Località',kind = 'S',lt = {ts '2020-10-08 15:18:48.633'},lu = 'assistenza',primarykey = 'N',sql_declaration = 'varchar(20)',sql_type = 'varchar',system_type = 'System.String' WHERE colname = 'location' AND tablename = 'aula'
ELSE
INSERT INTO [coldescr] (colname,tablename,col_len,col_precision,col_scale,description,kind,lt,lu,primarykey,sql_declaration,sql_type,system_type) VALUES ('location','aula','20',null,null,'Località','S',{ts '2020-10-08 15:18:48.633'},'assistenza','N','varchar(20)','varchar','System.String')
GO

IF exists(SELECT * FROM [coldescr] WHERE colname = 'longitude' AND tablename = 'aula')
UPDATE [coldescr] SET col_len = '8',col_precision = null,col_scale = null,description = 'Longitudine',kind = 'S',lt = {ts '2019-09-24 15:54:30.630'},lu = 'assistenza',primarykey = 'N',sql_declaration = 'float',sql_type = 'float',system_type = 'System.Double' WHERE colname = 'longitude' AND tablename = 'aula'
ELSE
INSERT INTO [coldescr] (colname,tablename,col_len,col_precision,col_scale,description,kind,lt,lu,primarykey,sql_declaration,sql_type,system_type) VALUES ('longitude','aula','8',null,null,'Longitudine','S',{ts '2019-09-24 15:54:30.630'},'assistenza','N','float','float','System.Double')
GO

IF exists(SELECT * FROM [coldescr] WHERE colname = 'lt' AND tablename = 'aula')
UPDATE [coldescr] SET col_len = '8',col_precision = null,col_scale = null,description = null,kind = 'S',lt = {ts '2019-09-24 15:52:41.580'},lu = 'assistenza',primarykey = 'N',sql_declaration = 'datetime',sql_type = 'datetime',system_type = 'System.DateTime' WHERE colname = 'lt' AND tablename = 'aula'
ELSE
INSERT INTO [coldescr] (colname,tablename,col_len,col_precision,col_scale,description,kind,lt,lu,primarykey,sql_declaration,sql_type,system_type) VALUES ('lt','aula','8',null,null,null,'S',{ts '2019-09-24 15:52:41.580'},'assistenza','N','datetime','datetime','System.DateTime')
GO

IF exists(SELECT * FROM [coldescr] WHERE colname = 'lu' AND tablename = 'aula')
UPDATE [coldescr] SET col_len = '64',col_precision = null,col_scale = null,description = null,kind = 'S',lt = {ts '2019-09-24 15:52:41.580'},lu = 'assistenza',primarykey = 'N',sql_declaration = 'varchar(64)',sql_type = 'varchar',system_type = 'System.String' WHERE colname = 'lu' AND tablename = 'aula'
ELSE
INSERT INTO [coldescr] (colname,tablename,col_len,col_precision,col_scale,description,kind,lt,lu,primarykey,sql_declaration,sql_type,system_type) VALUES ('lu','aula','64',null,null,null,'S',{ts '2019-09-24 15:52:41.580'},'assistenza','N','varchar(64)','varchar','System.String')
GO

IF exists(SELECT * FROM [coldescr] WHERE colname = 'title' AND tablename = 'aula')
UPDATE [coldescr] SET col_len = '1024',col_precision = null,col_scale = null,description = 'Denominazione',kind = 'S',lt = {ts '2019-09-24 16:15:23.280'},lu = 'assistenza',primarykey = 'N',sql_declaration = 'varchar(1024)',sql_type = 'varchar',system_type = 'System.String' WHERE colname = 'title' AND tablename = 'aula'
ELSE
INSERT INTO [coldescr] (colname,tablename,col_len,col_precision,col_scale,description,kind,lt,lu,primarykey,sql_declaration,sql_type,system_type) VALUES ('title','aula','1024',null,null,'Denominazione','S',{ts '2019-09-24 16:15:23.280'},'assistenza','N','varchar(1024)','varchar','System.String')
GO

-- FINE GENERAZIONE SCRIPT --


-- GENERAZIONE DATI PER tabledescr --
IF exists(SELECT * FROM [tabledescr] WHERE tablename = 'canale')
UPDATE [tabledescr] SET description = '2.4.17 Canale',idapplication = '2',isdbo = 'S',lt = {ts '2018-07-19 18:22:37.190'},lu = 'assistenza',title = 'Canale (partizione di studenti)' WHERE tablename = 'canale'
ELSE
INSERT INTO [tabledescr] (tablename,description,idapplication,isdbo,lt,lu,title) VALUES ('canale','2.4.17 Canale','2','S',{ts '2018-07-19 18:22:37.190'},'assistenza','Canale (partizione di studenti)')
GO

-- FINE GENERAZIONE SCRIPT --


-- GENERAZIONE DATI PER coldescr --
IF exists(SELECT * FROM [coldescr] WHERE colname = 'aa' AND tablename = 'canale')
UPDATE [coldescr] SET col_len = '9',col_precision = null,col_scale = null,description = null,kind = 'S',lt = {ts '2019-09-23 16:09:09.747'},lu = 'assistenza',primarykey = 'S',sql_declaration = 'varchar(9)',sql_type = 'varchar',system_type = 'System.String' WHERE colname = 'aa' AND tablename = 'canale'
ELSE
INSERT INTO [coldescr] (colname,tablename,col_len,col_precision,col_scale,description,kind,lt,lu,primarykey,sql_declaration,sql_type,system_type) VALUES ('aa','canale','9',null,null,null,'S',{ts '2019-09-23 16:09:09.747'},'assistenza','S','varchar(9)','varchar','System.String')
GO

IF exists(SELECT * FROM [coldescr] WHERE colname = 'ct' AND tablename = 'canale')
UPDATE [coldescr] SET col_len = '8',col_precision = null,col_scale = null,description = null,kind = 'S',lt = {ts '2018-07-19 18:22:39.177'},lu = 'assistenza',primarykey = 'N',sql_declaration = 'datetime',sql_type = 'datetime',system_type = 'System.DateTime' WHERE colname = 'ct' AND tablename = 'canale'
ELSE
INSERT INTO [coldescr] (colname,tablename,col_len,col_precision,col_scale,description,kind,lt,lu,primarykey,sql_declaration,sql_type,system_type) VALUES ('ct','canale','8',null,null,null,'S',{ts '2018-07-19 18:22:39.177'},'assistenza','N','datetime','datetime','System.DateTime')
GO

IF exists(SELECT * FROM [coldescr] WHERE colname = 'cu' AND tablename = 'canale')
UPDATE [coldescr] SET col_len = '64',col_precision = null,col_scale = null,description = null,kind = 'S',lt = {ts '2019-04-11 12:33:37.603'},lu = 'assistenza',primarykey = 'N',sql_declaration = 'varchar(64)',sql_type = 'varchar',system_type = 'System.String' WHERE colname = 'cu' AND tablename = 'canale'
ELSE
INSERT INTO [coldescr] (colname,tablename,col_len,col_precision,col_scale,description,kind,lt,lu,primarykey,sql_declaration,sql_type,system_type) VALUES ('cu','canale','64',null,null,null,'S',{ts '2019-04-11 12:33:37.603'},'assistenza','N','varchar(64)','varchar','System.String')
GO

IF exists(SELECT * FROM [coldescr] WHERE colname = 'CUIN' AND tablename = 'canale')
UPDATE [coldescr] SET col_len = '9',col_precision = null,col_scale = null,description = null,kind = 'S',lt = {ts '2018-07-19 18:22:39.177'},lu = 'assistenza',primarykey = 'N',sql_declaration = 'varchar(9)',sql_type = 'varchar',system_type = 'System.String' WHERE colname = 'CUIN' AND tablename = 'canale'
ELSE
INSERT INTO [coldescr] (colname,tablename,col_len,col_precision,col_scale,description,kind,lt,lu,primarykey,sql_declaration,sql_type,system_type) VALUES ('CUIN','canale','9',null,null,null,'S',{ts '2018-07-19 18:22:39.177'},'assistenza','N','varchar(9)','varchar','System.String')
GO

IF exists(SELECT * FROM [coldescr] WHERE colname = 'idattivform' AND tablename = 'canale')
UPDATE [coldescr] SET col_len = '4',col_precision = null,col_scale = null,description = 'Attività formativa',kind = 'S',lt = {ts '2020-09-29 17:58:31.287'},lu = 'assistenza',primarykey = 'S',sql_declaration = 'int',sql_type = 'int',system_type = 'System.Int32' WHERE colname = 'idattivform' AND tablename = 'canale'
ELSE
INSERT INTO [coldescr] (colname,tablename,col_len,col_precision,col_scale,description,kind,lt,lu,primarykey,sql_declaration,sql_type,system_type) VALUES ('idattivform','canale','4',null,null,'Attività formativa','S',{ts '2020-09-29 17:58:31.287'},'assistenza','S','int','int','System.Int32')
GO

IF exists(SELECT * FROM [coldescr] WHERE colname = 'idcanale' AND tablename = 'canale')
UPDATE [coldescr] SET col_len = '4',col_precision = null,col_scale = null,description = 'Canale',kind = 'S',lt = {ts '2020-05-08 15:41:19.477'},lu = 'assistenza',primarykey = 'S',sql_declaration = 'int',sql_type = 'int',system_type = 'System.Int32' WHERE colname = 'idcanale' AND tablename = 'canale'
ELSE
INSERT INTO [coldescr] (colname,tablename,col_len,col_precision,col_scale,description,kind,lt,lu,primarykey,sql_declaration,sql_type,system_type) VALUES ('idcanale','canale','4',null,null,'Canale','S',{ts '2020-05-08 15:41:19.477'},'assistenza','S','int','int','System.Int32')
GO

IF exists(SELECT * FROM [coldescr] WHERE colname = 'idcorsostudio' AND tablename = 'canale')
UPDATE [coldescr] SET col_len = '4',col_precision = null,col_scale = null,description = null,kind = 'S',lt = {ts '2019-09-23 16:09:09.747'},lu = 'assistenza',primarykey = 'S',sql_declaration = 'int',sql_type = 'int',system_type = 'System.Int32' WHERE colname = 'idcorsostudio' AND tablename = 'canale'
ELSE
INSERT INTO [coldescr] (colname,tablename,col_len,col_precision,col_scale,description,kind,lt,lu,primarykey,sql_declaration,sql_type,system_type) VALUES ('idcorsostudio','canale','4',null,null,null,'S',{ts '2019-09-23 16:09:09.747'},'assistenza','S','int','int','System.Int32')
GO

IF exists(SELECT * FROM [coldescr] WHERE colname = 'iddidprog' AND tablename = 'canale')
UPDATE [coldescr] SET col_len = '4',col_precision = null,col_scale = null,description = null,kind = 'S',lt = {ts '2019-04-11 12:33:37.603'},lu = 'assistenza',primarykey = 'S',sql_declaration = 'int',sql_type = 'int',system_type = 'System.Int32' WHERE colname = 'iddidprog' AND tablename = 'canale'
ELSE
INSERT INTO [coldescr] (colname,tablename,col_len,col_precision,col_scale,description,kind,lt,lu,primarykey,sql_declaration,sql_type,system_type) VALUES ('iddidprog','canale','4',null,null,null,'S',{ts '2019-04-11 12:33:37.603'},'assistenza','S','int','int','System.Int32')
GO

IF exists(SELECT * FROM [coldescr] WHERE colname = 'iddidproganno' AND tablename = 'canale')
UPDATE [coldescr] SET col_len = '4',col_precision = null,col_scale = null,description = 'Anno',kind = 'S',lt = {ts '2020-05-08 15:41:19.477'},lu = 'assistenza',primarykey = 'S',sql_declaration = 'int',sql_type = 'int',system_type = 'System.Int32' WHERE colname = 'iddidproganno' AND tablename = 'canale'
ELSE
INSERT INTO [coldescr] (colname,tablename,col_len,col_precision,col_scale,description,kind,lt,lu,primarykey,sql_declaration,sql_type,system_type) VALUES ('iddidproganno','canale','4',null,null,'Anno','S',{ts '2020-05-08 15:41:19.477'},'assistenza','S','int','int','System.Int32')
GO

IF exists(SELECT * FROM [coldescr] WHERE colname = 'iddidprogcurr' AND tablename = 'canale')
UPDATE [coldescr] SET col_len = '4',col_precision = null,col_scale = null,description = 'Curriculum',kind = 'S',lt = {ts '2020-05-08 15:41:19.477'},lu = 'assistenza',primarykey = 'S',sql_declaration = 'int',sql_type = 'int',system_type = 'System.Int32' WHERE colname = 'iddidprogcurr' AND tablename = 'canale'
ELSE
INSERT INTO [coldescr] (colname,tablename,col_len,col_precision,col_scale,description,kind,lt,lu,primarykey,sql_declaration,sql_type,system_type) VALUES ('iddidprogcurr','canale','4',null,null,'Curriculum','S',{ts '2020-05-08 15:41:19.477'},'assistenza','S','int','int','System.Int32')
GO

IF exists(SELECT * FROM [coldescr] WHERE colname = 'iddidprogori' AND tablename = 'canale')
UPDATE [coldescr] SET col_len = '4',col_precision = null,col_scale = null,description = 'Orientamento',kind = 'S',lt = {ts '2020-05-08 15:41:19.477'},lu = 'assistenza',primarykey = 'S',sql_declaration = 'int',sql_type = 'int',system_type = 'System.Int32' WHERE colname = 'iddidprogori' AND tablename = 'canale'
ELSE
INSERT INTO [coldescr] (colname,tablename,col_len,col_precision,col_scale,description,kind,lt,lu,primarykey,sql_declaration,sql_type,system_type) VALUES ('iddidprogori','canale','4',null,null,'Orientamento','S',{ts '2020-05-08 15:41:19.477'},'assistenza','S','int','int','System.Int32')
GO

IF exists(SELECT * FROM [coldescr] WHERE colname = 'iddidprogporzanno' AND tablename = 'canale')
UPDATE [coldescr] SET col_len = '4',col_precision = null,col_scale = null,description = 'Porzione d''anno',kind = 'S',lt = {ts '2020-05-08 15:41:19.477'},lu = 'assistenza',primarykey = 'S',sql_declaration = 'int',sql_type = 'int',system_type = 'System.Int32' WHERE colname = 'iddidprogporzanno' AND tablename = 'canale'
ELSE
INSERT INTO [coldescr] (colname,tablename,col_len,col_precision,col_scale,description,kind,lt,lu,primarykey,sql_declaration,sql_type,system_type) VALUES ('iddidprogporzanno','canale','4',null,null,'Porzione d''anno','S',{ts '2020-05-08 15:41:19.477'},'assistenza','S','int','int','System.Int32')
GO

IF exists(SELECT * FROM [coldescr] WHERE colname = 'lt' AND tablename = 'canale')
UPDATE [coldescr] SET col_len = '8',col_precision = null,col_scale = null,description = null,kind = 'S',lt = {ts '2018-07-19 18:22:39.177'},lu = 'assistenza',primarykey = 'N',sql_declaration = 'datetime',sql_type = 'datetime',system_type = 'System.DateTime' WHERE colname = 'lt' AND tablename = 'canale'
ELSE
INSERT INTO [coldescr] (colname,tablename,col_len,col_precision,col_scale,description,kind,lt,lu,primarykey,sql_declaration,sql_type,system_type) VALUES ('lt','canale','8',null,null,null,'S',{ts '2018-07-19 18:22:39.177'},'assistenza','N','datetime','datetime','System.DateTime')
GO

IF exists(SELECT * FROM [coldescr] WHERE colname = 'lu' AND tablename = 'canale')
UPDATE [coldescr] SET col_len = '64',col_precision = null,col_scale = null,description = null,kind = 'S',lt = {ts '2018-07-19 18:22:39.177'},lu = 'assistenza',primarykey = 'N',sql_declaration = 'varchar(64)',sql_type = 'varchar',system_type = 'System.String' WHERE colname = 'lu' AND tablename = 'canale'
ELSE
INSERT INTO [coldescr] (colname,tablename,col_len,col_precision,col_scale,description,kind,lt,lu,primarykey,sql_declaration,sql_type,system_type) VALUES ('lu','canale','64',null,null,null,'S',{ts '2018-07-19 18:22:39.177'},'assistenza','N','varchar(64)','varchar','System.String')
GO

IF exists(SELECT * FROM [coldescr] WHERE colname = 'numerostud' AND tablename = 'canale')
UPDATE [coldescr] SET col_len = '4',col_precision = null,col_scale = null,description = 'Numero di studenti',kind = 'S',lt = {ts '2019-09-10 17:28:45.967'},lu = 'assistenza',primarykey = 'N',sql_declaration = 'int',sql_type = 'int',system_type = 'System.Int32' WHERE colname = 'numerostud' AND tablename = 'canale'
ELSE
INSERT INTO [coldescr] (colname,tablename,col_len,col_precision,col_scale,description,kind,lt,lu,primarykey,sql_declaration,sql_type,system_type) VALUES ('numerostud','canale','4',null,null,'Numero di studenti','S',{ts '2019-09-10 17:28:45.967'},'assistenza','N','int','int','System.Int32')
GO

IF exists(SELECT * FROM [coldescr] WHERE colname = 'sortcode' AND tablename = 'canale')
UPDATE [coldescr] SET col_len = '4',col_precision = null,col_scale = null,description = 'Posizione',kind = 'S',lt = {ts '2019-09-10 17:28:45.967'},lu = 'assistenza',primarykey = 'N',sql_declaration = 'int',sql_type = 'int',system_type = 'System.Int32' WHERE colname = 'sortcode' AND tablename = 'canale'
ELSE
INSERT INTO [coldescr] (colname,tablename,col_len,col_precision,col_scale,description,kind,lt,lu,primarykey,sql_declaration,sql_type,system_type) VALUES ('sortcode','canale','4',null,null,'Posizione','S',{ts '2019-09-10 17:28:45.967'},'assistenza','N','int','int','System.Int32')
GO

IF exists(SELECT * FROM [coldescr] WHERE colname = 'title' AND tablename = 'canale')
UPDATE [coldescr] SET col_len = '256',col_precision = null,col_scale = null,description = 'Denominazione',kind = 'S',lt = {ts '2019-09-10 17:28:45.970'},lu = 'assistenza',primarykey = 'N',sql_declaration = 'varchar(256)',sql_type = 'varchar',system_type = 'System.String' WHERE colname = 'title' AND tablename = 'canale'
ELSE
INSERT INTO [coldescr] (colname,tablename,col_len,col_precision,col_scale,description,kind,lt,lu,primarykey,sql_declaration,sql_type,system_type) VALUES ('title','canale','256',null,null,'Denominazione','S',{ts '2019-09-10 17:28:45.970'},'assistenza','N','varchar(256)','varchar','System.String')
GO

IF exists(SELECT * FROM [coldescr] WHERE colname = 'vu' AND tablename = 'canale')
UPDATE [coldescr] SET col_len = '64',col_precision = null,col_scale = null,description = null,kind = 'S',lt = {ts '2018-07-19 18:22:39.177'},lu = 'assistenza',primarykey = 'N',sql_declaration = 'varchar(64)',sql_type = 'varchar',system_type = 'System.String' WHERE colname = 'vu' AND tablename = 'canale'
ELSE
INSERT INTO [coldescr] (colname,tablename,col_len,col_precision,col_scale,description,kind,lt,lu,primarykey,sql_declaration,sql_type,system_type) VALUES ('vu','canale','64',null,null,null,'S',{ts '2018-07-19 18:22:39.177'},'assistenza','N','varchar(64)','varchar','System.String')
GO

-- FINE GENERAZIONE SCRIPT --


-- GENERAZIONE DATI PER relation --
IF exists(SELECT * FROM [relation] WHERE idrelation = '3296')
UPDATE [relation] SET childtable = 'canale',description = 'attivit? fromativa di cui si indica il partizionamento',lt = {ts '2018-07-19 18:23:31.267'},lu = 'assistenza',parenttable = 'attivform',title = null WHERE idrelation = '3296'
ELSE
INSERT INTO [relation] (idrelation,childtable,description,lt,lu,parenttable,title) VALUES ('3296','canale','attivit? fromativa di cui si indica il partizionamento',{ts '2018-07-19 18:23:31.267'},'assistenza','attivform',null)
GO

-- FINE GENERAZIONE SCRIPT --


-- GENERAZIONE DATI PER tabledescr --
IF exists(SELECT * FROM [tabledescr] WHERE tablename = 'ccnlregistry_aziende')
UPDATE [tabledescr] SET description = null,idapplication = '3',isdbo = 'S',lt = {ts '2021-02-22 11:05:30.770'},lu = 'assistenza',title = 'Contratti utilizzati' WHERE tablename = 'ccnlregistry_aziende'
ELSE
INSERT INTO [tabledescr] (tablename,description,idapplication,isdbo,lt,lu,title) VALUES ('ccnlregistry_aziende',null,'3','S',{ts '2021-02-22 11:05:30.770'},'assistenza','Contratti utilizzati')
GO

-- FINE GENERAZIONE SCRIPT --


-- GENERAZIONE DATI PER coldescr --
IF exists(SELECT * FROM [coldescr] WHERE colname = 'ct' AND tablename = 'ccnlregistry_aziende')
UPDATE [coldescr] SET col_len = '8',col_precision = null,col_scale = null,description = null,kind = 'S',lt = {ts '2019-02-22 17:16:25.553'},lu = 'assistenza',primarykey = 'N',sql_declaration = 'datetime',sql_type = 'datetime',system_type = 'System.DateTime' WHERE colname = 'ct' AND tablename = 'ccnlregistry_aziende'
ELSE
INSERT INTO [coldescr] (colname,tablename,col_len,col_precision,col_scale,description,kind,lt,lu,primarykey,sql_declaration,sql_type,system_type) VALUES ('ct','ccnlregistry_aziende','8',null,null,null,'S',{ts '2019-02-22 17:16:25.553'},'assistenza','N','datetime','datetime','System.DateTime')
GO

IF exists(SELECT * FROM [coldescr] WHERE colname = 'cu' AND tablename = 'ccnlregistry_aziende')
UPDATE [coldescr] SET col_len = '64',col_precision = null,col_scale = null,description = null,kind = 'S',lt = {ts '2019-02-22 17:16:25.553'},lu = 'assistenza',primarykey = 'N',sql_declaration = 'varchar(64)',sql_type = 'varchar',system_type = 'System.String' WHERE colname = 'cu' AND tablename = 'ccnlregistry_aziende'
ELSE
INSERT INTO [coldescr] (colname,tablename,col_len,col_precision,col_scale,description,kind,lt,lu,primarykey,sql_declaration,sql_type,system_type) VALUES ('cu','ccnlregistry_aziende','64',null,null,null,'S',{ts '2019-02-22 17:16:25.553'},'assistenza','N','varchar(64)','varchar','System.String')
GO

IF exists(SELECT * FROM [coldescr] WHERE colname = 'idccnl' AND tablename = 'ccnlregistry_aziende')
UPDATE [coldescr] SET col_len = '4',col_precision = null,col_scale = null,description = 'Tipologia di contratto',kind = 'S',lt = {ts '2019-02-22 17:16:57.963'},lu = 'assistenza',primarykey = 'S',sql_declaration = 'int',sql_type = 'int',system_type = 'System.Int32' WHERE colname = 'idccnl' AND tablename = 'ccnlregistry_aziende'
ELSE
INSERT INTO [coldescr] (colname,tablename,col_len,col_precision,col_scale,description,kind,lt,lu,primarykey,sql_declaration,sql_type,system_type) VALUES ('idccnl','ccnlregistry_aziende','4',null,null,'Tipologia di contratto','S',{ts '2019-02-22 17:16:57.963'},'assistenza','S','int','int','System.Int32')
GO

IF exists(SELECT * FROM [coldescr] WHERE colname = 'idreg_aziende' AND tablename = 'ccnlregistry_aziende')
UPDATE [coldescr] SET col_len = '4',col_precision = null,col_scale = null,description = 'Azienda o Ente',kind = 'S',lt = {ts '2019-02-22 17:16:57.963'},lu = 'assistenza',primarykey = 'S',sql_declaration = 'int',sql_type = 'int',system_type = 'System.Int32' WHERE colname = 'idreg_aziende' AND tablename = 'ccnlregistry_aziende'
ELSE
INSERT INTO [coldescr] (colname,tablename,col_len,col_precision,col_scale,description,kind,lt,lu,primarykey,sql_declaration,sql_type,system_type) VALUES ('idreg_aziende','ccnlregistry_aziende','4',null,null,'Azienda o Ente','S',{ts '2019-02-22 17:16:57.963'},'assistenza','S','int','int','System.Int32')
GO

IF exists(SELECT * FROM [coldescr] WHERE colname = 'lt' AND tablename = 'ccnlregistry_aziende')
UPDATE [coldescr] SET col_len = '8',col_precision = null,col_scale = null,description = null,kind = 'S',lt = {ts '2019-02-22 17:16:25.553'},lu = 'assistenza',primarykey = 'N',sql_declaration = 'datetime',sql_type = 'datetime',system_type = 'System.DateTime' WHERE colname = 'lt' AND tablename = 'ccnlregistry_aziende'
ELSE
INSERT INTO [coldescr] (colname,tablename,col_len,col_precision,col_scale,description,kind,lt,lu,primarykey,sql_declaration,sql_type,system_type) VALUES ('lt','ccnlregistry_aziende','8',null,null,null,'S',{ts '2019-02-22 17:16:25.553'},'assistenza','N','datetime','datetime','System.DateTime')
GO

IF exists(SELECT * FROM [coldescr] WHERE colname = 'lu' AND tablename = 'ccnlregistry_aziende')
UPDATE [coldescr] SET col_len = '64',col_precision = null,col_scale = null,description = null,kind = 'S',lt = {ts '2019-02-22 17:16:25.553'},lu = 'assistenza',primarykey = 'N',sql_declaration = 'varchar(64)',sql_type = 'varchar',system_type = 'System.String' WHERE colname = 'lu' AND tablename = 'ccnlregistry_aziende'
ELSE
INSERT INTO [coldescr] (colname,tablename,col_len,col_precision,col_scale,description,kind,lt,lu,primarykey,sql_declaration,sql_type,system_type) VALUES ('lu','ccnlregistry_aziende','64',null,null,null,'S',{ts '2019-02-22 17:16:25.553'},'assistenza','N','varchar(64)','varchar','System.String')
GO

-- FINE GENERAZIONE SCRIPT --


-- GENERAZIONE DATI PER tabledescr --
IF exists(SELECT * FROM [tabledescr] WHERE tablename = 'classconsorsuale')
UPDATE [tabledescr] SET description = 'VOCABOLARIO MIUR delle classi di concorso',idapplication = '2',isdbo = 'S',lt = {ts '2018-12-07 13:09:51.000'},lu = 'Ferdinando',title = 'Classi di concorso MIUR' WHERE tablename = 'classconsorsuale'
ELSE
INSERT INTO [tabledescr] (tablename,description,idapplication,isdbo,lt,lu,title) VALUES ('classconsorsuale','VOCABOLARIO MIUR delle classi di concorso','2','S',{ts '2018-12-07 13:09:51.000'},'Ferdinando','Classi di concorso MIUR')
GO

-- FINE GENERAZIONE SCRIPT --


-- GENERAZIONE DATI PER coldescr --
IF exists(SELECT * FROM [coldescr] WHERE colname = 'active' AND tablename = 'classconsorsuale')
UPDATE [coldescr] SET col_len = '1',col_precision = null,col_scale = null,description = 'Attiva',kind = 'S',lt = {ts '2018-12-07 13:09:51.000'},lu = 'Ferdinando',primarykey = 'N',sql_declaration = 'char(1)',sql_type = 'char',system_type = 'System.String' WHERE colname = 'active' AND tablename = 'classconsorsuale'
ELSE
INSERT INTO [coldescr] (colname,tablename,col_len,col_precision,col_scale,description,kind,lt,lu,primarykey,sql_declaration,sql_type,system_type) VALUES ('active','classconsorsuale','1',null,null,'Attiva','S',{ts '2018-12-07 13:09:51.000'},'Ferdinando','N','char(1)','char','System.String')
GO

IF exists(SELECT * FROM [coldescr] WHERE colname = 'ambitodisci' AND tablename = 'classconsorsuale')
UPDATE [coldescr] SET col_len = '50',col_precision = null,col_scale = null,description = 'Ambito Disciplinare',kind = 'S',lt = {ts '2018-12-07 13:09:51.000'},lu = 'Ferdinando',primarykey = 'N',sql_declaration = 'varchar(50)',sql_type = 'varchar',system_type = 'System.String' WHERE colname = 'ambitodisci' AND tablename = 'classconsorsuale'
ELSE
INSERT INTO [coldescr] (colname,tablename,col_len,col_precision,col_scale,description,kind,lt,lu,primarykey,sql_declaration,sql_type,system_type) VALUES ('ambitodisci','classconsorsuale','50',null,null,'Ambito Disciplinare','S',{ts '2018-12-07 13:09:51.000'},'Ferdinando','N','varchar(50)','varchar','System.String')
GO

IF exists(SELECT * FROM [coldescr] WHERE colname = 'corr2592017' AND tablename = 'classconsorsuale')
UPDATE [coldescr] SET col_len = '50',col_precision = null,col_scale = null,description = 'Corrispondenza',kind = 'S',lt = {ts '2018-12-07 13:09:51.000'},lu = 'Ferdinando',primarykey = 'N',sql_declaration = 'varchar(50)',sql_type = 'varchar',system_type = 'System.String' WHERE colname = 'corr2592017' AND tablename = 'classconsorsuale'
ELSE
INSERT INTO [coldescr] (colname,tablename,col_len,col_precision,col_scale,description,kind,lt,lu,primarykey,sql_declaration,sql_type,system_type) VALUES ('corr2592017','classconsorsuale','50',null,null,'Corrispondenza','S',{ts '2018-12-07 13:09:51.000'},'Ferdinando','N','varchar(50)','varchar','System.String')
GO

IF exists(SELECT * FROM [coldescr] WHERE colname = 'description' AND tablename = 'classconsorsuale')
UPDATE [coldescr] SET col_len = '512',col_precision = null,col_scale = null,description = 'Descrizione',kind = 'S',lt = {ts '2018-12-07 13:09:51.000'},lu = 'Ferdinando',primarykey = 'N',sql_declaration = 'varchar(512)',sql_type = 'varchar',system_type = 'System.String' WHERE colname = 'description' AND tablename = 'classconsorsuale'
ELSE
INSERT INTO [coldescr] (colname,tablename,col_len,col_precision,col_scale,description,kind,lt,lu,primarykey,sql_declaration,sql_type,system_type) VALUES ('description','classconsorsuale','512',null,null,'Descrizione','S',{ts '2018-12-07 13:09:51.000'},'Ferdinando','N','varchar(512)','varchar','System.String')
GO

IF exists(SELECT * FROM [coldescr] WHERE colname = 'idclassconsorsuale' AND tablename = 'classconsorsuale')
UPDATE [coldescr] SET col_len = '4',col_precision = null,col_scale = null,description = 'Codice',kind = 'S',lt = {ts '2018-12-07 13:09:51.000'},lu = 'Ferdinando',primarykey = 'S',sql_declaration = 'int',sql_type = 'int',system_type = 'System.Int32' WHERE colname = 'idclassconsorsuale' AND tablename = 'classconsorsuale'
ELSE
INSERT INTO [coldescr] (colname,tablename,col_len,col_precision,col_scale,description,kind,lt,lu,primarykey,sql_declaration,sql_type,system_type) VALUES ('idclassconsorsuale','classconsorsuale','4',null,null,'Codice','S',{ts '2018-12-07 13:09:51.000'},'Ferdinando','S','int','int','System.Int32')
GO

IF exists(SELECT * FROM [coldescr] WHERE colname = 'lt' AND tablename = 'classconsorsuale')
UPDATE [coldescr] SET col_len = '8',col_precision = null,col_scale = null,description = null,kind = 'S',lt = {ts '2018-12-05 17:51:31.707'},lu = 'assistenza',primarykey = 'N',sql_declaration = 'datetime',sql_type = 'datetime',system_type = 'System.DateTime' WHERE colname = 'lt' AND tablename = 'classconsorsuale'
ELSE
INSERT INTO [coldescr] (colname,tablename,col_len,col_precision,col_scale,description,kind,lt,lu,primarykey,sql_declaration,sql_type,system_type) VALUES ('lt','classconsorsuale','8',null,null,null,'S',{ts '2018-12-05 17:51:31.707'},'assistenza','N','datetime','datetime','System.DateTime')
GO

IF exists(SELECT * FROM [coldescr] WHERE colname = 'lu' AND tablename = 'classconsorsuale')
UPDATE [coldescr] SET col_len = '64',col_precision = null,col_scale = null,description = null,kind = 'S',lt = {ts '2018-12-05 17:51:31.707'},lu = 'assistenza',primarykey = 'N',sql_declaration = 'varchar(64)',sql_type = 'varchar',system_type = 'System.String' WHERE colname = 'lu' AND tablename = 'classconsorsuale'
ELSE
INSERT INTO [coldescr] (colname,tablename,col_len,col_precision,col_scale,description,kind,lt,lu,primarykey,sql_declaration,sql_type,system_type) VALUES ('lu','classconsorsuale','64',null,null,null,'S',{ts '2018-12-05 17:51:31.707'},'assistenza','N','varchar(64)','varchar','System.String')
GO

IF exists(SELECT * FROM [coldescr] WHERE colname = 'normativa' AND tablename = 'classconsorsuale')
UPDATE [coldescr] SET col_len = '50',col_precision = null,col_scale = null,description = null,kind = 'S',lt = {ts '2018-12-05 17:51:31.707'},lu = 'assistenza',primarykey = 'N',sql_declaration = 'varchar(50)',sql_type = 'varchar',system_type = 'System.String' WHERE colname = 'normativa' AND tablename = 'classconsorsuale'
ELSE
INSERT INTO [coldescr] (colname,tablename,col_len,col_precision,col_scale,description,kind,lt,lu,primarykey,sql_declaration,sql_type,system_type) VALUES ('normativa','classconsorsuale','50',null,null,null,'S',{ts '2018-12-05 17:51:31.707'},'assistenza','N','varchar(50)','varchar','System.String')
GO

IF exists(SELECT * FROM [coldescr] WHERE colname = 'title' AND tablename = 'classconsorsuale')
UPDATE [coldescr] SET col_len = '50',col_precision = null,col_scale = null,description = 'Denominazione',kind = 'S',lt = {ts '2018-12-07 13:09:51.000'},lu = 'Ferdinando',primarykey = 'N',sql_declaration = 'varchar(50)',sql_type = 'varchar',system_type = 'System.String' WHERE colname = 'title' AND tablename = 'classconsorsuale'
ELSE
INSERT INTO [coldescr] (colname,tablename,col_len,col_precision,col_scale,description,kind,lt,lu,primarykey,sql_declaration,sql_type,system_type) VALUES ('title','classconsorsuale','50',null,null,'Denominazione','S',{ts '2018-12-07 13:09:51.000'},'Ferdinando','N','varchar(50)','varchar','System.String')
GO

-- FINE GENERAZIONE SCRIPT --


-- GENERAZIONE DATI PER relation --
IF exists(SELECT * FROM [relation] WHERE idrelation = '3215')
UPDATE [relation] SET childtable = 'classconsorsuale',description = 'didattia prgrammata che abilita alla classe',lt = {ts '2018-07-17 17:31:28.650'},lu = 'assistenza',parenttable = 'didprog',title = null WHERE idrelation = '3215'
ELSE
INSERT INTO [relation] (idrelation,childtable,description,lt,lu,parenttable,title) VALUES ('3215','classconsorsuale','didattia prgrammata che abilita alla classe',{ts '2018-07-17 17:31:28.650'},'assistenza','didprog',null)
GO

-- FINE GENERAZIONE SCRIPT --


-- GENERAZIONE DATI PER tabledescr --
IF exists(SELECT * FROM [tabledescr] WHERE tablename = 'contratto')
UPDATE [tabledescr] SET description = '2.4.21 Contratto',idapplication = '3',isdbo = 'S',lt = {ts '2021-02-19 11:09:05.577'},lu = 'assistenza',title = 'Contratto' WHERE tablename = 'contratto'
ELSE
INSERT INTO [tabledescr] (tablename,description,idapplication,isdbo,lt,lu,title) VALUES ('contratto','2.4.21 Contratto','3','S',{ts '2021-02-19 11:09:05.577'},'assistenza','Contratto')
GO

-- FINE GENERAZIONE SCRIPT --


-- GENERAZIONE DATI PER coldescr --
IF exists(SELECT * FROM [coldescr] WHERE colname = 'ct' AND tablename = 'contratto')
UPDATE [coldescr] SET col_len = '8',col_precision = null,col_scale = null,description = null,kind = 'S',lt = {ts '2018-07-17 16:15:43.843'},lu = 'assistenza',primarykey = 'N',sql_declaration = 'datetime',sql_type = 'datetime',system_type = 'System.DateTime' WHERE colname = 'ct' AND tablename = 'contratto'
ELSE
INSERT INTO [coldescr] (colname,tablename,col_len,col_precision,col_scale,description,kind,lt,lu,primarykey,sql_declaration,sql_type,system_type) VALUES ('ct','contratto','8',null,null,null,'S',{ts '2018-07-17 16:15:43.843'},'assistenza','N','datetime','datetime','System.DateTime')
GO

IF exists(SELECT * FROM [coldescr] WHERE colname = 'cu' AND tablename = 'contratto')
UPDATE [coldescr] SET col_len = '64',col_precision = null,col_scale = null,description = null,kind = 'S',lt = {ts '2018-07-17 16:15:43.843'},lu = 'assistenza',primarykey = 'N',sql_declaration = 'varchar(64)',sql_type = 'varchar',system_type = 'System.String' WHERE colname = 'cu' AND tablename = 'contratto'
ELSE
INSERT INTO [coldescr] (colname,tablename,col_len,col_precision,col_scale,description,kind,lt,lu,primarykey,sql_declaration,sql_type,system_type) VALUES ('cu','contratto','64',null,null,null,'S',{ts '2018-07-17 16:15:43.843'},'assistenza','N','varchar(64)','varchar','System.String')
GO

IF exists(SELECT * FROM [coldescr] WHERE colname = 'estremibando' AND tablename = 'contratto')
UPDATE [coldescr] SET col_len = '50',col_precision = null,col_scale = null,description = 'Estremi del bando di contratto',kind = 'S',lt = {ts '2018-11-21 15:51:08.620'},lu = 'assistenza',primarykey = 'N',sql_declaration = 'varchar(50)',sql_type = 'varchar',system_type = 'System.String' WHERE colname = 'estremibando' AND tablename = 'contratto'
ELSE
INSERT INTO [coldescr] (colname,tablename,col_len,col_precision,col_scale,description,kind,lt,lu,primarykey,sql_declaration,sql_type,system_type) VALUES ('estremibando','contratto','50',null,null,'Estremi del bando di contratto','S',{ts '2018-11-21 15:51:08.620'},'assistenza','N','varchar(50)','varchar','System.String')
GO

IF exists(SELECT * FROM [coldescr] WHERE colname = 'idcontratto' AND tablename = 'contratto')
UPDATE [coldescr] SET col_len = '4',col_precision = null,col_scale = null,description = 'Codice',kind = 'S',lt = {ts '2018-11-27 13:03:00.603'},lu = 'assistenza',primarykey = 'S',sql_declaration = 'int',sql_type = 'int',system_type = 'System.Int32' WHERE colname = 'idcontratto' AND tablename = 'contratto'
ELSE
INSERT INTO [coldescr] (colname,tablename,col_len,col_precision,col_scale,description,kind,lt,lu,primarykey,sql_declaration,sql_type,system_type) VALUES ('idcontratto','contratto','4',null,null,'Codice','S',{ts '2018-11-27 13:03:00.603'},'assistenza','S','int','int','System.Int32')
GO

IF exists(SELECT * FROM [coldescr] WHERE colname = 'idcontrattokind' AND tablename = 'contratto')
UPDATE [coldescr] SET col_len = '4',col_precision = null,col_scale = null,description = 'Tipologia di contratto',kind = 'S',lt = {ts '2018-11-27 13:03:00.603'},lu = 'assistenza',primarykey = 'N',sql_declaration = 'int',sql_type = 'int',system_type = 'System.Int32' WHERE colname = 'idcontrattokind' AND tablename = 'contratto'
ELSE
INSERT INTO [coldescr] (colname,tablename,col_len,col_precision,col_scale,description,kind,lt,lu,primarykey,sql_declaration,sql_type,system_type) VALUES ('idcontrattokind','contratto','4',null,null,'Tipologia di contratto','S',{ts '2018-11-27 13:03:00.603'},'assistenza','N','int','int','System.Int32')
GO

IF exists(SELECT * FROM [coldescr] WHERE colname = 'idinquadramento' AND tablename = 'contratto')
UPDATE [coldescr] SET col_len = '4',col_precision = null,col_scale = null,description = 'Inquadramento',kind = 'S',lt = {ts '2020-07-14 15:37:31.507'},lu = 'assistenza',primarykey = 'N',sql_declaration = 'int',sql_type = 'int',system_type = 'System.Int32' WHERE colname = 'idinquadramento' AND tablename = 'contratto'
ELSE
INSERT INTO [coldescr] (colname,tablename,col_len,col_precision,col_scale,description,kind,lt,lu,primarykey,sql_declaration,sql_type,system_type) VALUES ('idinquadramento','contratto','4',null,null,'Inquadramento','S',{ts '2020-07-14 15:37:31.507'},'assistenza','N','int','int','System.Int32')
GO

IF exists(SELECT * FROM [coldescr] WHERE colname = 'idreg' AND tablename = 'contratto')
UPDATE [coldescr] SET col_len = '4',col_precision = null,col_scale = null,description = 'Docente',kind = 'S',lt = {ts '2018-11-21 15:51:08.620'},lu = 'assistenza',primarykey = 'N',sql_declaration = 'int',sql_type = 'int',system_type = 'System.Int32' WHERE colname = 'idreg' AND tablename = 'contratto'
ELSE
INSERT INTO [coldescr] (colname,tablename,col_len,col_precision,col_scale,description,kind,lt,lu,primarykey,sql_declaration,sql_type,system_type) VALUES ('idreg','contratto','4',null,null,'Docente','S',{ts '2018-11-21 15:51:08.620'},'assistenza','N','int','int','System.Int32')
GO

IF exists(SELECT * FROM [coldescr] WHERE colname = 'lt' AND tablename = 'contratto')
UPDATE [coldescr] SET col_len = '8',col_precision = null,col_scale = null,description = null,kind = 'S',lt = {ts '2018-07-17 16:15:43.847'},lu = 'assistenza',primarykey = 'N',sql_declaration = 'datetime',sql_type = 'datetime',system_type = 'System.DateTime' WHERE colname = 'lt' AND tablename = 'contratto'
ELSE
INSERT INTO [coldescr] (colname,tablename,col_len,col_precision,col_scale,description,kind,lt,lu,primarykey,sql_declaration,sql_type,system_type) VALUES ('lt','contratto','8',null,null,null,'S',{ts '2018-07-17 16:15:43.847'},'assistenza','N','datetime','datetime','System.DateTime')
GO

IF exists(SELECT * FROM [coldescr] WHERE colname = 'lu' AND tablename = 'contratto')
UPDATE [coldescr] SET col_len = '64',col_precision = null,col_scale = null,description = null,kind = 'S',lt = {ts '2018-07-17 16:15:43.847'},lu = 'assistenza',primarykey = 'N',sql_declaration = 'varchar(64)',sql_type = 'varchar',system_type = 'System.String' WHERE colname = 'lu' AND tablename = 'contratto'
ELSE
INSERT INTO [coldescr] (colname,tablename,col_len,col_precision,col_scale,description,kind,lt,lu,primarykey,sql_declaration,sql_type,system_type) VALUES ('lu','contratto','64',null,null,null,'S',{ts '2018-07-17 16:15:43.847'},'assistenza','N','varchar(64)','varchar','System.String')
GO

IF exists(SELECT * FROM [coldescr] WHERE colname = 'parttime' AND tablename = 'contratto')
UPDATE [coldescr] SET col_len = '5',col_precision = '5',col_scale = '2',description = 'Part-time %',kind = 'S',lt = {ts '2020-05-21 16:38:00.547'},lu = 'assistenza',primarykey = 'N',sql_declaration = 'decimal(5,2)',sql_type = 'decimal',system_type = 'System.Decimal' WHERE colname = 'parttime' AND tablename = 'contratto'
ELSE
INSERT INTO [coldescr] (colname,tablename,col_len,col_precision,col_scale,description,kind,lt,lu,primarykey,sql_declaration,sql_type,system_type) VALUES ('parttime','contratto','5','5','2','Part-time %','S',{ts '2020-05-21 16:38:00.547'},'assistenza','N','decimal(5,2)','decimal','System.Decimal')
GO

IF exists(SELECT * FROM [coldescr] WHERE colname = 'scatto' AND tablename = 'contratto')
UPDATE [coldescr] SET col_len = '4',col_precision = null,col_scale = null,description = null,kind = 'S',lt = {ts '2020-07-14 15:37:20.090'},lu = 'assistenza',primarykey = 'N',sql_declaration = 'int',sql_type = 'int',system_type = 'System.Int32' WHERE colname = 'scatto' AND tablename = 'contratto'
ELSE
INSERT INTO [coldescr] (colname,tablename,col_len,col_precision,col_scale,description,kind,lt,lu,primarykey,sql_declaration,sql_type,system_type) VALUES ('scatto','contratto','4',null,null,null,'S',{ts '2020-07-14 15:37:20.090'},'assistenza','N','int','int','System.Int32')
GO

IF exists(SELECT * FROM [coldescr] WHERE colname = 'start' AND tablename = 'contratto')
UPDATE [coldescr] SET col_len = '3',col_precision = null,col_scale = null,description = 'Inizio',kind = 'S',lt = {ts '2018-11-21 15:51:08.620'},lu = 'assistenza',primarykey = 'N',sql_declaration = 'date',sql_type = 'date',system_type = 'System.DateTime' WHERE colname = 'start' AND tablename = 'contratto'
ELSE
INSERT INTO [coldescr] (colname,tablename,col_len,col_precision,col_scale,description,kind,lt,lu,primarykey,sql_declaration,sql_type,system_type) VALUES ('start','contratto','3',null,null,'Inizio','S',{ts '2018-11-21 15:51:08.620'},'assistenza','N','date','date','System.DateTime')
GO

IF exists(SELECT * FROM [coldescr] WHERE colname = 'stop' AND tablename = 'contratto')
UPDATE [coldescr] SET col_len = '3',col_precision = null,col_scale = null,description = 'Fine',kind = 'S',lt = {ts '2018-11-21 15:51:08.620'},lu = 'assistenza',primarykey = 'N',sql_declaration = 'date',sql_type = 'date',system_type = 'System.DateTime' WHERE colname = 'stop' AND tablename = 'contratto'
ELSE
INSERT INTO [coldescr] (colname,tablename,col_len,col_precision,col_scale,description,kind,lt,lu,primarykey,sql_declaration,sql_type,system_type) VALUES ('stop','contratto','3',null,null,'Fine','S',{ts '2018-11-21 15:51:08.620'},'assistenza','N','date','date','System.DateTime')
GO

IF exists(SELECT * FROM [coldescr] WHERE colname = 'tempdef' AND tablename = 'contratto')
UPDATE [coldescr] SET col_len = '1',col_precision = null,col_scale = null,description = 'Tempo definito',kind = 'S',lt = {ts '2020-05-21 10:47:29.447'},lu = 'assistenza',primarykey = 'N',sql_declaration = 'char(1)',sql_type = 'char',system_type = 'System.String' WHERE colname = 'tempdef' AND tablename = 'contratto'
ELSE
INSERT INTO [coldescr] (colname,tablename,col_len,col_precision,col_scale,description,kind,lt,lu,primarykey,sql_declaration,sql_type,system_type) VALUES ('tempdef','contratto','1',null,null,'Tempo definito','S',{ts '2020-05-21 10:47:29.447'},'assistenza','N','char(1)','char','System.String')
GO

IF exists(SELECT * FROM [coldescr] WHERE colname = 'tempindet' AND tablename = 'contratto')
UPDATE [coldescr] SET col_len = '1',col_precision = null,col_scale = null,description = 'Tempo indeterminato',kind = 'S',lt = {ts '2018-11-21 15:51:08.620'},lu = 'assistenza',primarykey = 'N',sql_declaration = 'char(1)',sql_type = 'char',system_type = 'System.String' WHERE colname = 'tempindet' AND tablename = 'contratto'
ELSE
INSERT INTO [coldescr] (colname,tablename,col_len,col_precision,col_scale,description,kind,lt,lu,primarykey,sql_declaration,sql_type,system_type) VALUES ('tempindet','contratto','1',null,null,'Tempo indeterminato','S',{ts '2018-11-21 15:51:08.620'},'assistenza','N','char(1)','char','System.String')
GO

-- FINE GENERAZIONE SCRIPT --


-- GENERAZIONE DATI PER relation --
IF exists(SELECT * FROM [relation] WHERE idrelation = '3440')
UPDATE [relation] SET childtable = 'contratto',description = 'Contratti',lt = {ts '2018-12-07 18:37:51.917'},lu = 'assistenza',parenttable = 'docenti',title = '2.4.21 Contratto' WHERE idrelation = '3440'
ELSE
INSERT INTO [relation] (idrelation,childtable,description,lt,lu,parenttable,title) VALUES ('3440','contratto','Contratti',{ts '2018-12-07 18:37:51.917'},'assistenza','docenti','2.4.21 Contratto')
GO

-- FINE GENERAZIONE SCRIPT --


-- GENERAZIONE DATI PER tabledescr --
IF exists(SELECT * FROM [tabledescr] WHERE tablename = 'contrattokind')
UPDATE [tabledescr] SET description = 'Tipologie di contratto',idapplication = '3',isdbo = 'S',lt = {ts '2021-02-19 17:53:33.403'},lu = 'assistenza',title = 'Tipologie di contratto' WHERE tablename = 'contrattokind'
ELSE
INSERT INTO [tabledescr] (tablename,description,idapplication,isdbo,lt,lu,title) VALUES ('contrattokind','Tipologie di contratto','3','S',{ts '2021-02-19 17:53:33.403'},'assistenza','Tipologie di contratto')
GO

-- FINE GENERAZIONE SCRIPT --


-- GENERAZIONE DATI PER coldescr --
IF exists(SELECT * FROM [coldescr] WHERE colname = 'active' AND tablename = 'contrattokind')
UPDATE [coldescr] SET col_len = '1',col_precision = null,col_scale = null,description = null,kind = 'S',lt = {ts '2018-07-17 16:59:21.740'},lu = 'assistenza',primarykey = 'N',sql_declaration = 'char(1)',sql_type = 'char',system_type = 'System.String' WHERE colname = 'active' AND tablename = 'contrattokind'
ELSE
INSERT INTO [coldescr] (colname,tablename,col_len,col_precision,col_scale,description,kind,lt,lu,primarykey,sql_declaration,sql_type,system_type) VALUES ('active','contrattokind','1',null,null,null,'S',{ts '2018-07-17 16:59:21.740'},'assistenza','N','char(1)','char','System.String')
GO

IF exists(SELECT * FROM [coldescr] WHERE colname = 'assegnoaggiuntivo' AND tablename = 'contrattokind')
UPDATE [coldescr] SET col_len = '1',col_precision = null,col_scale = null,description = 'Abilita assegno aggiuntivo',kind = 'S',lt = {ts '2020-07-14 15:26:20.580'},lu = 'assistenza',primarykey = 'N',sql_declaration = 'char(1)',sql_type = 'char',system_type = 'System.String' WHERE colname = 'assegnoaggiuntivo' AND tablename = 'contrattokind'
ELSE
INSERT INTO [coldescr] (colname,tablename,col_len,col_precision,col_scale,description,kind,lt,lu,primarykey,sql_declaration,sql_type,system_type) VALUES ('assegnoaggiuntivo','contrattokind','1',null,null,'Abilita assegno aggiuntivo','S',{ts '2020-07-14 15:26:20.580'},'assistenza','N','char(1)','char','System.String')
GO

IF exists(SELECT * FROM [coldescr] WHERE colname = 'costolordoannuo' AND tablename = 'contrattokind')
UPDATE [coldescr] SET col_len = '5',col_precision = '9',col_scale = '2',description = 'Costo lordo annuo',kind = 'S',lt = {ts '2020-07-14 15:22:46.597'},lu = 'assistenza',primarykey = 'N',sql_declaration = 'decimal(9,2)',sql_type = 'decimal',system_type = 'System.Decimal' WHERE colname = 'costolordoannuo' AND tablename = 'contrattokind'
ELSE
INSERT INTO [coldescr] (colname,tablename,col_len,col_precision,col_scale,description,kind,lt,lu,primarykey,sql_declaration,sql_type,system_type) VALUES ('costolordoannuo','contrattokind','5','9','2','Costo lordo annuo','S',{ts '2020-07-14 15:22:46.597'},'assistenza','N','decimal(9,2)','decimal','System.Decimal')
GO

IF exists(SELECT * FROM [coldescr] WHERE colname = 'costolordoannuooneri' AND tablename = 'contrattokind')
UPDATE [coldescr] SET col_len = '5',col_precision = '9',col_scale = '2',description = 'Costo lordo annuo e oneri',kind = 'S',lt = {ts '2020-07-14 15:22:46.597'},lu = 'assistenza',primarykey = 'N',sql_declaration = 'decimal(9,2)',sql_type = 'decimal',system_type = 'System.Decimal' WHERE colname = 'costolordoannuooneri' AND tablename = 'contrattokind'
ELSE
INSERT INTO [coldescr] (colname,tablename,col_len,col_precision,col_scale,description,kind,lt,lu,primarykey,sql_declaration,sql_type,system_type) VALUES ('costolordoannuooneri','contrattokind','5','9','2','Costo lordo annuo e oneri','S',{ts '2020-07-14 15:22:46.597'},'assistenza','N','decimal(9,2)','decimal','System.Decimal')
GO

IF exists(SELECT * FROM [coldescr] WHERE colname = 'ct' AND tablename = 'contrattokind')
UPDATE [coldescr] SET col_len = '8',col_precision = null,col_scale = null,description = null,kind = 'S',lt = {ts '2018-07-17 16:59:21.740'},lu = 'assistenza',primarykey = 'N',sql_declaration = 'datetime',sql_type = 'datetime',system_type = 'System.DateTime' WHERE colname = 'ct' AND tablename = 'contrattokind'
ELSE
INSERT INTO [coldescr] (colname,tablename,col_len,col_precision,col_scale,description,kind,lt,lu,primarykey,sql_declaration,sql_type,system_type) VALUES ('ct','contrattokind','8',null,null,null,'S',{ts '2018-07-17 16:59:21.740'},'assistenza','N','datetime','datetime','System.DateTime')
GO

IF exists(SELECT * FROM [coldescr] WHERE colname = 'cu' AND tablename = 'contrattokind')
UPDATE [coldescr] SET col_len = '64',col_precision = null,col_scale = null,description = null,kind = 'S',lt = {ts '2018-07-17 16:59:21.740'},lu = 'assistenza',primarykey = 'N',sql_declaration = 'varchar(64)',sql_type = 'varchar',system_type = 'System.String' WHERE colname = 'cu' AND tablename = 'contrattokind'
ELSE
INSERT INTO [coldescr] (colname,tablename,col_len,col_precision,col_scale,description,kind,lt,lu,primarykey,sql_declaration,sql_type,system_type) VALUES ('cu','contrattokind','64',null,null,null,'S',{ts '2018-07-17 16:59:21.740'},'assistenza','N','varchar(64)','varchar','System.String')
GO

IF exists(SELECT * FROM [coldescr] WHERE colname = 'description' AND tablename = 'contrattokind')
UPDATE [coldescr] SET col_len = '256',col_precision = null,col_scale = null,description = null,kind = 'S',lt = {ts '2018-07-17 16:59:21.740'},lu = 'assistenza',primarykey = 'N',sql_declaration = 'varchar(256)',sql_type = 'varchar',system_type = 'System.String' WHERE colname = 'description' AND tablename = 'contrattokind'
ELSE
INSERT INTO [coldescr] (colname,tablename,col_len,col_precision,col_scale,description,kind,lt,lu,primarykey,sql_declaration,sql_type,system_type) VALUES ('description','contrattokind','256',null,null,null,'S',{ts '2018-07-17 16:59:21.740'},'assistenza','N','varchar(256)','varchar','System.String')
GO

IF exists(SELECT * FROM [coldescr] WHERE colname = 'elementoperequativo' AND tablename = 'contrattokind')
UPDATE [coldescr] SET col_len = '1',col_precision = null,col_scale = null,description = 'Abilita elemento perequativo',kind = 'S',lt = {ts '2020-07-14 15:26:20.580'},lu = 'assistenza',primarykey = 'N',sql_declaration = 'char(1)',sql_type = 'char',system_type = 'System.String' WHERE colname = 'elementoperequativo' AND tablename = 'contrattokind'
ELSE
INSERT INTO [coldescr] (colname,tablename,col_len,col_precision,col_scale,description,kind,lt,lu,primarykey,sql_declaration,sql_type,system_type) VALUES ('elementoperequativo','contrattokind','1',null,null,'Abilita elemento perequativo','S',{ts '2020-07-14 15:26:20.580'},'assistenza','N','char(1)','char','System.String')
GO

IF exists(SELECT * FROM [coldescr] WHERE colname = 'idcontrattokind' AND tablename = 'contrattokind')
UPDATE [coldescr] SET col_len = '4',col_precision = null,col_scale = null,description = null,kind = 'S',lt = {ts '2018-12-04 13:18:56.727'},lu = 'assistenza',primarykey = 'S',sql_declaration = 'int',sql_type = 'int',system_type = 'System.Int32' WHERE colname = 'idcontrattokind' AND tablename = 'contrattokind'
ELSE
INSERT INTO [coldescr] (colname,tablename,col_len,col_precision,col_scale,description,kind,lt,lu,primarykey,sql_declaration,sql_type,system_type) VALUES ('idcontrattokind','contrattokind','4',null,null,null,'S',{ts '2018-12-04 13:18:56.727'},'assistenza','S','int','int','System.Int32')
GO

IF exists(SELECT * FROM [coldescr] WHERE colname = 'indennitadiateneo' AND tablename = 'contrattokind')
UPDATE [coldescr] SET col_len = '1',col_precision = null,col_scale = null,description = 'Abilita indennità di ateneo',kind = 'S',lt = {ts '2021-02-23 09:01:10.173'},lu = 'assistenza',primarykey = 'N',sql_declaration = 'char(1)',sql_type = 'char',system_type = 'System.String' WHERE colname = 'indennitadiateneo' AND tablename = 'contrattokind'
ELSE
INSERT INTO [coldescr] (colname,tablename,col_len,col_precision,col_scale,description,kind,lt,lu,primarykey,sql_declaration,sql_type,system_type) VALUES ('indennitadiateneo','contrattokind','1',null,null,'Abilita indennità di ateneo','S',{ts '2021-02-23 09:01:10.173'},'assistenza','N','char(1)','char','System.String')
GO

IF exists(SELECT * FROM [coldescr] WHERE colname = 'indennitadiposizione' AND tablename = 'contrattokind')
UPDATE [coldescr] SET col_len = '1',col_precision = null,col_scale = null,description = 'Abilita indennità di posizione',kind = 'S',lt = {ts '2021-02-23 09:01:10.173'},lu = 'assistenza',primarykey = 'N',sql_declaration = 'char(1)',sql_type = 'char',system_type = 'System.String' WHERE colname = 'indennitadiposizione' AND tablename = 'contrattokind'
ELSE
INSERT INTO [coldescr] (colname,tablename,col_len,col_precision,col_scale,description,kind,lt,lu,primarykey,sql_declaration,sql_type,system_type) VALUES ('indennitadiposizione','contrattokind','1',null,null,'Abilita indennità di posizione','S',{ts '2021-02-23 09:01:10.173'},'assistenza','N','char(1)','char','System.String')
GO

IF exists(SELECT * FROM [coldescr] WHERE colname = 'indvacancacontrattuale' AND tablename = 'contrattokind')
UPDATE [coldescr] SET col_len = '1',col_precision = null,col_scale = null,description = 'Abilita ind. vacanca contrattuale',kind = 'S',lt = {ts '2020-07-14 15:26:20.580'},lu = 'assistenza',primarykey = 'N',sql_declaration = 'char(1)',sql_type = 'char',system_type = 'System.String' WHERE colname = 'indvacancacontrattuale' AND tablename = 'contrattokind'
ELSE
INSERT INTO [coldescr] (colname,tablename,col_len,col_precision,col_scale,description,kind,lt,lu,primarykey,sql_declaration,sql_type,system_type) VALUES ('indvacancacontrattuale','contrattokind','1',null,null,'Abilita ind. vacanca contrattuale','S',{ts '2020-07-14 15:26:20.580'},'assistenza','N','char(1)','char','System.String')
GO

IF exists(SELECT * FROM [coldescr] WHERE colname = 'lt' AND tablename = 'contrattokind')
UPDATE [coldescr] SET col_len = '8',col_precision = null,col_scale = null,description = null,kind = 'S',lt = {ts '2018-07-17 16:59:21.743'},lu = 'assistenza',primarykey = 'N',sql_declaration = 'datetime',sql_type = 'datetime',system_type = 'System.DateTime' WHERE colname = 'lt' AND tablename = 'contrattokind'
ELSE
INSERT INTO [coldescr] (colname,tablename,col_len,col_precision,col_scale,description,kind,lt,lu,primarykey,sql_declaration,sql_type,system_type) VALUES ('lt','contrattokind','8',null,null,null,'S',{ts '2018-07-17 16:59:21.743'},'assistenza','N','datetime','datetime','System.DateTime')
GO

IF exists(SELECT * FROM [coldescr] WHERE colname = 'lu' AND tablename = 'contrattokind')
UPDATE [coldescr] SET col_len = '64',col_precision = null,col_scale = null,description = null,kind = 'S',lt = {ts '2018-07-17 16:59:21.743'},lu = 'assistenza',primarykey = 'N',sql_declaration = 'varchar(64)',sql_type = 'varchar',system_type = 'System.String' WHERE colname = 'lu' AND tablename = 'contrattokind'
ELSE
INSERT INTO [coldescr] (colname,tablename,col_len,col_precision,col_scale,description,kind,lt,lu,primarykey,sql_declaration,sql_type,system_type) VALUES ('lu','contrattokind','64',null,null,null,'S',{ts '2018-07-17 16:59:21.743'},'assistenza','N','varchar(64)','varchar','System.String')
GO

IF exists(SELECT * FROM [coldescr] WHERE colname = 'oremaxcompitididatempoparziale' AND tablename = 'contrattokind')
UPDATE [coldescr] SET col_len = '4',col_precision = null,col_scale = null,description = 'Ore massime per i compiti didattici a tempo parziale',kind = 'S',lt = {ts '2020-05-20 12:57:57.880'},lu = 'assistenza',primarykey = 'N',sql_declaration = 'int',sql_type = 'int',system_type = 'System.Int32' WHERE colname = 'oremaxcompitididatempoparziale' AND tablename = 'contrattokind'
ELSE
INSERT INTO [coldescr] (colname,tablename,col_len,col_precision,col_scale,description,kind,lt,lu,primarykey,sql_declaration,sql_type,system_type) VALUES ('oremaxcompitididatempoparziale','contrattokind','4',null,null,'Ore massime per i compiti didattici a tempo parziale','S',{ts '2020-05-20 12:57:57.880'},'assistenza','N','int','int','System.Int32')
GO

IF exists(SELECT * FROM [coldescr] WHERE colname = 'oremaxcompitididatempopieno' AND tablename = 'contrattokind')
UPDATE [coldescr] SET col_len = '4',col_precision = null,col_scale = null,description = 'Ore massime per i compiti didattici a tempo pieno',kind = 'S',lt = {ts '2020-05-20 12:57:57.880'},lu = 'assistenza',primarykey = 'N',sql_declaration = 'int',sql_type = 'int',system_type = 'System.Int32' WHERE colname = 'oremaxcompitididatempopieno' AND tablename = 'contrattokind'
ELSE
INSERT INTO [coldescr] (colname,tablename,col_len,col_precision,col_scale,description,kind,lt,lu,primarykey,sql_declaration,sql_type,system_type) VALUES ('oremaxcompitididatempopieno','contrattokind','4',null,null,'Ore massime per i compiti didattici a tempo pieno','S',{ts '2020-05-20 12:57:57.880'},'assistenza','N','int','int','System.Int32')
GO

IF exists(SELECT * FROM [coldescr] WHERE colname = 'oremaxdidatempoparziale' AND tablename = 'contrattokind')
UPDATE [coldescr] SET col_len = '4',col_precision = null,col_scale = null,description = 'Ore massime per didattica frontale a tempo parziale',kind = 'S',lt = {ts '2020-05-20 11:54:19.863'},lu = 'assistenza',primarykey = 'N',sql_declaration = 'int',sql_type = 'int',system_type = 'System.Int32' WHERE colname = 'oremaxdidatempoparziale' AND tablename = 'contrattokind'
ELSE
INSERT INTO [coldescr] (colname,tablename,col_len,col_precision,col_scale,description,kind,lt,lu,primarykey,sql_declaration,sql_type,system_type) VALUES ('oremaxdidatempoparziale','contrattokind','4',null,null,'Ore massime per didattica frontale a tempo parziale','S',{ts '2020-05-20 11:54:19.863'},'assistenza','N','int','int','System.Int32')
GO

IF exists(SELECT * FROM [coldescr] WHERE colname = 'oremaxdidatempopieno' AND tablename = 'contrattokind')
UPDATE [coldescr] SET col_len = '4',col_precision = null,col_scale = null,description = 'Ore massime per didattica frontale a tempo pieno',kind = 'S',lt = {ts '2020-05-20 11:54:19.863'},lu = 'assistenza',primarykey = 'N',sql_declaration = 'int',sql_type = 'int',system_type = 'System.Int32' WHERE colname = 'oremaxdidatempopieno' AND tablename = 'contrattokind'
ELSE
INSERT INTO [coldescr] (colname,tablename,col_len,col_precision,col_scale,description,kind,lt,lu,primarykey,sql_declaration,sql_type,system_type) VALUES ('oremaxdidatempopieno','contrattokind','4',null,null,'Ore massime per didattica frontale a tempo pieno','S',{ts '2020-05-20 11:54:19.863'},'assistenza','N','int','int','System.Int32')
GO

IF exists(SELECT * FROM [coldescr] WHERE colname = 'oremaxgg' AND tablename = 'contrattokind')
UPDATE [coldescr] SET col_len = '4',col_precision = null,col_scale = null,description = 'Ore di lavoro al giorno massime',kind = 'S',lt = {ts '2020-06-12 15:47:15.233'},lu = 'assistenza',primarykey = 'N',sql_declaration = 'int',sql_type = 'int',system_type = 'System.Int32' WHERE colname = 'oremaxgg' AND tablename = 'contrattokind'
ELSE
INSERT INTO [coldescr] (colname,tablename,col_len,col_precision,col_scale,description,kind,lt,lu,primarykey,sql_declaration,sql_type,system_type) VALUES ('oremaxgg','contrattokind','4',null,null,'Ore di lavoro al giorno massime','S',{ts '2020-06-12 15:47:15.233'},'assistenza','N','int','int','System.Int32')
GO

IF exists(SELECT * FROM [coldescr] WHERE colname = 'oremaxtempoparziale' AND tablename = 'contrattokind')
UPDATE [coldescr] SET col_len = '4',col_precision = null,col_scale = null,description = 'Ore massime a tempo parziale',kind = 'S',lt = {ts '2020-04-29 18:54:48.057'},lu = 'assistenza',primarykey = 'N',sql_declaration = 'int',sql_type = 'int',system_type = 'System.Int32' WHERE colname = 'oremaxtempoparziale' AND tablename = 'contrattokind'
ELSE
INSERT INTO [coldescr] (colname,tablename,col_len,col_precision,col_scale,description,kind,lt,lu,primarykey,sql_declaration,sql_type,system_type) VALUES ('oremaxtempoparziale','contrattokind','4',null,null,'Ore massime a tempo parziale','S',{ts '2020-04-29 18:54:48.057'},'assistenza','N','int','int','System.Int32')
GO

IF exists(SELECT * FROM [coldescr] WHERE colname = 'oremaxtempopieno' AND tablename = 'contrattokind')
UPDATE [coldescr] SET col_len = '4',col_precision = null,col_scale = null,description = 'Ore massime a tempo pieno',kind = 'S',lt = {ts '2020-04-29 18:54:48.057'},lu = 'assistenza',primarykey = 'N',sql_declaration = 'int',sql_type = 'int',system_type = 'System.Int32' WHERE colname = 'oremaxtempopieno' AND tablename = 'contrattokind'
ELSE
INSERT INTO [coldescr] (colname,tablename,col_len,col_precision,col_scale,description,kind,lt,lu,primarykey,sql_declaration,sql_type,system_type) VALUES ('oremaxtempopieno','contrattokind','4',null,null,'Ore massime a tempo pieno','S',{ts '2020-04-29 18:54:48.057'},'assistenza','N','int','int','System.Int32')
GO

IF exists(SELECT * FROM [coldescr] WHERE colname = 'oremincompitididatempoparziale' AND tablename = 'contrattokind')
UPDATE [coldescr] SET col_len = '4',col_precision = null,col_scale = null,description = 'Ore minime per i compiti didattici a tempo parziale',kind = 'S',lt = {ts '2020-05-20 12:57:57.880'},lu = 'assistenza',primarykey = 'N',sql_declaration = 'int',sql_type = 'int',system_type = 'System.Int32' WHERE colname = 'oremincompitididatempoparziale' AND tablename = 'contrattokind'
ELSE
INSERT INTO [coldescr] (colname,tablename,col_len,col_precision,col_scale,description,kind,lt,lu,primarykey,sql_declaration,sql_type,system_type) VALUES ('oremincompitididatempoparziale','contrattokind','4',null,null,'Ore minime per i compiti didattici a tempo parziale','S',{ts '2020-05-20 12:57:57.880'},'assistenza','N','int','int','System.Int32')
GO

IF exists(SELECT * FROM [coldescr] WHERE colname = 'oremincompitididatempopieno' AND tablename = 'contrattokind')
UPDATE [coldescr] SET col_len = '4',col_precision = null,col_scale = null,description = 'Ore minime per i compiti didattici a tempo pieno',kind = 'S',lt = {ts '2020-05-20 12:57:57.883'},lu = 'assistenza',primarykey = 'N',sql_declaration = 'int',sql_type = 'int',system_type = 'System.Int32' WHERE colname = 'oremincompitididatempopieno' AND tablename = 'contrattokind'
ELSE
INSERT INTO [coldescr] (colname,tablename,col_len,col_precision,col_scale,description,kind,lt,lu,primarykey,sql_declaration,sql_type,system_type) VALUES ('oremincompitididatempopieno','contrattokind','4',null,null,'Ore minime per i compiti didattici a tempo pieno','S',{ts '2020-05-20 12:57:57.883'},'assistenza','N','int','int','System.Int32')
GO

IF exists(SELECT * FROM [coldescr] WHERE colname = 'oremindidatempoparziale' AND tablename = 'contrattokind')
UPDATE [coldescr] SET col_len = '4',col_precision = null,col_scale = null,description = 'Ore minime di didattica frontale a tempo parziale',kind = 'S',lt = {ts '2020-05-20 11:48:33.983'},lu = 'assistenza',primarykey = 'N',sql_declaration = 'int',sql_type = 'int',system_type = 'System.Int32' WHERE colname = 'oremindidatempoparziale' AND tablename = 'contrattokind'
ELSE
INSERT INTO [coldescr] (colname,tablename,col_len,col_precision,col_scale,description,kind,lt,lu,primarykey,sql_declaration,sql_type,system_type) VALUES ('oremindidatempoparziale','contrattokind','4',null,null,'Ore minime di didattica frontale a tempo parziale','S',{ts '2020-05-20 11:48:33.983'},'assistenza','N','int','int','System.Int32')
GO

IF exists(SELECT * FROM [coldescr] WHERE colname = 'oremindidatempopieno' AND tablename = 'contrattokind')
UPDATE [coldescr] SET col_len = '4',col_precision = null,col_scale = null,description = 'Ore minime di didattica frontale a tempo pieno',kind = 'S',lt = {ts '2020-05-20 11:48:33.983'},lu = 'assistenza',primarykey = 'N',sql_declaration = 'int',sql_type = 'int',system_type = 'System.Int32' WHERE colname = 'oremindidatempopieno' AND tablename = 'contrattokind'
ELSE
INSERT INTO [coldescr] (colname,tablename,col_len,col_precision,col_scale,description,kind,lt,lu,primarykey,sql_declaration,sql_type,system_type) VALUES ('oremindidatempopieno','contrattokind','4',null,null,'Ore minime di didattica frontale a tempo pieno','S',{ts '2020-05-20 11:48:33.983'},'assistenza','N','int','int','System.Int32')
GO

IF exists(SELECT * FROM [coldescr] WHERE colname = 'oremintempoparziale' AND tablename = 'contrattokind')
UPDATE [coldescr] SET col_len = '4',col_precision = null,col_scale = null,description = 'Ore minime a tempo parziale',kind = 'S',lt = {ts '2020-04-29 18:54:48.057'},lu = 'assistenza',primarykey = 'N',sql_declaration = 'int',sql_type = 'int',system_type = 'System.Int32' WHERE colname = 'oremintempoparziale' AND tablename = 'contrattokind'
ELSE
INSERT INTO [coldescr] (colname,tablename,col_len,col_precision,col_scale,description,kind,lt,lu,primarykey,sql_declaration,sql_type,system_type) VALUES ('oremintempoparziale','contrattokind','4',null,null,'Ore minime a tempo parziale','S',{ts '2020-04-29 18:54:48.057'},'assistenza','N','int','int','System.Int32')
GO

IF exists(SELECT * FROM [coldescr] WHERE colname = 'oremintempopieno' AND tablename = 'contrattokind')
UPDATE [coldescr] SET col_len = '4',col_precision = null,col_scale = null,description = 'Ore minime a tempo pieno',kind = 'S',lt = {ts '2020-04-29 18:54:48.057'},lu = 'assistenza',primarykey = 'N',sql_declaration = 'int',sql_type = 'int',system_type = 'System.Int32' WHERE colname = 'oremintempopieno' AND tablename = 'contrattokind'
ELSE
INSERT INTO [coldescr] (colname,tablename,col_len,col_precision,col_scale,description,kind,lt,lu,primarykey,sql_declaration,sql_type,system_type) VALUES ('oremintempopieno','contrattokind','4',null,null,'Ore minime a tempo pieno','S',{ts '2020-04-29 18:54:48.057'},'assistenza','N','int','int','System.Int32')
GO

IF exists(SELECT * FROM [coldescr] WHERE colname = 'orestraordinariemax' AND tablename = 'contrattokind')
UPDATE [coldescr] SET col_len = '4',col_precision = null,col_scale = null,description = 'Ore massime di straordinario rendicontabili',kind = 'S',lt = {ts '2020-05-21 10:06:18.870'},lu = 'assistenza',primarykey = 'N',sql_declaration = 'int',sql_type = 'int',system_type = 'System.Int32' WHERE colname = 'orestraordinariemax' AND tablename = 'contrattokind'
ELSE
INSERT INTO [coldescr] (colname,tablename,col_len,col_precision,col_scale,description,kind,lt,lu,primarykey,sql_declaration,sql_type,system_type) VALUES ('orestraordinariemax','contrattokind','4',null,null,'Ore massime di straordinario rendicontabili','S',{ts '2020-05-21 10:06:18.870'},'assistenza','N','int','int','System.Int32')
GO

IF exists(SELECT * FROM [coldescr] WHERE colname = 'parttime' AND tablename = 'contrattokind')
UPDATE [coldescr] SET col_len = '1',col_precision = null,col_scale = null,description = 'Abilita part-time',kind = 'S',lt = {ts '2020-05-21 10:50:04.330'},lu = 'assistenza',primarykey = 'N',sql_declaration = 'char(1)',sql_type = 'char',system_type = 'System.String' WHERE colname = 'parttime' AND tablename = 'contrattokind'
ELSE
INSERT INTO [coldescr] (colname,tablename,col_len,col_precision,col_scale,description,kind,lt,lu,primarykey,sql_declaration,sql_type,system_type) VALUES ('parttime','contrattokind','1',null,null,'Abilita part-time','S',{ts '2020-05-21 10:50:04.330'},'assistenza','N','char(1)','char','System.String')
GO

IF exists(SELECT * FROM [coldescr] WHERE colname = 'scatto' AND tablename = 'contrattokind')
UPDATE [coldescr] SET col_len = '1',col_precision = null,col_scale = null,description = 'Abilita scatti stipendio',kind = 'S',lt = {ts '2020-07-14 15:22:46.597'},lu = 'assistenza',primarykey = 'N',sql_declaration = 'char(1)',sql_type = 'char',system_type = 'System.String' WHERE colname = 'scatto' AND tablename = 'contrattokind'
ELSE
INSERT INTO [coldescr] (colname,tablename,col_len,col_precision,col_scale,description,kind,lt,lu,primarykey,sql_declaration,sql_type,system_type) VALUES ('scatto','contrattokind','1',null,null,'Abilita scatti stipendio','S',{ts '2020-07-14 15:22:46.597'},'assistenza','N','char(1)','char','System.String')
GO

IF exists(SELECT * FROM [coldescr] WHERE colname = 'sortcode' AND tablename = 'contrattokind')
UPDATE [coldescr] SET col_len = '4',col_precision = null,col_scale = null,description = null,kind = 'S',lt = {ts '2018-07-17 16:59:21.743'},lu = 'assistenza',primarykey = 'N',sql_declaration = 'int',sql_type = 'int',system_type = 'System.Int32' WHERE colname = 'sortcode' AND tablename = 'contrattokind'
ELSE
INSERT INTO [coldescr] (colname,tablename,col_len,col_precision,col_scale,description,kind,lt,lu,primarykey,sql_declaration,sql_type,system_type) VALUES ('sortcode','contrattokind','4',null,null,null,'S',{ts '2018-07-17 16:59:21.743'},'assistenza','N','int','int','System.Int32')
GO

IF exists(SELECT * FROM [coldescr] WHERE colname = 'tempdef' AND tablename = 'contrattokind')
UPDATE [coldescr] SET col_len = '1',col_precision = null,col_scale = null,description = 'Abilita tempo definito o parziale',kind = 'S',lt = {ts '2020-05-21 12:31:15.367'},lu = 'assistenza',primarykey = 'N',sql_declaration = 'char(1)',sql_type = 'char',system_type = 'System.String' WHERE colname = 'tempdef' AND tablename = 'contrattokind'
ELSE
INSERT INTO [coldescr] (colname,tablename,col_len,col_precision,col_scale,description,kind,lt,lu,primarykey,sql_declaration,sql_type,system_type) VALUES ('tempdef','contrattokind','1',null,null,'Abilita tempo definito o parziale','S',{ts '2020-05-21 12:31:15.367'},'assistenza','N','char(1)','char','System.String')
GO

IF exists(SELECT * FROM [coldescr] WHERE colname = 'title' AND tablename = 'contrattokind')
UPDATE [coldescr] SET col_len = '50',col_precision = null,col_scale = null,description = null,kind = 'S',lt = {ts '2018-07-17 16:59:21.743'},lu = 'assistenza',primarykey = 'N',sql_declaration = 'varchar(50)',sql_type = 'varchar',system_type = 'System.String' WHERE colname = 'title' AND tablename = 'contrattokind'
ELSE
INSERT INTO [coldescr] (colname,tablename,col_len,col_precision,col_scale,description,kind,lt,lu,primarykey,sql_declaration,sql_type,system_type) VALUES ('title','contrattokind','50',null,null,null,'S',{ts '2018-07-17 16:59:21.743'},'assistenza','N','varchar(50)','varchar','System.String')
GO

IF exists(SELECT * FROM [coldescr] WHERE colname = 'totaletredicesima' AND tablename = 'contrattokind')
UPDATE [coldescr] SET col_len = '1',col_precision = null,col_scale = null,description = 'Abilita totale tredicesima',kind = 'S',lt = {ts '2020-07-14 15:26:20.580'},lu = 'assistenza',primarykey = 'N',sql_declaration = 'char(1)',sql_type = 'char',system_type = 'System.String' WHERE colname = 'totaletredicesima' AND tablename = 'contrattokind'
ELSE
INSERT INTO [coldescr] (colname,tablename,col_len,col_precision,col_scale,description,kind,lt,lu,primarykey,sql_declaration,sql_type,system_type) VALUES ('totaletredicesima','contrattokind','1',null,null,'Abilita totale tredicesima','S',{ts '2020-07-14 15:26:20.580'},'assistenza','N','char(1)','char','System.String')
GO

IF exists(SELECT * FROM [coldescr] WHERE colname = 'tredicesimaindennitaintegrativaspeciale' AND tablename = 'contrattokind')
UPDATE [coldescr] SET col_len = '1',col_precision = null,col_scale = null,description = 'Abilita tredicesima indennità integrativa speciale',kind = 'S',lt = {ts '2021-02-23 09:01:10.173'},lu = 'assistenza',primarykey = 'N',sql_declaration = 'char(1)',sql_type = 'char',system_type = 'System.String' WHERE colname = 'tredicesimaindennitaintegrativaspeciale' AND tablename = 'contrattokind'
ELSE
INSERT INTO [coldescr] (colname,tablename,col_len,col_precision,col_scale,description,kind,lt,lu,primarykey,sql_declaration,sql_type,system_type) VALUES ('tredicesimaindennitaintegrativaspeciale','contrattokind','1',null,null,'Abilita tredicesima indennità integrativa speciale','S',{ts '2021-02-23 09:01:10.173'},'assistenza','N','char(1)','char','System.String')
GO

-- FINE GENERAZIONE SCRIPT --


-- GENERAZIONE DATI PER tabledescr --
IF exists(SELECT * FROM [tabledescr] WHERE tablename = 'convenzione')
UPDATE [tabledescr] SET description = '2.5.22 Convezione per Tirocini',idapplication = '2',isdbo = 'S',lt = {ts '2018-07-18 17:53:23.310'},lu = 'assistenza',title = 'Convezione per Tirocini' WHERE tablename = 'convenzione'
ELSE
INSERT INTO [tabledescr] (tablename,description,idapplication,isdbo,lt,lu,title) VALUES ('convenzione','2.5.22 Convezione per Tirocini','2','S',{ts '2018-07-18 17:53:23.310'},'assistenza','Convezione per Tirocini')
GO

-- FINE GENERAZIONE SCRIPT --


-- GENERAZIONE DATI PER coldescr --
IF exists(SELECT * FROM [coldescr] WHERE colname = 'ct' AND tablename = 'convenzione')
UPDATE [coldescr] SET col_len = '8',col_precision = null,col_scale = null,description = null,kind = 'S',lt = {ts '2018-07-18 17:53:26.960'},lu = 'assistenza',primarykey = 'N',sql_declaration = 'datetime',sql_type = 'datetime',system_type = 'System.DateTime' WHERE colname = 'ct' AND tablename = 'convenzione'
ELSE
INSERT INTO [coldescr] (colname,tablename,col_len,col_precision,col_scale,description,kind,lt,lu,primarykey,sql_declaration,sql_type,system_type) VALUES ('ct','convenzione','8',null,null,null,'S',{ts '2018-07-18 17:53:26.960'},'assistenza','N','datetime','datetime','System.DateTime')
GO

IF exists(SELECT * FROM [coldescr] WHERE colname = 'cu' AND tablename = 'convenzione')
UPDATE [coldescr] SET col_len = '64',col_precision = null,col_scale = null,description = null,kind = 'S',lt = {ts '2018-07-18 17:53:26.963'},lu = 'assistenza',primarykey = 'N',sql_declaration = 'varchar(64)',sql_type = 'varchar',system_type = 'System.String' WHERE colname = 'cu' AND tablename = 'convenzione'
ELSE
INSERT INTO [coldescr] (colname,tablename,col_len,col_precision,col_scale,description,kind,lt,lu,primarykey,sql_declaration,sql_type,system_type) VALUES ('cu','convenzione','64',null,null,null,'S',{ts '2018-07-18 17:53:26.963'},'assistenza','N','varchar(64)','varchar','System.String')
GO

IF exists(SELECT * FROM [coldescr] WHERE colname = 'idconvenzione' AND tablename = 'convenzione')
UPDATE [coldescr] SET col_len = '4',col_precision = null,col_scale = null,description = null,kind = 'S',lt = {ts '2018-07-18 17:53:26.963'},lu = 'assistenza',primarykey = 'S',sql_declaration = 'int',sql_type = 'int',system_type = 'System.Int32' WHERE colname = 'idconvenzione' AND tablename = 'convenzione'
ELSE
INSERT INTO [coldescr] (colname,tablename,col_len,col_precision,col_scale,description,kind,lt,lu,primarykey,sql_declaration,sql_type,system_type) VALUES ('idconvenzione','convenzione','4',null,null,null,'S',{ts '2018-07-18 17:53:26.963'},'assistenza','S','int','int','System.Int32')
GO

IF exists(SELECT * FROM [coldescr] WHERE colname = 'idreg' AND tablename = 'convenzione')
UPDATE [coldescr] SET col_len = '4',col_precision = null,col_scale = null,description = 'Istituto, ente o azienda',kind = 'S',lt = {ts '2020-10-15 16:55:27.147'},lu = 'assistenza',primarykey = 'S',sql_declaration = 'int',sql_type = 'int',system_type = 'System.Int32' WHERE colname = 'idreg' AND tablename = 'convenzione'
ELSE
INSERT INTO [coldescr] (colname,tablename,col_len,col_precision,col_scale,description,kind,lt,lu,primarykey,sql_declaration,sql_type,system_type) VALUES ('idreg','convenzione','4',null,null,'Istituto, ente o azienda','S',{ts '2020-10-15 16:55:27.147'},'assistenza','S','int','int','System.Int32')
GO

IF exists(SELECT * FROM [coldescr] WHERE colname = 'lt' AND tablename = 'convenzione')
UPDATE [coldescr] SET col_len = '8',col_precision = null,col_scale = null,description = null,kind = 'S',lt = {ts '2018-07-18 17:53:26.963'},lu = 'assistenza',primarykey = 'N',sql_declaration = 'datetime',sql_type = 'datetime',system_type = 'System.DateTime' WHERE colname = 'lt' AND tablename = 'convenzione'
ELSE
INSERT INTO [coldescr] (colname,tablename,col_len,col_precision,col_scale,description,kind,lt,lu,primarykey,sql_declaration,sql_type,system_type) VALUES ('lt','convenzione','8',null,null,null,'S',{ts '2018-07-18 17:53:26.963'},'assistenza','N','datetime','datetime','System.DateTime')
GO

IF exists(SELECT * FROM [coldescr] WHERE colname = 'lu' AND tablename = 'convenzione')
UPDATE [coldescr] SET col_len = '64',col_precision = null,col_scale = null,description = null,kind = 'S',lt = {ts '2018-07-18 17:53:26.963'},lu = 'assistenza',primarykey = 'N',sql_declaration = 'varchar(64)',sql_type = 'varchar',system_type = 'System.String' WHERE colname = 'lu' AND tablename = 'convenzione'
ELSE
INSERT INTO [coldescr] (colname,tablename,col_len,col_precision,col_scale,description,kind,lt,lu,primarykey,sql_declaration,sql_type,system_type) VALUES ('lu','convenzione','64',null,null,null,'S',{ts '2018-07-18 17:53:26.963'},'assistenza','N','varchar(64)','varchar','System.String')
GO

IF exists(SELECT * FROM [coldescr] WHERE colname = 'start' AND tablename = 'convenzione')
UPDATE [coldescr] SET col_len = '3',col_precision = null,col_scale = null,description = 'Data di inizio',kind = 'S',lt = {ts '2020-10-15 16:55:27.147'},lu = 'assistenza',primarykey = 'N',sql_declaration = 'date',sql_type = 'date',system_type = 'System.DateTime' WHERE colname = 'start' AND tablename = 'convenzione'
ELSE
INSERT INTO [coldescr] (colname,tablename,col_len,col_precision,col_scale,description,kind,lt,lu,primarykey,sql_declaration,sql_type,system_type) VALUES ('start','convenzione','3',null,null,'Data di inizio','S',{ts '2020-10-15 16:55:27.147'},'assistenza','N','date','date','System.DateTime')
GO

IF exists(SELECT * FROM [coldescr] WHERE colname = 'stop' AND tablename = 'convenzione')
UPDATE [coldescr] SET col_len = '3',col_precision = null,col_scale = null,description = 'Data di fine',kind = 'S',lt = {ts '2020-10-15 16:55:27.147'},lu = 'assistenza',primarykey = 'N',sql_declaration = 'date',sql_type = 'date',system_type = 'System.DateTime' WHERE colname = 'stop' AND tablename = 'convenzione'
ELSE
INSERT INTO [coldescr] (colname,tablename,col_len,col_precision,col_scale,description,kind,lt,lu,primarykey,sql_declaration,sql_type,system_type) VALUES ('stop','convenzione','3',null,null,'Data di fine','S',{ts '2020-10-15 16:55:27.147'},'assistenza','N','date','date','System.DateTime')
GO

IF exists(SELECT * FROM [coldescr] WHERE colname = 'title' AND tablename = 'convenzione')
UPDATE [coldescr] SET col_len = '256',col_precision = null,col_scale = null,description = 'Titolo',kind = 'S',lt = {ts '2020-10-15 16:55:27.147'},lu = 'assistenza',primarykey = 'N',sql_declaration = 'varchar(256)',sql_type = 'varchar',system_type = 'System.String' WHERE colname = 'title' AND tablename = 'convenzione'
ELSE
INSERT INTO [coldescr] (colname,tablename,col_len,col_precision,col_scale,description,kind,lt,lu,primarykey,sql_declaration,sql_type,system_type) VALUES ('title','convenzione','256',null,null,'Titolo','S',{ts '2020-10-15 16:55:27.147'},'assistenza','N','varchar(256)','varchar','System.String')
GO

IF exists(SELECT * FROM [coldescr] WHERE colname = 'url' AND tablename = 'convenzione')
UPDATE [coldescr] SET col_len = '512',col_precision = null,col_scale = null,description = 'URL',kind = 'S',lt = {ts '2020-10-15 16:55:27.147'},lu = 'assistenza',primarykey = 'N',sql_declaration = 'varchar(512)',sql_type = 'varchar',system_type = 'System.String' WHERE colname = 'url' AND tablename = 'convenzione'
ELSE
INSERT INTO [coldescr] (colname,tablename,col_len,col_precision,col_scale,description,kind,lt,lu,primarykey,sql_declaration,sql_type,system_type) VALUES ('url','convenzione','512',null,null,'URL','S',{ts '2020-10-15 16:55:27.147'},'assistenza','N','varchar(512)','varchar','System.String')
GO

-- FINE GENERAZIONE SCRIPT --


-- GENERAZIONE DATI PER tabledescr --
IF exists(SELECT * FROM [tabledescr] WHERE tablename = 'corsostudio')
UPDATE [tabledescr] SET description = '2.4.2 Corso di studio',idapplication = '3',isdbo = 'S',lt = {ts '2021-02-19 12:55:08.087'},lu = 'assistenza',title = 'Corso di studio' WHERE tablename = 'corsostudio'
ELSE
INSERT INTO [tabledescr] (tablename,description,idapplication,isdbo,lt,lu,title) VALUES ('corsostudio','2.4.2 Corso di studio','3','S',{ts '2021-02-19 12:55:08.087'},'assistenza','Corso di studio')
GO

-- FINE GENERAZIONE SCRIPT --


-- GENERAZIONE DATI PER coldescr --
IF exists(SELECT * FROM [coldescr] WHERE colname = 'almalaureasurvey' AND tablename = 'corsostudio')
UPDATE [coldescr] SET col_len = '1',col_precision = null,col_scale = null,description = 'Questionario Almalaurea',kind = 'S',lt = {ts '2019-02-26 11:04:21.630'},lu = 'assistenza',primarykey = 'N',sql_declaration = 'char(1)',sql_type = 'char',system_type = 'System.String' WHERE colname = 'almalaureasurvey' AND tablename = 'corsostudio'
ELSE
INSERT INTO [coldescr] (colname,tablename,col_len,col_precision,col_scale,description,kind,lt,lu,primarykey,sql_declaration,sql_type,system_type) VALUES ('almalaureasurvey','corsostudio','1',null,null,'Questionario Almalaurea','S',{ts '2019-02-26 11:04:21.630'},'assistenza','N','char(1)','char','System.String')
GO

IF exists(SELECT * FROM [coldescr] WHERE colname = 'annoistituz' AND tablename = 'corsostudio')
UPDATE [coldescr] SET col_len = '4',col_precision = null,col_scale = null,description = 'Anno accademico di istituzione',kind = 'S',lt = {ts '2019-02-26 11:03:36.100'},lu = 'assistenza',primarykey = 'N',sql_declaration = 'int',sql_type = 'int',system_type = 'System.Int32' WHERE colname = 'annoistituz' AND tablename = 'corsostudio'
ELSE
INSERT INTO [coldescr] (colname,tablename,col_len,col_precision,col_scale,description,kind,lt,lu,primarykey,sql_declaration,sql_type,system_type) VALUES ('annoistituz','corsostudio','4',null,null,'Anno accademico di istituzione','S',{ts '2019-02-26 11:03:36.100'},'assistenza','N','int','int','System.Int32')
GO

IF exists(SELECT * FROM [coldescr] WHERE colname = 'basevoto' AND tablename = 'corsostudio')
UPDATE [coldescr] SET col_len = '4',col_precision = null,col_scale = null,description = 'Base del voto di conseguimento',kind = 'S',lt = {ts '2019-02-26 11:03:36.100'},lu = 'assistenza',primarykey = 'N',sql_declaration = 'int',sql_type = 'int',system_type = 'System.Int32' WHERE colname = 'basevoto' AND tablename = 'corsostudio'
ELSE
INSERT INTO [coldescr] (colname,tablename,col_len,col_precision,col_scale,description,kind,lt,lu,primarykey,sql_declaration,sql_type,system_type) VALUES ('basevoto','corsostudio','4',null,null,'Base del voto di conseguimento','S',{ts '2019-02-26 11:03:36.100'},'assistenza','N','int','int','System.Int32')
GO

IF exists(SELECT * FROM [coldescr] WHERE colname = 'codice' AND tablename = 'corsostudio')
UPDATE [coldescr] SET col_len = '50',col_precision = null,col_scale = null,description = null,kind = 'S',lt = {ts '2019-02-26 10:57:10.400'},lu = 'assistenza',primarykey = 'N',sql_declaration = 'varchar(50)',sql_type = 'varchar',system_type = 'System.String' WHERE colname = 'codice' AND tablename = 'corsostudio'
ELSE
INSERT INTO [coldescr] (colname,tablename,col_len,col_precision,col_scale,description,kind,lt,lu,primarykey,sql_declaration,sql_type,system_type) VALUES ('codice','corsostudio','50',null,null,null,'S',{ts '2019-02-26 10:57:10.400'},'assistenza','N','varchar(50)','varchar','System.String')
GO

IF exists(SELECT * FROM [coldescr] WHERE colname = 'codicemiur' AND tablename = 'corsostudio')
UPDATE [coldescr] SET col_len = '10',col_precision = null,col_scale = null,description = 'Codice MIUR',kind = 'S',lt = {ts '2019-02-26 11:03:36.103'},lu = 'assistenza',primarykey = 'N',sql_declaration = 'varchar(10)',sql_type = 'varchar',system_type = 'System.String' WHERE colname = 'codicemiur' AND tablename = 'corsostudio'
ELSE
INSERT INTO [coldescr] (colname,tablename,col_len,col_precision,col_scale,description,kind,lt,lu,primarykey,sql_declaration,sql_type,system_type) VALUES ('codicemiur','corsostudio','10',null,null,'Codice MIUR','S',{ts '2019-02-26 11:03:36.103'},'assistenza','N','varchar(10)','varchar','System.String')
GO

IF exists(SELECT * FROM [coldescr] WHERE colname = 'codicemiurlungo' AND tablename = 'corsostudio')
UPDATE [coldescr] SET col_len = '50',col_precision = null,col_scale = null,description = 'Codice MIUR lungo',kind = 'S',lt = {ts '2019-02-26 11:03:36.103'},lu = 'assistenza',primarykey = 'N',sql_declaration = 'varchar(50)',sql_type = 'varchar',system_type = 'System.String' WHERE colname = 'codicemiurlungo' AND tablename = 'corsostudio'
ELSE
INSERT INTO [coldescr] (colname,tablename,col_len,col_precision,col_scale,description,kind,lt,lu,primarykey,sql_declaration,sql_type,system_type) VALUES ('codicemiurlungo','corsostudio','50',null,null,'Codice MIUR lungo','S',{ts '2019-02-26 11:03:36.103'},'assistenza','N','varchar(50)','varchar','System.String')
GO

IF exists(SELECT * FROM [coldescr] WHERE colname = 'crediti' AND tablename = 'corsostudio')
UPDATE [coldescr] SET col_len = '4',col_precision = null,col_scale = null,description = null,kind = 'S',lt = {ts '2018-07-18 16:14:57.660'},lu = 'assistenza',primarykey = 'N',sql_declaration = 'int',sql_type = 'int',system_type = 'System.Int32' WHERE colname = 'crediti' AND tablename = 'corsostudio'
ELSE
INSERT INTO [coldescr] (colname,tablename,col_len,col_precision,col_scale,description,kind,lt,lu,primarykey,sql_declaration,sql_type,system_type) VALUES ('crediti','corsostudio','4',null,null,null,'S',{ts '2018-07-18 16:14:57.660'},'assistenza','N','int','int','System.Int32')
GO

IF exists(SELECT * FROM [coldescr] WHERE colname = 'ct' AND tablename = 'corsostudio')
UPDATE [coldescr] SET col_len = '8',col_precision = null,col_scale = null,description = null,kind = 'S',lt = {ts '2018-07-18 16:14:57.660'},lu = 'assistenza',primarykey = 'N',sql_declaration = 'datetime',sql_type = 'datetime',system_type = 'System.DateTime' WHERE colname = 'ct' AND tablename = 'corsostudio'
ELSE
INSERT INTO [coldescr] (colname,tablename,col_len,col_precision,col_scale,description,kind,lt,lu,primarykey,sql_declaration,sql_type,system_type) VALUES ('ct','corsostudio','8',null,null,null,'S',{ts '2018-07-18 16:14:57.660'},'assistenza','N','datetime','datetime','System.DateTime')
GO

IF exists(SELECT * FROM [coldescr] WHERE colname = 'cu' AND tablename = 'corsostudio')
UPDATE [coldescr] SET col_len = '64',col_precision = null,col_scale = null,description = null,kind = 'S',lt = {ts '2018-07-18 16:14:57.660'},lu = 'assistenza',primarykey = 'N',sql_declaration = 'varchar(64)',sql_type = 'varchar',system_type = 'System.String' WHERE colname = 'cu' AND tablename = 'corsostudio'
ELSE
INSERT INTO [coldescr] (colname,tablename,col_len,col_precision,col_scale,description,kind,lt,lu,primarykey,sql_declaration,sql_type,system_type) VALUES ('cu','corsostudio','64',null,null,null,'S',{ts '2018-07-18 16:14:57.660'},'assistenza','N','varchar(64)','varchar','System.String')
GO

IF exists(SELECT * FROM [coldescr] WHERE colname = 'durata' AND tablename = 'corsostudio')
UPDATE [coldescr] SET col_len = '4',col_precision = null,col_scale = null,description = null,kind = 'S',lt = {ts '2018-07-18 16:14:57.660'},lu = 'assistenza',primarykey = 'N',sql_declaration = 'int',sql_type = 'int',system_type = 'System.Int32' WHERE colname = 'durata' AND tablename = 'corsostudio'
ELSE
INSERT INTO [coldescr] (colname,tablename,col_len,col_precision,col_scale,description,kind,lt,lu,primarykey,sql_declaration,sql_type,system_type) VALUES ('durata','corsostudio','4',null,null,null,'S',{ts '2018-07-18 16:14:57.660'},'assistenza','N','int','int','System.Int32')
GO

IF exists(SELECT * FROM [coldescr] WHERE colname = 'idcorsostudio' AND tablename = 'corsostudio')
UPDATE [coldescr] SET col_len = '4',col_precision = null,col_scale = null,description = null,kind = 'S',lt = {ts '2018-07-18 16:14:57.660'},lu = 'assistenza',primarykey = 'S',sql_declaration = 'int',sql_type = 'int',system_type = 'System.Int32' WHERE colname = 'idcorsostudio' AND tablename = 'corsostudio'
ELSE
INSERT INTO [coldescr] (colname,tablename,col_len,col_precision,col_scale,description,kind,lt,lu,primarykey,sql_declaration,sql_type,system_type) VALUES ('idcorsostudio','corsostudio','4',null,null,null,'S',{ts '2018-07-18 16:14:57.660'},'assistenza','S','int','int','System.Int32')
GO

IF exists(SELECT * FROM [coldescr] WHERE colname = 'idcorsostudiokind' AND tablename = 'corsostudio')
UPDATE [coldescr] SET col_len = '4',col_precision = null,col_scale = null,description = 'Tipologia',kind = 'S',lt = {ts '2019-02-26 11:03:36.103'},lu = 'assistenza',primarykey = 'N',sql_declaration = 'int',sql_type = 'int',system_type = 'System.Int32' WHERE colname = 'idcorsostudiokind' AND tablename = 'corsostudio'
ELSE
INSERT INTO [coldescr] (colname,tablename,col_len,col_precision,col_scale,description,kind,lt,lu,primarykey,sql_declaration,sql_type,system_type) VALUES ('idcorsostudiokind','corsostudio','4',null,null,'Tipologia','S',{ts '2019-02-26 11:03:36.103'},'assistenza','N','int','int','System.Int32')
GO

IF exists(SELECT * FROM [coldescr] WHERE colname = 'idcorsostudiolivello' AND tablename = 'corsostudio')
UPDATE [coldescr] SET col_len = '4',col_precision = null,col_scale = null,description = 'Livello',kind = 'S',lt = {ts '2019-02-26 11:03:36.103'},lu = 'assistenza',primarykey = 'N',sql_declaration = 'int',sql_type = 'int',system_type = 'System.Int32' WHERE colname = 'idcorsostudiolivello' AND tablename = 'corsostudio'
ELSE
INSERT INTO [coldescr] (colname,tablename,col_len,col_precision,col_scale,description,kind,lt,lu,primarykey,sql_declaration,sql_type,system_type) VALUES ('idcorsostudiolivello','corsostudio','4',null,null,'Livello','S',{ts '2019-02-26 11:03:36.103'},'assistenza','N','int','int','System.Int32')
GO

IF exists(SELECT * FROM [coldescr] WHERE colname = 'idcorsostudionorma' AND tablename = 'corsostudio')
UPDATE [coldescr] SET col_len = '4',col_precision = null,col_scale = null,description = 'Normativa di riferimento',kind = 'S',lt = {ts '2019-03-18 16:12:16.983'},lu = 'assistenza',primarykey = 'N',sql_declaration = 'int',sql_type = 'int',system_type = 'System.Int32' WHERE colname = 'idcorsostudionorma' AND tablename = 'corsostudio'
ELSE
INSERT INTO [coldescr] (colname,tablename,col_len,col_precision,col_scale,description,kind,lt,lu,primarykey,sql_declaration,sql_type,system_type) VALUES ('idcorsostudionorma','corsostudio','4',null,null,'Normativa di riferimento','S',{ts '2019-03-18 16:12:16.983'},'assistenza','N','int','int','System.Int32')
GO

IF exists(SELECT * FROM [coldescr] WHERE colname = 'idduratakind' AND tablename = 'corsostudio')
UPDATE [coldescr] SET col_len = '4',col_precision = null,col_scale = null,description = 'Tipologia della durata',kind = 'S',lt = {ts '2019-02-26 11:03:36.103'},lu = 'assistenza',primarykey = 'N',sql_declaration = 'int',sql_type = 'int',system_type = 'System.Int32' WHERE colname = 'idduratakind' AND tablename = 'corsostudio'
ELSE
INSERT INTO [coldescr] (colname,tablename,col_len,col_precision,col_scale,description,kind,lt,lu,primarykey,sql_declaration,sql_type,system_type) VALUES ('idduratakind','corsostudio','4',null,null,'Tipologia della durata','S',{ts '2019-02-26 11:03:36.103'},'assistenza','N','int','int','System.Int32')
GO

IF exists(SELECT * FROM [coldescr] WHERE colname = 'idstruttura' AND tablename = 'corsostudio')
UPDATE [coldescr] SET col_len = '4',col_precision = null,col_scale = null,description = 'Struttura di riferimento',kind = 'S',lt = {ts '2019-09-09 18:42:56.607'},lu = 'assistenza',primarykey = 'N',sql_declaration = 'int',sql_type = 'int',system_type = 'System.Int32' WHERE colname = 'idstruttura' AND tablename = 'corsostudio'
ELSE
INSERT INTO [coldescr] (colname,tablename,col_len,col_precision,col_scale,description,kind,lt,lu,primarykey,sql_declaration,sql_type,system_type) VALUES ('idstruttura','corsostudio','4',null,null,'Struttura di riferimento','S',{ts '2019-09-09 18:42:56.607'},'assistenza','N','int','int','System.Int32')
GO

IF exists(SELECT * FROM [coldescr] WHERE colname = 'lt' AND tablename = 'corsostudio')
UPDATE [coldescr] SET col_len = '8',col_precision = null,col_scale = null,description = null,kind = 'S',lt = {ts '2018-07-18 16:14:57.660'},lu = 'assistenza',primarykey = 'N',sql_declaration = 'datetime',sql_type = 'datetime',system_type = 'System.DateTime' WHERE colname = 'lt' AND tablename = 'corsostudio'
ELSE
INSERT INTO [coldescr] (colname,tablename,col_len,col_precision,col_scale,description,kind,lt,lu,primarykey,sql_declaration,sql_type,system_type) VALUES ('lt','corsostudio','8',null,null,null,'S',{ts '2018-07-18 16:14:57.660'},'assistenza','N','datetime','datetime','System.DateTime')
GO

IF exists(SELECT * FROM [coldescr] WHERE colname = 'lu' AND tablename = 'corsostudio')
UPDATE [coldescr] SET col_len = '64',col_precision = null,col_scale = null,description = null,kind = 'S',lt = {ts '2018-07-18 16:14:57.660'},lu = 'assistenza',primarykey = 'N',sql_declaration = 'varchar(64)',sql_type = 'varchar',system_type = 'System.String' WHERE colname = 'lu' AND tablename = 'corsostudio'
ELSE
INSERT INTO [coldescr] (colname,tablename,col_len,col_precision,col_scale,description,kind,lt,lu,primarykey,sql_declaration,sql_type,system_type) VALUES ('lu','corsostudio','64',null,null,null,'S',{ts '2018-07-18 16:14:57.660'},'assistenza','N','varchar(64)','varchar','System.String')
GO

IF exists(SELECT * FROM [coldescr] WHERE colname = 'obbform' AND tablename = 'corsostudio')
UPDATE [coldescr] SET col_len = '0',col_precision = null,col_scale = null,description = 'Obiettivi formativi',kind = 'S',lt = {ts '2019-02-26 11:03:36.103'},lu = 'assistenza',primarykey = 'N',sql_declaration = 'nvarchar(max)',sql_type = 'nvarchar',system_type = 'System.String' WHERE colname = 'obbform' AND tablename = 'corsostudio'
ELSE
INSERT INTO [coldescr] (colname,tablename,col_len,col_precision,col_scale,description,kind,lt,lu,primarykey,sql_declaration,sql_type,system_type) VALUES ('obbform','corsostudio','0',null,null,'Obiettivi formativi','S',{ts '2019-02-26 11:03:36.103'},'assistenza','N','nvarchar(max)','nvarchar','System.String')
GO

IF exists(SELECT * FROM [coldescr] WHERE colname = 'sboccocc' AND tablename = 'corsostudio')
UPDATE [coldescr] SET col_len = '0',col_precision = null,col_scale = null,description = 'Sbocchi occupazionali',kind = 'S',lt = {ts '2019-02-26 11:03:36.103'},lu = 'assistenza',primarykey = 'N',sql_declaration = 'nvarchar(max)',sql_type = 'nvarchar',system_type = 'System.String' WHERE colname = 'sboccocc' AND tablename = 'corsostudio'
ELSE
INSERT INTO [coldescr] (colname,tablename,col_len,col_precision,col_scale,description,kind,lt,lu,primarykey,sql_declaration,sql_type,system_type) VALUES ('sboccocc','corsostudio','0',null,null,'Sbocchi occupazionali','S',{ts '2019-02-26 11:03:36.103'},'assistenza','N','nvarchar(max)','nvarchar','System.String')
GO

IF exists(SELECT * FROM [coldescr] WHERE colname = 'title' AND tablename = 'corsostudio')
UPDATE [coldescr] SET col_len = '1024',col_precision = null,col_scale = null,description = 'Denominazione',kind = 'S',lt = {ts '2019-02-26 11:03:36.103'},lu = 'assistenza',primarykey = 'N',sql_declaration = 'varchar(1024)',sql_type = 'varchar',system_type = 'System.String' WHERE colname = 'title' AND tablename = 'corsostudio'
ELSE
INSERT INTO [coldescr] (colname,tablename,col_len,col_precision,col_scale,description,kind,lt,lu,primarykey,sql_declaration,sql_type,system_type) VALUES ('title','corsostudio','1024',null,null,'Denominazione','S',{ts '2019-02-26 11:03:36.103'},'assistenza','N','varchar(1024)','varchar','System.String')
GO

IF exists(SELECT * FROM [coldescr] WHERE colname = 'title_en' AND tablename = 'corsostudio')
UPDATE [coldescr] SET col_len = '1024',col_precision = null,col_scale = null,description = 'Denominazione (EN)',kind = 'S',lt = {ts '2019-02-26 11:03:36.103'},lu = 'assistenza',primarykey = 'N',sql_declaration = 'varchar(1024)',sql_type = 'varchar',system_type = 'System.String' WHERE colname = 'title_en' AND tablename = 'corsostudio'
ELSE
INSERT INTO [coldescr] (colname,tablename,col_len,col_precision,col_scale,description,kind,lt,lu,primarykey,sql_declaration,sql_type,system_type) VALUES ('title_en','corsostudio','1024',null,null,'Denominazione (EN)','S',{ts '2019-02-26 11:03:36.103'},'assistenza','N','varchar(1024)','varchar','System.String')
GO

-- FINE GENERAZIONE SCRIPT --


-- GENERAZIONE DATI PER tabledescr --
IF exists(SELECT * FROM [tabledescr] WHERE tablename = 'corsostudiocaratteristica')
UPDATE [tabledescr] SET description = 'Caratterisitche del 2.4.2 corso di studi (solitamente min e max o dei totali)',idapplication = '3',isdbo = 'S',lt = {ts '2021-02-19 13:28:00.623'},lu = 'assistenza',title = 'Caratterisitche del corso di studi (solitamente min e max o dei totali)' WHERE tablename = 'corsostudiocaratteristica'
ELSE
INSERT INTO [tabledescr] (tablename,description,idapplication,isdbo,lt,lu,title) VALUES ('corsostudiocaratteristica','Caratterisitche del 2.4.2 corso di studi (solitamente min e max o dei totali)','3','S',{ts '2021-02-19 13:28:00.623'},'assistenza','Caratterisitche del corso di studi (solitamente min e max o dei totali)')
GO

-- FINE GENERAZIONE SCRIPT --


-- GENERAZIONE DATI PER coldescr --
IF exists(SELECT * FROM [coldescr] WHERE colname = 'cf' AND tablename = 'corsostudiocaratteristica')
UPDATE [coldescr] SET col_len = '5',col_precision = '9',col_scale = '2',description = 'Crediti',kind = 'S',lt = {ts '2019-03-28 09:48:16.380'},lu = 'assistenza',primarykey = 'N',sql_declaration = 'decimal(9,2)',sql_type = 'decimal',system_type = 'System.Decimal' WHERE colname = 'cf' AND tablename = 'corsostudiocaratteristica'
ELSE
INSERT INTO [coldescr] (colname,tablename,col_len,col_precision,col_scale,description,kind,lt,lu,primarykey,sql_declaration,sql_type,system_type) VALUES ('cf','corsostudiocaratteristica','5','9','2','Crediti','S',{ts '2019-03-28 09:48:16.380'},'assistenza','N','decimal(9,2)','decimal','System.Decimal')
GO

IF exists(SELECT * FROM [coldescr] WHERE colname = 'cfmax' AND tablename = 'corsostudiocaratteristica')
UPDATE [coldescr] SET col_len = '5',col_precision = '9',col_scale = '2',description = 'Crediti max',kind = 'S',lt = {ts '2019-03-28 09:48:16.380'},lu = 'assistenza',primarykey = 'N',sql_declaration = 'decimal(9,2)',sql_type = 'decimal',system_type = 'System.Decimal' WHERE colname = 'cfmax' AND tablename = 'corsostudiocaratteristica'
ELSE
INSERT INTO [coldescr] (colname,tablename,col_len,col_precision,col_scale,description,kind,lt,lu,primarykey,sql_declaration,sql_type,system_type) VALUES ('cfmax','corsostudiocaratteristica','5','9','2','Crediti max','S',{ts '2019-03-28 09:48:16.380'},'assistenza','N','decimal(9,2)','decimal','System.Decimal')
GO

IF exists(SELECT * FROM [coldescr] WHERE colname = 'cfmin' AND tablename = 'corsostudiocaratteristica')
UPDATE [coldescr] SET col_len = '5',col_precision = '9',col_scale = '2',description = 'Crediti min',kind = 'S',lt = {ts '2019-03-28 09:48:16.380'},lu = 'assistenza',primarykey = 'N',sql_declaration = 'decimal(9,2)',sql_type = 'decimal',system_type = 'System.Decimal' WHERE colname = 'cfmin' AND tablename = 'corsostudiocaratteristica'
ELSE
INSERT INTO [coldescr] (colname,tablename,col_len,col_precision,col_scale,description,kind,lt,lu,primarykey,sql_declaration,sql_type,system_type) VALUES ('cfmin','corsostudiocaratteristica','5','9','2','Crediti min','S',{ts '2019-03-28 09:48:16.380'},'assistenza','N','decimal(9,2)','decimal','System.Decimal')
GO

IF exists(SELECT * FROM [coldescr] WHERE colname = 'ct' AND tablename = 'corsostudiocaratteristica')
UPDATE [coldescr] SET col_len = '8',col_precision = null,col_scale = null,description = null,kind = 'S',lt = {ts '2018-07-19 16:00:07.633'},lu = 'assistenza',primarykey = 'N',sql_declaration = 'datetime',sql_type = 'datetime',system_type = 'System.DateTime' WHERE colname = 'ct' AND tablename = 'corsostudiocaratteristica'
ELSE
INSERT INTO [coldescr] (colname,tablename,col_len,col_precision,col_scale,description,kind,lt,lu,primarykey,sql_declaration,sql_type,system_type) VALUES ('ct','corsostudiocaratteristica','8',null,null,null,'S',{ts '2018-07-19 16:00:07.633'},'assistenza','N','datetime','datetime','System.DateTime')
GO

IF exists(SELECT * FROM [coldescr] WHERE colname = 'cu' AND tablename = 'corsostudiocaratteristica')
UPDATE [coldescr] SET col_len = '64',col_precision = null,col_scale = null,description = null,kind = 'S',lt = {ts '2018-07-19 16:00:07.633'},lu = 'assistenza',primarykey = 'N',sql_declaration = 'varchar(64)',sql_type = 'varchar',system_type = 'System.String' WHERE colname = 'cu' AND tablename = 'corsostudiocaratteristica'
ELSE
INSERT INTO [coldescr] (colname,tablename,col_len,col_precision,col_scale,description,kind,lt,lu,primarykey,sql_declaration,sql_type,system_type) VALUES ('cu','corsostudiocaratteristica','64',null,null,null,'S',{ts '2018-07-19 16:00:07.633'},'assistenza','N','varchar(64)','varchar','System.String')
GO

IF exists(SELECT * FROM [coldescr] WHERE colname = 'idambitoareadisc' AND tablename = 'corsostudiocaratteristica')
UPDATE [coldescr] SET col_len = '4',col_precision = null,col_scale = null,description = 'Ambito o area disciplinare',kind = 'S',lt = {ts '2019-03-28 09:48:16.380'},lu = 'assistenza',primarykey = 'N',sql_declaration = 'int',sql_type = 'int',system_type = 'System.Int32' WHERE colname = 'idambitoareadisc' AND tablename = 'corsostudiocaratteristica'
ELSE
INSERT INTO [coldescr] (colname,tablename,col_len,col_precision,col_scale,description,kind,lt,lu,primarykey,sql_declaration,sql_type,system_type) VALUES ('idambitoareadisc','corsostudiocaratteristica','4',null,null,'Ambito o area disciplinare','S',{ts '2019-03-28 09:48:16.380'},'assistenza','N','int','int','System.Int32')
GO

IF exists(SELECT * FROM [coldescr] WHERE colname = 'idcorsostudio' AND tablename = 'corsostudiocaratteristica')
UPDATE [coldescr] SET col_len = '4',col_precision = null,col_scale = null,description = null,kind = 'S',lt = {ts '2019-03-28 09:46:00.807'},lu = 'assistenza',primarykey = 'N',sql_declaration = 'int',sql_type = 'int',system_type = 'System.Int32' WHERE colname = 'idcorsostudio' AND tablename = 'corsostudiocaratteristica'
ELSE
INSERT INTO [coldescr] (colname,tablename,col_len,col_precision,col_scale,description,kind,lt,lu,primarykey,sql_declaration,sql_type,system_type) VALUES ('idcorsostudio','corsostudiocaratteristica','4',null,null,null,'S',{ts '2019-03-28 09:46:00.807'},'assistenza','N','int','int','System.Int32')
GO

IF exists(SELECT * FROM [coldescr] WHERE colname = 'idcorsostudiocaratteristica' AND tablename = 'corsostudiocaratteristica')
UPDATE [coldescr] SET col_len = '4',col_precision = null,col_scale = null,description = null,kind = 'S',lt = {ts '2019-03-28 09:46:00.803'},lu = 'assistenza',primarykey = 'S',sql_declaration = 'int',sql_type = 'int',system_type = 'System.Int32' WHERE colname = 'idcorsostudiocaratteristica' AND tablename = 'corsostudiocaratteristica'
ELSE
INSERT INTO [coldescr] (colname,tablename,col_len,col_precision,col_scale,description,kind,lt,lu,primarykey,sql_declaration,sql_type,system_type) VALUES ('idcorsostudiocaratteristica','corsostudiocaratteristica','4',null,null,null,'S',{ts '2019-03-28 09:46:00.803'},'assistenza','S','int','int','System.Int32')
GO

IF exists(SELECT * FROM [coldescr] WHERE colname = 'idsasd' AND tablename = 'corsostudiocaratteristica')
UPDATE [coldescr] SET col_len = '4',col_precision = null,col_scale = null,description = 'SASD',kind = 'S',lt = {ts '2019-03-28 09:48:16.380'},lu = 'assistenza',primarykey = 'N',sql_declaration = 'int',sql_type = 'int',system_type = 'System.Int32' WHERE colname = 'idsasd' AND tablename = 'corsostudiocaratteristica'
ELSE
INSERT INTO [coldescr] (colname,tablename,col_len,col_precision,col_scale,description,kind,lt,lu,primarykey,sql_declaration,sql_type,system_type) VALUES ('idsasd','corsostudiocaratteristica','4',null,null,'SASD','S',{ts '2019-03-28 09:48:16.380'},'assistenza','N','int','int','System.Int32')
GO

IF exists(SELECT * FROM [coldescr] WHERE colname = 'idsasdgruppo' AND tablename = 'corsostudiocaratteristica')
UPDATE [coldescr] SET col_len = '4',col_precision = null,col_scale = null,description = 'Gruppo',kind = 'S',lt = {ts '2020-05-15 12:20:25.670'},lu = 'assistenza',primarykey = 'N',sql_declaration = 'int',sql_type = 'int',system_type = 'System.Int32' WHERE colname = 'idsasdgruppo' AND tablename = 'corsostudiocaratteristica'
ELSE
INSERT INTO [coldescr] (colname,tablename,col_len,col_precision,col_scale,description,kind,lt,lu,primarykey,sql_declaration,sql_type,system_type) VALUES ('idsasdgruppo','corsostudiocaratteristica','4',null,null,'Gruppo','S',{ts '2020-05-15 12:20:25.670'},'assistenza','N','int','int','System.Int32')
GO

IF exists(SELECT * FROM [coldescr] WHERE colname = 'idtipoattform' AND tablename = 'corsostudiocaratteristica')
UPDATE [coldescr] SET col_len = '4',col_precision = null,col_scale = null,description = 'Tipo di attività formativa',kind = 'S',lt = {ts '2021-02-24 09:30:20.323'},lu = 'assistenza',primarykey = 'N',sql_declaration = 'int',sql_type = 'int',system_type = 'System.Int32' WHERE colname = 'idtipoattform' AND tablename = 'corsostudiocaratteristica'
ELSE
INSERT INTO [coldescr] (colname,tablename,col_len,col_precision,col_scale,description,kind,lt,lu,primarykey,sql_declaration,sql_type,system_type) VALUES ('idtipoattform','corsostudiocaratteristica','4',null,null,'Tipo di attività formativa','S',{ts '2021-02-24 09:30:20.323'},'assistenza','N','int','int','System.Int32')
GO

IF exists(SELECT * FROM [coldescr] WHERE colname = 'lt' AND tablename = 'corsostudiocaratteristica')
UPDATE [coldescr] SET col_len = '8',col_precision = null,col_scale = null,description = null,kind = 'S',lt = {ts '2018-07-19 16:00:07.633'},lu = 'assistenza',primarykey = 'N',sql_declaration = 'datetime',sql_type = 'datetime',system_type = 'System.DateTime' WHERE colname = 'lt' AND tablename = 'corsostudiocaratteristica'
ELSE
INSERT INTO [coldescr] (colname,tablename,col_len,col_precision,col_scale,description,kind,lt,lu,primarykey,sql_declaration,sql_type,system_type) VALUES ('lt','corsostudiocaratteristica','8',null,null,null,'S',{ts '2018-07-19 16:00:07.633'},'assistenza','N','datetime','datetime','System.DateTime')
GO

IF exists(SELECT * FROM [coldescr] WHERE colname = 'lu' AND tablename = 'corsostudiocaratteristica')
UPDATE [coldescr] SET col_len = '64',col_precision = null,col_scale = null,description = null,kind = 'S',lt = {ts '2018-07-19 16:00:07.637'},lu = 'assistenza',primarykey = 'N',sql_declaration = 'varchar(64)',sql_type = 'varchar',system_type = 'System.String' WHERE colname = 'lu' AND tablename = 'corsostudiocaratteristica'
ELSE
INSERT INTO [coldescr] (colname,tablename,col_len,col_precision,col_scale,description,kind,lt,lu,primarykey,sql_declaration,sql_type,system_type) VALUES ('lu','corsostudiocaratteristica','64',null,null,null,'S',{ts '2018-07-19 16:00:07.637'},'assistenza','N','varchar(64)','varchar','System.String')
GO

IF exists(SELECT * FROM [coldescr] WHERE colname = 'obblig' AND tablename = 'corsostudiocaratteristica')
UPDATE [coldescr] SET col_len = '1',col_precision = null,col_scale = null,description = 'Obbligatorio',kind = 'S',lt = {ts '2019-03-28 09:48:16.380'},lu = 'assistenza',primarykey = 'N',sql_declaration = 'char(1)',sql_type = 'char',system_type = 'System.String' WHERE colname = 'obblig' AND tablename = 'corsostudiocaratteristica'
ELSE
INSERT INTO [coldescr] (colname,tablename,col_len,col_precision,col_scale,description,kind,lt,lu,primarykey,sql_declaration,sql_type,system_type) VALUES ('obblig','corsostudiocaratteristica','1',null,null,'Obbligatorio','S',{ts '2019-03-28 09:48:16.380'},'assistenza','N','char(1)','char','System.String')
GO

IF exists(SELECT * FROM [coldescr] WHERE colname = 'profess' AND tablename = 'corsostudiocaratteristica')
UPDATE [coldescr] SET col_len = '1',col_precision = null,col_scale = null,description = 'Professionalizzante',kind = 'S',lt = {ts '2019-03-28 09:48:16.380'},lu = 'assistenza',primarykey = 'N',sql_declaration = 'char(1)',sql_type = 'char',system_type = 'System.String' WHERE colname = 'profess' AND tablename = 'corsostudiocaratteristica'
ELSE
INSERT INTO [coldescr] (colname,tablename,col_len,col_precision,col_scale,description,kind,lt,lu,primarykey,sql_declaration,sql_type,system_type) VALUES ('profess','corsostudiocaratteristica','1',null,null,'Professionalizzante','S',{ts '2019-03-28 09:48:16.380'},'assistenza','N','char(1)','char','System.String')
GO

-- FINE GENERAZIONE SCRIPT --


-- GENERAZIONE DATI PER relation --
IF exists(SELECT * FROM [relation] WHERE idrelation = '3279')
UPDATE [relation] SET childtable = 'corsostudiocaratteristica',description = 'corso di studio che stiamo caratterizzando',lt = {ts '2018-07-19 16:01:19.937'},lu = 'assistenza',parenttable = 'corsostudio',title = null WHERE idrelation = '3279'
ELSE
INSERT INTO [relation] (idrelation,childtable,description,lt,lu,parenttable,title) VALUES ('3279','corsostudiocaratteristica','corso di studio che stiamo caratterizzando',{ts '2018-07-19 16:01:19.937'},'assistenza','corsostudio',null)
GO

IF exists(SELECT * FROM [relation] WHERE idrelation = '3280')
UPDATE [relation] SET childtable = 'corsostudiocaratteristica',description = 'caratteristica che stiamo attribuendo al corso',lt = {ts '2018-07-19 16:01:19.963'},lu = 'assistenza',parenttable = 'caratteristica',title = null WHERE idrelation = '3280'
ELSE
INSERT INTO [relation] (idrelation,childtable,description,lt,lu,parenttable,title) VALUES ('3280','corsostudiocaratteristica','caratteristica che stiamo attribuendo al corso',{ts '2018-07-19 16:01:19.963'},'assistenza','caratteristica',null)
GO

-- FINE GENERAZIONE SCRIPT --


-- GENERAZIONE DATI PER tabledescr --
IF exists(SELECT * FROM [tabledescr] WHERE tablename = 'currency')
UPDATE [tabledescr] SET description = 'Valuta',idapplication = '3',isdbo = 'S',lt = {ts '2021-02-19 17:48:16.280'},lu = 'assistenza',title = 'Valuta' WHERE tablename = 'currency'
ELSE
INSERT INTO [tabledescr] (tablename,description,idapplication,isdbo,lt,lu,title) VALUES ('currency','Valuta','3','S',{ts '2021-02-19 17:48:16.280'},'assistenza','Valuta')
GO

-- FINE GENERAZIONE SCRIPT --


-- GENERAZIONE DATI PER coldescr --
IF exists(SELECT * FROM [coldescr] WHERE colname = 'codecurrency' AND tablename = 'currency')
UPDATE [coldescr] SET col_len = '20',col_precision = null,col_scale = null,description = 'Codice valuta (tabella currency)',kind = 'S',lt = {ts '1900-01-01 03:00:15.183'},lu = 'nino',primarykey = 'N',sql_declaration = 'varchar(20)',sql_type = 'varchar',system_type = 'System.String' WHERE colname = 'codecurrency' AND tablename = 'currency'
ELSE
INSERT INTO [coldescr] (colname,tablename,col_len,col_precision,col_scale,description,kind,lt,lu,primarykey,sql_declaration,sql_type,system_type) VALUES ('codecurrency','currency','20',null,null,'Codice valuta (tabella currency)','S',{ts '1900-01-01 03:00:15.183'},'nino','N','varchar(20)','varchar','System.String')
GO

IF exists(SELECT * FROM [coldescr] WHERE colname = 'ct' AND tablename = 'currency')
UPDATE [coldescr] SET col_len = '8',col_precision = null,col_scale = null,description = 'data creazione',kind = 'S',lt = {ts '1900-01-01 02:59:46.793'},lu = 'nino',primarykey = 'N',sql_declaration = 'datetime',sql_type = 'datetime',system_type = 'System.DateTime' WHERE colname = 'ct' AND tablename = 'currency'
ELSE
INSERT INTO [coldescr] (colname,tablename,col_len,col_precision,col_scale,description,kind,lt,lu,primarykey,sql_declaration,sql_type,system_type) VALUES ('ct','currency','8',null,null,'data creazione','S',{ts '1900-01-01 02:59:46.793'},'nino','N','datetime','datetime','System.DateTime')
GO

IF exists(SELECT * FROM [coldescr] WHERE colname = 'cu' AND tablename = 'currency')
UPDATE [coldescr] SET col_len = '64',col_precision = null,col_scale = null,description = 'nome utente creazione',kind = 'S',lt = {ts '1900-01-01 02:59:44.227'},lu = 'nino',primarykey = 'N',sql_declaration = 'varchar(64)',sql_type = 'varchar',system_type = 'System.String' WHERE colname = 'cu' AND tablename = 'currency'
ELSE
INSERT INTO [coldescr] (colname,tablename,col_len,col_precision,col_scale,description,kind,lt,lu,primarykey,sql_declaration,sql_type,system_type) VALUES ('cu','currency','64',null,null,'nome utente creazione','S',{ts '1900-01-01 02:59:44.227'},'nino','N','varchar(64)','varchar','System.String')
GO

IF exists(SELECT * FROM [coldescr] WHERE colname = 'description' AND tablename = 'currency')
UPDATE [coldescr] SET col_len = '50',col_precision = null,col_scale = null,description = 'Descrizione',kind = 'S',lt = {ts '1900-01-01 02:59:50.693'},lu = 'nino',primarykey = 'N',sql_declaration = 'varchar(50)',sql_type = 'varchar',system_type = 'System.String' WHERE colname = 'description' AND tablename = 'currency'
ELSE
INSERT INTO [coldescr] (colname,tablename,col_len,col_precision,col_scale,description,kind,lt,lu,primarykey,sql_declaration,sql_type,system_type) VALUES ('description','currency','50',null,null,'Descrizione','S',{ts '1900-01-01 02:59:50.693'},'nino','N','varchar(50)','varchar','System.String')
GO

IF exists(SELECT * FROM [coldescr] WHERE colname = 'idcurrency' AND tablename = 'currency')
UPDATE [coldescr] SET col_len = '4',col_precision = null,col_scale = null,description = 'Chiave valuta (tab. currency)',kind = 'S',lt = {ts '1900-01-01 03:00:12.207'},lu = 'nino',primarykey = 'S',sql_declaration = 'int',sql_type = 'int',system_type = 'System.Int32' WHERE colname = 'idcurrency' AND tablename = 'currency'
ELSE
INSERT INTO [coldescr] (colname,tablename,col_len,col_precision,col_scale,description,kind,lt,lu,primarykey,sql_declaration,sql_type,system_type) VALUES ('idcurrency','currency','4',null,null,'Chiave valuta (tab. currency)','S',{ts '1900-01-01 03:00:12.207'},'nino','S','int','int','System.Int32')
GO

IF exists(SELECT * FROM [coldescr] WHERE colname = 'lt' AND tablename = 'currency')
UPDATE [coldescr] SET col_len = '8',col_precision = null,col_scale = null,description = 'data ultima modifica',kind = 'S',lt = {ts '1900-01-01 02:59:41.350'},lu = 'nino',primarykey = 'N',sql_declaration = 'datetime',sql_type = 'datetime',system_type = 'System.DateTime' WHERE colname = 'lt' AND tablename = 'currency'
ELSE
INSERT INTO [coldescr] (colname,tablename,col_len,col_precision,col_scale,description,kind,lt,lu,primarykey,sql_declaration,sql_type,system_type) VALUES ('lt','currency','8',null,null,'data ultima modifica','S',{ts '1900-01-01 02:59:41.350'},'nino','N','datetime','datetime','System.DateTime')
GO

IF exists(SELECT * FROM [coldescr] WHERE colname = 'lu' AND tablename = 'currency')
UPDATE [coldescr] SET col_len = '64',col_precision = null,col_scale = null,description = 'nome ultimo utente modifica',kind = 'S',lt = {ts '1900-01-01 02:59:38.380'},lu = 'nino',primarykey = 'N',sql_declaration = 'varchar(64)',sql_type = 'varchar',system_type = 'System.String' WHERE colname = 'lu' AND tablename = 'currency'
ELSE
INSERT INTO [coldescr] (colname,tablename,col_len,col_precision,col_scale,description,kind,lt,lu,primarykey,sql_declaration,sql_type,system_type) VALUES ('lu','currency','64',null,null,'nome ultimo utente modifica','S',{ts '1900-01-01 02:59:38.380'},'nino','N','varchar(64)','varchar','System.String')
GO

-- FINE GENERAZIONE SCRIPT --


-- GENERAZIONE DATI PER tabledescr --
IF exists(SELECT * FROM [tabledescr] WHERE tablename = 'diderog')
UPDATE [tabledescr] SET description = '2.5.22 Didattica Erogata',idapplication = '2',isdbo = 'S',lt = {ts '2019-09-23 16:12:08.580'},lu = 'assistenza',title = 'Didattica Erogata' WHERE tablename = 'diderog'
ELSE
INSERT INTO [tabledescr] (tablename,description,idapplication,isdbo,lt,lu,title) VALUES ('diderog','2.5.22 Didattica Erogata','2','S',{ts '2019-09-23 16:12:08.580'},'assistenza','Didattica Erogata')
GO

-- FINE GENERAZIONE SCRIPT --


-- GENERAZIONE DATI PER coldescr --
IF exists(SELECT * FROM [coldescr] WHERE colname = 'aa' AND tablename = 'diderog')
UPDATE [coldescr] SET col_len = '9',col_precision = null,col_scale = null,description = null,kind = 'S',lt = {ts '2019-09-23 16:12:10.700'},lu = 'assistenza',primarykey = 'S',sql_declaration = 'varchar(9)',sql_type = 'varchar',system_type = 'System.String' WHERE colname = 'aa' AND tablename = 'diderog'
ELSE
INSERT INTO [coldescr] (colname,tablename,col_len,col_precision,col_scale,description,kind,lt,lu,primarykey,sql_declaration,sql_type,system_type) VALUES ('aa','diderog','9',null,null,null,'S',{ts '2019-09-23 16:12:10.700'},'assistenza','S','varchar(9)','varchar','System.String')
GO

IF exists(SELECT * FROM [coldescr] WHERE colname = 'idcorsostudio' AND tablename = 'diderog')
UPDATE [coldescr] SET col_len = '4',col_precision = null,col_scale = null,description = null,kind = 'S',lt = {ts '2019-09-23 16:12:10.703'},lu = 'assistenza',primarykey = 'S',sql_declaration = 'int',sql_type = 'int',system_type = 'System.Int32' WHERE colname = 'idcorsostudio' AND tablename = 'diderog'
ELSE
INSERT INTO [coldescr] (colname,tablename,col_len,col_precision,col_scale,description,kind,lt,lu,primarykey,sql_declaration,sql_type,system_type) VALUES ('idcorsostudio','diderog','4',null,null,null,'S',{ts '2019-09-23 16:12:10.703'},'assistenza','S','int','int','System.Int32')
GO

IF exists(SELECT * FROM [coldescr] WHERE colname = 'inesaurimento' AND tablename = 'diderog')
UPDATE [coldescr] SET col_len = '1',col_precision = null,col_scale = null,description = null,kind = 'S',lt = {ts '2019-09-25 10:53:34.090'},lu = 'assistenza',primarykey = 'N',sql_declaration = 'char(1)',sql_type = 'char',system_type = 'System.String' WHERE colname = 'inesaurimento' AND tablename = 'diderog'
ELSE
INSERT INTO [coldescr] (colname,tablename,col_len,col_precision,col_scale,description,kind,lt,lu,primarykey,sql_declaration,sql_type,system_type) VALUES ('inesaurimento','diderog','1',null,null,null,'S',{ts '2019-09-25 10:53:34.090'},'assistenza','N','char(1)','char','System.String')
GO

-- FINE GENERAZIONE SCRIPT --


-- GENERAZIONE DATI PER tabledescr --
IF exists(SELECT * FROM [tabledescr] WHERE tablename = 'didprog')
UPDATE [tabledescr] SET description = '2.4.1 Didattica programmata per un anno accademico di un corso di studio',idapplication = '3',isdbo = 'S',lt = {ts '2021-02-19 15:36:44.837'},lu = 'assistenza',title = 'Didattica programmata per un anno accademico di un corso di studio' WHERE tablename = 'didprog'
ELSE
INSERT INTO [tabledescr] (tablename,description,idapplication,isdbo,lt,lu,title) VALUES ('didprog','2.4.1 Didattica programmata per un anno accademico di un corso di studio','3','S',{ts '2021-02-19 15:36:44.837'},'assistenza','Didattica programmata per un anno accademico di un corso di studio')
GO

-- FINE GENERAZIONE SCRIPT --


-- GENERAZIONE DATI PER coldescr --
IF exists(SELECT * FROM [coldescr] WHERE colname = 'aa' AND tablename = 'didprog')
UPDATE [coldescr] SET col_len = '9',col_precision = null,col_scale = null,description = 'Anno accademico',kind = 'S',lt = {ts '2019-02-22 17:48:16.807'},lu = 'assistenza',primarykey = 'N',sql_declaration = 'varchar(9)',sql_type = 'varchar',system_type = 'System.String' WHERE colname = 'aa' AND tablename = 'didprog'
ELSE
INSERT INTO [coldescr] (colname,tablename,col_len,col_precision,col_scale,description,kind,lt,lu,primarykey,sql_declaration,sql_type,system_type) VALUES ('aa','didprog','9',null,null,'Anno accademico','S',{ts '2019-02-22 17:48:16.807'},'assistenza','N','varchar(9)','varchar','System.String')
GO

IF exists(SELECT * FROM [coldescr] WHERE colname = 'annosolare' AND tablename = 'didprog')
UPDATE [coldescr] SET col_len = '4',col_precision = null,col_scale = null,description = 'Anno solare',kind = 'S',lt = {ts '2019-02-22 17:48:16.810'},lu = 'assistenza',primarykey = 'N',sql_declaration = 'int',sql_type = 'int',system_type = 'System.Int32' WHERE colname = 'annosolare' AND tablename = 'didprog'
ELSE
INSERT INTO [coldescr] (colname,tablename,col_len,col_precision,col_scale,description,kind,lt,lu,primarykey,sql_declaration,sql_type,system_type) VALUES ('annosolare','didprog','4',null,null,'Anno solare','S',{ts '2019-02-22 17:48:16.810'},'assistenza','N','int','int','System.Int32')
GO

IF exists(SELECT * FROM [coldescr] WHERE colname = 'attribdebiti' AND tablename = 'didprog')
UPDATE [coldescr] SET col_len = '0',col_precision = null,col_scale = null,description = 'Attribuzione eventuali crediti o debiti formativi',kind = 'S',lt = {ts '2019-02-22 17:48:16.810'},lu = 'assistenza',primarykey = 'N',sql_declaration = 'nvarchar(max)',sql_type = 'nvarchar',system_type = 'System.String' WHERE colname = 'attribdebiti' AND tablename = 'didprog'
ELSE
INSERT INTO [coldescr] (colname,tablename,col_len,col_precision,col_scale,description,kind,lt,lu,primarykey,sql_declaration,sql_type,system_type) VALUES ('attribdebiti','didprog','0',null,null,'Attribuzione eventuali crediti o debiti formativi','S',{ts '2019-02-22 17:48:16.810'},'assistenza','N','nvarchar(max)','nvarchar','System.String')
GO

IF exists(SELECT * FROM [coldescr] WHERE colname = 'ciclo' AND tablename = 'didprog')
UPDATE [coldescr] SET col_len = '4',col_precision = null,col_scale = null,description = null,kind = 'S',lt = {ts '2019-02-22 17:29:28.343'},lu = 'assistenza',primarykey = 'N',sql_declaration = 'int',sql_type = 'int',system_type = 'System.Int32' WHERE colname = 'ciclo' AND tablename = 'didprog'
ELSE
INSERT INTO [coldescr] (colname,tablename,col_len,col_precision,col_scale,description,kind,lt,lu,primarykey,sql_declaration,sql_type,system_type) VALUES ('ciclo','didprog','4',null,null,null,'S',{ts '2019-02-22 17:29:28.343'},'assistenza','N','int','int','System.Int32')
GO

IF exists(SELECT * FROM [coldescr] WHERE colname = 'codice' AND tablename = 'didprog')
UPDATE [coldescr] SET col_len = '50',col_precision = null,col_scale = null,description = null,kind = 'S',lt = {ts '2019-02-22 17:29:28.343'},lu = 'assistenza',primarykey = 'N',sql_declaration = 'varchar(50)',sql_type = 'varchar',system_type = 'System.String' WHERE colname = 'codice' AND tablename = 'didprog'
ELSE
INSERT INTO [coldescr] (colname,tablename,col_len,col_precision,col_scale,description,kind,lt,lu,primarykey,sql_declaration,sql_type,system_type) VALUES ('codice','didprog','50',null,null,null,'S',{ts '2019-02-22 17:29:28.343'},'assistenza','N','varchar(50)','varchar','System.String')
GO

IF exists(SELECT * FROM [coldescr] WHERE colname = 'codicemiur' AND tablename = 'didprog')
UPDATE [coldescr] SET col_len = '50',col_precision = null,col_scale = null,description = 'Codice MIUR',kind = 'S',lt = {ts '2019-02-22 17:48:16.810'},lu = 'assistenza',primarykey = 'N',sql_declaration = 'varchar(50)',sql_type = 'varchar',system_type = 'System.String' WHERE colname = 'codicemiur' AND tablename = 'didprog'
ELSE
INSERT INTO [coldescr] (colname,tablename,col_len,col_precision,col_scale,description,kind,lt,lu,primarykey,sql_declaration,sql_type,system_type) VALUES ('codicemiur','didprog','50',null,null,'Codice MIUR','S',{ts '2019-02-22 17:48:16.810'},'assistenza','N','varchar(50)','varchar','System.String')
GO

IF exists(SELECT * FROM [coldescr] WHERE colname = 'dataconsmaxiscr' AND tablename = 'didprog')
UPDATE [coldescr] SET col_len = '3',col_precision = null,col_scale = null,description = 'Data del conseguimento massima per il quale è consentito iscriversi',kind = 'S',lt = {ts '2020-09-29 18:09:05.570'},lu = 'assistenza',primarykey = 'N',sql_declaration = 'date',sql_type = 'date',system_type = 'System.DateTime' WHERE colname = 'dataconsmaxiscr' AND tablename = 'didprog'
ELSE
INSERT INTO [coldescr] (colname,tablename,col_len,col_precision,col_scale,description,kind,lt,lu,primarykey,sql_declaration,sql_type,system_type) VALUES ('dataconsmaxiscr','didprog','3',null,null,'Data del conseguimento massima per il quale è consentito iscriversi','S',{ts '2020-09-29 18:09:05.570'},'assistenza','N','date','date','System.DateTime')
GO

IF exists(SELECT * FROM [coldescr] WHERE colname = 'freqobbl' AND tablename = 'didprog')
UPDATE [coldescr] SET col_len = '1',col_precision = null,col_scale = null,description = 'Frequenza Obbligatoria',kind = 'S',lt = {ts '2019-02-22 17:48:16.810'},lu = 'assistenza',primarykey = 'N',sql_declaration = 'char(1)',sql_type = 'char',system_type = 'System.String' WHERE colname = 'freqobbl' AND tablename = 'didprog'
ELSE
INSERT INTO [coldescr] (colname,tablename,col_len,col_precision,col_scale,description,kind,lt,lu,primarykey,sql_declaration,sql_type,system_type) VALUES ('freqobbl','didprog','1',null,null,'Frequenza Obbligatoria','S',{ts '2019-02-22 17:48:16.810'},'assistenza','N','char(1)','char','System.String')
GO

IF exists(SELECT * FROM [coldescr] WHERE colname = 'idareadidattica' AND tablename = 'didprog')
UPDATE [coldescr] SET col_len = '4',col_precision = null,col_scale = null,description = 'Area didattica',kind = 'S',lt = {ts '2019-02-22 17:48:16.813'},lu = 'assistenza',primarykey = 'N',sql_declaration = 'int',sql_type = 'int',system_type = 'System.Int32' WHERE colname = 'idareadidattica' AND tablename = 'didprog'
ELSE
INSERT INTO [coldescr] (colname,tablename,col_len,col_precision,col_scale,description,kind,lt,lu,primarykey,sql_declaration,sql_type,system_type) VALUES ('idareadidattica','didprog','4',null,null,'Area didattica','S',{ts '2019-02-22 17:48:16.813'},'assistenza','N','int','int','System.Int32')
GO

IF exists(SELECT * FROM [coldescr] WHERE colname = 'idconvenzione' AND tablename = 'didprog')
UPDATE [coldescr] SET col_len = '4',col_precision = null,col_scale = null,description = 'Convenzione',kind = 'S',lt = {ts '2019-02-22 17:48:16.813'},lu = 'assistenza',primarykey = 'N',sql_declaration = 'int',sql_type = 'int',system_type = 'System.Int32' WHERE colname = 'idconvenzione' AND tablename = 'didprog'
ELSE
INSERT INTO [coldescr] (colname,tablename,col_len,col_precision,col_scale,description,kind,lt,lu,primarykey,sql_declaration,sql_type,system_type) VALUES ('idconvenzione','didprog','4',null,null,'Convenzione','S',{ts '2019-02-22 17:48:16.813'},'assistenza','N','int','int','System.Int32')
GO

IF exists(SELECT * FROM [coldescr] WHERE colname = 'idcorsostudio' AND tablename = 'didprog')
UPDATE [coldescr] SET col_len = '4',col_precision = null,col_scale = null,description = 'Corso di studi',kind = 'S',lt = {ts '2019-09-23 16:06:30.787'},lu = 'assistenza',primarykey = 'S',sql_declaration = 'int',sql_type = 'int',system_type = 'System.Int32' WHERE colname = 'idcorsostudio' AND tablename = 'didprog'
ELSE
INSERT INTO [coldescr] (colname,tablename,col_len,col_precision,col_scale,description,kind,lt,lu,primarykey,sql_declaration,sql_type,system_type) VALUES ('idcorsostudio','didprog','4',null,null,'Corso di studi','S',{ts '2019-09-23 16:06:30.787'},'assistenza','S','int','int','System.Int32')
GO

IF exists(SELECT * FROM [coldescr] WHERE colname = 'iddidprog' AND tablename = 'didprog')
UPDATE [coldescr] SET col_len = '4',col_precision = null,col_scale = null,description = 'Identificativo',kind = 'S',lt = {ts '2019-02-22 17:48:16.813'},lu = 'assistenza',primarykey = 'S',sql_declaration = 'int',sql_type = 'int',system_type = 'System.Int32' WHERE colname = 'iddidprog' AND tablename = 'didprog'
ELSE
INSERT INTO [coldescr] (colname,tablename,col_len,col_precision,col_scale,description,kind,lt,lu,primarykey,sql_declaration,sql_type,system_type) VALUES ('iddidprog','didprog','4',null,null,'Identificativo','S',{ts '2019-02-22 17:48:16.813'},'assistenza','S','int','int','System.Int32')
GO

IF exists(SELECT * FROM [coldescr] WHERE colname = 'iddidprognumchiusokind' AND tablename = 'didprog')
UPDATE [coldescr] SET col_len = '4',col_precision = null,col_scale = null,description = 'Numero chiuso',kind = 'S',lt = {ts '2019-03-13 18:24:59.253'},lu = 'assistenza',primarykey = 'N',sql_declaration = 'int',sql_type = 'int',system_type = 'System.Int32' WHERE colname = 'iddidprognumchiusokind' AND tablename = 'didprog'
ELSE
INSERT INTO [coldescr] (colname,tablename,col_len,col_precision,col_scale,description,kind,lt,lu,primarykey,sql_declaration,sql_type,system_type) VALUES ('iddidprognumchiusokind','didprog','4',null,null,'Numero chiuso','S',{ts '2019-03-13 18:24:59.253'},'assistenza','N','int','int','System.Int32')
GO

IF exists(SELECT * FROM [coldescr] WHERE colname = 'iddidprogsuddannokind' AND tablename = 'didprog')
UPDATE [coldescr] SET col_len = '4',col_precision = null,col_scale = null,description = 'Suddivisioni dell''anno',kind = 'S',lt = {ts '2019-03-13 18:24:59.257'},lu = 'assistenza',primarykey = 'N',sql_declaration = 'int',sql_type = 'int',system_type = 'System.Int32' WHERE colname = 'iddidprogsuddannokind' AND tablename = 'didprog'
ELSE
INSERT INTO [coldescr] (colname,tablename,col_len,col_precision,col_scale,description,kind,lt,lu,primarykey,sql_declaration,sql_type,system_type) VALUES ('iddidprogsuddannokind','didprog','4',null,null,'Suddivisioni dell''anno','S',{ts '2019-03-13 18:24:59.257'},'assistenza','N','int','int','System.Int32')
GO

IF exists(SELECT * FROM [coldescr] WHERE colname = 'iderogazkind' AND tablename = 'didprog')
UPDATE [coldescr] SET col_len = '4',col_precision = null,col_scale = null,description = 'Erogazione',kind = 'S',lt = {ts '2019-03-13 18:24:59.257'},lu = 'assistenza',primarykey = 'N',sql_declaration = 'int',sql_type = 'int',system_type = 'System.Int32' WHERE colname = 'iderogazkind' AND tablename = 'didprog'
ELSE
INSERT INTO [coldescr] (colname,tablename,col_len,col_precision,col_scale,description,kind,lt,lu,primarykey,sql_declaration,sql_type,system_type) VALUES ('iderogazkind','didprog','4',null,null,'Erogazione','S',{ts '2019-03-13 18:24:59.257'},'assistenza','N','int','int','System.Int32')
GO

IF exists(SELECT * FROM [coldescr] WHERE colname = 'idgraduatoria' AND tablename = 'didprog')
UPDATE [coldescr] SET col_len = '4',col_precision = null,col_scale = null,description = 'Graduatoria',kind = 'S',lt = {ts '2019-03-13 18:24:59.257'},lu = 'assistenza',primarykey = 'N',sql_declaration = 'int',sql_type = 'int',system_type = 'System.Int32' WHERE colname = 'idgraduatoria' AND tablename = 'didprog'
ELSE
INSERT INTO [coldescr] (colname,tablename,col_len,col_precision,col_scale,description,kind,lt,lu,primarykey,sql_declaration,sql_type,system_type) VALUES ('idgraduatoria','didprog','4',null,null,'Graduatoria','S',{ts '2019-03-13 18:24:59.257'},'assistenza','N','int','int','System.Int32')
GO

IF exists(SELECT * FROM [coldescr] WHERE colname = 'idnation_lang' AND tablename = 'didprog')
UPDATE [coldescr] SET col_len = '4',col_precision = null,col_scale = null,description = 'Lingua di erogazione',kind = 'S',lt = {ts '2019-02-22 17:48:16.813'},lu = 'assistenza',primarykey = 'N',sql_declaration = 'int',sql_type = 'int',system_type = 'System.Int32' WHERE colname = 'idnation_lang' AND tablename = 'didprog'
ELSE
INSERT INTO [coldescr] (colname,tablename,col_len,col_precision,col_scale,description,kind,lt,lu,primarykey,sql_declaration,sql_type,system_type) VALUES ('idnation_lang','didprog','4',null,null,'Lingua di erogazione','S',{ts '2019-02-22 17:48:16.813'},'assistenza','N','int','int','System.Int32')
GO

IF exists(SELECT * FROM [coldescr] WHERE colname = 'idnation_lang2' AND tablename = 'didprog')
UPDATE [coldescr] SET col_len = '4',col_precision = null,col_scale = null,description = 'Seconda lingua di erogazione',kind = 'S',lt = {ts '2019-02-22 17:48:16.813'},lu = 'assistenza',primarykey = 'N',sql_declaration = 'int',sql_type = 'int',system_type = 'System.Int32' WHERE colname = 'idnation_lang2' AND tablename = 'didprog'
ELSE
INSERT INTO [coldescr] (colname,tablename,col_len,col_precision,col_scale,description,kind,lt,lu,primarykey,sql_declaration,sql_type,system_type) VALUES ('idnation_lang2','didprog','4',null,null,'Seconda lingua di erogazione','S',{ts '2019-02-22 17:48:16.813'},'assistenza','N','int','int','System.Int32')
GO

IF exists(SELECT * FROM [coldescr] WHERE colname = 'idnation_langvis' AND tablename = 'didprog')
UPDATE [coldescr] SET col_len = '4',col_precision = null,col_scale = null,description = 'Lingua di visualizzazione',kind = 'S',lt = {ts '2019-02-22 17:48:16.813'},lu = 'assistenza',primarykey = 'N',sql_declaration = 'int',sql_type = 'int',system_type = 'System.Int32' WHERE colname = 'idnation_langvis' AND tablename = 'didprog'
ELSE
INSERT INTO [coldescr] (colname,tablename,col_len,col_precision,col_scale,description,kind,lt,lu,primarykey,sql_declaration,sql_type,system_type) VALUES ('idnation_langvis','didprog','4',null,null,'Lingua di visualizzazione','S',{ts '2019-02-22 17:48:16.813'},'assistenza','N','int','int','System.Int32')
GO

IF exists(SELECT * FROM [coldescr] WHERE colname = 'idreg_docenti' AND tablename = 'didprog')
UPDATE [coldescr] SET col_len = '4',col_precision = null,col_scale = null,description = 'Referente',kind = 'S',lt = {ts '2019-02-22 17:48:16.813'},lu = 'assistenza',primarykey = 'N',sql_declaration = 'int',sql_type = 'int',system_type = 'System.Int32' WHERE colname = 'idreg_docenti' AND tablename = 'didprog'
ELSE
INSERT INTO [coldescr] (colname,tablename,col_len,col_precision,col_scale,description,kind,lt,lu,primarykey,sql_declaration,sql_type,system_type) VALUES ('idreg_docenti','didprog','4',null,null,'Referente','S',{ts '2019-02-22 17:48:16.813'},'assistenza','N','int','int','System.Int32')
GO

IF exists(SELECT * FROM [coldescr] WHERE colname = 'idsede' AND tablename = 'didprog')
UPDATE [coldescr] SET col_len = '4',col_precision = null,col_scale = null,description = 'Sede',kind = 'S',lt = {ts '2019-08-30 15:47:58.267'},lu = 'assistenza',primarykey = 'N',sql_declaration = 'int',sql_type = 'int',system_type = 'System.Int32' WHERE colname = 'idsede' AND tablename = 'didprog'
ELSE
INSERT INTO [coldescr] (colname,tablename,col_len,col_precision,col_scale,description,kind,lt,lu,primarykey,sql_declaration,sql_type,system_type) VALUES ('idsede','didprog','4',null,null,'Sede','S',{ts '2019-08-30 15:47:58.267'},'assistenza','N','int','int','System.Int32')
GO

IF exists(SELECT * FROM [coldescr] WHERE colname = 'idsessione' AND tablename = 'didprog')
UPDATE [coldescr] SET col_len = '4',col_precision = null,col_scale = null,description = 'Sessione',kind = 'S',lt = {ts '2019-03-13 18:24:59.257'},lu = 'assistenza',primarykey = 'N',sql_declaration = 'int',sql_type = 'int',system_type = 'System.Int32' WHERE colname = 'idsessione' AND tablename = 'didprog'
ELSE
INSERT INTO [coldescr] (colname,tablename,col_len,col_precision,col_scale,description,kind,lt,lu,primarykey,sql_declaration,sql_type,system_type) VALUES ('idsessione','didprog','4',null,null,'Sessione','S',{ts '2019-03-13 18:24:59.257'},'assistenza','N','int','int','System.Int32')
GO

IF exists(SELECT * FROM [coldescr] WHERE colname = 'idtitolokind' AND tablename = 'didprog')
UPDATE [coldescr] SET col_len = '4',col_precision = null,col_scale = null,description = 'Titolo di studi',kind = 'S',lt = {ts '2019-03-13 18:24:59.257'},lu = 'assistenza',primarykey = 'N',sql_declaration = 'int',sql_type = 'int',system_type = 'System.Int32' WHERE colname = 'idtitolokind' AND tablename = 'didprog'
ELSE
INSERT INTO [coldescr] (colname,tablename,col_len,col_precision,col_scale,description,kind,lt,lu,primarykey,sql_declaration,sql_type,system_type) VALUES ('idtitolokind','didprog','4',null,null,'Titolo di studi','S',{ts '2019-03-13 18:24:59.257'},'assistenza','N','int','int','System.Int32')
GO

IF exists(SELECT * FROM [coldescr] WHERE colname = 'immatoltreauth' AND tablename = 'didprog')
UPDATE [coldescr] SET col_len = '1',col_precision = null,col_scale = null,description = 'Consenti l''immatricolazione oltre i termini',kind = 'S',lt = {ts '2019-02-22 17:56:09.647'},lu = 'assistenza',primarykey = 'N',sql_declaration = 'char(1)',sql_type = 'char',system_type = 'System.String' WHERE colname = 'immatoltreauth' AND tablename = 'didprog'
ELSE
INSERT INTO [coldescr] (colname,tablename,col_len,col_precision,col_scale,description,kind,lt,lu,primarykey,sql_declaration,sql_type,system_type) VALUES ('immatoltreauth','didprog','1',null,null,'Consenti l''immatricolazione oltre i termini','S',{ts '2019-02-22 17:56:09.647'},'assistenza','N','char(1)','char','System.String')
GO

IF exists(SELECT * FROM [coldescr] WHERE colname = 'modaccesso' AND tablename = 'didprog')
UPDATE [coldescr] SET col_len = '0',col_precision = null,col_scale = null,description = 'Modalità e conoscenze per l''accesso',kind = 'S',lt = {ts '2020-09-29 18:09:05.570'},lu = 'assistenza',primarykey = 'N',sql_declaration = 'nvarchar(max)',sql_type = 'nvarchar',system_type = 'System.String' WHERE colname = 'modaccesso' AND tablename = 'didprog'
ELSE
INSERT INTO [coldescr] (colname,tablename,col_len,col_precision,col_scale,description,kind,lt,lu,primarykey,sql_declaration,sql_type,system_type) VALUES ('modaccesso','didprog','0',null,null,'Modalità e conoscenze per l''accesso','S',{ts '2020-09-29 18:09:05.570'},'assistenza','N','nvarchar(max)','nvarchar','System.String')
GO

IF exists(SELECT * FROM [coldescr] WHERE colname = 'modaccesso_en' AND tablename = 'didprog')
UPDATE [coldescr] SET col_len = '0',col_precision = null,col_scale = null,description = 'Modalità e conoscenze per l''accesso (EN)',kind = 'S',lt = {ts '2020-09-29 18:09:05.570'},lu = 'assistenza',primarykey = 'N',sql_declaration = 'nvarchar(max)',sql_type = 'nvarchar',system_type = 'System.String' WHERE colname = 'modaccesso_en' AND tablename = 'didprog'
ELSE
INSERT INTO [coldescr] (colname,tablename,col_len,col_precision,col_scale,description,kind,lt,lu,primarykey,sql_declaration,sql_type,system_type) VALUES ('modaccesso_en','didprog','0',null,null,'Modalità e conoscenze per l''accesso (EN)','S',{ts '2020-09-29 18:09:05.570'},'assistenza','N','nvarchar(max)','nvarchar','System.String')
GO

IF exists(SELECT * FROM [coldescr] WHERE colname = 'obbformativi' AND tablename = 'didprog')
UPDATE [coldescr] SET col_len = '0',col_precision = null,col_scale = null,description = 'Obiettivi formativi',kind = 'S',lt = {ts '2019-02-22 17:48:16.813'},lu = 'assistenza',primarykey = 'N',sql_declaration = 'nvarchar(max)',sql_type = 'nvarchar',system_type = 'System.String' WHERE colname = 'obbformativi' AND tablename = 'didprog'
ELSE
INSERT INTO [coldescr] (colname,tablename,col_len,col_precision,col_scale,description,kind,lt,lu,primarykey,sql_declaration,sql_type,system_type) VALUES ('obbformativi','didprog','0',null,null,'Obiettivi formativi','S',{ts '2019-02-22 17:48:16.813'},'assistenza','N','nvarchar(max)','nvarchar','System.String')
GO

IF exists(SELECT * FROM [coldescr] WHERE colname = 'obbformativi_en' AND tablename = 'didprog')
UPDATE [coldescr] SET col_len = '0',col_precision = null,col_scale = null,description = 'Obiettivi formativi (EN)',kind = 'S',lt = {ts '2019-02-22 17:48:16.813'},lu = 'assistenza',primarykey = 'N',sql_declaration = 'nvarchar(max)',sql_type = 'nvarchar',system_type = 'System.String' WHERE colname = 'obbformativi_en' AND tablename = 'didprog'
ELSE
INSERT INTO [coldescr] (colname,tablename,col_len,col_precision,col_scale,description,kind,lt,lu,primarykey,sql_declaration,sql_type,system_type) VALUES ('obbformativi_en','didprog','0',null,null,'Obiettivi formativi (EN)','S',{ts '2019-02-22 17:48:16.813'},'assistenza','N','nvarchar(max)','nvarchar','System.String')
GO

IF exists(SELECT * FROM [coldescr] WHERE colname = 'preimmatoltreauth' AND tablename = 'didprog')
UPDATE [coldescr] SET col_len = '1',col_precision = null,col_scale = null,description = 'Consenti la pre-immatricolazione oltre i termini',kind = 'S',lt = {ts '2019-02-22 17:56:09.647'},lu = 'assistenza',primarykey = 'N',sql_declaration = 'char(1)',sql_type = 'char',system_type = 'System.String' WHERE colname = 'preimmatoltreauth' AND tablename = 'didprog'
ELSE
INSERT INTO [coldescr] (colname,tablename,col_len,col_precision,col_scale,description,kind,lt,lu,primarykey,sql_declaration,sql_type,system_type) VALUES ('preimmatoltreauth','didprog','1',null,null,'Consenti la pre-immatricolazione oltre i termini','S',{ts '2019-02-22 17:56:09.647'},'assistenza','N','char(1)','char','System.String')
GO

IF exists(SELECT * FROM [coldescr] WHERE colname = 'progesamamm' AND tablename = 'didprog')
UPDATE [coldescr] SET col_len = '0',col_precision = null,col_scale = null,description = 'Programma dell''esame di ammissione',kind = 'S',lt = {ts '2019-02-26 12:50:07.557'},lu = 'assistenza',primarykey = 'N',sql_declaration = 'nvarchar(max)',sql_type = 'nvarchar',system_type = 'System.String' WHERE colname = 'progesamamm' AND tablename = 'didprog'
ELSE
INSERT INTO [coldescr] (colname,tablename,col_len,col_precision,col_scale,description,kind,lt,lu,primarykey,sql_declaration,sql_type,system_type) VALUES ('progesamamm','didprog','0',null,null,'Programma dell''esame di ammissione','S',{ts '2019-02-26 12:50:07.557'},'assistenza','N','nvarchar(max)','nvarchar','System.String')
GO

IF exists(SELECT * FROM [coldescr] WHERE colname = 'prospoccupaz' AND tablename = 'didprog')
UPDATE [coldescr] SET col_len = '0',col_precision = null,col_scale = null,description = 'Prospettive occupazionali',kind = 'S',lt = {ts '2019-02-22 17:56:09.647'},lu = 'assistenza',primarykey = 'N',sql_declaration = 'nvarchar(max)',sql_type = 'nvarchar',system_type = 'System.String' WHERE colname = 'prospoccupaz' AND tablename = 'didprog'
ELSE
INSERT INTO [coldescr] (colname,tablename,col_len,col_precision,col_scale,description,kind,lt,lu,primarykey,sql_declaration,sql_type,system_type) VALUES ('prospoccupaz','didprog','0',null,null,'Prospettive occupazionali','S',{ts '2019-02-22 17:56:09.647'},'assistenza','N','nvarchar(max)','nvarchar','System.String')
GO

IF exists(SELECT * FROM [coldescr] WHERE colname = 'provafinaledesc' AND tablename = 'didprog')
UPDATE [coldescr] SET col_len = '0',col_precision = null,col_scale = null,description = 'Caratteristiche della prova finale',kind = 'S',lt = {ts '2019-02-26 12:50:42.157'},lu = 'assistenza',primarykey = 'N',sql_declaration = 'nvarchar(max)',sql_type = 'nvarchar',system_type = 'System.String' WHERE colname = 'provafinaledesc' AND tablename = 'didprog'
ELSE
INSERT INTO [coldescr] (colname,tablename,col_len,col_precision,col_scale,description,kind,lt,lu,primarykey,sql_declaration,sql_type,system_type) VALUES ('provafinaledesc','didprog','0',null,null,'Caratteristiche della prova finale','S',{ts '2019-02-26 12:50:42.157'},'assistenza','N','nvarchar(max)','nvarchar','System.String')
GO

IF exists(SELECT * FROM [coldescr] WHERE colname = 'regolamentotax' AND tablename = 'didprog')
UPDATE [coldescr] SET col_len = '0',col_precision = null,col_scale = null,description = 'Regolamento delle tasse',kind = 'S',lt = {ts '2019-02-22 17:56:09.647'},lu = 'assistenza',primarykey = 'N',sql_declaration = 'nvarchar(max)',sql_type = 'nvarchar',system_type = 'System.String' WHERE colname = 'regolamentotax' AND tablename = 'didprog'
ELSE
INSERT INTO [coldescr] (colname,tablename,col_len,col_precision,col_scale,description,kind,lt,lu,primarykey,sql_declaration,sql_type,system_type) VALUES ('regolamentotax','didprog','0',null,null,'Regolamento delle tasse','S',{ts '2019-02-22 17:56:09.647'},'assistenza','N','nvarchar(max)','nvarchar','System.String')
GO

IF exists(SELECT * FROM [coldescr] WHERE colname = 'regolamentotaxurl' AND tablename = 'didprog')
UPDATE [coldescr] SET col_len = '512',col_precision = null,col_scale = null,description = 'Indirizzo WEB del regolamento delle tasse',kind = 'S',lt = {ts '2019-02-22 17:56:09.647'},lu = 'assistenza',primarykey = 'N',sql_declaration = 'varchar(512)',sql_type = 'varchar',system_type = 'System.String' WHERE colname = 'regolamentotaxurl' AND tablename = 'didprog'
ELSE
INSERT INTO [coldescr] (colname,tablename,col_len,col_precision,col_scale,description,kind,lt,lu,primarykey,sql_declaration,sql_type,system_type) VALUES ('regolamentotaxurl','didprog','512',null,null,'Indirizzo WEB del regolamento delle tasse','S',{ts '2019-02-22 17:56:09.647'},'assistenza','N','varchar(512)','varchar','System.String')
GO

IF exists(SELECT * FROM [coldescr] WHERE colname = 'startiscrizioni' AND tablename = 'didprog')
UPDATE [coldescr] SET col_len = '8',col_precision = null,col_scale = null,description = 'Data di inizio delle iscrizioni',kind = 'S',lt = {ts '2019-02-22 17:56:09.647'},lu = 'assistenza',primarykey = 'N',sql_declaration = 'datetime',sql_type = 'datetime',system_type = 'System.DateTime' WHERE colname = 'startiscrizioni' AND tablename = 'didprog'
ELSE
INSERT INTO [coldescr] (colname,tablename,col_len,col_precision,col_scale,description,kind,lt,lu,primarykey,sql_declaration,sql_type,system_type) VALUES ('startiscrizioni','didprog','8',null,null,'Data di inizio delle iscrizioni','S',{ts '2019-02-22 17:56:09.647'},'assistenza','N','datetime','datetime','System.DateTime')
GO

IF exists(SELECT * FROM [coldescr] WHERE colname = 'stopiscrizioni' AND tablename = 'didprog')
UPDATE [coldescr] SET col_len = '8',col_precision = null,col_scale = null,description = 'Data di fine delle Iscrizioni',kind = 'S',lt = {ts '2019-02-22 17:56:09.647'},lu = 'assistenza',primarykey = 'N',sql_declaration = 'datetime',sql_type = 'datetime',system_type = 'System.DateTime' WHERE colname = 'stopiscrizioni' AND tablename = 'didprog'
ELSE
INSERT INTO [coldescr] (colname,tablename,col_len,col_precision,col_scale,description,kind,lt,lu,primarykey,sql_declaration,sql_type,system_type) VALUES ('stopiscrizioni','didprog','8',null,null,'Data di fine delle Iscrizioni','S',{ts '2019-02-22 17:56:09.647'},'assistenza','N','datetime','datetime','System.DateTime')
GO

IF exists(SELECT * FROM [coldescr] WHERE colname = 'title' AND tablename = 'didprog')
UPDATE [coldescr] SET col_len = '1024',col_precision = null,col_scale = null,description = 'Denominazione',kind = 'S',lt = {ts '2019-02-22 17:56:09.647'},lu = 'assistenza',primarykey = 'N',sql_declaration = 'varchar(1024)',sql_type = 'varchar',system_type = 'System.String' WHERE colname = 'title' AND tablename = 'didprog'
ELSE
INSERT INTO [coldescr] (colname,tablename,col_len,col_precision,col_scale,description,kind,lt,lu,primarykey,sql_declaration,sql_type,system_type) VALUES ('title','didprog','1024',null,null,'Denominazione','S',{ts '2019-02-22 17:56:09.647'},'assistenza','N','varchar(1024)','varchar','System.String')
GO

IF exists(SELECT * FROM [coldescr] WHERE colname = 'title_en' AND tablename = 'didprog')
UPDATE [coldescr] SET col_len = '1024',col_precision = null,col_scale = null,description = 'Denominazione (EN)',kind = 'S',lt = {ts '2019-02-22 17:56:09.647'},lu = 'assistenza',primarykey = 'N',sql_declaration = 'varchar(1024)',sql_type = 'varchar',system_type = 'System.String' WHERE colname = 'title_en' AND tablename = 'didprog'
ELSE
INSERT INTO [coldescr] (colname,tablename,col_len,col_precision,col_scale,description,kind,lt,lu,primarykey,sql_declaration,sql_type,system_type) VALUES ('title_en','didprog','1024',null,null,'Denominazione (EN)','S',{ts '2019-02-22 17:56:09.647'},'assistenza','N','varchar(1024)','varchar','System.String')
GO

IF exists(SELECT * FROM [coldescr] WHERE colname = 'utenzasost' AND tablename = 'didprog')
UPDATE [coldescr] SET col_len = '4',col_precision = null,col_scale = null,description = 'Utenza sostenibile',kind = 'S',lt = {ts '2019-02-22 17:56:09.647'},lu = 'assistenza',primarykey = 'N',sql_declaration = 'int',sql_type = 'int',system_type = 'System.Int32' WHERE colname = 'utenzasost' AND tablename = 'didprog'
ELSE
INSERT INTO [coldescr] (colname,tablename,col_len,col_precision,col_scale,description,kind,lt,lu,primarykey,sql_declaration,sql_type,system_type) VALUES ('utenzasost','didprog','4',null,null,'Utenza sostenibile','S',{ts '2019-02-22 17:56:09.647'},'assistenza','N','int','int','System.Int32')
GO

IF exists(SELECT * FROM [coldescr] WHERE colname = 'website' AND tablename = 'didprog')
UPDATE [coldescr] SET col_len = '512',col_precision = null,col_scale = null,description = 'Sito WEB del corso',kind = 'S',lt = {ts '2019-02-22 17:56:09.647'},lu = 'assistenza',primarykey = 'N',sql_declaration = 'varchar(512)',sql_type = 'varchar',system_type = 'System.String' WHERE colname = 'website' AND tablename = 'didprog'
ELSE
INSERT INTO [coldescr] (colname,tablename,col_len,col_precision,col_scale,description,kind,lt,lu,primarykey,sql_declaration,sql_type,system_type) VALUES ('website','didprog','512',null,null,'Sito WEB del corso','S',{ts '2019-02-22 17:56:09.647'},'assistenza','N','varchar(512)','varchar','System.String')
GO

-- FINE GENERAZIONE SCRIPT --


-- GENERAZIONE DATI PER tabledescr --
IF exists(SELECT * FROM [tabledescr] WHERE tablename = 'didprogaccesso')
UPDATE [tabledescr] SET description = 'Elenco delle 2.4.1 Didattica programmata a cui il test di ingresso da acesso',idapplication = '2',isdbo = 'S',lt = {ts '2021-02-19 15:28:27.150'},lu = 'assistenza',title = 'Elenco delle didattiche programmate a cui il test di ingresso da acesso' WHERE tablename = 'didprogaccesso'
ELSE
INSERT INTO [tabledescr] (tablename,description,idapplication,isdbo,lt,lu,title) VALUES ('didprogaccesso','Elenco delle 2.4.1 Didattica programmata a cui il test di ingresso da acesso','2','S',{ts '2021-02-19 15:28:27.150'},'assistenza','Elenco delle didattiche programmate a cui il test di ingresso da acesso')
GO

-- FINE GENERAZIONE SCRIPT --


-- GENERAZIONE DATI PER coldescr --
IF exists(SELECT * FROM [coldescr] WHERE colname = 'ct' AND tablename = 'didprogaccesso')
UPDATE [coldescr] SET col_len = '8',col_precision = null,col_scale = null,description = null,kind = 'S',lt = {ts '2018-07-19 15:15:10.640'},lu = 'assistenza',primarykey = 'N',sql_declaration = 'datetime',sql_type = 'datetime',system_type = 'System.DateTime' WHERE colname = 'ct' AND tablename = 'didprogaccesso'
ELSE
INSERT INTO [coldescr] (colname,tablename,col_len,col_precision,col_scale,description,kind,lt,lu,primarykey,sql_declaration,sql_type,system_type) VALUES ('ct','didprogaccesso','8',null,null,null,'S',{ts '2018-07-19 15:15:10.640'},'assistenza','N','datetime','datetime','System.DateTime')
GO

IF exists(SELECT * FROM [coldescr] WHERE colname = 'cu' AND tablename = 'didprogaccesso')
UPDATE [coldescr] SET col_len = '64',col_precision = null,col_scale = null,description = null,kind = 'S',lt = {ts '2018-07-19 15:15:10.643'},lu = 'assistenza',primarykey = 'N',sql_declaration = 'varchar(64)',sql_type = 'varchar',system_type = 'System.String' WHERE colname = 'cu' AND tablename = 'didprogaccesso'
ELSE
INSERT INTO [coldescr] (colname,tablename,col_len,col_precision,col_scale,description,kind,lt,lu,primarykey,sql_declaration,sql_type,system_type) VALUES ('cu','didprogaccesso','64',null,null,null,'S',{ts '2018-07-19 15:15:10.643'},'assistenza','N','varchar(64)','varchar','System.String')
GO

IF exists(SELECT * FROM [coldescr] WHERE colname = 'idcorsostudio' AND tablename = 'didprogaccesso')
UPDATE [coldescr] SET col_len = '4',col_precision = null,col_scale = null,description = null,kind = 'S',lt = {ts '2019-10-09 17:09:27.457'},lu = 'assistenza',primarykey = 'S',sql_declaration = 'int',sql_type = 'int',system_type = 'System.Int32' WHERE colname = 'idcorsostudio' AND tablename = 'didprogaccesso'
ELSE
INSERT INTO [coldescr] (colname,tablename,col_len,col_precision,col_scale,description,kind,lt,lu,primarykey,sql_declaration,sql_type,system_type) VALUES ('idcorsostudio','didprogaccesso','4',null,null,null,'S',{ts '2019-10-09 17:09:27.457'},'assistenza','S','int','int','System.Int32')
GO

IF exists(SELECT * FROM [coldescr] WHERE colname = 'iddidprog' AND tablename = 'didprogaccesso')
UPDATE [coldescr] SET col_len = '4',col_precision = null,col_scale = null,description = 'test di ingresso',kind = 'S',lt = {ts '2019-04-12 10:52:14.827'},lu = 'assistenza',primarykey = 'S',sql_declaration = 'int',sql_type = 'int',system_type = 'System.Int32' WHERE colname = 'iddidprog' AND tablename = 'didprogaccesso'
ELSE
INSERT INTO [coldescr] (colname,tablename,col_len,col_precision,col_scale,description,kind,lt,lu,primarykey,sql_declaration,sql_type,system_type) VALUES ('iddidprog','didprogaccesso','4',null,null,'test di ingresso','S',{ts '2019-04-12 10:52:14.827'},'assistenza','S','int','int','System.Int32')
GO

IF exists(SELECT * FROM [coldescr] WHERE colname = 'iddidprog_acc' AND tablename = 'didprogaccesso')
UPDATE [coldescr] SET col_len = '4',col_precision = null,col_scale = null,description = 'didattica programmata a cui il test di ingresso da l''accesso',kind = 'S',lt = {ts '2019-04-12 10:51:55.630'},lu = 'assistenza',primarykey = 'S',sql_declaration = 'int',sql_type = 'int',system_type = 'System.Int32' WHERE colname = 'iddidprog_acc' AND tablename = 'didprogaccesso'
ELSE
INSERT INTO [coldescr] (colname,tablename,col_len,col_precision,col_scale,description,kind,lt,lu,primarykey,sql_declaration,sql_type,system_type) VALUES ('iddidprog_acc','didprogaccesso','4',null,null,'didattica programmata a cui il test di ingresso da l''accesso','S',{ts '2019-04-12 10:51:55.630'},'assistenza','S','int','int','System.Int32')
GO

IF exists(SELECT * FROM [coldescr] WHERE colname = 'lt' AND tablename = 'didprogaccesso')
UPDATE [coldescr] SET col_len = '8',col_precision = null,col_scale = null,description = null,kind = 'S',lt = {ts '2018-07-19 15:15:10.643'},lu = 'assistenza',primarykey = 'N',sql_declaration = 'datetime',sql_type = 'datetime',system_type = 'System.DateTime' WHERE colname = 'lt' AND tablename = 'didprogaccesso'
ELSE
INSERT INTO [coldescr] (colname,tablename,col_len,col_precision,col_scale,description,kind,lt,lu,primarykey,sql_declaration,sql_type,system_type) VALUES ('lt','didprogaccesso','8',null,null,null,'S',{ts '2018-07-19 15:15:10.643'},'assistenza','N','datetime','datetime','System.DateTime')
GO

IF exists(SELECT * FROM [coldescr] WHERE colname = 'lu' AND tablename = 'didprogaccesso')
UPDATE [coldescr] SET col_len = '64',col_precision = null,col_scale = null,description = null,kind = 'S',lt = {ts '2018-07-19 15:15:10.643'},lu = 'assistenza',primarykey = 'N',sql_declaration = 'varchar(64)',sql_type = 'varchar',system_type = 'System.String' WHERE colname = 'lu' AND tablename = 'didprogaccesso'
ELSE
INSERT INTO [coldescr] (colname,tablename,col_len,col_precision,col_scale,description,kind,lt,lu,primarykey,sql_declaration,sql_type,system_type) VALUES ('lu','didprogaccesso','64',null,null,null,'S',{ts '2018-07-19 15:15:10.643'},'assistenza','N','varchar(64)','varchar','System.String')
GO

-- FINE GENERAZIONE SCRIPT --


-- GENERAZIONE DATI PER relation --
IF exists(SELECT * FROM [relation] WHERE idrelation = '3266')
UPDATE [relation] SET childtable = 'didprogaccesso',description = 'iddidprog_test ? il test di ingresso, iddidprog_acc sono le programmate a cui il test da accesso',lt = {ts '2018-07-19 15:20:31.010'},lu = 'assistenza',parenttable = 'didprog',title = null WHERE idrelation = '3266'
ELSE
INSERT INTO [relation] (idrelation,childtable,description,lt,lu,parenttable,title) VALUES ('3266','didprogaccesso','iddidprog_test ? il test di ingresso, iddidprog_acc sono le programmate a cui il test da accesso',{ts '2018-07-19 15:20:31.010'},'assistenza','didprog',null)
GO

-- FINE GENERAZIONE SCRIPT --


-- GENERAZIONE DATI PER tabledescr --
IF exists(SELECT * FROM [tabledescr] WHERE tablename = 'didproganno')
UPDATE [tabledescr] SET description = '2.4.14 anno di corso',idapplication = '2',isdbo = 'S',lt = {ts '2018-07-19 17:40:07.860'},lu = 'assistenza',title = 'Anno di corso' WHERE tablename = 'didproganno'
ELSE
INSERT INTO [tabledescr] (tablename,description,idapplication,isdbo,lt,lu,title) VALUES ('didproganno','2.4.14 anno di corso','2','S',{ts '2018-07-19 17:40:07.860'},'assistenza','Anno di corso')
GO

-- FINE GENERAZIONE SCRIPT --


-- GENERAZIONE DATI PER coldescr --
IF exists(SELECT * FROM [coldescr] WHERE colname = 'aa' AND tablename = 'didproganno')
UPDATE [coldescr] SET col_len = '9',col_precision = null,col_scale = null,description = 'Anno Accademico',kind = 'S',lt = {ts '2019-09-23 16:08:14.717'},lu = 'assistenza',primarykey = 'S',sql_declaration = 'varchar(9)',sql_type = 'varchar',system_type = 'System.String' WHERE colname = 'aa' AND tablename = 'didproganno'
ELSE
INSERT INTO [coldescr] (colname,tablename,col_len,col_precision,col_scale,description,kind,lt,lu,primarykey,sql_declaration,sql_type,system_type) VALUES ('aa','didproganno','9',null,null,'Anno Accademico','S',{ts '2019-09-23 16:08:14.717'},'assistenza','S','varchar(9)','varchar','System.String')
GO

IF exists(SELECT * FROM [coldescr] WHERE colname = 'anno' AND tablename = 'didproganno')
UPDATE [coldescr] SET col_len = '4',col_precision = null,col_scale = null,description = null,kind = 'S',lt = {ts '2018-07-19 17:40:08.930'},lu = 'assistenza',primarykey = 'N',sql_declaration = 'int',sql_type = 'int',system_type = 'System.Int32' WHERE colname = 'anno' AND tablename = 'didproganno'
ELSE
INSERT INTO [coldescr] (colname,tablename,col_len,col_precision,col_scale,description,kind,lt,lu,primarykey,sql_declaration,sql_type,system_type) VALUES ('anno','didproganno','4',null,null,null,'S',{ts '2018-07-19 17:40:08.930'},'assistenza','N','int','int','System.Int32')
GO

IF exists(SELECT * FROM [coldescr] WHERE colname = 'cf' AND tablename = 'didproganno')
UPDATE [coldescr] SET col_len = '5',col_precision = '9',col_scale = '2',description = 'Crediti formativi',kind = 'S',lt = {ts '2019-09-11 17:22:40.777'},lu = 'assistenza',primarykey = 'N',sql_declaration = 'decimal(9,2)',sql_type = 'decimal',system_type = 'System.Decimal' WHERE colname = 'cf' AND tablename = 'didproganno'
ELSE
INSERT INTO [coldescr] (colname,tablename,col_len,col_precision,col_scale,description,kind,lt,lu,primarykey,sql_declaration,sql_type,system_type) VALUES ('cf','didproganno','5','9','2','Crediti formativi','S',{ts '2019-09-11 17:22:40.777'},'assistenza','N','decimal(9,2)','decimal','System.Decimal')
GO

IF exists(SELECT * FROM [coldescr] WHERE colname = 'ct' AND tablename = 'didproganno')
UPDATE [coldescr] SET col_len = '8',col_precision = null,col_scale = null,description = null,kind = 'S',lt = {ts '2018-07-19 17:40:08.930'},lu = 'assistenza',primarykey = 'N',sql_declaration = 'datetime',sql_type = 'datetime',system_type = 'System.DateTime' WHERE colname = 'ct' AND tablename = 'didproganno'
ELSE
INSERT INTO [coldescr] (colname,tablename,col_len,col_precision,col_scale,description,kind,lt,lu,primarykey,sql_declaration,sql_type,system_type) VALUES ('ct','didproganno','8',null,null,null,'S',{ts '2018-07-19 17:40:08.930'},'assistenza','N','datetime','datetime','System.DateTime')
GO

IF exists(SELECT * FROM [coldescr] WHERE colname = 'cu' AND tablename = 'didproganno')
UPDATE [coldescr] SET col_len = '64',col_precision = null,col_scale = null,description = null,kind = 'S',lt = {ts '2018-07-19 17:40:08.930'},lu = 'assistenza',primarykey = 'N',sql_declaration = 'varchar(64)',sql_type = 'varchar',system_type = 'System.String' WHERE colname = 'cu' AND tablename = 'didproganno'
ELSE
INSERT INTO [coldescr] (colname,tablename,col_len,col_precision,col_scale,description,kind,lt,lu,primarykey,sql_declaration,sql_type,system_type) VALUES ('cu','didproganno','64',null,null,null,'S',{ts '2018-07-19 17:40:08.930'},'assistenza','N','varchar(64)','varchar','System.String')
GO

IF exists(SELECT * FROM [coldescr] WHERE colname = 'idcorsostudio' AND tablename = 'didproganno')
UPDATE [coldescr] SET col_len = '4',col_precision = null,col_scale = null,description = null,kind = 'S',lt = {ts '2019-09-23 16:08:14.717'},lu = 'assistenza',primarykey = 'S',sql_declaration = 'int',sql_type = 'int',system_type = 'System.Int32' WHERE colname = 'idcorsostudio' AND tablename = 'didproganno'
ELSE
INSERT INTO [coldescr] (colname,tablename,col_len,col_precision,col_scale,description,kind,lt,lu,primarykey,sql_declaration,sql_type,system_type) VALUES ('idcorsostudio','didproganno','4',null,null,null,'S',{ts '2019-09-23 16:08:14.717'},'assistenza','S','int','int','System.Int32')
GO

IF exists(SELECT * FROM [coldescr] WHERE colname = 'iddidprog' AND tablename = 'didproganno')
UPDATE [coldescr] SET col_len = '4',col_precision = null,col_scale = null,description = null,kind = 'S',lt = {ts '2019-04-10 18:09:20.527'},lu = 'assistenza',primarykey = 'S',sql_declaration = 'int',sql_type = 'int',system_type = 'System.Int32' WHERE colname = 'iddidprog' AND tablename = 'didproganno'
ELSE
INSERT INTO [coldescr] (colname,tablename,col_len,col_precision,col_scale,description,kind,lt,lu,primarykey,sql_declaration,sql_type,system_type) VALUES ('iddidprog','didproganno','4',null,null,null,'S',{ts '2019-04-10 18:09:20.527'},'assistenza','S','int','int','System.Int32')
GO

IF exists(SELECT * FROM [coldescr] WHERE colname = 'iddidproganno' AND tablename = 'didproganno')
UPDATE [coldescr] SET col_len = '4',col_precision = null,col_scale = null,description = null,kind = 'S',lt = {ts '2018-07-19 17:40:08.930'},lu = 'assistenza',primarykey = 'S',sql_declaration = 'int',sql_type = 'int',system_type = 'System.Int32' WHERE colname = 'iddidproganno' AND tablename = 'didproganno'
ELSE
INSERT INTO [coldescr] (colname,tablename,col_len,col_precision,col_scale,description,kind,lt,lu,primarykey,sql_declaration,sql_type,system_type) VALUES ('iddidproganno','didproganno','4',null,null,null,'S',{ts '2018-07-19 17:40:08.930'},'assistenza','S','int','int','System.Int32')
GO

IF exists(SELECT * FROM [coldescr] WHERE colname = 'iddidprogcurr' AND tablename = 'didproganno')
UPDATE [coldescr] SET col_len = '4',col_precision = null,col_scale = null,description = null,kind = 'S',lt = {ts '2019-04-10 18:09:20.527'},lu = 'assistenza',primarykey = 'S',sql_declaration = 'int',sql_type = 'int',system_type = 'System.Int32' WHERE colname = 'iddidprogcurr' AND tablename = 'didproganno'
ELSE
INSERT INTO [coldescr] (colname,tablename,col_len,col_precision,col_scale,description,kind,lt,lu,primarykey,sql_declaration,sql_type,system_type) VALUES ('iddidprogcurr','didproganno','4',null,null,null,'S',{ts '2019-04-10 18:09:20.527'},'assistenza','S','int','int','System.Int32')
GO

IF exists(SELECT * FROM [coldescr] WHERE colname = 'iddidprogori' AND tablename = 'didproganno')
UPDATE [coldescr] SET col_len = '4',col_precision = null,col_scale = null,description = null,kind = 'S',lt = {ts '2019-04-10 18:09:20.527'},lu = 'assistenza',primarykey = 'S',sql_declaration = 'int',sql_type = 'int',system_type = 'System.Int32' WHERE colname = 'iddidprogori' AND tablename = 'didproganno'
ELSE
INSERT INTO [coldescr] (colname,tablename,col_len,col_precision,col_scale,description,kind,lt,lu,primarykey,sql_declaration,sql_type,system_type) VALUES ('iddidprogori','didproganno','4',null,null,null,'S',{ts '2019-04-10 18:09:20.527'},'assistenza','S','int','int','System.Int32')
GO

IF exists(SELECT * FROM [coldescr] WHERE colname = 'lt' AND tablename = 'didproganno')
UPDATE [coldescr] SET col_len = '8',col_precision = null,col_scale = null,description = null,kind = 'S',lt = {ts '2018-07-19 17:40:08.930'},lu = 'assistenza',primarykey = 'N',sql_declaration = 'datetime',sql_type = 'datetime',system_type = 'System.DateTime' WHERE colname = 'lt' AND tablename = 'didproganno'
ELSE
INSERT INTO [coldescr] (colname,tablename,col_len,col_precision,col_scale,description,kind,lt,lu,primarykey,sql_declaration,sql_type,system_type) VALUES ('lt','didproganno','8',null,null,null,'S',{ts '2018-07-19 17:40:08.930'},'assistenza','N','datetime','datetime','System.DateTime')
GO

IF exists(SELECT * FROM [coldescr] WHERE colname = 'lu' AND tablename = 'didproganno')
UPDATE [coldescr] SET col_len = '64',col_precision = null,col_scale = null,description = null,kind = 'S',lt = {ts '2018-07-19 17:40:08.930'},lu = 'assistenza',primarykey = 'N',sql_declaration = 'varchar(64)',sql_type = 'varchar',system_type = 'System.String' WHERE colname = 'lu' AND tablename = 'didproganno'
ELSE
INSERT INTO [coldescr] (colname,tablename,col_len,col_precision,col_scale,description,kind,lt,lu,primarykey,sql_declaration,sql_type,system_type) VALUES ('lu','didproganno','64',null,null,null,'S',{ts '2018-07-19 17:40:08.930'},'assistenza','N','varchar(64)','varchar','System.String')
GO

IF exists(SELECT * FROM [coldescr] WHERE colname = 'title' AND tablename = 'didproganno')
UPDATE [coldescr] SET col_len = '2048',col_precision = null,col_scale = null,description = 'Anno di corso',kind = 'S',lt = {ts '2020-09-29 18:05:47.037'},lu = 'assistenza',primarykey = 'N',sql_declaration = 'varchar(2048)',sql_type = 'varchar',system_type = 'System.String' WHERE colname = 'title' AND tablename = 'didproganno'
ELSE
INSERT INTO [coldescr] (colname,tablename,col_len,col_precision,col_scale,description,kind,lt,lu,primarykey,sql_declaration,sql_type,system_type) VALUES ('title','didproganno','2048',null,null,'Anno di corso','S',{ts '2020-09-29 18:05:47.037'},'assistenza','N','varchar(2048)','varchar','System.String')
GO

-- FINE GENERAZIONE SCRIPT --


-- GENERAZIONE DATI PER relation --
IF exists(SELECT * FROM [relation] WHERE idrelation = '3288')
UPDATE [relation] SET childtable = 'didproganno',description = 'orientamento che contiene l''anno',lt = {ts '2018-07-19 17:40:29.930'},lu = 'assistenza',parenttable = 'didprogori',title = null WHERE idrelation = '3288'
ELSE
INSERT INTO [relation] (idrelation,childtable,description,lt,lu,parenttable,title) VALUES ('3288','didproganno','orientamento che contiene l''anno',{ts '2018-07-19 17:40:29.930'},'assistenza','didprogori',null)
GO

-- FINE GENERAZIONE SCRIPT --


-- GENERAZIONE DATI PER tabledescr --
IF exists(SELECT * FROM [tabledescr] WHERE tablename = 'didprogcurr')
UPDATE [tabledescr] SET description = '2.4.10 curriculum',idapplication = '2',isdbo = 'S',lt = {ts '2018-07-19 17:37:31.307'},lu = 'assistenza',title = 'Curriculum della didattica programmata' WHERE tablename = 'didprogcurr'
ELSE
INSERT INTO [tabledescr] (tablename,description,idapplication,isdbo,lt,lu,title) VALUES ('didprogcurr','2.4.10 curriculum','2','S',{ts '2018-07-19 17:37:31.307'},'assistenza','Curriculum della didattica programmata')
GO

-- FINE GENERAZIONE SCRIPT --


-- GENERAZIONE DATI PER coldescr --
IF exists(SELECT * FROM [coldescr] WHERE colname = 'codice' AND tablename = 'didprogcurr')
UPDATE [coldescr] SET col_len = '50',col_precision = null,col_scale = null,description = null,kind = 'S',lt = {ts '2018-07-19 17:37:33.927'},lu = 'assistenza',primarykey = 'N',sql_declaration = 'varchar(50)',sql_type = 'varchar',system_type = 'System.String' WHERE colname = 'codice' AND tablename = 'didprogcurr'
ELSE
INSERT INTO [coldescr] (colname,tablename,col_len,col_precision,col_scale,description,kind,lt,lu,primarykey,sql_declaration,sql_type,system_type) VALUES ('codice','didprogcurr','50',null,null,null,'S',{ts '2018-07-19 17:37:33.927'},'assistenza','N','varchar(50)','varchar','System.String')
GO

IF exists(SELECT * FROM [coldescr] WHERE colname = 'codicemiur' AND tablename = 'didprogcurr')
UPDATE [coldescr] SET col_len = '50',col_precision = null,col_scale = null,description = 'Codice MIUR',kind = 'S',lt = {ts '2019-09-11 17:29:05.033'},lu = 'assistenza',primarykey = 'N',sql_declaration = 'varchar(50)',sql_type = 'varchar',system_type = 'System.String' WHERE colname = 'codicemiur' AND tablename = 'didprogcurr'
ELSE
INSERT INTO [coldescr] (colname,tablename,col_len,col_precision,col_scale,description,kind,lt,lu,primarykey,sql_declaration,sql_type,system_type) VALUES ('codicemiur','didprogcurr','50',null,null,'Codice MIUR','S',{ts '2019-09-11 17:29:05.033'},'assistenza','N','varchar(50)','varchar','System.String')
GO

IF exists(SELECT * FROM [coldescr] WHERE colname = 'ct' AND tablename = 'didprogcurr')
UPDATE [coldescr] SET col_len = '8',col_precision = null,col_scale = null,description = null,kind = 'S',lt = {ts '2018-07-19 17:37:33.927'},lu = 'assistenza',primarykey = 'N',sql_declaration = 'datetime',sql_type = 'datetime',system_type = 'System.DateTime' WHERE colname = 'ct' AND tablename = 'didprogcurr'
ELSE
INSERT INTO [coldescr] (colname,tablename,col_len,col_precision,col_scale,description,kind,lt,lu,primarykey,sql_declaration,sql_type,system_type) VALUES ('ct','didprogcurr','8',null,null,null,'S',{ts '2018-07-19 17:37:33.927'},'assistenza','N','datetime','datetime','System.DateTime')
GO

IF exists(SELECT * FROM [coldescr] WHERE colname = 'cu' AND tablename = 'didprogcurr')
UPDATE [coldescr] SET col_len = '64',col_precision = null,col_scale = null,description = null,kind = 'S',lt = {ts '2018-07-19 17:37:33.927'},lu = 'assistenza',primarykey = 'N',sql_declaration = 'varchar(64)',sql_type = 'varchar',system_type = 'System.String' WHERE colname = 'cu' AND tablename = 'didprogcurr'
ELSE
INSERT INTO [coldescr] (colname,tablename,col_len,col_precision,col_scale,description,kind,lt,lu,primarykey,sql_declaration,sql_type,system_type) VALUES ('cu','didprogcurr','64',null,null,null,'S',{ts '2018-07-19 17:37:33.927'},'assistenza','N','varchar(64)','varchar','System.String')
GO

IF exists(SELECT * FROM [coldescr] WHERE colname = 'idcorsostudio' AND tablename = 'didprogcurr')
UPDATE [coldescr] SET col_len = '4',col_precision = null,col_scale = null,description = null,kind = 'S',lt = {ts '2019-09-23 16:06:53.033'},lu = 'assistenza',primarykey = 'S',sql_declaration = 'int',sql_type = 'int',system_type = 'System.Int32' WHERE colname = 'idcorsostudio' AND tablename = 'didprogcurr'
ELSE
INSERT INTO [coldescr] (colname,tablename,col_len,col_precision,col_scale,description,kind,lt,lu,primarykey,sql_declaration,sql_type,system_type) VALUES ('idcorsostudio','didprogcurr','4',null,null,null,'S',{ts '2019-09-23 16:06:53.033'},'assistenza','S','int','int','System.Int32')
GO

IF exists(SELECT * FROM [coldescr] WHERE colname = 'iddidprog' AND tablename = 'didprogcurr')
UPDATE [coldescr] SET col_len = '4',col_precision = null,col_scale = null,description = null,kind = 'S',lt = {ts '2019-04-10 18:03:03.347'},lu = 'assistenza',primarykey = 'S',sql_declaration = 'int',sql_type = 'int',system_type = 'System.Int32' WHERE colname = 'iddidprog' AND tablename = 'didprogcurr'
ELSE
INSERT INTO [coldescr] (colname,tablename,col_len,col_precision,col_scale,description,kind,lt,lu,primarykey,sql_declaration,sql_type,system_type) VALUES ('iddidprog','didprogcurr','4',null,null,null,'S',{ts '2019-04-10 18:03:03.347'},'assistenza','S','int','int','System.Int32')
GO

IF exists(SELECT * FROM [coldescr] WHERE colname = 'iddidprogcurr' AND tablename = 'didprogcurr')
UPDATE [coldescr] SET col_len = '4',col_precision = null,col_scale = null,description = null,kind = 'S',lt = {ts '2018-07-19 17:37:33.927'},lu = 'assistenza',primarykey = 'S',sql_declaration = 'int',sql_type = 'int',system_type = 'System.Int32' WHERE colname = 'iddidprogcurr' AND tablename = 'didprogcurr'
ELSE
INSERT INTO [coldescr] (colname,tablename,col_len,col_precision,col_scale,description,kind,lt,lu,primarykey,sql_declaration,sql_type,system_type) VALUES ('iddidprogcurr','didprogcurr','4',null,null,null,'S',{ts '2018-07-19 17:37:33.927'},'assistenza','S','int','int','System.Int32')
GO

IF exists(SELECT * FROM [coldescr] WHERE colname = 'lt' AND tablename = 'didprogcurr')
UPDATE [coldescr] SET col_len = '8',col_precision = null,col_scale = null,description = null,kind = 'S',lt = {ts '2018-07-19 17:37:33.927'},lu = 'assistenza',primarykey = 'N',sql_declaration = 'datetime',sql_type = 'datetime',system_type = 'System.DateTime' WHERE colname = 'lt' AND tablename = 'didprogcurr'
ELSE
INSERT INTO [coldescr] (colname,tablename,col_len,col_precision,col_scale,description,kind,lt,lu,primarykey,sql_declaration,sql_type,system_type) VALUES ('lt','didprogcurr','8',null,null,null,'S',{ts '2018-07-19 17:37:33.927'},'assistenza','N','datetime','datetime','System.DateTime')
GO

IF exists(SELECT * FROM [coldescr] WHERE colname = 'lu' AND tablename = 'didprogcurr')
UPDATE [coldescr] SET col_len = '64',col_precision = null,col_scale = null,description = null,kind = 'S',lt = {ts '2018-07-19 17:37:33.927'},lu = 'assistenza',primarykey = 'N',sql_declaration = 'varchar(64)',sql_type = 'varchar',system_type = 'System.String' WHERE colname = 'lu' AND tablename = 'didprogcurr'
ELSE
INSERT INTO [coldescr] (colname,tablename,col_len,col_precision,col_scale,description,kind,lt,lu,primarykey,sql_declaration,sql_type,system_type) VALUES ('lu','didprogcurr','64',null,null,null,'S',{ts '2018-07-19 17:37:33.927'},'assistenza','N','varchar(64)','varchar','System.String')
GO

IF exists(SELECT * FROM [coldescr] WHERE colname = 'title' AND tablename = 'didprogcurr')
UPDATE [coldescr] SET col_len = '256',col_precision = null,col_scale = null,description = 'Denominazione',kind = 'S',lt = {ts '2019-09-11 17:29:05.033'},lu = 'assistenza',primarykey = 'N',sql_declaration = 'varchar(256)',sql_type = 'varchar',system_type = 'System.String' WHERE colname = 'title' AND tablename = 'didprogcurr'
ELSE
INSERT INTO [coldescr] (colname,tablename,col_len,col_precision,col_scale,description,kind,lt,lu,primarykey,sql_declaration,sql_type,system_type) VALUES ('title','didprogcurr','256',null,null,'Denominazione','S',{ts '2019-09-11 17:29:05.033'},'assistenza','N','varchar(256)','varchar','System.String')
GO

-- FINE GENERAZIONE SCRIPT --


-- GENERAZIONE DATI PER relation --
IF exists(SELECT * FROM [relation] WHERE idrelation = '3285')
UPDATE [relation] SET childtable = 'didprogcurr',description = 'didattica che contiene il curriculum',lt = {ts '2018-07-19 17:37:56.607'},lu = 'assistenza',parenttable = 'didprog',title = null WHERE idrelation = '3285'
ELSE
INSERT INTO [relation] (idrelation,childtable,description,lt,lu,parenttable,title) VALUES ('3285','didprogcurr','didattica che contiene il curriculum',{ts '2018-07-19 17:37:56.607'},'assistenza','didprog',null)
GO

-- FINE GENERAZIONE SCRIPT --


-- GENERAZIONE DATI PER tabledescr --
IF exists(SELECT * FROM [tabledescr] WHERE tablename = 'didproggrupp')
UPDATE [tabledescr] SET description = '2.4.16 gruppo opzionale',idapplication = '2',isdbo = 'S',lt = {ts '2018-07-19 17:35:29.090'},lu = 'assistenza',title = 'Gruppo opzionale' WHERE tablename = 'didproggrupp'
ELSE
INSERT INTO [tabledescr] (tablename,description,idapplication,isdbo,lt,lu,title) VALUES ('didproggrupp','2.4.16 gruppo opzionale','2','S',{ts '2018-07-19 17:35:29.090'},'assistenza','Gruppo opzionale')
GO

-- FINE GENERAZIONE SCRIPT --


-- GENERAZIONE DATI PER coldescr --
IF exists(SELECT * FROM [coldescr] WHERE colname = 'codice' AND tablename = 'didproggrupp')
UPDATE [coldescr] SET col_len = '50',col_precision = null,col_scale = null,description = null,kind = 'S',lt = {ts '2018-07-19 17:35:30.333'},lu = 'assistenza',primarykey = 'N',sql_declaration = 'varchar(50)',sql_type = 'varchar',system_type = 'System.String' WHERE colname = 'codice' AND tablename = 'didproggrupp'
ELSE
INSERT INTO [coldescr] (colname,tablename,col_len,col_precision,col_scale,description,kind,lt,lu,primarykey,sql_declaration,sql_type,system_type) VALUES ('codice','didproggrupp','50',null,null,null,'S',{ts '2018-07-19 17:35:30.333'},'assistenza','N','varchar(50)','varchar','System.String')
GO

IF exists(SELECT * FROM [coldescr] WHERE colname = 'ct' AND tablename = 'didproggrupp')
UPDATE [coldescr] SET col_len = '8',col_precision = null,col_scale = null,description = null,kind = 'S',lt = {ts '2018-07-19 17:35:30.337'},lu = 'assistenza',primarykey = 'N',sql_declaration = 'datetime',sql_type = 'datetime',system_type = 'System.DateTime' WHERE colname = 'ct' AND tablename = 'didproggrupp'
ELSE
INSERT INTO [coldescr] (colname,tablename,col_len,col_precision,col_scale,description,kind,lt,lu,primarykey,sql_declaration,sql_type,system_type) VALUES ('ct','didproggrupp','8',null,null,null,'S',{ts '2018-07-19 17:35:30.337'},'assistenza','N','datetime','datetime','System.DateTime')
GO

IF exists(SELECT * FROM [coldescr] WHERE colname = 'cu' AND tablename = 'didproggrupp')
UPDATE [coldescr] SET col_len = '64',col_precision = null,col_scale = null,description = null,kind = 'S',lt = {ts '2018-07-19 17:35:30.337'},lu = 'assistenza',primarykey = 'N',sql_declaration = 'varchar(64)',sql_type = 'varchar',system_type = 'System.String' WHERE colname = 'cu' AND tablename = 'didproggrupp'
ELSE
INSERT INTO [coldescr] (colname,tablename,col_len,col_precision,col_scale,description,kind,lt,lu,primarykey,sql_declaration,sql_type,system_type) VALUES ('cu','didproggrupp','64',null,null,null,'S',{ts '2018-07-19 17:35:30.337'},'assistenza','N','varchar(64)','varchar','System.String')
GO

IF exists(SELECT * FROM [coldescr] WHERE colname = 'idcorsostudio' AND tablename = 'didproggrupp')
UPDATE [coldescr] SET col_len = '4',col_precision = null,col_scale = null,description = null,kind = 'S',lt = {ts '2019-09-30 17:03:44.253'},lu = 'assistenza',primarykey = 'S',sql_declaration = 'int',sql_type = 'int',system_type = 'System.Int32' WHERE colname = 'idcorsostudio' AND tablename = 'didproggrupp'
ELSE
INSERT INTO [coldescr] (colname,tablename,col_len,col_precision,col_scale,description,kind,lt,lu,primarykey,sql_declaration,sql_type,system_type) VALUES ('idcorsostudio','didproggrupp','4',null,null,null,'S',{ts '2019-09-30 17:03:44.253'},'assistenza','S','int','int','System.Int32')
GO

IF exists(SELECT * FROM [coldescr] WHERE colname = 'iddidprog' AND tablename = 'didproggrupp')
UPDATE [coldescr] SET col_len = '4',col_precision = null,col_scale = null,description = null,kind = 'S',lt = {ts '2019-04-11 13:00:37.213'},lu = 'assistenza',primarykey = 'S',sql_declaration = 'int',sql_type = 'int',system_type = 'System.Int32' WHERE colname = 'iddidprog' AND tablename = 'didproggrupp'
ELSE
INSERT INTO [coldescr] (colname,tablename,col_len,col_precision,col_scale,description,kind,lt,lu,primarykey,sql_declaration,sql_type,system_type) VALUES ('iddidprog','didproggrupp','4',null,null,null,'S',{ts '2019-04-11 13:00:37.213'},'assistenza','S','int','int','System.Int32')
GO

IF exists(SELECT * FROM [coldescr] WHERE colname = 'iddidproggrupp' AND tablename = 'didproggrupp')
UPDATE [coldescr] SET col_len = '4',col_precision = null,col_scale = null,description = null,kind = 'S',lt = {ts '2018-07-19 17:35:30.337'},lu = 'assistenza',primarykey = 'S',sql_declaration = 'int',sql_type = 'int',system_type = 'System.Int32' WHERE colname = 'iddidproggrupp' AND tablename = 'didproggrupp'
ELSE
INSERT INTO [coldescr] (colname,tablename,col_len,col_precision,col_scale,description,kind,lt,lu,primarykey,sql_declaration,sql_type,system_type) VALUES ('iddidproggrupp','didproggrupp','4',null,null,null,'S',{ts '2018-07-19 17:35:30.337'},'assistenza','S','int','int','System.Int32')
GO

IF exists(SELECT * FROM [coldescr] WHERE colname = 'lt' AND tablename = 'didproggrupp')
UPDATE [coldescr] SET col_len = '8',col_precision = null,col_scale = null,description = null,kind = 'S',lt = {ts '2018-07-19 17:35:30.337'},lu = 'assistenza',primarykey = 'N',sql_declaration = 'datetime',sql_type = 'datetime',system_type = 'System.DateTime' WHERE colname = 'lt' AND tablename = 'didproggrupp'
ELSE
INSERT INTO [coldescr] (colname,tablename,col_len,col_precision,col_scale,description,kind,lt,lu,primarykey,sql_declaration,sql_type,system_type) VALUES ('lt','didproggrupp','8',null,null,null,'S',{ts '2018-07-19 17:35:30.337'},'assistenza','N','datetime','datetime','System.DateTime')
GO

IF exists(SELECT * FROM [coldescr] WHERE colname = 'lu' AND tablename = 'didproggrupp')
UPDATE [coldescr] SET col_len = '64',col_precision = null,col_scale = null,description = null,kind = 'S',lt = {ts '2018-07-19 17:35:30.337'},lu = 'assistenza',primarykey = 'N',sql_declaration = 'varchar(64)',sql_type = 'varchar',system_type = 'System.String' WHERE colname = 'lu' AND tablename = 'didproggrupp'
ELSE
INSERT INTO [coldescr] (colname,tablename,col_len,col_precision,col_scale,description,kind,lt,lu,primarykey,sql_declaration,sql_type,system_type) VALUES ('lu','didproggrupp','64',null,null,null,'S',{ts '2018-07-19 17:35:30.337'},'assistenza','N','varchar(64)','varchar','System.String')
GO

IF exists(SELECT * FROM [coldescr] WHERE colname = 'title' AND tablename = 'didproggrupp')
UPDATE [coldescr] SET col_len = '256',col_precision = null,col_scale = null,description = 'Denominazione',kind = 'S',lt = {ts '2019-09-11 17:30:13.987'},lu = 'assistenza',primarykey = 'N',sql_declaration = 'varchar(256)',sql_type = 'varchar',system_type = 'System.String' WHERE colname = 'title' AND tablename = 'didproggrupp'
ELSE
INSERT INTO [coldescr] (colname,tablename,col_len,col_precision,col_scale,description,kind,lt,lu,primarykey,sql_declaration,sql_type,system_type) VALUES ('title','didproggrupp','256',null,null,'Denominazione','S',{ts '2019-09-11 17:30:13.987'},'assistenza','N','varchar(256)','varchar','System.String')
GO

-- FINE GENERAZIONE SCRIPT --


-- GENERAZIONE DATI PER relation --
IF exists(SELECT * FROM [relation] WHERE idrelation = '3283')
UPDATE [relation] SET childtable = 'didproggrupp',description = 'didattica programmata che contiene il gruppo opzionale di insegnamenti',lt = {ts '2018-07-19 17:36:00.350'},lu = 'assistenza',parenttable = 'didprog',title = null WHERE idrelation = '3283'
ELSE
INSERT INTO [relation] (idrelation,childtable,description,lt,lu,parenttable,title) VALUES ('3283','didproggrupp','didattica programmata che contiene il gruppo opzionale di insegnamenti',{ts '2018-07-19 17:36:00.350'},'assistenza','didprog',null)
GO

-- FINE GENERAZIONE SCRIPT --


-- GENERAZIONE DATI PER tabledescr --
IF exists(SELECT * FROM [tabledescr] WHERE tablename = 'didprognumchiusokind')
UPDATE [tabledescr] SET description = 'VOCABOLARIO delle tipologie di accesso alla 2.4.1 Didattica programmata / Ordinamento didattico / Regolamento del corso di studi',idapplication = '2',isdbo = 'S',lt = {ts '2018-07-19 15:11:09.987'},lu = 'assistenza',title = 'VOCABOLARIO delle tipologie di accesso alla Didattica programmata / Ordinamento didattico / Re' WHERE tablename = 'didprognumchiusokind'
ELSE
INSERT INTO [tabledescr] (tablename,description,idapplication,isdbo,lt,lu,title) VALUES ('didprognumchiusokind','VOCABOLARIO delle tipologie di accesso alla 2.4.1 Didattica programmata / Ordinamento didattico / Regolamento del corso di studi','2','S',{ts '2018-07-19 15:11:09.987'},'assistenza','VOCABOLARIO delle tipologie di accesso alla Didattica programmata / Ordinamento didattico / Re')
GO

-- FINE GENERAZIONE SCRIPT --


-- GENERAZIONE DATI PER coldescr --
IF exists(SELECT * FROM [coldescr] WHERE colname = 'active' AND tablename = 'didprognumchiusokind')
UPDATE [coldescr] SET col_len = '1',col_precision = null,col_scale = null,description = null,kind = 'S',lt = {ts '2018-07-19 15:11:11.733'},lu = 'assistenza',primarykey = 'N',sql_declaration = 'char(1)',sql_type = 'char',system_type = 'System.String' WHERE colname = 'active' AND tablename = 'didprognumchiusokind'
ELSE
INSERT INTO [coldescr] (colname,tablename,col_len,col_precision,col_scale,description,kind,lt,lu,primarykey,sql_declaration,sql_type,system_type) VALUES ('active','didprognumchiusokind','1',null,null,null,'S',{ts '2018-07-19 15:11:11.733'},'assistenza','N','char(1)','char','System.String')
GO

IF exists(SELECT * FROM [coldescr] WHERE colname = 'iddidprognumchiusokind' AND tablename = 'didprognumchiusokind')
UPDATE [coldescr] SET col_len = '4',col_precision = null,col_scale = null,description = null,kind = 'S',lt = {ts '2018-07-19 15:11:11.733'},lu = 'assistenza',primarykey = 'S',sql_declaration = 'int',sql_type = 'int',system_type = 'System.Int32' WHERE colname = 'iddidprognumchiusokind' AND tablename = 'didprognumchiusokind'
ELSE
INSERT INTO [coldescr] (colname,tablename,col_len,col_precision,col_scale,description,kind,lt,lu,primarykey,sql_declaration,sql_type,system_type) VALUES ('iddidprognumchiusokind','didprognumchiusokind','4',null,null,null,'S',{ts '2018-07-19 15:11:11.733'},'assistenza','S','int','int','System.Int32')
GO

IF exists(SELECT * FROM [coldescr] WHERE colname = 'lt' AND tablename = 'didprognumchiusokind')
UPDATE [coldescr] SET col_len = '8',col_precision = null,col_scale = null,description = null,kind = 'S',lt = {ts '2018-07-19 15:11:11.733'},lu = 'assistenza',primarykey = 'N',sql_declaration = 'datetime',sql_type = 'datetime',system_type = 'System.DateTime' WHERE colname = 'lt' AND tablename = 'didprognumchiusokind'
ELSE
INSERT INTO [coldescr] (colname,tablename,col_len,col_precision,col_scale,description,kind,lt,lu,primarykey,sql_declaration,sql_type,system_type) VALUES ('lt','didprognumchiusokind','8',null,null,null,'S',{ts '2018-07-19 15:11:11.733'},'assistenza','N','datetime','datetime','System.DateTime')
GO

IF exists(SELECT * FROM [coldescr] WHERE colname = 'lu' AND tablename = 'didprognumchiusokind')
UPDATE [coldescr] SET col_len = '64',col_precision = null,col_scale = null,description = null,kind = 'S',lt = {ts '2018-07-19 15:11:11.733'},lu = 'assistenza',primarykey = 'N',sql_declaration = 'varchar(64)',sql_type = 'varchar',system_type = 'System.String' WHERE colname = 'lu' AND tablename = 'didprognumchiusokind'
ELSE
INSERT INTO [coldescr] (colname,tablename,col_len,col_precision,col_scale,description,kind,lt,lu,primarykey,sql_declaration,sql_type,system_type) VALUES ('lu','didprognumchiusokind','64',null,null,null,'S',{ts '2018-07-19 15:11:11.733'},'assistenza','N','varchar(64)','varchar','System.String')
GO

IF exists(SELECT * FROM [coldescr] WHERE colname = 'sortcode' AND tablename = 'didprognumchiusokind')
UPDATE [coldescr] SET col_len = '4',col_precision = null,col_scale = null,description = null,kind = 'S',lt = {ts '2018-07-19 15:11:11.733'},lu = 'assistenza',primarykey = 'N',sql_declaration = 'int',sql_type = 'int',system_type = 'System.Int32' WHERE colname = 'sortcode' AND tablename = 'didprognumchiusokind'
ELSE
INSERT INTO [coldescr] (colname,tablename,col_len,col_precision,col_scale,description,kind,lt,lu,primarykey,sql_declaration,sql_type,system_type) VALUES ('sortcode','didprognumchiusokind','4',null,null,null,'S',{ts '2018-07-19 15:11:11.733'},'assistenza','N','int','int','System.Int32')
GO

IF exists(SELECT * FROM [coldescr] WHERE colname = 'title' AND tablename = 'didprognumchiusokind')
UPDATE [coldescr] SET col_len = '50',col_precision = null,col_scale = null,description = null,kind = 'S',lt = {ts '2018-07-19 15:11:11.733'},lu = 'assistenza',primarykey = 'N',sql_declaration = 'varchar(50)',sql_type = 'varchar',system_type = 'System.String' WHERE colname = 'title' AND tablename = 'didprognumchiusokind'
ELSE
INSERT INTO [coldescr] (colname,tablename,col_len,col_precision,col_scale,description,kind,lt,lu,primarykey,sql_declaration,sql_type,system_type) VALUES ('title','didprognumchiusokind','50',null,null,null,'S',{ts '2018-07-19 15:11:11.733'},'assistenza','N','varchar(50)','varchar','System.String')
GO

-- FINE GENERAZIONE SCRIPT --


-- GENERAZIONE DATI PER relation --
IF exists(SELECT * FROM [relation] WHERE idrelation = '3264')
UPDATE [relation] SET childtable = 'didprognumchiusokind',description = 'didattica programmata di cui descrive la modalità di accesso',lt = {ts '2018-07-19 15:11:41.767'},lu = 'assistenza',parenttable = 'didprog',title = null WHERE idrelation = '3264'
ELSE
INSERT INTO [relation] (idrelation,childtable,description,lt,lu,parenttable,title) VALUES ('3264','didprognumchiusokind','didattica programmata di cui descrive la modalità di accesso',{ts '2018-07-19 15:11:41.767'},'assistenza','didprog',null)
GO

-- FINE GENERAZIONE SCRIPT --


-- GENERAZIONE DATI PER tabledescr --
IF exists(SELECT * FROM [tabledescr] WHERE tablename = 'didprogori')
UPDATE [tabledescr] SET description = '2.4.13 orientamento',idapplication = '2',isdbo = 'S',lt = {ts '2018-07-19 17:39:13.890'},lu = 'assistenza',title = 'Orientamento' WHERE tablename = 'didprogori'
ELSE
INSERT INTO [tabledescr] (tablename,description,idapplication,isdbo,lt,lu,title) VALUES ('didprogori','2.4.13 orientamento','2','S',{ts '2018-07-19 17:39:13.890'},'assistenza','Orientamento')
GO

-- FINE GENERAZIONE SCRIPT --


-- GENERAZIONE DATI PER coldescr --
IF exists(SELECT * FROM [coldescr] WHERE colname = 'codice' AND tablename = 'didprogori')
UPDATE [coldescr] SET col_len = '50',col_precision = null,col_scale = null,description = null,kind = 'S',lt = {ts '2018-07-19 17:39:16.863'},lu = 'assistenza',primarykey = 'N',sql_declaration = 'varchar(50)',sql_type = 'varchar',system_type = 'System.String' WHERE colname = 'codice' AND tablename = 'didprogori'
ELSE
INSERT INTO [coldescr] (colname,tablename,col_len,col_precision,col_scale,description,kind,lt,lu,primarykey,sql_declaration,sql_type,system_type) VALUES ('codice','didprogori','50',null,null,null,'S',{ts '2018-07-19 17:39:16.863'},'assistenza','N','varchar(50)','varchar','System.String')
GO

IF exists(SELECT * FROM [coldescr] WHERE colname = 'ct' AND tablename = 'didprogori')
UPDATE [coldescr] SET col_len = '8',col_precision = null,col_scale = null,description = null,kind = 'S',lt = {ts '2018-07-19 17:39:16.867'},lu = 'assistenza',primarykey = 'N',sql_declaration = 'datetime',sql_type = 'datetime',system_type = 'System.DateTime' WHERE colname = 'ct' AND tablename = 'didprogori'
ELSE
INSERT INTO [coldescr] (colname,tablename,col_len,col_precision,col_scale,description,kind,lt,lu,primarykey,sql_declaration,sql_type,system_type) VALUES ('ct','didprogori','8',null,null,null,'S',{ts '2018-07-19 17:39:16.867'},'assistenza','N','datetime','datetime','System.DateTime')
GO

IF exists(SELECT * FROM [coldescr] WHERE colname = 'cu' AND tablename = 'didprogori')
UPDATE [coldescr] SET col_len = '64',col_precision = null,col_scale = null,description = null,kind = 'S',lt = {ts '2018-07-19 17:39:16.867'},lu = 'assistenza',primarykey = 'N',sql_declaration = 'varchar(64)',sql_type = 'varchar',system_type = 'System.String' WHERE colname = 'cu' AND tablename = 'didprogori'
ELSE
INSERT INTO [coldescr] (colname,tablename,col_len,col_precision,col_scale,description,kind,lt,lu,primarykey,sql_declaration,sql_type,system_type) VALUES ('cu','didprogori','64',null,null,null,'S',{ts '2018-07-19 17:39:16.867'},'assistenza','N','varchar(64)','varchar','System.String')
GO

IF exists(SELECT * FROM [coldescr] WHERE colname = 'idcorsostudio' AND tablename = 'didprogori')
UPDATE [coldescr] SET col_len = '4',col_precision = null,col_scale = null,description = null,kind = 'S',lt = {ts '2019-09-23 16:08:02.303'},lu = 'assistenza',primarykey = 'N',sql_declaration = 'int',sql_type = 'int',system_type = 'System.Int32' WHERE colname = 'idcorsostudio' AND tablename = 'didprogori'
ELSE
INSERT INTO [coldescr] (colname,tablename,col_len,col_precision,col_scale,description,kind,lt,lu,primarykey,sql_declaration,sql_type,system_type) VALUES ('idcorsostudio','didprogori','4',null,null,null,'S',{ts '2019-09-23 16:08:02.303'},'assistenza','N','int','int','System.Int32')
GO

IF exists(SELECT * FROM [coldescr] WHERE colname = 'iddidprog' AND tablename = 'didprogori')
UPDATE [coldescr] SET col_len = '4',col_precision = null,col_scale = null,description = null,kind = 'S',lt = {ts '2019-04-10 18:05:39.970'},lu = 'assistenza',primarykey = 'S',sql_declaration = 'int',sql_type = 'int',system_type = 'System.Int32' WHERE colname = 'iddidprog' AND tablename = 'didprogori'
ELSE
INSERT INTO [coldescr] (colname,tablename,col_len,col_precision,col_scale,description,kind,lt,lu,primarykey,sql_declaration,sql_type,system_type) VALUES ('iddidprog','didprogori','4',null,null,null,'S',{ts '2019-04-10 18:05:39.970'},'assistenza','S','int','int','System.Int32')
GO

IF exists(SELECT * FROM [coldescr] WHERE colname = 'iddidprogcurr' AND tablename = 'didprogori')
UPDATE [coldescr] SET col_len = '4',col_precision = null,col_scale = null,description = null,kind = 'S',lt = {ts '2019-04-10 18:05:39.970'},lu = 'assistenza',primarykey = 'S',sql_declaration = 'int',sql_type = 'int',system_type = 'System.Int32' WHERE colname = 'iddidprogcurr' AND tablename = 'didprogori'
ELSE
INSERT INTO [coldescr] (colname,tablename,col_len,col_precision,col_scale,description,kind,lt,lu,primarykey,sql_declaration,sql_type,system_type) VALUES ('iddidprogcurr','didprogori','4',null,null,null,'S',{ts '2019-04-10 18:05:39.970'},'assistenza','S','int','int','System.Int32')
GO

IF exists(SELECT * FROM [coldescr] WHERE colname = 'iddidprogori' AND tablename = 'didprogori')
UPDATE [coldescr] SET col_len = '4',col_precision = null,col_scale = null,description = null,kind = 'S',lt = {ts '2018-07-19 17:39:16.867'},lu = 'assistenza',primarykey = 'S',sql_declaration = 'int',sql_type = 'int',system_type = 'System.Int32' WHERE colname = 'iddidprogori' AND tablename = 'didprogori'
ELSE
INSERT INTO [coldescr] (colname,tablename,col_len,col_precision,col_scale,description,kind,lt,lu,primarykey,sql_declaration,sql_type,system_type) VALUES ('iddidprogori','didprogori','4',null,null,null,'S',{ts '2018-07-19 17:39:16.867'},'assistenza','S','int','int','System.Int32')
GO

IF exists(SELECT * FROM [coldescr] WHERE colname = 'lt' AND tablename = 'didprogori')
UPDATE [coldescr] SET col_len = '8',col_precision = null,col_scale = null,description = null,kind = 'S',lt = {ts '2018-07-19 17:39:16.867'},lu = 'assistenza',primarykey = 'N',sql_declaration = 'datetime',sql_type = 'datetime',system_type = 'System.DateTime' WHERE colname = 'lt' AND tablename = 'didprogori'
ELSE
INSERT INTO [coldescr] (colname,tablename,col_len,col_precision,col_scale,description,kind,lt,lu,primarykey,sql_declaration,sql_type,system_type) VALUES ('lt','didprogori','8',null,null,null,'S',{ts '2018-07-19 17:39:16.867'},'assistenza','N','datetime','datetime','System.DateTime')
GO

IF exists(SELECT * FROM [coldescr] WHERE colname = 'lu' AND tablename = 'didprogori')
UPDATE [coldescr] SET col_len = '64',col_precision = null,col_scale = null,description = null,kind = 'S',lt = {ts '2018-07-19 17:39:16.867'},lu = 'assistenza',primarykey = 'N',sql_declaration = 'varchar(64)',sql_type = 'varchar',system_type = 'System.String' WHERE colname = 'lu' AND tablename = 'didprogori'
ELSE
INSERT INTO [coldescr] (colname,tablename,col_len,col_precision,col_scale,description,kind,lt,lu,primarykey,sql_declaration,sql_type,system_type) VALUES ('lu','didprogori','64',null,null,null,'S',{ts '2018-07-19 17:39:16.867'},'assistenza','N','varchar(64)','varchar','System.String')
GO

IF exists(SELECT * FROM [coldescr] WHERE colname = 'title' AND tablename = 'didprogori')
UPDATE [coldescr] SET col_len = '256',col_precision = null,col_scale = null,description = 'Denominazione',kind = 'S',lt = {ts '2019-09-11 17:30:45.773'},lu = 'assistenza',primarykey = 'N',sql_declaration = 'varchar(256)',sql_type = 'varchar',system_type = 'System.String' WHERE colname = 'title' AND tablename = 'didprogori'
ELSE
INSERT INTO [coldescr] (colname,tablename,col_len,col_precision,col_scale,description,kind,lt,lu,primarykey,sql_declaration,sql_type,system_type) VALUES ('title','didprogori','256',null,null,'Denominazione','S',{ts '2019-09-11 17:30:45.773'},'assistenza','N','varchar(256)','varchar','System.String')
GO

-- FINE GENERAZIONE SCRIPT --


-- GENERAZIONE DATI PER relation --
IF exists(SELECT * FROM [relation] WHERE idrelation = '3287')
UPDATE [relation] SET childtable = 'didprogori',description = 'curriculum che contiene l''orientamento',lt = {ts '2018-07-19 17:39:46.717'},lu = 'assistenza',parenttable = 'didprogcurr',title = null WHERE idrelation = '3287'
ELSE
INSERT INTO [relation] (idrelation,childtable,description,lt,lu,parenttable,title) VALUES ('3287','didprogori','curriculum che contiene l''orientamento',{ts '2018-07-19 17:39:46.717'},'assistenza','didprogcurr',null)
GO

-- FINE GENERAZIONE SCRIPT --


-- GENERAZIONE DATI PER tabledescr --
IF exists(SELECT * FROM [tabledescr] WHERE tablename = 'didprogporzanno')
UPDATE [tabledescr] SET description = '2.4.15 porzione d''anno',idapplication = '2',isdbo = 'S',lt = {ts '2020-09-29 18:07:06.157'},lu = 'assistenza',title = 'Porzione d''anno' WHERE tablename = 'didprogporzanno'
ELSE
INSERT INTO [tabledescr] (tablename,description,idapplication,isdbo,lt,lu,title) VALUES ('didprogporzanno','2.4.15 porzione d''anno','2','S',{ts '2020-09-29 18:07:06.157'},'assistenza','Porzione d''anno')
GO

-- FINE GENERAZIONE SCRIPT --


-- GENERAZIONE DATI PER coldescr --
IF exists(SELECT * FROM [coldescr] WHERE colname = 'aa' AND tablename = 'didprogporzanno')
UPDATE [coldescr] SET col_len = '9',col_precision = null,col_scale = null,description = null,kind = 'S',lt = {ts '2019-09-23 16:08:25.063'},lu = 'assistenza',primarykey = 'S',sql_declaration = 'varchar(9)',sql_type = 'varchar',system_type = 'System.String' WHERE colname = 'aa' AND tablename = 'didprogporzanno'
ELSE
INSERT INTO [coldescr] (colname,tablename,col_len,col_precision,col_scale,description,kind,lt,lu,primarykey,sql_declaration,sql_type,system_type) VALUES ('aa','didprogporzanno','9',null,null,null,'S',{ts '2019-09-23 16:08:25.063'},'assistenza','S','varchar(9)','varchar','System.String')
GO

IF exists(SELECT * FROM [coldescr] WHERE colname = 'ct' AND tablename = 'didprogporzanno')
UPDATE [coldescr] SET col_len = '8',col_precision = null,col_scale = null,description = null,kind = 'S',lt = {ts '2018-07-19 17:40:46.440'},lu = 'assistenza',primarykey = 'N',sql_declaration = 'datetime',sql_type = 'datetime',system_type = 'System.DateTime' WHERE colname = 'ct' AND tablename = 'didprogporzanno'
ELSE
INSERT INTO [coldescr] (colname,tablename,col_len,col_precision,col_scale,description,kind,lt,lu,primarykey,sql_declaration,sql_type,system_type) VALUES ('ct','didprogporzanno','8',null,null,null,'S',{ts '2018-07-19 17:40:46.440'},'assistenza','N','datetime','datetime','System.DateTime')
GO

IF exists(SELECT * FROM [coldescr] WHERE colname = 'cu' AND tablename = 'didprogporzanno')
UPDATE [coldescr] SET col_len = '64',col_precision = null,col_scale = null,description = null,kind = 'S',lt = {ts '2018-07-19 17:40:46.440'},lu = 'assistenza',primarykey = 'N',sql_declaration = 'varchar(64)',sql_type = 'varchar',system_type = 'System.String' WHERE colname = 'cu' AND tablename = 'didprogporzanno'
ELSE
INSERT INTO [coldescr] (colname,tablename,col_len,col_precision,col_scale,description,kind,lt,lu,primarykey,sql_declaration,sql_type,system_type) VALUES ('cu','didprogporzanno','64',null,null,null,'S',{ts '2018-07-19 17:40:46.440'},'assistenza','N','varchar(64)','varchar','System.String')
GO

IF exists(SELECT * FROM [coldescr] WHERE colname = 'idcorsostudio' AND tablename = 'didprogporzanno')
UPDATE [coldescr] SET col_len = '4',col_precision = null,col_scale = null,description = null,kind = 'S',lt = {ts '2019-09-23 16:08:25.063'},lu = 'assistenza',primarykey = 'S',sql_declaration = 'int',sql_type = 'int',system_type = 'System.Int32' WHERE colname = 'idcorsostudio' AND tablename = 'didprogporzanno'
ELSE
INSERT INTO [coldescr] (colname,tablename,col_len,col_precision,col_scale,description,kind,lt,lu,primarykey,sql_declaration,sql_type,system_type) VALUES ('idcorsostudio','didprogporzanno','4',null,null,null,'S',{ts '2019-09-23 16:08:25.063'},'assistenza','S','int','int','System.Int32')
GO

IF exists(SELECT * FROM [coldescr] WHERE colname = 'iddidprog' AND tablename = 'didprogporzanno')
UPDATE [coldescr] SET col_len = '4',col_precision = null,col_scale = null,description = null,kind = 'S',lt = {ts '2019-04-10 18:13:35.060'},lu = 'assistenza',primarykey = 'S',sql_declaration = 'int',sql_type = 'int',system_type = 'System.Int32' WHERE colname = 'iddidprog' AND tablename = 'didprogporzanno'
ELSE
INSERT INTO [coldescr] (colname,tablename,col_len,col_precision,col_scale,description,kind,lt,lu,primarykey,sql_declaration,sql_type,system_type) VALUES ('iddidprog','didprogporzanno','4',null,null,null,'S',{ts '2019-04-10 18:13:35.060'},'assistenza','S','int','int','System.Int32')
GO

IF exists(SELECT * FROM [coldescr] WHERE colname = 'iddidproganno' AND tablename = 'didprogporzanno')
UPDATE [coldescr] SET col_len = '4',col_precision = null,col_scale = null,description = null,kind = 'S',lt = {ts '2019-04-10 18:13:35.060'},lu = 'assistenza',primarykey = 'S',sql_declaration = 'int',sql_type = 'int',system_type = 'System.Int32' WHERE colname = 'iddidproganno' AND tablename = 'didprogporzanno'
ELSE
INSERT INTO [coldescr] (colname,tablename,col_len,col_precision,col_scale,description,kind,lt,lu,primarykey,sql_declaration,sql_type,system_type) VALUES ('iddidproganno','didprogporzanno','4',null,null,null,'S',{ts '2019-04-10 18:13:35.060'},'assistenza','S','int','int','System.Int32')
GO

IF exists(SELECT * FROM [coldescr] WHERE colname = 'iddidprogcurr' AND tablename = 'didprogporzanno')
UPDATE [coldescr] SET col_len = '4',col_precision = null,col_scale = null,description = null,kind = 'S',lt = {ts '2019-04-10 18:13:35.060'},lu = 'assistenza',primarykey = 'S',sql_declaration = 'int',sql_type = 'int',system_type = 'System.Int32' WHERE colname = 'iddidprogcurr' AND tablename = 'didprogporzanno'
ELSE
INSERT INTO [coldescr] (colname,tablename,col_len,col_precision,col_scale,description,kind,lt,lu,primarykey,sql_declaration,sql_type,system_type) VALUES ('iddidprogcurr','didprogporzanno','4',null,null,null,'S',{ts '2019-04-10 18:13:35.060'},'assistenza','S','int','int','System.Int32')
GO

IF exists(SELECT * FROM [coldescr] WHERE colname = 'iddidprogori' AND tablename = 'didprogporzanno')
UPDATE [coldescr] SET col_len = '4',col_precision = null,col_scale = null,description = null,kind = 'S',lt = {ts '2019-04-10 18:13:35.060'},lu = 'assistenza',primarykey = 'S',sql_declaration = 'int',sql_type = 'int',system_type = 'System.Int32' WHERE colname = 'iddidprogori' AND tablename = 'didprogporzanno'
ELSE
INSERT INTO [coldescr] (colname,tablename,col_len,col_precision,col_scale,description,kind,lt,lu,primarykey,sql_declaration,sql_type,system_type) VALUES ('iddidprogori','didprogporzanno','4',null,null,null,'S',{ts '2019-04-10 18:13:35.060'},'assistenza','S','int','int','System.Int32')
GO

IF exists(SELECT * FROM [coldescr] WHERE colname = 'iddidprogporzanno' AND tablename = 'didprogporzanno')
UPDATE [coldescr] SET col_len = '4',col_precision = null,col_scale = null,description = null,kind = 'S',lt = {ts '2018-07-19 17:40:46.440'},lu = 'assistenza',primarykey = 'S',sql_declaration = 'int',sql_type = 'int',system_type = 'System.Int32' WHERE colname = 'iddidprogporzanno' AND tablename = 'didprogporzanno'
ELSE
INSERT INTO [coldescr] (colname,tablename,col_len,col_precision,col_scale,description,kind,lt,lu,primarykey,sql_declaration,sql_type,system_type) VALUES ('iddidprogporzanno','didprogporzanno','4',null,null,null,'S',{ts '2018-07-19 17:40:46.440'},'assistenza','S','int','int','System.Int32')
GO

IF exists(SELECT * FROM [coldescr] WHERE colname = 'iddidprogporzannokind' AND tablename = 'didprogporzanno')
UPDATE [coldescr] SET col_len = '4',col_precision = null,col_scale = null,description = 'Durata',kind = 'S',lt = {ts '2019-09-10 16:42:14.627'},lu = 'assistenza',primarykey = 'N',sql_declaration = 'int',sql_type = 'int',system_type = 'System.Int32' WHERE colname = 'iddidprogporzannokind' AND tablename = 'didprogporzanno'
ELSE
INSERT INTO [coldescr] (colname,tablename,col_len,col_precision,col_scale,description,kind,lt,lu,primarykey,sql_declaration,sql_type,system_type) VALUES ('iddidprogporzannokind','didprogporzanno','4',null,null,'Durata','S',{ts '2019-09-10 16:42:14.627'},'assistenza','N','int','int','System.Int32')
GO

IF exists(SELECT * FROM [coldescr] WHERE colname = 'indice' AND tablename = 'didprogporzanno')
UPDATE [coldescr] SET col_len = '4',col_precision = null,col_scale = null,description = null,kind = 'S',lt = {ts '2018-07-19 17:40:46.440'},lu = 'assistenza',primarykey = 'N',sql_declaration = 'int',sql_type = 'int',system_type = 'System.Int32' WHERE colname = 'indice' AND tablename = 'didprogporzanno'
ELSE
INSERT INTO [coldescr] (colname,tablename,col_len,col_precision,col_scale,description,kind,lt,lu,primarykey,sql_declaration,sql_type,system_type) VALUES ('indice','didprogporzanno','4',null,null,null,'S',{ts '2018-07-19 17:40:46.440'},'assistenza','N','int','int','System.Int32')
GO

IF exists(SELECT * FROM [coldescr] WHERE colname = 'lt' AND tablename = 'didprogporzanno')
UPDATE [coldescr] SET col_len = '8',col_precision = null,col_scale = null,description = null,kind = 'S',lt = {ts '2018-07-19 17:40:46.440'},lu = 'assistenza',primarykey = 'N',sql_declaration = 'datetime',sql_type = 'datetime',system_type = 'System.DateTime' WHERE colname = 'lt' AND tablename = 'didprogporzanno'
ELSE
INSERT INTO [coldescr] (colname,tablename,col_len,col_precision,col_scale,description,kind,lt,lu,primarykey,sql_declaration,sql_type,system_type) VALUES ('lt','didprogporzanno','8',null,null,null,'S',{ts '2018-07-19 17:40:46.440'},'assistenza','N','datetime','datetime','System.DateTime')
GO

IF exists(SELECT * FROM [coldescr] WHERE colname = 'lu' AND tablename = 'didprogporzanno')
UPDATE [coldescr] SET col_len = '64',col_precision = null,col_scale = null,description = null,kind = 'S',lt = {ts '2018-07-19 17:40:46.443'},lu = 'assistenza',primarykey = 'N',sql_declaration = 'varchar(64)',sql_type = 'varchar',system_type = 'System.String' WHERE colname = 'lu' AND tablename = 'didprogporzanno'
ELSE
INSERT INTO [coldescr] (colname,tablename,col_len,col_precision,col_scale,description,kind,lt,lu,primarykey,sql_declaration,sql_type,system_type) VALUES ('lu','didprogporzanno','64',null,null,null,'S',{ts '2018-07-19 17:40:46.443'},'assistenza','N','varchar(64)','varchar','System.String')
GO

IF exists(SELECT * FROM [coldescr] WHERE colname = 'start' AND tablename = 'didprogporzanno')
UPDATE [coldescr] SET col_len = '3',col_precision = null,col_scale = null,description = 'Dal',kind = 'S',lt = {ts '2019-09-10 16:42:14.630'},lu = 'assistenza',primarykey = 'N',sql_declaration = 'date',sql_type = 'date',system_type = 'System.DateTime' WHERE colname = 'start' AND tablename = 'didprogporzanno'
ELSE
INSERT INTO [coldescr] (colname,tablename,col_len,col_precision,col_scale,description,kind,lt,lu,primarykey,sql_declaration,sql_type,system_type) VALUES ('start','didprogporzanno','3',null,null,'Dal','S',{ts '2019-09-10 16:42:14.630'},'assistenza','N','date','date','System.DateTime')
GO

IF exists(SELECT * FROM [coldescr] WHERE colname = 'stop' AND tablename = 'didprogporzanno')
UPDATE [coldescr] SET col_len = '3',col_precision = null,col_scale = null,description = 'Al',kind = 'S',lt = {ts '2019-09-10 16:42:14.630'},lu = 'assistenza',primarykey = 'N',sql_declaration = 'date',sql_type = 'date',system_type = 'System.DateTime' WHERE colname = 'stop' AND tablename = 'didprogporzanno'
ELSE
INSERT INTO [coldescr] (colname,tablename,col_len,col_precision,col_scale,description,kind,lt,lu,primarykey,sql_declaration,sql_type,system_type) VALUES ('stop','didprogporzanno','3',null,null,'Al','S',{ts '2019-09-10 16:42:14.630'},'assistenza','N','date','date','System.DateTime')
GO

IF exists(SELECT * FROM [coldescr] WHERE colname = 'title' AND tablename = 'didprogporzanno')
UPDATE [coldescr] SET col_len = '2048',col_precision = null,col_scale = null,description = 'Porzione d''anno',kind = 'S',lt = {ts '2020-09-29 18:06:49.133'},lu = 'assistenza',primarykey = 'N',sql_declaration = 'varchar(2048)',sql_type = 'varchar',system_type = 'System.String' WHERE colname = 'title' AND tablename = 'didprogporzanno'
ELSE
INSERT INTO [coldescr] (colname,tablename,col_len,col_precision,col_scale,description,kind,lt,lu,primarykey,sql_declaration,sql_type,system_type) VALUES ('title','didprogporzanno','2048',null,null,'Porzione d''anno','S',{ts '2020-09-29 18:06:49.133'},'assistenza','N','varchar(2048)','varchar','System.String')
GO

-- FINE GENERAZIONE SCRIPT --


-- GENERAZIONE DATI PER relation --
IF exists(SELECT * FROM [relation] WHERE idrelation = '3289')
UPDATE [relation] SET childtable = 'didprogporzanno',description = 'anno di corso che contiene la porzione d''anno',lt = {ts '2018-07-19 17:41:16.607'},lu = 'assistenza',parenttable = 'didproganno',title = null WHERE idrelation = '3289'
ELSE
INSERT INTO [relation] (idrelation,childtable,description,lt,lu,parenttable,title) VALUES ('3289','didprogporzanno','anno di corso che contiene la porzione d''anno',{ts '2018-07-19 17:41:16.607'},'assistenza','didproganno',null)
GO

-- FINE GENERAZIONE SCRIPT --


-- GENERAZIONE DATI PER tabledescr --
IF exists(SELECT * FROM [tabledescr] WHERE tablename = 'didprogsuddannokind')
UPDATE [tabledescr] SET description = 'VOCABOLARIO delle possibili partizioni dellanno',idapplication = '2',isdbo = 'S',lt = {ts '2018-07-19 15:21:05.130'},lu = 'assistenza',title = 'VOCABOLARIO delle possibili partizioni dellanno' WHERE tablename = 'didprogsuddannokind'
ELSE
INSERT INTO [tabledescr] (tablename,description,idapplication,isdbo,lt,lu,title) VALUES ('didprogsuddannokind','VOCABOLARIO delle possibili partizioni dellanno','2','S',{ts '2018-07-19 15:21:05.130'},'assistenza','VOCABOLARIO delle possibili partizioni dellanno')
GO

-- FINE GENERAZIONE SCRIPT --


-- GENERAZIONE DATI PER coldescr --
IF exists(SELECT * FROM [coldescr] WHERE colname = 'active' AND tablename = 'didprogsuddannokind')
UPDATE [coldescr] SET col_len = '1',col_precision = null,col_scale = null,description = null,kind = 'S',lt = {ts '2018-07-19 15:21:06.243'},lu = 'assistenza',primarykey = 'N',sql_declaration = 'char(1)',sql_type = 'char',system_type = 'System.String' WHERE colname = 'active' AND tablename = 'didprogsuddannokind'
ELSE
INSERT INTO [coldescr] (colname,tablename,col_len,col_precision,col_scale,description,kind,lt,lu,primarykey,sql_declaration,sql_type,system_type) VALUES ('active','didprogsuddannokind','1',null,null,null,'S',{ts '2018-07-19 15:21:06.243'},'assistenza','N','char(1)','char','System.String')
GO

IF exists(SELECT * FROM [coldescr] WHERE colname = 'iddidprogsuddannokind' AND tablename = 'didprogsuddannokind')
UPDATE [coldescr] SET col_len = '4',col_precision = null,col_scale = null,description = null,kind = 'S',lt = {ts '2018-07-19 15:21:06.243'},lu = 'assistenza',primarykey = 'S',sql_declaration = 'int',sql_type = 'int',system_type = 'System.Int32' WHERE colname = 'iddidprogsuddannokind' AND tablename = 'didprogsuddannokind'
ELSE
INSERT INTO [coldescr] (colname,tablename,col_len,col_precision,col_scale,description,kind,lt,lu,primarykey,sql_declaration,sql_type,system_type) VALUES ('iddidprogsuddannokind','didprogsuddannokind','4',null,null,null,'S',{ts '2018-07-19 15:21:06.243'},'assistenza','S','int','int','System.Int32')
GO

IF exists(SELECT * FROM [coldescr] WHERE colname = 'lt' AND tablename = 'didprogsuddannokind')
UPDATE [coldescr] SET col_len = '8',col_precision = null,col_scale = null,description = null,kind = 'S',lt = {ts '2018-07-19 15:21:06.243'},lu = 'assistenza',primarykey = 'N',sql_declaration = 'datetime',sql_type = 'datetime',system_type = 'System.DateTime' WHERE colname = 'lt' AND tablename = 'didprogsuddannokind'
ELSE
INSERT INTO [coldescr] (colname,tablename,col_len,col_precision,col_scale,description,kind,lt,lu,primarykey,sql_declaration,sql_type,system_type) VALUES ('lt','didprogsuddannokind','8',null,null,null,'S',{ts '2018-07-19 15:21:06.243'},'assistenza','N','datetime','datetime','System.DateTime')
GO

IF exists(SELECT * FROM [coldescr] WHERE colname = 'lu' AND tablename = 'didprogsuddannokind')
UPDATE [coldescr] SET col_len = '64',col_precision = null,col_scale = null,description = null,kind = 'S',lt = {ts '2018-07-19 15:21:06.243'},lu = 'assistenza',primarykey = 'N',sql_declaration = 'varchar(64)',sql_type = 'varchar',system_type = 'System.String' WHERE colname = 'lu' AND tablename = 'didprogsuddannokind'
ELSE
INSERT INTO [coldescr] (colname,tablename,col_len,col_precision,col_scale,description,kind,lt,lu,primarykey,sql_declaration,sql_type,system_type) VALUES ('lu','didprogsuddannokind','64',null,null,null,'S',{ts '2018-07-19 15:21:06.243'},'assistenza','N','varchar(64)','varchar','System.String')
GO

IF exists(SELECT * FROM [coldescr] WHERE colname = 'sortcode' AND tablename = 'didprogsuddannokind')
UPDATE [coldescr] SET col_len = '4',col_precision = null,col_scale = null,description = null,kind = 'S',lt = {ts '2018-07-19 15:21:06.243'},lu = 'assistenza',primarykey = 'N',sql_declaration = 'int',sql_type = 'int',system_type = 'System.Int32' WHERE colname = 'sortcode' AND tablename = 'didprogsuddannokind'
ELSE
INSERT INTO [coldescr] (colname,tablename,col_len,col_precision,col_scale,description,kind,lt,lu,primarykey,sql_declaration,sql_type,system_type) VALUES ('sortcode','didprogsuddannokind','4',null,null,null,'S',{ts '2018-07-19 15:21:06.243'},'assistenza','N','int','int','System.Int32')
GO

IF exists(SELECT * FROM [coldescr] WHERE colname = 'title' AND tablename = 'didprogsuddannokind')
UPDATE [coldescr] SET col_len = '50',col_precision = null,col_scale = null,description = null,kind = 'S',lt = {ts '2018-07-19 15:21:06.243'},lu = 'assistenza',primarykey = 'N',sql_declaration = 'varchar(50)',sql_type = 'varchar',system_type = 'System.String' WHERE colname = 'title' AND tablename = 'didprogsuddannokind'
ELSE
INSERT INTO [coldescr] (colname,tablename,col_len,col_precision,col_scale,description,kind,lt,lu,primarykey,sql_declaration,sql_type,system_type) VALUES ('title','didprogsuddannokind','50',null,null,null,'S',{ts '2018-07-19 15:21:06.243'},'assistenza','N','varchar(50)','varchar','System.String')
GO

-- FINE GENERAZIONE SCRIPT --


-- GENERAZIONE DATI PER relation --
IF exists(SELECT * FROM [relation] WHERE idrelation = '3267')
UPDATE [relation] SET childtable = 'didprogsuddannokind',description = 'didattica programmata di cui descrive la partizione temporale',lt = {ts '2018-07-19 15:22:07.847'},lu = 'assistenza',parenttable = 'didprog',title = null WHERE idrelation = '3267'
ELSE
INSERT INTO [relation] (idrelation,childtable,description,lt,lu,parenttable,title) VALUES ('3267','didprogsuddannokind','didattica programmata di cui descrive la partizione temporale',{ts '2018-07-19 15:22:07.847'},'assistenza','didprog',null)
GO

-- FINE GENERAZIONE SCRIPT --


-- GENERAZIONE DATI PER tabledescr --
IF exists(SELECT * FROM [tabledescr] WHERE tablename = 'duratakind')
UPDATE [tabledescr] SET description = 'VOCABOLARIO della durate possibili',idapplication = '2',isdbo = 'S',lt = {ts '2018-07-18 17:27:54.520'},lu = 'assistenza',title = 'VOCABOLARIO della durate possibili' WHERE tablename = 'duratakind'
ELSE
INSERT INTO [tabledescr] (tablename,description,idapplication,isdbo,lt,lu,title) VALUES ('duratakind','VOCABOLARIO della durate possibili','2','S',{ts '2018-07-18 17:27:54.520'},'assistenza','VOCABOLARIO della durate possibili')
GO

-- FINE GENERAZIONE SCRIPT --


-- GENERAZIONE DATI PER coldescr --
IF exists(SELECT * FROM [coldescr] WHERE colname = 'active' AND tablename = 'duratakind')
UPDATE [coldescr] SET col_len = '1',col_precision = null,col_scale = null,description = null,kind = 'S',lt = {ts '2018-07-18 17:28:03.167'},lu = 'assistenza',primarykey = 'N',sql_declaration = 'char(1)',sql_type = 'char',system_type = 'System.String' WHERE colname = 'active' AND tablename = 'duratakind'
ELSE
INSERT INTO [coldescr] (colname,tablename,col_len,col_precision,col_scale,description,kind,lt,lu,primarykey,sql_declaration,sql_type,system_type) VALUES ('active','duratakind','1',null,null,null,'S',{ts '2018-07-18 17:28:03.167'},'assistenza','N','char(1)','char','System.String')
GO

IF exists(SELECT * FROM [coldescr] WHERE colname = 'idduratakind' AND tablename = 'duratakind')
UPDATE [coldescr] SET col_len = '4',col_precision = null,col_scale = null,description = null,kind = 'S',lt = {ts '2018-07-18 17:28:03.167'},lu = 'assistenza',primarykey = 'S',sql_declaration = 'int',sql_type = 'int',system_type = 'System.Int32' WHERE colname = 'idduratakind' AND tablename = 'duratakind'
ELSE
INSERT INTO [coldescr] (colname,tablename,col_len,col_precision,col_scale,description,kind,lt,lu,primarykey,sql_declaration,sql_type,system_type) VALUES ('idduratakind','duratakind','4',null,null,null,'S',{ts '2018-07-18 17:28:03.167'},'assistenza','S','int','int','System.Int32')
GO

IF exists(SELECT * FROM [coldescr] WHERE colname = 'sortcode' AND tablename = 'duratakind')
UPDATE [coldescr] SET col_len = '4',col_precision = null,col_scale = null,description = null,kind = 'S',lt = {ts '2018-07-18 17:28:03.167'},lu = 'assistenza',primarykey = 'N',sql_declaration = 'int',sql_type = 'int',system_type = 'System.Int32' WHERE colname = 'sortcode' AND tablename = 'duratakind'
ELSE
INSERT INTO [coldescr] (colname,tablename,col_len,col_precision,col_scale,description,kind,lt,lu,primarykey,sql_declaration,sql_type,system_type) VALUES ('sortcode','duratakind','4',null,null,null,'S',{ts '2018-07-18 17:28:03.167'},'assistenza','N','int','int','System.Int32')
GO

IF exists(SELECT * FROM [coldescr] WHERE colname = 'title' AND tablename = 'duratakind')
UPDATE [coldescr] SET col_len = '50',col_precision = null,col_scale = null,description = null,kind = 'S',lt = {ts '2018-07-18 17:28:03.167'},lu = 'assistenza',primarykey = 'N',sql_declaration = 'varchar(50)',sql_type = 'varchar',system_type = 'System.String' WHERE colname = 'title' AND tablename = 'duratakind'
ELSE
INSERT INTO [coldescr] (colname,tablename,col_len,col_precision,col_scale,description,kind,lt,lu,primarykey,sql_declaration,sql_type,system_type) VALUES ('title','duratakind','50',null,null,null,'S',{ts '2018-07-18 17:28:03.167'},'assistenza','N','varchar(50)','varchar','System.String')
GO

-- FINE GENERAZIONE SCRIPT --


-- GENERAZIONE DATI PER tabledescr --
IF exists(SELECT * FROM [tabledescr] WHERE tablename = 'edificio')
UPDATE [tabledescr] SET description = '2.4.25 Edifici',idapplication = '3',isdbo = 'S',lt = {ts '2021-02-19 16:20:26.107'},lu = 'assistenza',title = 'Edifici' WHERE tablename = 'edificio'
ELSE
INSERT INTO [tabledescr] (tablename,description,idapplication,isdbo,lt,lu,title) VALUES ('edificio','2.4.25 Edifici','3','S',{ts '2021-02-19 16:20:26.107'},'assistenza','Edifici')
GO

-- FINE GENERAZIONE SCRIPT --


-- GENERAZIONE DATI PER coldescr --
IF exists(SELECT * FROM [coldescr] WHERE colname = 'address' AND tablename = 'edificio')
UPDATE [coldescr] SET col_len = '100',col_precision = null,col_scale = null,description = 'Indirizzo',kind = 'S',lt = {ts '2019-09-24 15:51:46.880'},lu = 'assistenza',primarykey = 'N',sql_declaration = 'varchar(100)',sql_type = 'varchar',system_type = 'System.String' WHERE colname = 'address' AND tablename = 'edificio'
ELSE
INSERT INTO [coldescr] (colname,tablename,col_len,col_precision,col_scale,description,kind,lt,lu,primarykey,sql_declaration,sql_type,system_type) VALUES ('address','edificio','100',null,null,'Indirizzo','S',{ts '2019-09-24 15:51:46.880'},'assistenza','N','varchar(100)','varchar','System.String')
GO

IF exists(SELECT * FROM [coldescr] WHERE colname = 'cap' AND tablename = 'edificio')
UPDATE [coldescr] SET col_len = '20',col_precision = null,col_scale = null,description = 'CAP',kind = 'S',lt = {ts '2019-09-24 15:51:46.880'},lu = 'assistenza',primarykey = 'N',sql_declaration = 'varchar(20)',sql_type = 'varchar',system_type = 'System.String' WHERE colname = 'cap' AND tablename = 'edificio'
ELSE
INSERT INTO [coldescr] (colname,tablename,col_len,col_precision,col_scale,description,kind,lt,lu,primarykey,sql_declaration,sql_type,system_type) VALUES ('cap','edificio','20',null,null,'CAP','S',{ts '2019-09-24 15:51:46.880'},'assistenza','N','varchar(20)','varchar','System.String')
GO

IF exists(SELECT * FROM [coldescr] WHERE colname = 'code' AND tablename = 'edificio')
UPDATE [coldescr] SET col_len = '128',col_precision = null,col_scale = null,description = 'Codice',kind = 'S',lt = {ts '2019-09-24 16:14:57.153'},lu = 'assistenza',primarykey = 'N',sql_declaration = 'varchar(128)',sql_type = 'varchar',system_type = 'System.String' WHERE colname = 'code' AND tablename = 'edificio'
ELSE
INSERT INTO [coldescr] (colname,tablename,col_len,col_precision,col_scale,description,kind,lt,lu,primarykey,sql_declaration,sql_type,system_type) VALUES ('code','edificio','128',null,null,'Codice','S',{ts '2019-09-24 16:14:57.153'},'assistenza','N','varchar(128)','varchar','System.String')
GO

IF exists(SELECT * FROM [coldescr] WHERE colname = 'ct' AND tablename = 'edificio')
UPDATE [coldescr] SET col_len = '8',col_precision = null,col_scale = null,description = null,kind = 'S',lt = {ts '2019-09-24 15:50:27.677'},lu = 'assistenza',primarykey = 'N',sql_declaration = 'datetime',sql_type = 'datetime',system_type = 'System.DateTime' WHERE colname = 'ct' AND tablename = 'edificio'
ELSE
INSERT INTO [coldescr] (colname,tablename,col_len,col_precision,col_scale,description,kind,lt,lu,primarykey,sql_declaration,sql_type,system_type) VALUES ('ct','edificio','8',null,null,null,'S',{ts '2019-09-24 15:50:27.677'},'assistenza','N','datetime','datetime','System.DateTime')
GO

IF exists(SELECT * FROM [coldescr] WHERE colname = 'cu' AND tablename = 'edificio')
UPDATE [coldescr] SET col_len = '64',col_precision = null,col_scale = null,description = null,kind = 'S',lt = {ts '2019-09-24 15:50:27.677'},lu = 'assistenza',primarykey = 'N',sql_declaration = 'varchar(64)',sql_type = 'varchar',system_type = 'System.String' WHERE colname = 'cu' AND tablename = 'edificio'
ELSE
INSERT INTO [coldescr] (colname,tablename,col_len,col_precision,col_scale,description,kind,lt,lu,primarykey,sql_declaration,sql_type,system_type) VALUES ('cu','edificio','64',null,null,null,'S',{ts '2019-09-24 15:50:27.677'},'assistenza','N','varchar(64)','varchar','System.String')
GO

IF exists(SELECT * FROM [coldescr] WHERE colname = 'idcity' AND tablename = 'edificio')
UPDATE [coldescr] SET col_len = '4',col_precision = null,col_scale = null,description = 'Città',kind = 'S',lt = {ts '2020-10-08 15:15:09.750'},lu = 'assistenza',primarykey = 'N',sql_declaration = 'int',sql_type = 'int',system_type = 'System.Int32' WHERE colname = 'idcity' AND tablename = 'edificio'
ELSE
INSERT INTO [coldescr] (colname,tablename,col_len,col_precision,col_scale,description,kind,lt,lu,primarykey,sql_declaration,sql_type,system_type) VALUES ('idcity','edificio','4',null,null,'Città','S',{ts '2020-10-08 15:15:09.750'},'assistenza','N','int','int','System.Int32')
GO

IF exists(SELECT * FROM [coldescr] WHERE colname = 'idedificio' AND tablename = 'edificio')
UPDATE [coldescr] SET col_len = '4',col_precision = null,col_scale = null,description = 'Edificio',kind = 'S',lt = {ts '2019-09-24 15:51:46.880'},lu = 'assistenza',primarykey = 'S',sql_declaration = 'int',sql_type = 'int',system_type = 'System.Int32' WHERE colname = 'idedificio' AND tablename = 'edificio'
ELSE
INSERT INTO [coldescr] (colname,tablename,col_len,col_precision,col_scale,description,kind,lt,lu,primarykey,sql_declaration,sql_type,system_type) VALUES ('idedificio','edificio','4',null,null,'Edificio','S',{ts '2019-09-24 15:51:46.880'},'assistenza','S','int','int','System.Int32')
GO

IF exists(SELECT * FROM [coldescr] WHERE colname = 'idnation' AND tablename = 'edificio')
UPDATE [coldescr] SET col_len = '4',col_precision = null,col_scale = null,description = 'Nazione',kind = 'S',lt = {ts '2019-09-24 15:51:46.880'},lu = 'assistenza',primarykey = 'N',sql_declaration = 'int',sql_type = 'int',system_type = 'System.Int32' WHERE colname = 'idnation' AND tablename = 'edificio'
ELSE
INSERT INTO [coldescr] (colname,tablename,col_len,col_precision,col_scale,description,kind,lt,lu,primarykey,sql_declaration,sql_type,system_type) VALUES ('idnation','edificio','4',null,null,'Nazione','S',{ts '2019-09-24 15:51:46.880'},'assistenza','N','int','int','System.Int32')
GO

IF exists(SELECT * FROM [coldescr] WHERE colname = 'idsede' AND tablename = 'edificio')
UPDATE [coldescr] SET col_len = '4',col_precision = null,col_scale = null,description = 'Sede',kind = 'S',lt = {ts '2019-09-24 15:51:46.880'},lu = 'assistenza',primarykey = 'S',sql_declaration = 'int',sql_type = 'int',system_type = 'System.Int32' WHERE colname = 'idsede' AND tablename = 'edificio'
ELSE
INSERT INTO [coldescr] (colname,tablename,col_len,col_precision,col_scale,description,kind,lt,lu,primarykey,sql_declaration,sql_type,system_type) VALUES ('idsede','edificio','4',null,null,'Sede','S',{ts '2019-09-24 15:51:46.880'},'assistenza','S','int','int','System.Int32')
GO

IF exists(SELECT * FROM [coldescr] WHERE colname = 'latitude' AND tablename = 'edificio')
UPDATE [coldescr] SET col_len = '8',col_precision = null,col_scale = null,description = 'Latitudine',kind = 'S',lt = {ts '2019-09-24 15:51:46.880'},lu = 'assistenza',primarykey = 'N',sql_declaration = 'float',sql_type = 'float',system_type = 'System.Double' WHERE colname = 'latitude' AND tablename = 'edificio'
ELSE
INSERT INTO [coldescr] (colname,tablename,col_len,col_precision,col_scale,description,kind,lt,lu,primarykey,sql_declaration,sql_type,system_type) VALUES ('latitude','edificio','8',null,null,'Latitudine','S',{ts '2019-09-24 15:51:46.880'},'assistenza','N','float','float','System.Double')
GO

IF exists(SELECT * FROM [coldescr] WHERE colname = 'location' AND tablename = 'edificio')
UPDATE [coldescr] SET col_len = '20',col_precision = null,col_scale = null,description = 'Località',kind = 'S',lt = {ts '2020-10-08 15:15:09.750'},lu = 'assistenza',primarykey = 'N',sql_declaration = 'varchar(20)',sql_type = 'varchar',system_type = 'System.String' WHERE colname = 'location' AND tablename = 'edificio'
ELSE
INSERT INTO [coldescr] (colname,tablename,col_len,col_precision,col_scale,description,kind,lt,lu,primarykey,sql_declaration,sql_type,system_type) VALUES ('location','edificio','20',null,null,'Località','S',{ts '2020-10-08 15:15:09.750'},'assistenza','N','varchar(20)','varchar','System.String')
GO

IF exists(SELECT * FROM [coldescr] WHERE colname = 'longitude' AND tablename = 'edificio')
UPDATE [coldescr] SET col_len = '8',col_precision = null,col_scale = null,description = 'Longitudine',kind = 'S',lt = {ts '2019-09-24 15:51:46.880'},lu = 'assistenza',primarykey = 'N',sql_declaration = 'float',sql_type = 'float',system_type = 'System.Double' WHERE colname = 'longitude' AND tablename = 'edificio'
ELSE
INSERT INTO [coldescr] (colname,tablename,col_len,col_precision,col_scale,description,kind,lt,lu,primarykey,sql_declaration,sql_type,system_type) VALUES ('longitude','edificio','8',null,null,'Longitudine','S',{ts '2019-09-24 15:51:46.880'},'assistenza','N','float','float','System.Double')
GO

IF exists(SELECT * FROM [coldescr] WHERE colname = 'lt' AND tablename = 'edificio')
UPDATE [coldescr] SET col_len = '8',col_precision = null,col_scale = null,description = null,kind = 'S',lt = {ts '2019-09-24 15:50:27.677'},lu = 'assistenza',primarykey = 'N',sql_declaration = 'datetime',sql_type = 'datetime',system_type = 'System.DateTime' WHERE colname = 'lt' AND tablename = 'edificio'
ELSE
INSERT INTO [coldescr] (colname,tablename,col_len,col_precision,col_scale,description,kind,lt,lu,primarykey,sql_declaration,sql_type,system_type) VALUES ('lt','edificio','8',null,null,null,'S',{ts '2019-09-24 15:50:27.677'},'assistenza','N','datetime','datetime','System.DateTime')
GO

IF exists(SELECT * FROM [coldescr] WHERE colname = 'lu' AND tablename = 'edificio')
UPDATE [coldescr] SET col_len = '64',col_precision = null,col_scale = null,description = null,kind = 'S',lt = {ts '2019-09-24 15:50:27.677'},lu = 'assistenza',primarykey = 'N',sql_declaration = 'varchar(64)',sql_type = 'varchar',system_type = 'System.String' WHERE colname = 'lu' AND tablename = 'edificio'
ELSE
INSERT INTO [coldescr] (colname,tablename,col_len,col_precision,col_scale,description,kind,lt,lu,primarykey,sql_declaration,sql_type,system_type) VALUES ('lu','edificio','64',null,null,null,'S',{ts '2019-09-24 15:50:27.677'},'assistenza','N','varchar(64)','varchar','System.String')
GO

IF exists(SELECT * FROM [coldescr] WHERE colname = 'title' AND tablename = 'edificio')
UPDATE [coldescr] SET col_len = '1024',col_precision = null,col_scale = null,description = 'Denominazione',kind = 'S',lt = {ts '2019-09-24 16:14:57.153'},lu = 'assistenza',primarykey = 'N',sql_declaration = 'varchar(1024)',sql_type = 'varchar',system_type = 'System.String' WHERE colname = 'title' AND tablename = 'edificio'
ELSE
INSERT INTO [coldescr] (colname,tablename,col_len,col_precision,col_scale,description,kind,lt,lu,primarykey,sql_declaration,sql_type,system_type) VALUES ('title','edificio','1024',null,null,'Denominazione','S',{ts '2019-09-24 16:14:57.153'},'assistenza','N','varchar(1024)','varchar','System.String')
GO

-- FINE GENERAZIONE SCRIPT --


-- GENERAZIONE DATI PER tabledescr --
IF exists(SELECT * FROM [tabledescr] WHERE tablename = 'erogazkind')
UPDATE [tabledescr] SET description = 'VOCABOLARIO delle modalità di erogazione della didattica',idapplication = '2',isdbo = 'S',lt = {ts '2018-07-20 16:24:33.910'},lu = 'assistenza',title = 'modalità di erogazione della didattica' WHERE tablename = 'erogazkind'
ELSE
INSERT INTO [tabledescr] (tablename,description,idapplication,isdbo,lt,lu,title) VALUES ('erogazkind','VOCABOLARIO delle modalità di erogazione della didattica','2','S',{ts '2018-07-20 16:24:33.910'},'assistenza','modalità di erogazione della didattica')
GO

-- FINE GENERAZIONE SCRIPT --


-- GENERAZIONE DATI PER coldescr --
IF exists(SELECT * FROM [coldescr] WHERE colname = 'active' AND tablename = 'erogazkind')
UPDATE [coldescr] SET col_len = '1',col_precision = null,col_scale = null,description = null,kind = 'S',lt = {ts '2018-07-19 15:47:30.773'},lu = 'assistenza',primarykey = 'N',sql_declaration = 'char(1)',sql_type = 'char',system_type = 'System.String' WHERE colname = 'active' AND tablename = 'erogazkind'
ELSE
INSERT INTO [coldescr] (colname,tablename,col_len,col_precision,col_scale,description,kind,lt,lu,primarykey,sql_declaration,sql_type,system_type) VALUES ('active','erogazkind','1',null,null,null,'S',{ts '2018-07-19 15:47:30.773'},'assistenza','N','char(1)','char','System.String')
GO

IF exists(SELECT * FROM [coldescr] WHERE colname = 'description' AND tablename = 'erogazkind')
UPDATE [coldescr] SET col_len = '255',col_precision = null,col_scale = null,description = null,kind = 'S',lt = {ts '2018-07-19 15:47:30.773'},lu = 'assistenza',primarykey = 'N',sql_declaration = 'varchar(255)',sql_type = 'varchar',system_type = 'System.String' WHERE colname = 'description' AND tablename = 'erogazkind'
ELSE
INSERT INTO [coldescr] (colname,tablename,col_len,col_precision,col_scale,description,kind,lt,lu,primarykey,sql_declaration,sql_type,system_type) VALUES ('description','erogazkind','255',null,null,null,'S',{ts '2018-07-19 15:47:30.773'},'assistenza','N','varchar(255)','varchar','System.String')
GO

IF exists(SELECT * FROM [coldescr] WHERE colname = 'iderogazkind' AND tablename = 'erogazkind')
UPDATE [coldescr] SET col_len = '4',col_precision = null,col_scale = null,description = null,kind = 'S',lt = {ts '2018-07-19 15:47:30.773'},lu = 'assistenza',primarykey = 'S',sql_declaration = 'int',sql_type = 'int',system_type = 'System.Int32' WHERE colname = 'iderogazkind' AND tablename = 'erogazkind'
ELSE
INSERT INTO [coldescr] (colname,tablename,col_len,col_precision,col_scale,description,kind,lt,lu,primarykey,sql_declaration,sql_type,system_type) VALUES ('iderogazkind','erogazkind','4',null,null,null,'S',{ts '2018-07-19 15:47:30.773'},'assistenza','S','int','int','System.Int32')
GO

IF exists(SELECT * FROM [coldescr] WHERE colname = 'lt' AND tablename = 'erogazkind')
UPDATE [coldescr] SET col_len = '8',col_precision = null,col_scale = null,description = null,kind = 'S',lt = {ts '2018-07-19 15:47:30.773'},lu = 'assistenza',primarykey = 'N',sql_declaration = 'datetime',sql_type = 'datetime',system_type = 'System.DateTime' WHERE colname = 'lt' AND tablename = 'erogazkind'
ELSE
INSERT INTO [coldescr] (colname,tablename,col_len,col_precision,col_scale,description,kind,lt,lu,primarykey,sql_declaration,sql_type,system_type) VALUES ('lt','erogazkind','8',null,null,null,'S',{ts '2018-07-19 15:47:30.773'},'assistenza','N','datetime','datetime','System.DateTime')
GO

IF exists(SELECT * FROM [coldescr] WHERE colname = 'lu' AND tablename = 'erogazkind')
UPDATE [coldescr] SET col_len = '64',col_precision = null,col_scale = null,description = null,kind = 'S',lt = {ts '2018-07-19 15:47:30.777'},lu = 'assistenza',primarykey = 'N',sql_declaration = 'varchar(64)',sql_type = 'varchar',system_type = 'System.String' WHERE colname = 'lu' AND tablename = 'erogazkind'
ELSE
INSERT INTO [coldescr] (colname,tablename,col_len,col_precision,col_scale,description,kind,lt,lu,primarykey,sql_declaration,sql_type,system_type) VALUES ('lu','erogazkind','64',null,null,null,'S',{ts '2018-07-19 15:47:30.777'},'assistenza','N','varchar(64)','varchar','System.String')
GO

IF exists(SELECT * FROM [coldescr] WHERE colname = 'sortcode' AND tablename = 'erogazkind')
UPDATE [coldescr] SET col_len = '4',col_precision = null,col_scale = null,description = null,kind = 'S',lt = {ts '2018-07-19 15:47:30.777'},lu = 'assistenza',primarykey = 'N',sql_declaration = 'int',sql_type = 'int',system_type = 'System.Int32' WHERE colname = 'sortcode' AND tablename = 'erogazkind'
ELSE
INSERT INTO [coldescr] (colname,tablename,col_len,col_precision,col_scale,description,kind,lt,lu,primarykey,sql_declaration,sql_type,system_type) VALUES ('sortcode','erogazkind','4',null,null,null,'S',{ts '2018-07-19 15:47:30.777'},'assistenza','N','int','int','System.Int32')
GO

IF exists(SELECT * FROM [coldescr] WHERE colname = 'title' AND tablename = 'erogazkind')
UPDATE [coldescr] SET col_len = '50',col_precision = null,col_scale = null,description = null,kind = 'S',lt = {ts '2018-07-19 15:47:30.777'},lu = 'assistenza',primarykey = 'N',sql_declaration = 'varchar(50)',sql_type = 'varchar',system_type = 'System.String' WHERE colname = 'title' AND tablename = 'erogazkind'
ELSE
INSERT INTO [coldescr] (colname,tablename,col_len,col_precision,col_scale,description,kind,lt,lu,primarykey,sql_declaration,sql_type,system_type) VALUES ('title','erogazkind','50',null,null,null,'S',{ts '2018-07-19 15:47:30.777'},'assistenza','N','varchar(50)','varchar','System.String')
GO

-- FINE GENERAZIONE SCRIPT --


-- GENERAZIONE DATI PER relation --
IF exists(SELECT * FROM [relation] WHERE idrelation = '3273')
UPDATE [relation] SET childtable = 'erogazkind',description = 'didattica di cui si descrive la modalit? di erogazione',lt = {ts '2018-07-19 15:49:09.747'},lu = 'assistenza',parenttable = 'didprog',title = null WHERE idrelation = '3273'
ELSE
INSERT INTO [relation] (idrelation,childtable,description,lt,lu,parenttable,title) VALUES ('3273','erogazkind','didattica di cui si descrive la modalit? di erogazione',{ts '2018-07-19 15:49:09.747'},'assistenza','didprog',null)
GO

IF exists(SELECT * FROM [relation] WHERE idrelation = '3274')
UPDATE [relation] SET childtable = 'erogazkind',description = 'affidamento dell''insegnamento al docente di cui si descrive la modalit? di erogazione',lt = {ts '2018-07-19 15:51:24.777'},lu = 'assistenza',parenttable = 'affidamento',title = null WHERE idrelation = '3274'
ELSE
INSERT INTO [relation] (idrelation,childtable,description,lt,lu,parenttable,title) VALUES ('3274','erogazkind','affidamento dell''insegnamento al docente di cui si descrive la modalit? di erogazione',{ts '2018-07-19 15:51:24.777'},'assistenza','affidamento',null)
GO

-- FINE GENERAZIONE SCRIPT --


-- GENERAZIONE DATI PER tabledescr --
IF exists(SELECT * FROM [tabledescr] WHERE tablename = 'esoneroanskind')
UPDATE [tabledescr] SET description = 'VOCABOLARIO ANS del tipo di esoneri, parte di 2.3.6 Esoneri 
',idapplication = '2',isdbo = 'S',lt = {ts '2018-07-27 17:59:59.500'},lu = 'assistenza',title = 'VOCABOLARIO ANS del tipo di esoneri, parte di Esoneri ' WHERE tablename = 'esoneroanskind'
ELSE
INSERT INTO [tabledescr] (tablename,description,idapplication,isdbo,lt,lu,title) VALUES ('esoneroanskind','VOCABOLARIO ANS del tipo di esoneri, parte di 2.3.6 Esoneri 
','2','S',{ts '2018-07-27 17:59:59.500'},'assistenza','VOCABOLARIO ANS del tipo di esoneri, parte di Esoneri ')
GO

-- FINE GENERAZIONE SCRIPT --


-- GENERAZIONE DATI PER coldescr --
IF exists(SELECT * FROM [coldescr] WHERE colname = 'active' AND tablename = 'esoneroanskind')
UPDATE [coldescr] SET col_len = '1',col_precision = null,col_scale = null,description = null,kind = 'S',lt = {ts '2018-07-27 18:00:05.053'},lu = 'assistenza',primarykey = 'N',sql_declaration = 'char(1)',sql_type = 'char',system_type = 'System.String' WHERE colname = 'active' AND tablename = 'esoneroanskind'
ELSE
INSERT INTO [coldescr] (colname,tablename,col_len,col_precision,col_scale,description,kind,lt,lu,primarykey,sql_declaration,sql_type,system_type) VALUES ('active','esoneroanskind','1',null,null,null,'S',{ts '2018-07-27 18:00:05.053'},'assistenza','N','char(1)','char','System.String')
GO

IF exists(SELECT * FROM [coldescr] WHERE colname = 'ct' AND tablename = 'esoneroanskind')
UPDATE [coldescr] SET col_len = '8',col_precision = null,col_scale = null,description = null,kind = 'S',lt = {ts '2018-07-27 18:00:05.053'},lu = 'assistenza',primarykey = 'N',sql_declaration = 'datetime',sql_type = 'datetime',system_type = 'System.DateTime' WHERE colname = 'ct' AND tablename = 'esoneroanskind'
ELSE
INSERT INTO [coldescr] (colname,tablename,col_len,col_precision,col_scale,description,kind,lt,lu,primarykey,sql_declaration,sql_type,system_type) VALUES ('ct','esoneroanskind','8',null,null,null,'S',{ts '2018-07-27 18:00:05.053'},'assistenza','N','datetime','datetime','System.DateTime')
GO

IF exists(SELECT * FROM [coldescr] WHERE colname = 'cu' AND tablename = 'esoneroanskind')
UPDATE [coldescr] SET col_len = '64',col_precision = null,col_scale = null,description = null,kind = 'S',lt = {ts '2018-07-27 18:00:05.053'},lu = 'assistenza',primarykey = 'N',sql_declaration = 'varchar(64)',sql_type = 'varchar',system_type = 'System.String' WHERE colname = 'cu' AND tablename = 'esoneroanskind'
ELSE
INSERT INTO [coldescr] (colname,tablename,col_len,col_precision,col_scale,description,kind,lt,lu,primarykey,sql_declaration,sql_type,system_type) VALUES ('cu','esoneroanskind','64',null,null,null,'S',{ts '2018-07-27 18:00:05.053'},'assistenza','N','varchar(64)','varchar','System.String')
GO

IF exists(SELECT * FROM [coldescr] WHERE colname = 'description' AND tablename = 'esoneroanskind')
UPDATE [coldescr] SET col_len = '50',col_precision = null,col_scale = null,description = null,kind = 'S',lt = {ts '2018-07-27 18:00:05.053'},lu = 'assistenza',primarykey = 'N',sql_declaration = 'varchar(50)',sql_type = 'varchar',system_type = 'System.String' WHERE colname = 'description' AND tablename = 'esoneroanskind'
ELSE
INSERT INTO [coldescr] (colname,tablename,col_len,col_precision,col_scale,description,kind,lt,lu,primarykey,sql_declaration,sql_type,system_type) VALUES ('description','esoneroanskind','50',null,null,null,'S',{ts '2018-07-27 18:00:05.053'},'assistenza','N','varchar(50)','varchar','System.String')
GO

IF exists(SELECT * FROM [coldescr] WHERE colname = 'idesoneroanskind' AND tablename = 'esoneroanskind')
UPDATE [coldescr] SET col_len = '4',col_precision = null,col_scale = null,description = null,kind = 'S',lt = {ts '2018-07-27 18:00:05.053'},lu = 'assistenza',primarykey = 'S',sql_declaration = 'int',sql_type = 'int',system_type = 'System.Int32' WHERE colname = 'idesoneroanskind' AND tablename = 'esoneroanskind'
ELSE
INSERT INTO [coldescr] (colname,tablename,col_len,col_precision,col_scale,description,kind,lt,lu,primarykey,sql_declaration,sql_type,system_type) VALUES ('idesoneroanskind','esoneroanskind','4',null,null,null,'S',{ts '2018-07-27 18:00:05.053'},'assistenza','S','int','int','System.Int32')
GO

IF exists(SELECT * FROM [coldescr] WHERE colname = 'lt' AND tablename = 'esoneroanskind')
UPDATE [coldescr] SET col_len = '8',col_precision = null,col_scale = null,description = null,kind = 'S',lt = {ts '2018-07-27 18:00:05.053'},lu = 'assistenza',primarykey = 'N',sql_declaration = 'datetime',sql_type = 'datetime',system_type = 'System.DateTime' WHERE colname = 'lt' AND tablename = 'esoneroanskind'
ELSE
INSERT INTO [coldescr] (colname,tablename,col_len,col_precision,col_scale,description,kind,lt,lu,primarykey,sql_declaration,sql_type,system_type) VALUES ('lt','esoneroanskind','8',null,null,null,'S',{ts '2018-07-27 18:00:05.053'},'assistenza','N','datetime','datetime','System.DateTime')
GO

IF exists(SELECT * FROM [coldescr] WHERE colname = 'lu' AND tablename = 'esoneroanskind')
UPDATE [coldescr] SET col_len = '64',col_precision = null,col_scale = null,description = null,kind = 'S',lt = {ts '2018-07-27 18:00:05.053'},lu = 'assistenza',primarykey = 'N',sql_declaration = 'varchar(64)',sql_type = 'varchar',system_type = 'System.String' WHERE colname = 'lu' AND tablename = 'esoneroanskind'
ELSE
INSERT INTO [coldescr] (colname,tablename,col_len,col_precision,col_scale,description,kind,lt,lu,primarykey,sql_declaration,sql_type,system_type) VALUES ('lu','esoneroanskind','64',null,null,null,'S',{ts '2018-07-27 18:00:05.053'},'assistenza','N','varchar(64)','varchar','System.String')
GO

IF exists(SELECT * FROM [coldescr] WHERE colname = 'sortcode' AND tablename = 'esoneroanskind')
UPDATE [coldescr] SET col_len = '4',col_precision = null,col_scale = null,description = null,kind = 'S',lt = {ts '2018-07-27 18:00:05.053'},lu = 'assistenza',primarykey = 'N',sql_declaration = 'int',sql_type = 'int',system_type = 'System.Int32' WHERE colname = 'sortcode' AND tablename = 'esoneroanskind'
ELSE
INSERT INTO [coldescr] (colname,tablename,col_len,col_precision,col_scale,description,kind,lt,lu,primarykey,sql_declaration,sql_type,system_type) VALUES ('sortcode','esoneroanskind','4',null,null,null,'S',{ts '2018-07-27 18:00:05.053'},'assistenza','N','int','int','System.Int32')
GO

IF exists(SELECT * FROM [coldescr] WHERE colname = 'title' AND tablename = 'esoneroanskind')
UPDATE [coldescr] SET col_len = '10',col_precision = null,col_scale = null,description = null,kind = 'S',lt = {ts '2018-07-27 18:00:05.053'},lu = 'assistenza',primarykey = 'N',sql_declaration = 'varchar(10)',sql_type = 'varchar',system_type = 'System.String' WHERE colname = 'title' AND tablename = 'esoneroanskind'
ELSE
INSERT INTO [coldescr] (colname,tablename,col_len,col_precision,col_scale,description,kind,lt,lu,primarykey,sql_declaration,sql_type,system_type) VALUES ('title','esoneroanskind','10',null,null,null,'S',{ts '2018-07-27 18:00:05.053'},'assistenza','N','varchar(10)','varchar','System.String')
GO

-- FINE GENERAZIONE SCRIPT --


-- GENERAZIONE DATI PER relation --
IF exists(SELECT * FROM [relation] WHERE idrelation = '3416')
UPDATE [relation] SET childtable = 'esoneroanskind',description = 'esonero di cui specifica la tipologia ANS',lt = {ts '2018-07-27 18:00:37.320'},lu = 'assistenza',parenttable = 'esonero',title = null WHERE idrelation = '3416'
ELSE
INSERT INTO [relation] (idrelation,childtable,description,lt,lu,parenttable,title) VALUES ('3416','esoneroanskind','esonero di cui specifica la tipologia ANS',{ts '2018-07-27 18:00:37.320'},'assistenza','esonero',null)
GO

-- FINE GENERAZIONE SCRIPT --


-- GENERAZIONE DATI PER tabledescr --
IF exists(SELECT * FROM [tabledescr] WHERE tablename = 'fonteindicebibliometrico')
UPDATE [tabledescr] SET description = 'Fonti indice bibliometrico',idapplication = '3',isdbo = 'S',lt = {ts '2021-02-19 17:37:41.193'},lu = 'assistenza',title = 'Fonti indice bibliometrico' WHERE tablename = 'fonteindicebibliometrico'
ELSE
INSERT INTO [tabledescr] (tablename,description,idapplication,isdbo,lt,lu,title) VALUES ('fonteindicebibliometrico','Fonti indice bibliometrico','3','S',{ts '2021-02-19 17:37:41.193'},'assistenza','Fonti indice bibliometrico')
GO

-- FINE GENERAZIONE SCRIPT --


-- GENERAZIONE DATI PER coldescr --
IF exists(SELECT * FROM [coldescr] WHERE colname = 'active' AND tablename = 'fonteindicebibliometrico')
UPDATE [coldescr] SET col_len = '1',col_precision = null,col_scale = null,description = null,kind = 'S',lt = {ts '2020-05-25 13:42:23.657'},lu = 'assistenza',primarykey = 'N',sql_declaration = 'char(1)',sql_type = 'char',system_type = 'System.String' WHERE colname = 'active' AND tablename = 'fonteindicebibliometrico'
ELSE
INSERT INTO [coldescr] (colname,tablename,col_len,col_precision,col_scale,description,kind,lt,lu,primarykey,sql_declaration,sql_type,system_type) VALUES ('active','fonteindicebibliometrico','1',null,null,null,'S',{ts '2020-05-25 13:42:23.657'},'assistenza','N','char(1)','char','System.String')
GO

IF exists(SELECT * FROM [coldescr] WHERE colname = 'ct' AND tablename = 'fonteindicebibliometrico')
UPDATE [coldescr] SET col_len = '8',col_precision = null,col_scale = null,description = null,kind = 'S',lt = {ts '2020-05-25 13:42:23.657'},lu = 'assistenza',primarykey = 'N',sql_declaration = 'datetime',sql_type = 'datetime',system_type = 'System.DateTime' WHERE colname = 'ct' AND tablename = 'fonteindicebibliometrico'
ELSE
INSERT INTO [coldescr] (colname,tablename,col_len,col_precision,col_scale,description,kind,lt,lu,primarykey,sql_declaration,sql_type,system_type) VALUES ('ct','fonteindicebibliometrico','8',null,null,null,'S',{ts '2020-05-25 13:42:23.657'},'assistenza','N','datetime','datetime','System.DateTime')
GO

IF exists(SELECT * FROM [coldescr] WHERE colname = 'cu' AND tablename = 'fonteindicebibliometrico')
UPDATE [coldescr] SET col_len = '64',col_precision = null,col_scale = null,description = null,kind = 'S',lt = {ts '2020-05-25 13:42:23.657'},lu = 'assistenza',primarykey = 'N',sql_declaration = 'varchar(64)',sql_type = 'varchar',system_type = 'System.String' WHERE colname = 'cu' AND tablename = 'fonteindicebibliometrico'
ELSE
INSERT INTO [coldescr] (colname,tablename,col_len,col_precision,col_scale,description,kind,lt,lu,primarykey,sql_declaration,sql_type,system_type) VALUES ('cu','fonteindicebibliometrico','64',null,null,null,'S',{ts '2020-05-25 13:42:23.657'},'assistenza','N','varchar(64)','varchar','System.String')
GO

IF exists(SELECT * FROM [coldescr] WHERE colname = 'description' AND tablename = 'fonteindicebibliometrico')
UPDATE [coldescr] SET col_len = '0',col_precision = null,col_scale = null,description = null,kind = 'S',lt = {ts '2020-05-25 13:42:23.657'},lu = 'assistenza',primarykey = 'N',sql_declaration = 'nvarchar(max)',sql_type = 'nvarchar',system_type = 'System.String' WHERE colname = 'description' AND tablename = 'fonteindicebibliometrico'
ELSE
INSERT INTO [coldescr] (colname,tablename,col_len,col_precision,col_scale,description,kind,lt,lu,primarykey,sql_declaration,sql_type,system_type) VALUES ('description','fonteindicebibliometrico','0',null,null,null,'S',{ts '2020-05-25 13:42:23.657'},'assistenza','N','nvarchar(max)','nvarchar','System.String')
GO

IF exists(SELECT * FROM [coldescr] WHERE colname = 'idfonteindicebibliometrico' AND tablename = 'fonteindicebibliometrico')
UPDATE [coldescr] SET col_len = '4',col_precision = null,col_scale = null,description = null,kind = 'S',lt = {ts '2020-05-25 13:42:23.657'},lu = 'assistenza',primarykey = 'S',sql_declaration = 'int',sql_type = 'int',system_type = 'System.Int32' WHERE colname = 'idfonteindicebibliometrico' AND tablename = 'fonteindicebibliometrico'
ELSE
INSERT INTO [coldescr] (colname,tablename,col_len,col_precision,col_scale,description,kind,lt,lu,primarykey,sql_declaration,sql_type,system_type) VALUES ('idfonteindicebibliometrico','fonteindicebibliometrico','4',null,null,null,'S',{ts '2020-05-25 13:42:23.657'},'assistenza','S','int','int','System.Int32')
GO

IF exists(SELECT * FROM [coldescr] WHERE colname = 'lt' AND tablename = 'fonteindicebibliometrico')
UPDATE [coldescr] SET col_len = '8',col_precision = null,col_scale = null,description = null,kind = 'S',lt = {ts '2020-05-25 13:42:23.657'},lu = 'assistenza',primarykey = 'N',sql_declaration = 'datetime',sql_type = 'datetime',system_type = 'System.DateTime' WHERE colname = 'lt' AND tablename = 'fonteindicebibliometrico'
ELSE
INSERT INTO [coldescr] (colname,tablename,col_len,col_precision,col_scale,description,kind,lt,lu,primarykey,sql_declaration,sql_type,system_type) VALUES ('lt','fonteindicebibliometrico','8',null,null,null,'S',{ts '2020-05-25 13:42:23.657'},'assistenza','N','datetime','datetime','System.DateTime')
GO

IF exists(SELECT * FROM [coldescr] WHERE colname = 'lu' AND tablename = 'fonteindicebibliometrico')
UPDATE [coldescr] SET col_len = '64',col_precision = null,col_scale = null,description = null,kind = 'S',lt = {ts '2020-05-25 13:42:23.657'},lu = 'assistenza',primarykey = 'N',sql_declaration = 'varchar(64)',sql_type = 'varchar',system_type = 'System.String' WHERE colname = 'lu' AND tablename = 'fonteindicebibliometrico'
ELSE
INSERT INTO [coldescr] (colname,tablename,col_len,col_precision,col_scale,description,kind,lt,lu,primarykey,sql_declaration,sql_type,system_type) VALUES ('lu','fonteindicebibliometrico','64',null,null,null,'S',{ts '2020-05-25 13:42:23.657'},'assistenza','N','varchar(64)','varchar','System.String')
GO

IF exists(SELECT * FROM [coldescr] WHERE colname = 'sortcode' AND tablename = 'fonteindicebibliometrico')
UPDATE [coldescr] SET col_len = '4',col_precision = null,col_scale = null,description = null,kind = 'S',lt = {ts '2020-05-25 13:42:23.657'},lu = 'assistenza',primarykey = 'N',sql_declaration = 'int',sql_type = 'int',system_type = 'System.Int32' WHERE colname = 'sortcode' AND tablename = 'fonteindicebibliometrico'
ELSE
INSERT INTO [coldescr] (colname,tablename,col_len,col_precision,col_scale,description,kind,lt,lu,primarykey,sql_declaration,sql_type,system_type) VALUES ('sortcode','fonteindicebibliometrico','4',null,null,null,'S',{ts '2020-05-25 13:42:23.657'},'assistenza','N','int','int','System.Int32')
GO

IF exists(SELECT * FROM [coldescr] WHERE colname = 'title' AND tablename = 'fonteindicebibliometrico')
UPDATE [coldescr] SET col_len = '1024',col_precision = null,col_scale = null,description = null,kind = 'S',lt = {ts '2020-05-25 13:42:23.657'},lu = 'assistenza',primarykey = 'N',sql_declaration = 'nvarchar(1024)',sql_type = 'nvarchar',system_type = 'System.String' WHERE colname = 'title' AND tablename = 'fonteindicebibliometrico'
ELSE
INSERT INTO [coldescr] (colname,tablename,col_len,col_precision,col_scale,description,kind,lt,lu,primarykey,sql_declaration,sql_type,system_type) VALUES ('title','fonteindicebibliometrico','1024',null,null,null,'S',{ts '2020-05-25 13:42:23.657'},'assistenza','N','nvarchar(1024)','nvarchar','System.String')
GO

-- FINE GENERAZIONE SCRIPT --


-- GENERAZIONE DATI PER tabledescr --
IF exists(SELECT * FROM [tabledescr] WHERE tablename = 'graduatoria')
UPDATE [tabledescr] SET description = '2.4.36 Graduatoria',idapplication = '2',isdbo = 'S',lt = {ts '2018-07-20 16:25:11.770'},lu = 'assistenza',title = 'Graduatoria' WHERE tablename = 'graduatoria'
ELSE
INSERT INTO [tabledescr] (tablename,description,idapplication,isdbo,lt,lu,title) VALUES ('graduatoria','2.4.36 Graduatoria','2','S',{ts '2018-07-20 16:25:11.770'},'assistenza','Graduatoria')
GO

-- FINE GENERAZIONE SCRIPT --


-- GENERAZIONE DATI PER coldescr --
IF exists(SELECT * FROM [coldescr] WHERE colname = 'ammessimax' AND tablename = 'graduatoria')
UPDATE [coldescr] SET col_len = '4',col_precision = null,col_scale = null,description = 'Numero massimo di ammessi',kind = 'S',lt = {ts '2020-03-04 15:42:23.407'},lu = 'assistenza',primarykey = 'N',sql_declaration = 'int',sql_type = 'int',system_type = 'System.Int32' WHERE colname = 'ammessimax' AND tablename = 'graduatoria'
ELSE
INSERT INTO [coldescr] (colname,tablename,col_len,col_precision,col_scale,description,kind,lt,lu,primarykey,sql_declaration,sql_type,system_type) VALUES ('ammessimax','graduatoria','4',null,null,'Numero massimo di ammessi','S',{ts '2020-03-04 15:42:23.407'},'assistenza','N','int','int','System.Int32')
GO

IF exists(SELECT * FROM [coldescr] WHERE colname = 'ct' AND tablename = 'graduatoria')
UPDATE [coldescr] SET col_len = '8',col_precision = null,col_scale = null,description = null,kind = 'S',lt = {ts '2018-07-18 17:45:56.790'},lu = 'assistenza',primarykey = 'N',sql_declaration = 'datetime',sql_type = 'datetime',system_type = 'System.DateTime' WHERE colname = 'ct' AND tablename = 'graduatoria'
ELSE
INSERT INTO [coldescr] (colname,tablename,col_len,col_precision,col_scale,description,kind,lt,lu,primarykey,sql_declaration,sql_type,system_type) VALUES ('ct','graduatoria','8',null,null,null,'S',{ts '2018-07-18 17:45:56.790'},'assistenza','N','datetime','datetime','System.DateTime')
GO

IF exists(SELECT * FROM [coldescr] WHERE colname = 'cu' AND tablename = 'graduatoria')
UPDATE [coldescr] SET col_len = '64',col_precision = null,col_scale = null,description = null,kind = 'S',lt = {ts '2018-07-18 17:45:56.790'},lu = 'assistenza',primarykey = 'N',sql_declaration = 'varchar(64)',sql_type = 'varchar',system_type = 'System.String' WHERE colname = 'cu' AND tablename = 'graduatoria'
ELSE
INSERT INTO [coldescr] (colname,tablename,col_len,col_precision,col_scale,description,kind,lt,lu,primarykey,sql_declaration,sql_type,system_type) VALUES ('cu','graduatoria','64',null,null,null,'S',{ts '2018-07-18 17:45:56.790'},'assistenza','N','varchar(64)','varchar','System.String')
GO

IF exists(SELECT * FROM [coldescr] WHERE colname = 'idgraduatoria' AND tablename = 'graduatoria')
UPDATE [coldescr] SET col_len = '4',col_precision = null,col_scale = null,description = null,kind = 'S',lt = {ts '2018-07-18 17:45:56.790'},lu = 'assistenza',primarykey = 'S',sql_declaration = 'int',sql_type = 'int',system_type = 'System.Int32' WHERE colname = 'idgraduatoria' AND tablename = 'graduatoria'
ELSE
INSERT INTO [coldescr] (colname,tablename,col_len,col_precision,col_scale,description,kind,lt,lu,primarykey,sql_declaration,sql_type,system_type) VALUES ('idgraduatoria','graduatoria','4',null,null,null,'S',{ts '2018-07-18 17:45:56.790'},'assistenza','S','int','int','System.Int32')
GO

IF exists(SELECT * FROM [coldescr] WHERE colname = 'lt' AND tablename = 'graduatoria')
UPDATE [coldescr] SET col_len = '8',col_precision = null,col_scale = null,description = null,kind = 'S',lt = {ts '2018-07-18 17:45:56.790'},lu = 'assistenza',primarykey = 'N',sql_declaration = 'datetime',sql_type = 'datetime',system_type = 'System.DateTime' WHERE colname = 'lt' AND tablename = 'graduatoria'
ELSE
INSERT INTO [coldescr] (colname,tablename,col_len,col_precision,col_scale,description,kind,lt,lu,primarykey,sql_declaration,sql_type,system_type) VALUES ('lt','graduatoria','8',null,null,null,'S',{ts '2018-07-18 17:45:56.790'},'assistenza','N','datetime','datetime','System.DateTime')
GO

IF exists(SELECT * FROM [coldescr] WHERE colname = 'lu' AND tablename = 'graduatoria')
UPDATE [coldescr] SET col_len = '64',col_precision = null,col_scale = null,description = null,kind = 'S',lt = {ts '2018-07-18 17:45:56.790'},lu = 'assistenza',primarykey = 'N',sql_declaration = 'varchar(64)',sql_type = 'varchar',system_type = 'System.String' WHERE colname = 'lu' AND tablename = 'graduatoria'
ELSE
INSERT INTO [coldescr] (colname,tablename,col_len,col_precision,col_scale,description,kind,lt,lu,primarykey,sql_declaration,sql_type,system_type) VALUES ('lu','graduatoria','64',null,null,null,'S',{ts '2018-07-18 17:45:56.790'},'assistenza','N','varchar(64)','varchar','System.String')
GO

IF exists(SELECT * FROM [coldescr] WHERE colname = 'punteggiomin' AND tablename = 'graduatoria')
UPDATE [coldescr] SET col_len = '5',col_precision = '9',col_scale = '2',description = 'Punteggio minimo necessario',kind = 'S',lt = {ts '2020-03-04 15:42:23.407'},lu = 'assistenza',primarykey = 'N',sql_declaration = 'decimal(9,2)',sql_type = 'decimal',system_type = 'System.Decimal' WHERE colname = 'punteggiomin' AND tablename = 'graduatoria'
ELSE
INSERT INTO [coldescr] (colname,tablename,col_len,col_precision,col_scale,description,kind,lt,lu,primarykey,sql_declaration,sql_type,system_type) VALUES ('punteggiomin','graduatoria','5','9','2','Punteggio minimo necessario','S',{ts '2020-03-04 15:42:23.407'},'assistenza','N','decimal(9,2)','decimal','System.Decimal')
GO

IF exists(SELECT * FROM [coldescr] WHERE colname = 'title' AND tablename = 'graduatoria')
UPDATE [coldescr] SET col_len = '256',col_precision = null,col_scale = null,description = 'Titolo',kind = 'S',lt = {ts '2020-03-10 12:27:14.753'},lu = 'assistenza',primarykey = 'N',sql_declaration = 'varchar(256)',sql_type = 'varchar',system_type = 'System.String' WHERE colname = 'title' AND tablename = 'graduatoria'
ELSE
INSERT INTO [coldescr] (colname,tablename,col_len,col_precision,col_scale,description,kind,lt,lu,primarykey,sql_declaration,sql_type,system_type) VALUES ('title','graduatoria','256',null,null,'Titolo','S',{ts '2020-03-10 12:27:14.753'},'assistenza','N','varchar(256)','varchar','System.String')
GO

-- FINE GENERAZIONE SCRIPT --


-- GENERAZIONE DATI PER tabledescr --
IF exists(SELECT * FROM [tabledescr] WHERE tablename = 'inquadramento')
UPDATE [tabledescr] SET description = 'Inquadramento',idapplication = '2',isdbo = 'S',lt = {ts '2020-07-14 16:13:11.157'},lu = 'assistenza',title = 'Inquadramento' WHERE tablename = 'inquadramento'
ELSE
INSERT INTO [tabledescr] (tablename,description,idapplication,isdbo,lt,lu,title) VALUES ('inquadramento','Inquadramento','2','S',{ts '2020-07-14 16:13:11.157'},'assistenza','Inquadramento')
GO

-- FINE GENERAZIONE SCRIPT --


-- GENERAZIONE DATI PER coldescr --
IF exists(SELECT * FROM [coldescr] WHERE colname = 'ct' AND tablename = 'inquadramento')
UPDATE [coldescr] SET col_len = '8',col_precision = null,col_scale = null,description = null,kind = 'S',lt = {ts '2020-07-14 16:13:13.993'},lu = 'assistenza',primarykey = 'N',sql_declaration = 'datetime',sql_type = 'datetime',system_type = 'System.DateTime' WHERE colname = 'ct' AND tablename = 'inquadramento'
ELSE
INSERT INTO [coldescr] (colname,tablename,col_len,col_precision,col_scale,description,kind,lt,lu,primarykey,sql_declaration,sql_type,system_type) VALUES ('ct','inquadramento','8',null,null,null,'S',{ts '2020-07-14 16:13:13.993'},'assistenza','N','datetime','datetime','System.DateTime')
GO

IF exists(SELECT * FROM [coldescr] WHERE colname = 'cu' AND tablename = 'inquadramento')
UPDATE [coldescr] SET col_len = '64',col_precision = null,col_scale = null,description = null,kind = 'S',lt = {ts '2020-07-14 16:13:13.993'},lu = 'assistenza',primarykey = 'N',sql_declaration = 'varchar(64)',sql_type = 'varchar',system_type = 'System.String' WHERE colname = 'cu' AND tablename = 'inquadramento'
ELSE
INSERT INTO [coldescr] (colname,tablename,col_len,col_precision,col_scale,description,kind,lt,lu,primarykey,sql_declaration,sql_type,system_type) VALUES ('cu','inquadramento','64',null,null,null,'S',{ts '2020-07-14 16:13:13.993'},'assistenza','N','varchar(64)','varchar','System.String')
GO

IF exists(SELECT * FROM [coldescr] WHERE colname = 'idcontrattokind' AND tablename = 'inquadramento')
UPDATE [coldescr] SET col_len = '4',col_precision = null,col_scale = null,description = null,kind = 'S',lt = {ts '2020-07-14 16:13:13.997'},lu = 'assistenza',primarykey = 'S',sql_declaration = 'int',sql_type = 'int',system_type = 'System.Int32' WHERE colname = 'idcontrattokind' AND tablename = 'inquadramento'
ELSE
INSERT INTO [coldescr] (colname,tablename,col_len,col_precision,col_scale,description,kind,lt,lu,primarykey,sql_declaration,sql_type,system_type) VALUES ('idcontrattokind','inquadramento','4',null,null,null,'S',{ts '2020-07-14 16:13:13.997'},'assistenza','S','int','int','System.Int32')
GO

IF exists(SELECT * FROM [coldescr] WHERE colname = 'idinquadramento' AND tablename = 'inquadramento')
UPDATE [coldescr] SET col_len = '4',col_precision = null,col_scale = null,description = null,kind = 'S',lt = {ts '2020-07-14 16:13:13.997'},lu = 'assistenza',primarykey = 'S',sql_declaration = 'int',sql_type = 'int',system_type = 'System.Int32' WHERE colname = 'idinquadramento' AND tablename = 'inquadramento'
ELSE
INSERT INTO [coldescr] (colname,tablename,col_len,col_precision,col_scale,description,kind,lt,lu,primarykey,sql_declaration,sql_type,system_type) VALUES ('idinquadramento','inquadramento','4',null,null,null,'S',{ts '2020-07-14 16:13:13.997'},'assistenza','S','int','int','System.Int32')
GO

IF exists(SELECT * FROM [coldescr] WHERE colname = 'lt' AND tablename = 'inquadramento')
UPDATE [coldescr] SET col_len = '8',col_precision = null,col_scale = null,description = null,kind = 'S',lt = {ts '2020-07-14 16:13:13.997'},lu = 'assistenza',primarykey = 'N',sql_declaration = 'datetime',sql_type = 'datetime',system_type = 'System.DateTime' WHERE colname = 'lt' AND tablename = 'inquadramento'
ELSE
INSERT INTO [coldescr] (colname,tablename,col_len,col_precision,col_scale,description,kind,lt,lu,primarykey,sql_declaration,sql_type,system_type) VALUES ('lt','inquadramento','8',null,null,null,'S',{ts '2020-07-14 16:13:13.997'},'assistenza','N','datetime','datetime','System.DateTime')
GO

IF exists(SELECT * FROM [coldescr] WHERE colname = 'lu' AND tablename = 'inquadramento')
UPDATE [coldescr] SET col_len = '64',col_precision = null,col_scale = null,description = null,kind = 'S',lt = {ts '2020-07-14 16:13:13.997'},lu = 'assistenza',primarykey = 'N',sql_declaration = 'varchar(64)',sql_type = 'varchar',system_type = 'System.String' WHERE colname = 'lu' AND tablename = 'inquadramento'
ELSE
INSERT INTO [coldescr] (colname,tablename,col_len,col_precision,col_scale,description,kind,lt,lu,primarykey,sql_declaration,sql_type,system_type) VALUES ('lu','inquadramento','64',null,null,null,'S',{ts '2020-07-14 16:13:13.997'},'assistenza','N','varchar(64)','varchar','System.String')
GO

IF exists(SELECT * FROM [coldescr] WHERE colname = 'title' AND tablename = 'inquadramento')
UPDATE [coldescr] SET col_len = '2048',col_precision = null,col_scale = null,description = null,kind = 'S',lt = {ts '2020-07-14 16:13:13.997'},lu = 'assistenza',primarykey = 'N',sql_declaration = 'varchar(2048)',sql_type = 'varchar',system_type = 'System.String' WHERE colname = 'title' AND tablename = 'inquadramento'
ELSE
INSERT INTO [coldescr] (colname,tablename,col_len,col_precision,col_scale,description,kind,lt,lu,primarykey,sql_declaration,sql_type,system_type) VALUES ('title','inquadramento','2048',null,null,null,'S',{ts '2020-07-14 16:13:13.997'},'assistenza','N','varchar(2048)','varchar','System.String')
GO

-- FINE GENERAZIONE SCRIPT --


-- GENERAZIONE DATI PER tabledescr --
IF exists(SELECT * FROM [tabledescr] WHERE tablename = 'Insegn')
UPDATE [tabledescr] SET description = 'Tutti gli 2.4.7 Insegnamenti dellistituto
',idapplication = '2',isdbo = 'S',lt = {ts '2021-02-19 15:03:33.287'},lu = 'assistenza',title = 'Tutti gli insegnamenti dellistituto' WHERE tablename = 'Insegn'
ELSE
INSERT INTO [tabledescr] (tablename,description,idapplication,isdbo,lt,lu,title) VALUES ('Insegn','Tutti gli 2.4.7 Insegnamenti dellistituto
','2','S',{ts '2021-02-19 15:03:33.287'},'assistenza','Tutti gli insegnamenti dellistituto')
GO

-- FINE GENERAZIONE SCRIPT --


-- GENERAZIONE DATI PER coldescr --
IF exists(SELECT * FROM [coldescr] WHERE colname = 'codice' AND tablename = 'Insegn')
UPDATE [coldescr] SET col_len = '50',col_precision = null,col_scale = null,description = null,kind = 'S',lt = {ts '2019-04-09 13:47:32.743'},lu = 'assistenza',primarykey = 'N',sql_declaration = 'varchar(50)',sql_type = 'varchar',system_type = 'System.String' WHERE colname = 'codice' AND tablename = 'Insegn'
ELSE
INSERT INTO [coldescr] (colname,tablename,col_len,col_precision,col_scale,description,kind,lt,lu,primarykey,sql_declaration,sql_type,system_type) VALUES ('codice','Insegn','50',null,null,null,'S',{ts '2019-04-09 13:47:32.743'},'assistenza','N','varchar(50)','varchar','System.String')
GO

IF exists(SELECT * FROM [coldescr] WHERE colname = 'ct' AND tablename = 'Insegn')
UPDATE [coldescr] SET col_len = '8',col_precision = null,col_scale = null,description = null,kind = 'S',lt = {ts '2019-02-26 11:09:16.643'},lu = 'assistenza',primarykey = 'N',sql_declaration = 'datetime',sql_type = 'datetime',system_type = 'System.DateTime' WHERE colname = 'ct' AND tablename = 'Insegn'
ELSE
INSERT INTO [coldescr] (colname,tablename,col_len,col_precision,col_scale,description,kind,lt,lu,primarykey,sql_declaration,sql_type,system_type) VALUES ('ct','Insegn','8',null,null,null,'S',{ts '2019-02-26 11:09:16.643'},'assistenza','N','datetime','datetime','System.DateTime')
GO

IF exists(SELECT * FROM [coldescr] WHERE colname = 'cu' AND tablename = 'Insegn')
UPDATE [coldescr] SET col_len = '64',col_precision = null,col_scale = null,description = null,kind = 'S',lt = {ts '2019-02-26 11:09:16.647'},lu = 'assistenza',primarykey = 'N',sql_declaration = 'varchar(64)',sql_type = 'varchar',system_type = 'System.String' WHERE colname = 'cu' AND tablename = 'Insegn'
ELSE
INSERT INTO [coldescr] (colname,tablename,col_len,col_precision,col_scale,description,kind,lt,lu,primarykey,sql_declaration,sql_type,system_type) VALUES ('cu','Insegn','64',null,null,null,'S',{ts '2019-02-26 11:09:16.647'},'assistenza','N','varchar(64)','varchar','System.String')
GO

IF exists(SELECT * FROM [coldescr] WHERE colname = 'denominazione' AND tablename = 'Insegn')
UPDATE [coldescr] SET col_len = '256',col_precision = null,col_scale = null,description = null,kind = 'S',lt = {ts '2019-02-26 11:09:46.650'},lu = 'assistenza',primarykey = 'N',sql_declaration = 'varchar(256)',sql_type = 'varchar',system_type = 'System.String' WHERE colname = 'denominazione' AND tablename = 'Insegn'
ELSE
INSERT INTO [coldescr] (colname,tablename,col_len,col_precision,col_scale,description,kind,lt,lu,primarykey,sql_declaration,sql_type,system_type) VALUES ('denominazione','Insegn','256',null,null,null,'S',{ts '2019-02-26 11:09:46.650'},'assistenza','N','varchar(256)','varchar','System.String')
GO

IF exists(SELECT * FROM [coldescr] WHERE colname = 'denominazione_en' AND tablename = 'Insegn')
UPDATE [coldescr] SET col_len = '256',col_precision = null,col_scale = null,description = 'Denominazione in inglese',kind = 'S',lt = {ts '2020-02-17 17:25:06.320'},lu = 'assistenza',primarykey = 'N',sql_declaration = 'varchar(256)',sql_type = 'varchar',system_type = 'System.String' WHERE colname = 'denominazione_en' AND tablename = 'Insegn'
ELSE
INSERT INTO [coldescr] (colname,tablename,col_len,col_precision,col_scale,description,kind,lt,lu,primarykey,sql_declaration,sql_type,system_type) VALUES ('denominazione_en','Insegn','256',null,null,'Denominazione in inglese','S',{ts '2020-02-17 17:25:06.320'},'assistenza','N','varchar(256)','varchar','System.String')
GO

IF exists(SELECT * FROM [coldescr] WHERE colname = 'idcorsostudio' AND tablename = 'Insegn')
UPDATE [coldescr] SET col_len = '4',col_precision = null,col_scale = null,description = 'Corso di riferimento',kind = 'S',lt = {ts '2019-03-10 16:46:30.300'},lu = 'assistenza',primarykey = 'N',sql_declaration = 'int',sql_type = 'int',system_type = 'System.Int32' WHERE colname = 'idcorsostudio' AND tablename = 'Insegn'
ELSE
INSERT INTO [coldescr] (colname,tablename,col_len,col_precision,col_scale,description,kind,lt,lu,primarykey,sql_declaration,sql_type,system_type) VALUES ('idcorsostudio','Insegn','4',null,null,'Corso di riferimento','S',{ts '2019-03-10 16:46:30.300'},'assistenza','N','int','int','System.Int32')
GO

IF exists(SELECT * FROM [coldescr] WHERE colname = 'idcorsostudiokind' AND tablename = 'Insegn')
UPDATE [coldescr] SET col_len = '4',col_precision = null,col_scale = null,description = 'Tipologia di corso',kind = 'S',lt = {ts '2019-02-26 11:11:53.983'},lu = 'assistenza',primarykey = 'N',sql_declaration = 'int',sql_type = 'int',system_type = 'System.Int32' WHERE colname = 'idcorsostudiokind' AND tablename = 'Insegn'
ELSE
INSERT INTO [coldescr] (colname,tablename,col_len,col_precision,col_scale,description,kind,lt,lu,primarykey,sql_declaration,sql_type,system_type) VALUES ('idcorsostudiokind','Insegn','4',null,null,'Tipologia di corso','S',{ts '2019-02-26 11:11:53.983'},'assistenza','N','int','int','System.Int32')
GO

IF exists(SELECT * FROM [coldescr] WHERE colname = 'idinsegn' AND tablename = 'Insegn')
UPDATE [coldescr] SET col_len = '4',col_precision = null,col_scale = null,description = null,kind = 'S',lt = {ts '2018-07-19 17:43:24.097'},lu = 'assistenza',primarykey = 'S',sql_declaration = 'int',sql_type = 'int',system_type = 'System.Int32' WHERE colname = 'idinsegn' AND tablename = 'Insegn'
ELSE
INSERT INTO [coldescr] (colname,tablename,col_len,col_precision,col_scale,description,kind,lt,lu,primarykey,sql_declaration,sql_type,system_type) VALUES ('idinsegn','Insegn','4',null,null,null,'S',{ts '2018-07-19 17:43:24.097'},'assistenza','S','int','int','System.Int32')
GO

IF exists(SELECT * FROM [coldescr] WHERE colname = 'idstruttura' AND tablename = 'Insegn')
UPDATE [coldescr] SET col_len = '4',col_precision = null,col_scale = null,description = 'Struttura didattica di riferimento',kind = 'S',lt = {ts '2019-09-09 18:46:26.260'},lu = 'assistenza',primarykey = 'N',sql_declaration = 'int',sql_type = 'int',system_type = 'System.Int32' WHERE colname = 'idstruttura' AND tablename = 'Insegn'
ELSE
INSERT INTO [coldescr] (colname,tablename,col_len,col_precision,col_scale,description,kind,lt,lu,primarykey,sql_declaration,sql_type,system_type) VALUES ('idstruttura','Insegn','4',null,null,'Struttura didattica di riferimento','S',{ts '2019-09-09 18:46:26.260'},'assistenza','N','int','int','System.Int32')
GO

IF exists(SELECT * FROM [coldescr] WHERE colname = 'lt' AND tablename = 'Insegn')
UPDATE [coldescr] SET col_len = '8',col_precision = null,col_scale = null,description = null,kind = 'S',lt = {ts '2019-02-26 11:09:16.653'},lu = 'assistenza',primarykey = 'N',sql_declaration = 'datetime',sql_type = 'datetime',system_type = 'System.DateTime' WHERE colname = 'lt' AND tablename = 'Insegn'
ELSE
INSERT INTO [coldescr] (colname,tablename,col_len,col_precision,col_scale,description,kind,lt,lu,primarykey,sql_declaration,sql_type,system_type) VALUES ('lt','Insegn','8',null,null,null,'S',{ts '2019-02-26 11:09:16.653'},'assistenza','N','datetime','datetime','System.DateTime')
GO

IF exists(SELECT * FROM [coldescr] WHERE colname = 'lu' AND tablename = 'Insegn')
UPDATE [coldescr] SET col_len = '64',col_precision = null,col_scale = null,description = null,kind = 'S',lt = {ts '2019-02-26 11:09:16.653'},lu = 'assistenza',primarykey = 'N',sql_declaration = 'varchar(64)',sql_type = 'varchar',system_type = 'System.String' WHERE colname = 'lu' AND tablename = 'Insegn'
ELSE
INSERT INTO [coldescr] (colname,tablename,col_len,col_precision,col_scale,description,kind,lt,lu,primarykey,sql_declaration,sql_type,system_type) VALUES ('lu','Insegn','64',null,null,null,'S',{ts '2019-02-26 11:09:16.653'},'assistenza','N','varchar(64)','varchar','System.String')
GO

-- FINE GENERAZIONE SCRIPT --


-- GENERAZIONE DATI PER tabledescr --
IF exists(SELECT * FROM [tabledescr] WHERE tablename = 'insegncaratteristica')
UPDATE [tabledescr] SET description = 'caratteristiche dell''insegnamento nel vocabolario ovvero sasd e cf',idapplication = '2',isdbo = 'S',lt = {ts '2021-02-19 15:03:43.897'},lu = 'assistenza',title = 'Caratteristiche dell''insegnamento nel vocabolario ovvero sasd e cf' WHERE tablename = 'insegncaratteristica'
ELSE
INSERT INTO [tabledescr] (tablename,description,idapplication,isdbo,lt,lu,title) VALUES ('insegncaratteristica','caratteristiche dell''insegnamento nel vocabolario ovvero sasd e cf','2','S',{ts '2021-02-19 15:03:43.897'},'assistenza','Caratteristiche dell''insegnamento nel vocabolario ovvero sasd e cf')
GO

-- FINE GENERAZIONE SCRIPT --


-- GENERAZIONE DATI PER coldescr --
IF exists(SELECT * FROM [coldescr] WHERE colname = 'cf' AND tablename = 'insegncaratteristica')
UPDATE [coldescr] SET col_len = '5',col_precision = '9',col_scale = '2',description = 'Crediti',kind = 'S',lt = {ts '2019-03-28 11:15:53.143'},lu = 'assistenza',primarykey = 'N',sql_declaration = 'decimal(9,2)',sql_type = 'decimal',system_type = 'System.Decimal' WHERE colname = 'cf' AND tablename = 'insegncaratteristica'
ELSE
INSERT INTO [coldescr] (colname,tablename,col_len,col_precision,col_scale,description,kind,lt,lu,primarykey,sql_declaration,sql_type,system_type) VALUES ('cf','insegncaratteristica','5','9','2','Crediti','S',{ts '2019-03-28 11:15:53.143'},'assistenza','N','decimal(9,2)','decimal','System.Decimal')
GO

IF exists(SELECT * FROM [coldescr] WHERE colname = 'ct' AND tablename = 'insegncaratteristica')
UPDATE [coldescr] SET col_len = '8',col_precision = null,col_scale = null,description = null,kind = 'S',lt = {ts '2018-07-19 17:43:54.953'},lu = 'assistenza',primarykey = 'N',sql_declaration = 'datetime',sql_type = 'datetime',system_type = 'System.DateTime' WHERE colname = 'ct' AND tablename = 'insegncaratteristica'
ELSE
INSERT INTO [coldescr] (colname,tablename,col_len,col_precision,col_scale,description,kind,lt,lu,primarykey,sql_declaration,sql_type,system_type) VALUES ('ct','insegncaratteristica','8',null,null,null,'S',{ts '2018-07-19 17:43:54.953'},'assistenza','N','datetime','datetime','System.DateTime')
GO

IF exists(SELECT * FROM [coldescr] WHERE colname = 'cu' AND tablename = 'insegncaratteristica')
UPDATE [coldescr] SET col_len = '64',col_precision = null,col_scale = null,description = null,kind = 'S',lt = {ts '2018-07-19 17:43:54.953'},lu = 'assistenza',primarykey = 'N',sql_declaration = 'varchar(64)',sql_type = 'varchar',system_type = 'System.String' WHERE colname = 'cu' AND tablename = 'insegncaratteristica'
ELSE
INSERT INTO [coldescr] (colname,tablename,col_len,col_precision,col_scale,description,kind,lt,lu,primarykey,sql_declaration,sql_type,system_type) VALUES ('cu','insegncaratteristica','64',null,null,null,'S',{ts '2018-07-19 17:43:54.953'},'assistenza','N','varchar(64)','varchar','System.String')
GO

IF exists(SELECT * FROM [coldescr] WHERE colname = 'idinsegn' AND tablename = 'insegncaratteristica')
UPDATE [coldescr] SET col_len = '4',col_precision = null,col_scale = null,description = null,kind = 'S',lt = {ts '2019-03-28 11:09:45.937'},lu = 'assistenza',primarykey = 'N',sql_declaration = 'int',sql_type = 'int',system_type = 'System.Int32' WHERE colname = 'idinsegn' AND tablename = 'insegncaratteristica'
ELSE
INSERT INTO [coldescr] (colname,tablename,col_len,col_precision,col_scale,description,kind,lt,lu,primarykey,sql_declaration,sql_type,system_type) VALUES ('idinsegn','insegncaratteristica','4',null,null,null,'S',{ts '2019-03-28 11:09:45.937'},'assistenza','N','int','int','System.Int32')
GO

IF exists(SELECT * FROM [coldescr] WHERE colname = 'idinsegncaratteristica' AND tablename = 'insegncaratteristica')
UPDATE [coldescr] SET col_len = '4',col_precision = null,col_scale = null,description = null,kind = 'S',lt = {ts '2019-03-28 11:09:45.937'},lu = 'assistenza',primarykey = 'S',sql_declaration = 'int',sql_type = 'int',system_type = 'System.Int32' WHERE colname = 'idinsegncaratteristica' AND tablename = 'insegncaratteristica'
ELSE
INSERT INTO [coldescr] (colname,tablename,col_len,col_precision,col_scale,description,kind,lt,lu,primarykey,sql_declaration,sql_type,system_type) VALUES ('idinsegncaratteristica','insegncaratteristica','4',null,null,null,'S',{ts '2019-03-28 11:09:45.937'},'assistenza','S','int','int','System.Int32')
GO

IF exists(SELECT * FROM [coldescr] WHERE colname = 'idsasd' AND tablename = 'insegncaratteristica')
UPDATE [coldescr] SET col_len = '4',col_precision = null,col_scale = null,description = 'SASD',kind = 'S',lt = {ts '2019-03-28 11:15:53.143'},lu = 'assistenza',primarykey = 'N',sql_declaration = 'int',sql_type = 'int',system_type = 'System.Int32' WHERE colname = 'idsasd' AND tablename = 'insegncaratteristica'
ELSE
INSERT INTO [coldescr] (colname,tablename,col_len,col_precision,col_scale,description,kind,lt,lu,primarykey,sql_declaration,sql_type,system_type) VALUES ('idsasd','insegncaratteristica','4',null,null,'SASD','S',{ts '2019-03-28 11:15:53.143'},'assistenza','N','int','int','System.Int32')
GO

IF exists(SELECT * FROM [coldescr] WHERE colname = 'lt' AND tablename = 'insegncaratteristica')
UPDATE [coldescr] SET col_len = '8',col_precision = null,col_scale = null,description = null,kind = 'S',lt = {ts '2018-07-19 17:43:54.953'},lu = 'assistenza',primarykey = 'N',sql_declaration = 'datetime',sql_type = 'datetime',system_type = 'System.DateTime' WHERE colname = 'lt' AND tablename = 'insegncaratteristica'
ELSE
INSERT INTO [coldescr] (colname,tablename,col_len,col_precision,col_scale,description,kind,lt,lu,primarykey,sql_declaration,sql_type,system_type) VALUES ('lt','insegncaratteristica','8',null,null,null,'S',{ts '2018-07-19 17:43:54.953'},'assistenza','N','datetime','datetime','System.DateTime')
GO

IF exists(SELECT * FROM [coldescr] WHERE colname = 'lu' AND tablename = 'insegncaratteristica')
UPDATE [coldescr] SET col_len = '64',col_precision = null,col_scale = null,description = null,kind = 'S',lt = {ts '2018-07-19 17:43:54.953'},lu = 'assistenza',primarykey = 'N',sql_declaration = 'varchar(64)',sql_type = 'varchar',system_type = 'System.String' WHERE colname = 'lu' AND tablename = 'insegncaratteristica'
ELSE
INSERT INTO [coldescr] (colname,tablename,col_len,col_precision,col_scale,description,kind,lt,lu,primarykey,sql_declaration,sql_type,system_type) VALUES ('lu','insegncaratteristica','64',null,null,null,'S',{ts '2018-07-19 17:43:54.953'},'assistenza','N','varchar(64)','varchar','System.String')
GO

IF exists(SELECT * FROM [coldescr] WHERE colname = 'profess' AND tablename = 'insegncaratteristica')
UPDATE [coldescr] SET col_len = '1',col_precision = null,col_scale = null,description = 'Professionalizzante',kind = 'S',lt = {ts '2019-03-28 11:15:53.143'},lu = 'assistenza',primarykey = 'N',sql_declaration = 'char(1)',sql_type = 'char',system_type = 'System.String' WHERE colname = 'profess' AND tablename = 'insegncaratteristica'
ELSE
INSERT INTO [coldescr] (colname,tablename,col_len,col_precision,col_scale,description,kind,lt,lu,primarykey,sql_declaration,sql_type,system_type) VALUES ('profess','insegncaratteristica','1',null,null,'Professionalizzante','S',{ts '2019-03-28 11:15:53.143'},'assistenza','N','char(1)','char','System.String')
GO

-- FINE GENERAZIONE SCRIPT --


-- GENERAZIONE DATI PER relation --
IF exists(SELECT * FROM [relation] WHERE idrelation = '3291')
UPDATE [relation] SET childtable = 'insegncaratteristica',description = 'insegnamento da caratterizzare',lt = {ts '2018-07-19 17:44:41.867'},lu = 'assistenza',parenttable = 'Insegn',title = null WHERE idrelation = '3291'
ELSE
INSERT INTO [relation] (idrelation,childtable,description,lt,lu,parenttable,title) VALUES ('3291','insegncaratteristica','insegnamento da caratterizzare',{ts '2018-07-19 17:44:41.867'},'assistenza','Insegn',null)
GO

IF exists(SELECT * FROM [relation] WHERE idrelation = '3292')
UPDATE [relation] SET childtable = 'insegncaratteristica',description = 'caratteristica dell''insegnamento',lt = {ts '2018-07-19 17:44:41.890'},lu = 'assistenza',parenttable = 'caratteristica',title = null WHERE idrelation = '3292'
ELSE
INSERT INTO [relation] (idrelation,childtable,description,lt,lu,parenttable,title) VALUES ('3292','insegncaratteristica','caratteristica dell''insegnamento',{ts '2018-07-19 17:44:41.890'},'assistenza','caratteristica',null)
GO

-- FINE GENERAZIONE SCRIPT --


-- GENERAZIONE DATI PER tabledescr --
IF exists(SELECT * FROM [tabledescr] WHERE tablename = 'insegninteg')
UPDATE [tabledescr] SET description = null,idapplication = '2',isdbo = 'S',lt = {ts '2021-02-19 15:03:58.403'},lu = 'assistenza',title = 'Insegnamenti integrandi' WHERE tablename = 'insegninteg'
ELSE
INSERT INTO [tabledescr] (tablename,description,idapplication,isdbo,lt,lu,title) VALUES ('insegninteg',null,'2','S',{ts '2021-02-19 15:03:58.403'},'assistenza','Insegnamenti integrandi')
GO

-- FINE GENERAZIONE SCRIPT --


-- GENERAZIONE DATI PER coldescr --
IF exists(SELECT * FROM [coldescr] WHERE colname = 'codice' AND tablename = 'insegninteg')
UPDATE [coldescr] SET col_len = '50',col_precision = null,col_scale = null,description = null,kind = 'S',lt = {ts '2019-04-09 15:25:27.163'},lu = 'assistenza',primarykey = 'N',sql_declaration = 'varchar(50)',sql_type = 'varchar',system_type = 'System.String' WHERE colname = 'codice' AND tablename = 'insegninteg'
ELSE
INSERT INTO [coldescr] (colname,tablename,col_len,col_precision,col_scale,description,kind,lt,lu,primarykey,sql_declaration,sql_type,system_type) VALUES ('codice','insegninteg','50',null,null,null,'S',{ts '2019-04-09 15:25:27.163'},'assistenza','N','varchar(50)','varchar','System.String')
GO

IF exists(SELECT * FROM [coldescr] WHERE colname = 'ct' AND tablename = 'insegninteg')
UPDATE [coldescr] SET col_len = '8',col_precision = null,col_scale = null,description = null,kind = 'S',lt = {ts '2019-04-09 15:25:27.163'},lu = 'assistenza',primarykey = 'N',sql_declaration = 'datetime',sql_type = 'datetime',system_type = 'System.DateTime' WHERE colname = 'ct' AND tablename = 'insegninteg'
ELSE
INSERT INTO [coldescr] (colname,tablename,col_len,col_precision,col_scale,description,kind,lt,lu,primarykey,sql_declaration,sql_type,system_type) VALUES ('ct','insegninteg','8',null,null,null,'S',{ts '2019-04-09 15:25:27.163'},'assistenza','N','datetime','datetime','System.DateTime')
GO

IF exists(SELECT * FROM [coldescr] WHERE colname = 'cu' AND tablename = 'insegninteg')
UPDATE [coldescr] SET col_len = '64',col_precision = null,col_scale = null,description = null,kind = 'S',lt = {ts '2019-04-09 15:25:27.163'},lu = 'assistenza',primarykey = 'N',sql_declaration = 'varchar(64)',sql_type = 'varchar',system_type = 'System.String' WHERE colname = 'cu' AND tablename = 'insegninteg'
ELSE
INSERT INTO [coldescr] (colname,tablename,col_len,col_precision,col_scale,description,kind,lt,lu,primarykey,sql_declaration,sql_type,system_type) VALUES ('cu','insegninteg','64',null,null,null,'S',{ts '2019-04-09 15:25:27.163'},'assistenza','N','varchar(64)','varchar','System.String')
GO

IF exists(SELECT * FROM [coldescr] WHERE colname = 'denominazione' AND tablename = 'insegninteg')
UPDATE [coldescr] SET col_len = '256',col_precision = null,col_scale = null,description = null,kind = 'S',lt = {ts '2019-04-09 15:25:27.163'},lu = 'assistenza',primarykey = 'N',sql_declaration = 'varchar(256)',sql_type = 'varchar',system_type = 'System.String' WHERE colname = 'denominazione' AND tablename = 'insegninteg'
ELSE
INSERT INTO [coldescr] (colname,tablename,col_len,col_precision,col_scale,description,kind,lt,lu,primarykey,sql_declaration,sql_type,system_type) VALUES ('denominazione','insegninteg','256',null,null,null,'S',{ts '2019-04-09 15:25:27.163'},'assistenza','N','varchar(256)','varchar','System.String')
GO

IF exists(SELECT * FROM [coldescr] WHERE colname = 'denominazione_en' AND tablename = 'insegninteg')
UPDATE [coldescr] SET col_len = '256',col_precision = null,col_scale = null,description = 'Denominazione in inglese',kind = 'S',lt = {ts '2020-02-17 17:25:28.663'},lu = 'assistenza',primarykey = 'N',sql_declaration = 'varchar(256)',sql_type = 'varchar',system_type = 'System.String' WHERE colname = 'denominazione_en' AND tablename = 'insegninteg'
ELSE
INSERT INTO [coldescr] (colname,tablename,col_len,col_precision,col_scale,description,kind,lt,lu,primarykey,sql_declaration,sql_type,system_type) VALUES ('denominazione_en','insegninteg','256',null,null,'Denominazione in inglese','S',{ts '2020-02-17 17:25:28.663'},'assistenza','N','varchar(256)','varchar','System.String')
GO

IF exists(SELECT * FROM [coldescr] WHERE colname = 'idinsegn' AND tablename = 'insegninteg')
UPDATE [coldescr] SET col_len = '4',col_precision = null,col_scale = null,description = 'Insegnamento padre',kind = 'S',lt = {ts '2019-09-20 13:02:21.343'},lu = 'assistenza',primarykey = 'S',sql_declaration = 'int',sql_type = 'int',system_type = 'System.Int32' WHERE colname = 'idinsegn' AND tablename = 'insegninteg'
ELSE
INSERT INTO [coldescr] (colname,tablename,col_len,col_precision,col_scale,description,kind,lt,lu,primarykey,sql_declaration,sql_type,system_type) VALUES ('idinsegn','insegninteg','4',null,null,'Insegnamento padre','S',{ts '2019-09-20 13:02:21.343'},'assistenza','S','int','int','System.Int32')
GO

IF exists(SELECT * FROM [coldescr] WHERE colname = 'idinsegninteg' AND tablename = 'insegninteg')
UPDATE [coldescr] SET col_len = '4',col_precision = null,col_scale = null,description = null,kind = 'S',lt = {ts '2019-04-09 15:25:27.163'},lu = 'assistenza',primarykey = 'S',sql_declaration = 'int',sql_type = 'int',system_type = 'System.Int32' WHERE colname = 'idinsegninteg' AND tablename = 'insegninteg'
ELSE
INSERT INTO [coldescr] (colname,tablename,col_len,col_precision,col_scale,description,kind,lt,lu,primarykey,sql_declaration,sql_type,system_type) VALUES ('idinsegninteg','insegninteg','4',null,null,null,'S',{ts '2019-04-09 15:25:27.163'},'assistenza','S','int','int','System.Int32')
GO

IF exists(SELECT * FROM [coldescr] WHERE colname = 'lt' AND tablename = 'insegninteg')
UPDATE [coldescr] SET col_len = '8',col_precision = null,col_scale = null,description = null,kind = 'S',lt = {ts '2019-04-09 15:25:27.163'},lu = 'assistenza',primarykey = 'N',sql_declaration = 'datetime',sql_type = 'datetime',system_type = 'System.DateTime' WHERE colname = 'lt' AND tablename = 'insegninteg'
ELSE
INSERT INTO [coldescr] (colname,tablename,col_len,col_precision,col_scale,description,kind,lt,lu,primarykey,sql_declaration,sql_type,system_type) VALUES ('lt','insegninteg','8',null,null,null,'S',{ts '2019-04-09 15:25:27.163'},'assistenza','N','datetime','datetime','System.DateTime')
GO

IF exists(SELECT * FROM [coldescr] WHERE colname = 'lu' AND tablename = 'insegninteg')
UPDATE [coldescr] SET col_len = '64',col_precision = null,col_scale = null,description = null,kind = 'S',lt = {ts '2019-04-09 15:25:27.163'},lu = 'assistenza',primarykey = 'N',sql_declaration = 'varchar(64)',sql_type = 'varchar',system_type = 'System.String' WHERE colname = 'lu' AND tablename = 'insegninteg'
ELSE
INSERT INTO [coldescr] (colname,tablename,col_len,col_precision,col_scale,description,kind,lt,lu,primarykey,sql_declaration,sql_type,system_type) VALUES ('lu','insegninteg','64',null,null,null,'S',{ts '2019-04-09 15:25:27.163'},'assistenza','N','varchar(64)','varchar','System.String')
GO

-- FINE GENERAZIONE SCRIPT --


-- GENERAZIONE DATI PER tabledescr --
IF exists(SELECT * FROM [tabledescr] WHERE tablename = 'insegnintegcaratteristica')
UPDATE [tabledescr] SET description = null,idapplication = '2',isdbo = 'S',lt = {ts '2021-02-19 15:04:51.703'},lu = 'assistenza',title = 'Caratteristiche degli insegnamenti integrandi' WHERE tablename = 'insegnintegcaratteristica'
ELSE
INSERT INTO [tabledescr] (tablename,description,idapplication,isdbo,lt,lu,title) VALUES ('insegnintegcaratteristica',null,'2','S',{ts '2021-02-19 15:04:51.703'},'assistenza','Caratteristiche degli insegnamenti integrandi')
GO

-- FINE GENERAZIONE SCRIPT --


-- GENERAZIONE DATI PER coldescr --
IF exists(SELECT * FROM [coldescr] WHERE colname = 'cf' AND tablename = 'insegnintegcaratteristica')
UPDATE [coldescr] SET col_len = '5',col_precision = '9',col_scale = '2',description = 'Crediti',kind = 'S',lt = {ts '2019-04-09 15:38:16.997'},lu = 'assistenza',primarykey = 'N',sql_declaration = 'decimal(9,2)',sql_type = 'decimal',system_type = 'System.Decimal' WHERE colname = 'cf' AND tablename = 'insegnintegcaratteristica'
ELSE
INSERT INTO [coldescr] (colname,tablename,col_len,col_precision,col_scale,description,kind,lt,lu,primarykey,sql_declaration,sql_type,system_type) VALUES ('cf','insegnintegcaratteristica','5','9','2','Crediti','S',{ts '2019-04-09 15:38:16.997'},'assistenza','N','decimal(9,2)','decimal','System.Decimal')
GO

IF exists(SELECT * FROM [coldescr] WHERE colname = 'ct' AND tablename = 'insegnintegcaratteristica')
UPDATE [coldescr] SET col_len = '8',col_precision = null,col_scale = null,description = null,kind = 'S',lt = {ts '2019-04-09 15:37:17.567'},lu = 'assistenza',primarykey = 'N',sql_declaration = 'datetime',sql_type = 'datetime',system_type = 'System.DateTime' WHERE colname = 'ct' AND tablename = 'insegnintegcaratteristica'
ELSE
INSERT INTO [coldescr] (colname,tablename,col_len,col_precision,col_scale,description,kind,lt,lu,primarykey,sql_declaration,sql_type,system_type) VALUES ('ct','insegnintegcaratteristica','8',null,null,null,'S',{ts '2019-04-09 15:37:17.567'},'assistenza','N','datetime','datetime','System.DateTime')
GO

IF exists(SELECT * FROM [coldescr] WHERE colname = 'cu' AND tablename = 'insegnintegcaratteristica')
UPDATE [coldescr] SET col_len = '64',col_precision = null,col_scale = null,description = null,kind = 'S',lt = {ts '2019-04-09 15:37:17.567'},lu = 'assistenza',primarykey = 'N',sql_declaration = 'varchar(64)',sql_type = 'varchar',system_type = 'System.String' WHERE colname = 'cu' AND tablename = 'insegnintegcaratteristica'
ELSE
INSERT INTO [coldescr] (colname,tablename,col_len,col_precision,col_scale,description,kind,lt,lu,primarykey,sql_declaration,sql_type,system_type) VALUES ('cu','insegnintegcaratteristica','64',null,null,null,'S',{ts '2019-04-09 15:37:17.567'},'assistenza','N','varchar(64)','varchar','System.String')
GO

IF exists(SELECT * FROM [coldescr] WHERE colname = 'idinsegn' AND tablename = 'insegnintegcaratteristica')
UPDATE [coldescr] SET col_len = '4',col_precision = null,col_scale = null,description = null,kind = 'S',lt = {ts '2019-04-09 18:29:58.660'},lu = 'assistenza',primarykey = 'S',sql_declaration = 'int',sql_type = 'int',system_type = 'System.Int32' WHERE colname = 'idinsegn' AND tablename = 'insegnintegcaratteristica'
ELSE
INSERT INTO [coldescr] (colname,tablename,col_len,col_precision,col_scale,description,kind,lt,lu,primarykey,sql_declaration,sql_type,system_type) VALUES ('idinsegn','insegnintegcaratteristica','4',null,null,null,'S',{ts '2019-04-09 18:29:58.660'},'assistenza','S','int','int','System.Int32')
GO

IF exists(SELECT * FROM [coldescr] WHERE colname = 'idinsegninteg' AND tablename = 'insegnintegcaratteristica')
UPDATE [coldescr] SET col_len = '4',col_precision = null,col_scale = null,description = null,kind = 'S',lt = {ts '2019-04-09 18:29:58.660'},lu = 'assistenza',primarykey = 'S',sql_declaration = 'int',sql_type = 'int',system_type = 'System.Int32' WHERE colname = 'idinsegninteg' AND tablename = 'insegnintegcaratteristica'
ELSE
INSERT INTO [coldescr] (colname,tablename,col_len,col_precision,col_scale,description,kind,lt,lu,primarykey,sql_declaration,sql_type,system_type) VALUES ('idinsegninteg','insegnintegcaratteristica','4',null,null,null,'S',{ts '2019-04-09 18:29:58.660'},'assistenza','S','int','int','System.Int32')
GO

IF exists(SELECT * FROM [coldescr] WHERE colname = 'idinsegnintegcaratteristica' AND tablename = 'insegnintegcaratteristica')
UPDATE [coldescr] SET col_len = '4',col_precision = null,col_scale = null,description = null,kind = 'S',lt = {ts '2019-04-09 15:37:17.570'},lu = 'assistenza',primarykey = 'S',sql_declaration = 'int',sql_type = 'int',system_type = 'System.Int32' WHERE colname = 'idinsegnintegcaratteristica' AND tablename = 'insegnintegcaratteristica'
ELSE
INSERT INTO [coldescr] (colname,tablename,col_len,col_precision,col_scale,description,kind,lt,lu,primarykey,sql_declaration,sql_type,system_type) VALUES ('idinsegnintegcaratteristica','insegnintegcaratteristica','4',null,null,null,'S',{ts '2019-04-09 15:37:17.570'},'assistenza','S','int','int','System.Int32')
GO

IF exists(SELECT * FROM [coldescr] WHERE colname = 'idsasd' AND tablename = 'insegnintegcaratteristica')
UPDATE [coldescr] SET col_len = '4',col_precision = null,col_scale = null,description = 'Settore artistico scientifico disciplinare',kind = 'S',lt = {ts '2019-04-09 15:38:16.997'},lu = 'assistenza',primarykey = 'N',sql_declaration = 'int',sql_type = 'int',system_type = 'System.Int32' WHERE colname = 'idsasd' AND tablename = 'insegnintegcaratteristica'
ELSE
INSERT INTO [coldescr] (colname,tablename,col_len,col_precision,col_scale,description,kind,lt,lu,primarykey,sql_declaration,sql_type,system_type) VALUES ('idsasd','insegnintegcaratteristica','4',null,null,'Settore artistico scientifico disciplinare','S',{ts '2019-04-09 15:38:16.997'},'assistenza','N','int','int','System.Int32')
GO

IF exists(SELECT * FROM [coldescr] WHERE colname = 'lt' AND tablename = 'insegnintegcaratteristica')
UPDATE [coldescr] SET col_len = '8',col_precision = null,col_scale = null,description = null,kind = 'S',lt = {ts '2019-04-09 15:37:17.570'},lu = 'assistenza',primarykey = 'N',sql_declaration = 'datetime',sql_type = 'datetime',system_type = 'System.DateTime' WHERE colname = 'lt' AND tablename = 'insegnintegcaratteristica'
ELSE
INSERT INTO [coldescr] (colname,tablename,col_len,col_precision,col_scale,description,kind,lt,lu,primarykey,sql_declaration,sql_type,system_type) VALUES ('lt','insegnintegcaratteristica','8',null,null,null,'S',{ts '2019-04-09 15:37:17.570'},'assistenza','N','datetime','datetime','System.DateTime')
GO

IF exists(SELECT * FROM [coldescr] WHERE colname = 'lu' AND tablename = 'insegnintegcaratteristica')
UPDATE [coldescr] SET col_len = '64',col_precision = null,col_scale = null,description = null,kind = 'S',lt = {ts '2019-04-09 15:37:17.570'},lu = 'assistenza',primarykey = 'N',sql_declaration = 'varchar(64)',sql_type = 'varchar',system_type = 'System.String' WHERE colname = 'lu' AND tablename = 'insegnintegcaratteristica'
ELSE
INSERT INTO [coldescr] (colname,tablename,col_len,col_precision,col_scale,description,kind,lt,lu,primarykey,sql_declaration,sql_type,system_type) VALUES ('lu','insegnintegcaratteristica','64',null,null,null,'S',{ts '2019-04-09 15:37:17.570'},'assistenza','N','varchar(64)','varchar','System.String')
GO

IF exists(SELECT * FROM [coldescr] WHERE colname = 'profess' AND tablename = 'insegnintegcaratteristica')
UPDATE [coldescr] SET col_len = '1',col_precision = null,col_scale = null,description = 'Professionalizzante',kind = 'S',lt = {ts '2019-04-09 15:38:16.997'},lu = 'assistenza',primarykey = 'N',sql_declaration = 'char(1)',sql_type = 'char',system_type = 'System.String' WHERE colname = 'profess' AND tablename = 'insegnintegcaratteristica'
ELSE
INSERT INTO [coldescr] (colname,tablename,col_len,col_precision,col_scale,description,kind,lt,lu,primarykey,sql_declaration,sql_type,system_type) VALUES ('profess','insegnintegcaratteristica','1',null,null,'Professionalizzante','S',{ts '2019-04-09 15:38:16.997'},'assistenza','N','char(1)','char','System.String')
GO

-- FINE GENERAZIONE SCRIPT --


-- GENERAZIONE DATI PER tabledescr --
IF exists(SELECT * FROM [tabledescr] WHERE tablename = 'iscrizione')
UPDATE [tabledescr] SET description = '2.2.1 Iscrizione ad un corso di studi',idapplication = '3',isdbo = 'S',lt = {ts '2021-02-19 12:57:41.503'},lu = 'assistenza',title = 'Iscrizione ad un corso di studi' WHERE tablename = 'iscrizione'
ELSE
INSERT INTO [tabledescr] (tablename,description,idapplication,isdbo,lt,lu,title) VALUES ('iscrizione','2.2.1 Iscrizione ad un corso di studi','3','S',{ts '2021-02-19 12:57:41.503'},'assistenza','Iscrizione ad un corso di studi')
GO

-- FINE GENERAZIONE SCRIPT --


-- GENERAZIONE DATI PER coldescr --
IF exists(SELECT * FROM [coldescr] WHERE colname = 'aa' AND tablename = 'iscrizione')
UPDATE [coldescr] SET col_len = '9',col_precision = null,col_scale = null,description = 'Anno accademico',kind = 'S',lt = {ts '2019-02-22 17:59:55.047'},lu = 'assistenza',primarykey = 'N',sql_declaration = 'varchar(9)',sql_type = 'varchar',system_type = 'System.String' WHERE colname = 'aa' AND tablename = 'iscrizione'
ELSE
INSERT INTO [coldescr] (colname,tablename,col_len,col_precision,col_scale,description,kind,lt,lu,primarykey,sql_declaration,sql_type,system_type) VALUES ('aa','iscrizione','9',null,null,'Anno accademico','S',{ts '2019-02-22 17:59:55.047'},'assistenza','N','varchar(9)','varchar','System.String')
GO

IF exists(SELECT * FROM [coldescr] WHERE colname = 'anno' AND tablename = 'iscrizione')
UPDATE [coldescr] SET col_len = '4',col_precision = null,col_scale = null,description = 'Anno di corso',kind = 'S',lt = {ts '2019-02-22 17:59:55.047'},lu = 'assistenza',primarykey = 'N',sql_declaration = 'int',sql_type = 'int',system_type = 'System.Int32' WHERE colname = 'anno' AND tablename = 'iscrizione'
ELSE
INSERT INTO [coldescr] (colname,tablename,col_len,col_precision,col_scale,description,kind,lt,lu,primarykey,sql_declaration,sql_type,system_type) VALUES ('anno','iscrizione','4',null,null,'Anno di corso','S',{ts '2019-02-22 17:59:55.047'},'assistenza','N','int','int','System.Int32')
GO

IF exists(SELECT * FROM [coldescr] WHERE colname = 'ct' AND tablename = 'iscrizione')
UPDATE [coldescr] SET col_len = '8',col_precision = null,col_scale = null,description = null,kind = 'S',lt = {ts '2018-07-18 17:39:27.510'},lu = 'assistenza',primarykey = 'N',sql_declaration = 'datetime',sql_type = 'datetime',system_type = 'System.DateTime' WHERE colname = 'ct' AND tablename = 'iscrizione'
ELSE
INSERT INTO [coldescr] (colname,tablename,col_len,col_precision,col_scale,description,kind,lt,lu,primarykey,sql_declaration,sql_type,system_type) VALUES ('ct','iscrizione','8',null,null,null,'S',{ts '2018-07-18 17:39:27.510'},'assistenza','N','datetime','datetime','System.DateTime')
GO

IF exists(SELECT * FROM [coldescr] WHERE colname = 'cu' AND tablename = 'iscrizione')
UPDATE [coldescr] SET col_len = '64',col_precision = null,col_scale = null,description = null,kind = 'S',lt = {ts '2018-07-18 17:39:27.510'},lu = 'assistenza',primarykey = 'N',sql_declaration = 'varchar(64)',sql_type = 'varchar',system_type = 'System.String' WHERE colname = 'cu' AND tablename = 'iscrizione'
ELSE
INSERT INTO [coldescr] (colname,tablename,col_len,col_precision,col_scale,description,kind,lt,lu,primarykey,sql_declaration,sql_type,system_type) VALUES ('cu','iscrizione','64',null,null,null,'S',{ts '2018-07-18 17:39:27.510'},'assistenza','N','varchar(64)','varchar','System.String')
GO

IF exists(SELECT * FROM [coldescr] WHERE colname = 'data' AND tablename = 'iscrizione')
UPDATE [coldescr] SET col_len = '8',col_precision = null,col_scale = null,description = null,kind = 'S',lt = {ts '2019-02-22 17:59:08.233'},lu = 'assistenza',primarykey = 'N',sql_declaration = 'datetime',sql_type = 'datetime',system_type = 'System.DateTime' WHERE colname = 'data' AND tablename = 'iscrizione'
ELSE
INSERT INTO [coldescr] (colname,tablename,col_len,col_precision,col_scale,description,kind,lt,lu,primarykey,sql_declaration,sql_type,system_type) VALUES ('data','iscrizione','8',null,null,null,'S',{ts '2019-02-22 17:59:08.233'},'assistenza','N','datetime','datetime','System.DateTime')
GO

IF exists(SELECT * FROM [coldescr] WHERE colname = 'idcorsostudio' AND tablename = 'iscrizione')
UPDATE [coldescr] SET col_len = '4',col_precision = null,col_scale = null,description = 'Corso di studi',kind = 'S',lt = {ts '2020-02-05 18:42:46.477'},lu = 'assistenza',primarykey = 'N',sql_declaration = 'int',sql_type = 'int',system_type = 'System.Int32' WHERE colname = 'idcorsostudio' AND tablename = 'iscrizione'
ELSE
INSERT INTO [coldescr] (colname,tablename,col_len,col_precision,col_scale,description,kind,lt,lu,primarykey,sql_declaration,sql_type,system_type) VALUES ('idcorsostudio','iscrizione','4',null,null,'Corso di studi','S',{ts '2020-02-05 18:42:46.477'},'assistenza','N','int','int','System.Int32')
GO

IF exists(SELECT * FROM [coldescr] WHERE colname = 'iddidprog' AND tablename = 'iscrizione')
UPDATE [coldescr] SET col_len = '4',col_precision = null,col_scale = null,description = 'Didattica programmata',kind = 'S',lt = {ts '2019-11-13 16:48:33.217'},lu = 'assistenza',primarykey = 'N',sql_declaration = 'int',sql_type = 'int',system_type = 'System.Int32' WHERE colname = 'iddidprog' AND tablename = 'iscrizione'
ELSE
INSERT INTO [coldescr] (colname,tablename,col_len,col_precision,col_scale,description,kind,lt,lu,primarykey,sql_declaration,sql_type,system_type) VALUES ('iddidprog','iscrizione','4',null,null,'Didattica programmata','S',{ts '2019-11-13 16:48:33.217'},'assistenza','N','int','int','System.Int32')
GO

IF exists(SELECT * FROM [coldescr] WHERE colname = 'idiscrizione' AND tablename = 'iscrizione')
UPDATE [coldescr] SET col_len = '4',col_precision = null,col_scale = null,description = null,kind = 'S',lt = {ts '2018-07-18 17:39:27.510'},lu = 'assistenza',primarykey = 'S',sql_declaration = 'int',sql_type = 'int',system_type = 'System.Int32' WHERE colname = 'idiscrizione' AND tablename = 'iscrizione'
ELSE
INSERT INTO [coldescr] (colname,tablename,col_len,col_precision,col_scale,description,kind,lt,lu,primarykey,sql_declaration,sql_type,system_type) VALUES ('idiscrizione','iscrizione','4',null,null,null,'S',{ts '2018-07-18 17:39:27.510'},'assistenza','S','int','int','System.Int32')
GO

IF exists(SELECT * FROM [coldescr] WHERE colname = 'idreg' AND tablename = 'iscrizione')
UPDATE [coldescr] SET col_len = '4',col_precision = null,col_scale = null,description = 'Studente',kind = 'S',lt = {ts '2019-11-13 16:48:33.217'},lu = 'assistenza',primarykey = 'S',sql_declaration = 'int',sql_type = 'int',system_type = 'System.Int32' WHERE colname = 'idreg' AND tablename = 'iscrizione'
ELSE
INSERT INTO [coldescr] (colname,tablename,col_len,col_precision,col_scale,description,kind,lt,lu,primarykey,sql_declaration,sql_type,system_type) VALUES ('idreg','iscrizione','4',null,null,'Studente','S',{ts '2019-11-13 16:48:33.217'},'assistenza','S','int','int','System.Int32')
GO

IF exists(SELECT * FROM [coldescr] WHERE colname = 'lt' AND tablename = 'iscrizione')
UPDATE [coldescr] SET col_len = '8',col_precision = null,col_scale = null,description = null,kind = 'S',lt = {ts '2019-11-13 16:48:38.387'},lu = 'assistenza',primarykey = 'N',sql_declaration = 'datetime',sql_type = 'datetime',system_type = 'System.DateTime' WHERE colname = 'lt' AND tablename = 'iscrizione'
ELSE
INSERT INTO [coldescr] (colname,tablename,col_len,col_precision,col_scale,description,kind,lt,lu,primarykey,sql_declaration,sql_type,system_type) VALUES ('lt','iscrizione','8',null,null,null,'S',{ts '2019-11-13 16:48:38.387'},'assistenza','N','datetime','datetime','System.DateTime')
GO

IF exists(SELECT * FROM [coldescr] WHERE colname = 'lu' AND tablename = 'iscrizione')
UPDATE [coldescr] SET col_len = '64',col_precision = null,col_scale = null,description = null,kind = 'S',lt = {ts '2018-07-18 17:39:27.513'},lu = 'assistenza',primarykey = 'N',sql_declaration = 'varchar(64)',sql_type = 'varchar',system_type = 'System.String' WHERE colname = 'lu' AND tablename = 'iscrizione'
ELSE
INSERT INTO [coldescr] (colname,tablename,col_len,col_precision,col_scale,description,kind,lt,lu,primarykey,sql_declaration,sql_type,system_type) VALUES ('lu','iscrizione','64',null,null,null,'S',{ts '2018-07-18 17:39:27.513'},'assistenza','N','varchar(64)','varchar','System.String')
GO

IF exists(SELECT * FROM [coldescr] WHERE colname = 'matricola' AND tablename = 'iscrizione')
UPDATE [coldescr] SET col_len = '50',col_precision = null,col_scale = null,description = null,kind = 'S',lt = {ts '2018-07-18 17:39:27.513'},lu = 'assistenza',primarykey = 'N',sql_declaration = 'varchar(50)',sql_type = 'varchar',system_type = 'System.String' WHERE colname = 'matricola' AND tablename = 'iscrizione'
ELSE
INSERT INTO [coldescr] (colname,tablename,col_len,col_precision,col_scale,description,kind,lt,lu,primarykey,sql_declaration,sql_type,system_type) VALUES ('matricola','iscrizione','50',null,null,null,'S',{ts '2018-07-18 17:39:27.513'},'assistenza','N','varchar(50)','varchar','System.String')
GO

-- FINE GENERAZIONE SCRIPT --


-- GENERAZIONE DATI PER relation --
IF exists(SELECT * FROM [relation] WHERE idrelation = '3253')
UPDATE [relation] SET childtable = 'iscrizione',description = 'didattica programmata a cui ci si iscrive',lt = {ts '2018-07-18 17:40:45.173'},lu = 'assistenza',parenttable = 'didprog',title = null WHERE idrelation = '3253'
ELSE
INSERT INTO [relation] (idrelation,childtable,description,lt,lu,parenttable,title) VALUES ('3253','iscrizione','didattica programmata a cui ci si iscrive',{ts '2018-07-18 17:40:45.173'},'assistenza','didprog',null)
GO

IF exists(SELECT * FROM [relation] WHERE idrelation = '3254')
UPDATE [relation] SET childtable = 'iscrizione',description = 'studente iscritto',lt = {ts '2018-07-18 17:40:45.200'},lu = 'assistenza',parenttable = 'registry',title = null WHERE idrelation = '3254'
ELSE
INSERT INTO [relation] (idrelation,childtable,description,lt,lu,parenttable,title) VALUES ('3254','iscrizione','studente iscritto',{ts '2018-07-18 17:40:45.200'},'assistenza','registry',null)
GO

-- FINE GENERAZIONE SCRIPT --


-- GENERAZIONE DATI PER tabledescr --
IF exists(SELECT * FROM [tabledescr] WHERE tablename = 'iscrizioneanno')
UPDATE [tabledescr] SET description = null,idapplication = '2',isdbo = 'S',lt = {ts '2019-11-13 16:51:27.993'},lu = 'assistenza',title = 'Iscrizione ad un anno di corso' WHERE tablename = 'iscrizioneanno'
ELSE
INSERT INTO [tabledescr] (tablename,description,idapplication,isdbo,lt,lu,title) VALUES ('iscrizioneanno',null,'2','S',{ts '2019-11-13 16:51:27.993'},'assistenza','Iscrizione ad un anno di corso')
GO

-- FINE GENERAZIONE SCRIPT --


-- GENERAZIONE DATI PER coldescr --
IF exists(SELECT * FROM [coldescr] WHERE colname = 'aa' AND tablename = 'iscrizioneanno')
UPDATE [coldescr] SET col_len = '9',col_precision = null,col_scale = null,description = 'Anno Accademico',kind = 'S',lt = {ts '2019-11-13 16:56:15.523'},lu = 'assistenza',primarykey = 'N',sql_declaration = 'varchar(9)',sql_type = 'varchar',system_type = 'System.String' WHERE colname = 'aa' AND tablename = 'iscrizioneanno'
ELSE
INSERT INTO [coldescr] (colname,tablename,col_len,col_precision,col_scale,description,kind,lt,lu,primarykey,sql_declaration,sql_type,system_type) VALUES ('aa','iscrizioneanno','9',null,null,'Anno Accademico','S',{ts '2019-11-13 16:56:15.523'},'assistenza','N','varchar(9)','varchar','System.String')
GO

IF exists(SELECT * FROM [coldescr] WHERE colname = 'anno' AND tablename = 'iscrizioneanno')
UPDATE [coldescr] SET col_len = '4',col_precision = null,col_scale = null,description = null,kind = 'S',lt = {ts '2019-11-13 16:53:52.837'},lu = 'assistenza',primarykey = 'N',sql_declaration = 'int',sql_type = 'int',system_type = 'System.Int32' WHERE colname = 'anno' AND tablename = 'iscrizioneanno'
ELSE
INSERT INTO [coldescr] (colname,tablename,col_len,col_precision,col_scale,description,kind,lt,lu,primarykey,sql_declaration,sql_type,system_type) VALUES ('anno','iscrizioneanno','4',null,null,null,'S',{ts '2019-11-13 16:53:52.837'},'assistenza','N','int','int','System.Int32')
GO

IF exists(SELECT * FROM [coldescr] WHERE colname = 'annofc' AND tablename = 'iscrizioneanno')
UPDATE [coldescr] SET col_len = '4',col_precision = null,col_scale = null,description = 'Anno fuori corso',kind = 'S',lt = {ts '2019-11-13 16:56:15.527'},lu = 'assistenza',primarykey = 'N',sql_declaration = 'int',sql_type = 'int',system_type = 'System.Int32' WHERE colname = 'annofc' AND tablename = 'iscrizioneanno'
ELSE
INSERT INTO [coldescr] (colname,tablename,col_len,col_precision,col_scale,description,kind,lt,lu,primarykey,sql_declaration,sql_type,system_type) VALUES ('annofc','iscrizioneanno','4',null,null,'Anno fuori corso','S',{ts '2019-11-13 16:56:15.527'},'assistenza','N','int','int','System.Int32')
GO

IF exists(SELECT * FROM [coldescr] WHERE colname = 'ct' AND tablename = 'iscrizioneanno')
UPDATE [coldescr] SET col_len = '8',col_precision = null,col_scale = null,description = null,kind = 'S',lt = {ts '2019-11-13 16:53:52.837'},lu = 'assistenza',primarykey = 'N',sql_declaration = 'datetime',sql_type = 'datetime',system_type = 'System.DateTime' WHERE colname = 'ct' AND tablename = 'iscrizioneanno'
ELSE
INSERT INTO [coldescr] (colname,tablename,col_len,col_precision,col_scale,description,kind,lt,lu,primarykey,sql_declaration,sql_type,system_type) VALUES ('ct','iscrizioneanno','8',null,null,null,'S',{ts '2019-11-13 16:53:52.837'},'assistenza','N','datetime','datetime','System.DateTime')
GO

IF exists(SELECT * FROM [coldescr] WHERE colname = 'cu' AND tablename = 'iscrizioneanno')
UPDATE [coldescr] SET col_len = '64',col_precision = null,col_scale = null,description = null,kind = 'S',lt = {ts '2019-11-13 16:53:52.837'},lu = 'assistenza',primarykey = 'N',sql_declaration = 'varchar(64)',sql_type = 'varchar',system_type = 'System.String' WHERE colname = 'cu' AND tablename = 'iscrizioneanno'
ELSE
INSERT INTO [coldescr] (colname,tablename,col_len,col_precision,col_scale,description,kind,lt,lu,primarykey,sql_declaration,sql_type,system_type) VALUES ('cu','iscrizioneanno','64',null,null,null,'S',{ts '2019-11-13 16:53:52.837'},'assistenza','N','varchar(64)','varchar','System.String')
GO

IF exists(SELECT * FROM [coldescr] WHERE colname = 'data' AND tablename = 'iscrizioneanno')
UPDATE [coldescr] SET col_len = '8',col_precision = null,col_scale = null,description = null,kind = 'S',lt = {ts '2019-11-13 16:53:52.837'},lu = 'assistenza',primarykey = 'N',sql_declaration = 'datetime',sql_type = 'datetime',system_type = 'System.DateTime' WHERE colname = 'data' AND tablename = 'iscrizioneanno'
ELSE
INSERT INTO [coldescr] (colname,tablename,col_len,col_precision,col_scale,description,kind,lt,lu,primarykey,sql_declaration,sql_type,system_type) VALUES ('data','iscrizioneanno','8',null,null,null,'S',{ts '2019-11-13 16:53:52.837'},'assistenza','N','datetime','datetime','System.DateTime')
GO

IF exists(SELECT * FROM [coldescr] WHERE colname = 'idcorsostudio' AND tablename = 'iscrizioneanno')
UPDATE [coldescr] SET col_len = '4',col_precision = null,col_scale = null,description = 'Corso di studi',kind = 'S',lt = {ts '2020-03-10 18:01:10.240'},lu = 'assistenza',primarykey = 'S',sql_declaration = 'int',sql_type = 'int',system_type = 'System.Int32' WHERE colname = 'idcorsostudio' AND tablename = 'iscrizioneanno'
ELSE
INSERT INTO [coldescr] (colname,tablename,col_len,col_precision,col_scale,description,kind,lt,lu,primarykey,sql_declaration,sql_type,system_type) VALUES ('idcorsostudio','iscrizioneanno','4',null,null,'Corso di studi','S',{ts '2020-03-10 18:01:10.240'},'assistenza','S','int','int','System.Int32')
GO

IF exists(SELECT * FROM [coldescr] WHERE colname = 'iddidprog' AND tablename = 'iscrizioneanno')
UPDATE [coldescr] SET col_len = '4',col_precision = null,col_scale = null,description = 'Didattica programmata',kind = 'S',lt = {ts '2020-03-10 18:01:10.240'},lu = 'assistenza',primarykey = 'S',sql_declaration = 'int',sql_type = 'int',system_type = 'System.Int32' WHERE colname = 'iddidprog' AND tablename = 'iscrizioneanno'
ELSE
INSERT INTO [coldescr] (colname,tablename,col_len,col_precision,col_scale,description,kind,lt,lu,primarykey,sql_declaration,sql_type,system_type) VALUES ('iddidprog','iscrizioneanno','4',null,null,'Didattica programmata','S',{ts '2020-03-10 18:01:10.240'},'assistenza','S','int','int','System.Int32')
GO

IF exists(SELECT * FROM [coldescr] WHERE colname = 'iddidprogori' AND tablename = 'iscrizioneanno')
UPDATE [coldescr] SET col_len = '4',col_precision = null,col_scale = null,description = 'Orientamento',kind = 'S',lt = {ts '2019-11-13 16:56:15.527'},lu = 'assistenza',primarykey = 'N',sql_declaration = 'int',sql_type = 'int',system_type = 'System.Int32' WHERE colname = 'iddidprogori' AND tablename = 'iscrizioneanno'
ELSE
INSERT INTO [coldescr] (colname,tablename,col_len,col_precision,col_scale,description,kind,lt,lu,primarykey,sql_declaration,sql_type,system_type) VALUES ('iddidprogori','iscrizioneanno','4',null,null,'Orientamento','S',{ts '2019-11-13 16:56:15.527'},'assistenza','N','int','int','System.Int32')
GO

IF exists(SELECT * FROM [coldescr] WHERE colname = 'idiscrizione' AND tablename = 'iscrizioneanno')
UPDATE [coldescr] SET col_len = '4',col_precision = null,col_scale = null,description = 'Iscrizione',kind = 'S',lt = {ts '2019-11-13 16:56:15.527'},lu = 'assistenza',primarykey = 'S',sql_declaration = 'int',sql_type = 'int',system_type = 'System.Int32' WHERE colname = 'idiscrizione' AND tablename = 'iscrizioneanno'
ELSE
INSERT INTO [coldescr] (colname,tablename,col_len,col_precision,col_scale,description,kind,lt,lu,primarykey,sql_declaration,sql_type,system_type) VALUES ('idiscrizione','iscrizioneanno','4',null,null,'Iscrizione','S',{ts '2019-11-13 16:56:15.527'},'assistenza','S','int','int','System.Int32')
GO

IF exists(SELECT * FROM [coldescr] WHERE colname = 'idiscrizioneanno' AND tablename = 'iscrizioneanno')
UPDATE [coldescr] SET col_len = '4',col_precision = null,col_scale = null,description = null,kind = 'S',lt = {ts '2019-11-13 16:53:52.837'},lu = 'assistenza',primarykey = 'S',sql_declaration = 'int',sql_type = 'int',system_type = 'System.Int32' WHERE colname = 'idiscrizioneanno' AND tablename = 'iscrizioneanno'
ELSE
INSERT INTO [coldescr] (colname,tablename,col_len,col_precision,col_scale,description,kind,lt,lu,primarykey,sql_declaration,sql_type,system_type) VALUES ('idiscrizioneanno','iscrizioneanno','4',null,null,null,'S',{ts '2019-11-13 16:53:52.837'},'assistenza','S','int','int','System.Int32')
GO

IF exists(SELECT * FROM [coldescr] WHERE colname = 'idreg' AND tablename = 'iscrizioneanno')
UPDATE [coldescr] SET col_len = '4',col_precision = null,col_scale = null,description = 'Studente',kind = 'S',lt = {ts '2019-11-13 16:56:15.527'},lu = 'assistenza',primarykey = 'S',sql_declaration = 'int',sql_type = 'int',system_type = 'System.Int32' WHERE colname = 'idreg' AND tablename = 'iscrizioneanno'
ELSE
INSERT INTO [coldescr] (colname,tablename,col_len,col_precision,col_scale,description,kind,lt,lu,primarykey,sql_declaration,sql_type,system_type) VALUES ('idreg','iscrizioneanno','4',null,null,'Studente','S',{ts '2019-11-13 16:56:15.527'},'assistenza','S','int','int','System.Int32')
GO

IF exists(SELECT * FROM [coldescr] WHERE colname = 'lt' AND tablename = 'iscrizioneanno')
UPDATE [coldescr] SET col_len = '8',col_precision = null,col_scale = null,description = null,kind = 'S',lt = {ts '2019-11-13 16:53:52.837'},lu = 'assistenza',primarykey = 'N',sql_declaration = 'datetime',sql_type = 'datetime',system_type = 'System.DateTime' WHERE colname = 'lt' AND tablename = 'iscrizioneanno'
ELSE
INSERT INTO [coldescr] (colname,tablename,col_len,col_precision,col_scale,description,kind,lt,lu,primarykey,sql_declaration,sql_type,system_type) VALUES ('lt','iscrizioneanno','8',null,null,null,'S',{ts '2019-11-13 16:53:52.837'},'assistenza','N','datetime','datetime','System.DateTime')
GO

IF exists(SELECT * FROM [coldescr] WHERE colname = 'lu' AND tablename = 'iscrizioneanno')
UPDATE [coldescr] SET col_len = '64',col_precision = null,col_scale = null,description = null,kind = 'S',lt = {ts '2019-11-13 16:53:52.837'},lu = 'assistenza',primarykey = 'N',sql_declaration = 'varchar(64)',sql_type = 'varchar',system_type = 'System.String' WHERE colname = 'lu' AND tablename = 'iscrizioneanno'
ELSE
INSERT INTO [coldescr] (colname,tablename,col_len,col_precision,col_scale,description,kind,lt,lu,primarykey,sql_declaration,sql_type,system_type) VALUES ('lu','iscrizioneanno','64',null,null,null,'S',{ts '2019-11-13 16:53:52.837'},'assistenza','N','varchar(64)','varchar','System.String')
GO

IF exists(SELECT * FROM [coldescr] WHERE colname = 'protanno' AND tablename = 'iscrizioneanno')
UPDATE [coldescr] SET col_len = '4',col_precision = null,col_scale = null,description = 'Anno di protocollo',kind = 'S',lt = {ts '2020-07-27 11:36:07.667'},lu = 'assistenza',primarykey = 'N',sql_declaration = 'int',sql_type = 'int',system_type = 'System.Int32' WHERE colname = 'protanno' AND tablename = 'iscrizioneanno'
ELSE
INSERT INTO [coldescr] (colname,tablename,col_len,col_precision,col_scale,description,kind,lt,lu,primarykey,sql_declaration,sql_type,system_type) VALUES ('protanno','iscrizioneanno','4',null,null,'Anno di protocollo','S',{ts '2020-07-27 11:36:07.667'},'assistenza','N','int','int','System.Int32')
GO

IF exists(SELECT * FROM [coldescr] WHERE colname = 'protnumero' AND tablename = 'iscrizioneanno')
UPDATE [coldescr] SET col_len = '4',col_precision = null,col_scale = null,description = 'Numero di protocollo',kind = 'S',lt = {ts '2020-07-27 11:36:07.670'},lu = 'assistenza',primarykey = 'N',sql_declaration = 'int',sql_type = 'int',system_type = 'System.Int32' WHERE colname = 'protnumero' AND tablename = 'iscrizioneanno'
ELSE
INSERT INTO [coldescr] (colname,tablename,col_len,col_precision,col_scale,description,kind,lt,lu,primarykey,sql_declaration,sql_type,system_type) VALUES ('protnumero','iscrizioneanno','4',null,null,'Numero di protocollo','S',{ts '2020-07-27 11:36:07.670'},'assistenza','N','int','int','System.Int32')
GO

-- FINE GENERAZIONE SCRIPT --


-- GENERAZIONE DATI PER tabledescr --
IF exists(SELECT * FROM [tabledescr] WHERE tablename = 'istattitolistudio')
UPDATE [tabledescr] SET description = 'VOCABOLARIO classificazione ISTAT dei 2.6.5 titoli di studio',idapplication = '2',isdbo = 'S',lt = {ts '2018-07-17 10:52:01.330'},lu = 'assistenza',title = 'Cllassificazione ISTAT dei titoli di studio' WHERE tablename = 'istattitolistudio'
ELSE
INSERT INTO [tabledescr] (tablename,description,idapplication,isdbo,lt,lu,title) VALUES ('istattitolistudio','VOCABOLARIO classificazione ISTAT dei 2.6.5 titoli di studio','2','S',{ts '2018-07-17 10:52:01.330'},'assistenza','Cllassificazione ISTAT dei titoli di studio')
GO

-- FINE GENERAZIONE SCRIPT --


-- GENERAZIONE DATI PER coldescr --
IF exists(SELECT * FROM [coldescr] WHERE colname = 'codiceistitutogruppo' AND tablename = 'istattitolistudio')
UPDATE [coldescr] SET col_len = '3',col_precision = null,col_scale = null,description = 'Codice tipo di scuola/istituto, gruppo di corsi accademici',kind = 'S',lt = {ts '2019-03-08 16:24:47.737'},lu = 'assistenza',primarykey = 'N',sql_declaration = 'varchar(3)',sql_type = 'varchar',system_type = 'System.String' WHERE colname = 'codiceistitutogruppo' AND tablename = 'istattitolistudio'
ELSE
INSERT INTO [coldescr] (colname,tablename,col_len,col_precision,col_scale,description,kind,lt,lu,primarykey,sql_declaration,sql_type,system_type) VALUES ('codiceistitutogruppo','istattitolistudio','3',null,null,'Codice tipo di scuola/istituto, gruppo di corsi accademici','S',{ts '2019-03-08 16:24:47.737'},'assistenza','N','varchar(3)','varchar','System.String')
GO

IF exists(SELECT * FROM [coldescr] WHERE colname = 'codicelivello' AND tablename = 'istattitolistudio')
UPDATE [coldescr] SET col_len = '4',col_precision = null,col_scale = null,description = 'Codice livello',kind = 'S',lt = {ts '2019-03-08 16:24:47.747'},lu = 'assistenza',primarykey = 'N',sql_declaration = 'int',sql_type = 'int',system_type = 'System.Int32' WHERE colname = 'codicelivello' AND tablename = 'istattitolistudio'
ELSE
INSERT INTO [coldescr] (colname,tablename,col_len,col_precision,col_scale,description,kind,lt,lu,primarykey,sql_declaration,sql_type,system_type) VALUES ('codicelivello','istattitolistudio','4',null,null,'Codice livello','S',{ts '2019-03-08 16:24:47.747'},'assistenza','N','int','int','System.Int32')
GO

IF exists(SELECT * FROM [coldescr] WHERE colname = 'codicespecializcorso' AND tablename = 'istattitolistudio')
UPDATE [coldescr] SET col_len = '3',col_precision = null,col_scale = null,description = 'Codice specializzazione scolastica/post-scolastica, corso accademico',kind = 'S',lt = {ts '2019-03-08 16:24:47.747'},lu = 'assistenza',primarykey = 'N',sql_declaration = 'varchar(3)',sql_type = 'varchar',system_type = 'System.String' WHERE colname = 'codicespecializcorso' AND tablename = 'istattitolistudio'
ELSE
INSERT INTO [coldescr] (colname,tablename,col_len,col_precision,col_scale,description,kind,lt,lu,primarykey,sql_declaration,sql_type,system_type) VALUES ('codicespecializcorso','istattitolistudio','3',null,null,'Codice specializzazione scolastica/post-scolastica, corso accademico','S',{ts '2019-03-08 16:24:47.747'},'assistenza','N','varchar(3)','varchar','System.String')
GO

IF exists(SELECT * FROM [coldescr] WHERE colname = 'idistattitolistudio' AND tablename = 'istattitolistudio')
UPDATE [coldescr] SET col_len = '4',col_precision = null,col_scale = null,description = 'Codice',kind = 'S',lt = {ts '2019-03-08 16:24:47.747'},lu = 'assistenza',primarykey = 'S',sql_declaration = 'int',sql_type = 'int',system_type = 'System.Int32' WHERE colname = 'idistattitolistudio' AND tablename = 'istattitolistudio'
ELSE
INSERT INTO [coldescr] (colname,tablename,col_len,col_precision,col_scale,description,kind,lt,lu,primarykey,sql_declaration,sql_type,system_type) VALUES ('idistattitolistudio','istattitolistudio','4',null,null,'Codice','S',{ts '2019-03-08 16:24:47.747'},'assistenza','S','int','int','System.Int32')
GO

IF exists(SELECT * FROM [coldescr] WHERE colname = 'isced97field' AND tablename = 'istattitolistudio')
UPDATE [coldescr] SET col_len = '50',col_precision = null,col_scale = null,description = 'ISCED 97 - Field of study',kind = 'S',lt = {ts '2019-03-08 16:24:47.747'},lu = 'assistenza',primarykey = 'N',sql_declaration = 'varchar(50)',sql_type = 'varchar',system_type = 'System.String' WHERE colname = 'isced97field' AND tablename = 'istattitolistudio'
ELSE
INSERT INTO [coldescr] (colname,tablename,col_len,col_precision,col_scale,description,kind,lt,lu,primarykey,sql_declaration,sql_type,system_type) VALUES ('isced97field','istattitolistudio','50',null,null,'ISCED 97 - Field of study','S',{ts '2019-03-08 16:24:47.747'},'assistenza','N','varchar(50)','varchar','System.String')
GO

IF exists(SELECT * FROM [coldescr] WHERE colname = 'isced97level' AND tablename = 'istattitolistudio')
UPDATE [coldescr] SET col_len = '50',col_precision = null,col_scale = null,description = 'ISCED 97 - Level and program destination',kind = 'S',lt = {ts '2019-03-08 16:24:47.747'},lu = 'assistenza',primarykey = 'N',sql_declaration = 'varchar(50)',sql_type = 'varchar',system_type = 'System.String' WHERE colname = 'isced97level' AND tablename = 'istattitolistudio'
ELSE
INSERT INTO [coldescr] (colname,tablename,col_len,col_precision,col_scale,description,kind,lt,lu,primarykey,sql_declaration,sql_type,system_type) VALUES ('isced97level','istattitolistudio','50',null,null,'ISCED 97 - Level and program destination','S',{ts '2019-03-08 16:24:47.747'},'assistenza','N','varchar(50)','varchar','System.String')
GO

IF exists(SELECT * FROM [coldescr] WHERE colname = 'lt' AND tablename = 'istattitolistudio')
UPDATE [coldescr] SET col_len = '8',col_precision = null,col_scale = null,description = null,kind = 'S',lt = {ts '2019-03-08 16:24:52.063'},lu = 'assistenza',primarykey = 'N',sql_declaration = 'datetime',sql_type = 'datetime',system_type = 'System.DateTime' WHERE colname = 'lt' AND tablename = 'istattitolistudio'
ELSE
INSERT INTO [coldescr] (colname,tablename,col_len,col_precision,col_scale,description,kind,lt,lu,primarykey,sql_declaration,sql_type,system_type) VALUES ('lt','istattitolistudio','8',null,null,null,'S',{ts '2019-03-08 16:24:52.063'},'assistenza','N','datetime','datetime','System.DateTime')
GO

IF exists(SELECT * FROM [coldescr] WHERE colname = 'lu' AND tablename = 'istattitolistudio')
UPDATE [coldescr] SET col_len = '64',col_precision = null,col_scale = null,description = null,kind = 'S',lt = {ts '2019-03-08 16:24:52.067'},lu = 'assistenza',primarykey = 'N',sql_declaration = 'varchar(64)',sql_type = 'varchar',system_type = 'System.String' WHERE colname = 'lu' AND tablename = 'istattitolistudio'
ELSE
INSERT INTO [coldescr] (colname,tablename,col_len,col_precision,col_scale,description,kind,lt,lu,primarykey,sql_declaration,sql_type,system_type) VALUES ('lu','istattitolistudio','64',null,null,null,'S',{ts '2019-03-08 16:24:52.067'},'assistenza','N','varchar(64)','varchar','System.String')
GO

IF exists(SELECT * FROM [coldescr] WHERE colname = 'sinonimi' AND tablename = 'istattitolistudio')
UPDATE [coldescr] SET col_len = '1024',col_precision = null,col_scale = null,description = null,kind = 'S',lt = {ts '2018-07-17 10:52:05.803'},lu = 'assistenza',primarykey = 'N',sql_declaration = 'varchar(1024)',sql_type = 'varchar',system_type = 'System.String' WHERE colname = 'sinonimi' AND tablename = 'istattitolistudio'
ELSE
INSERT INTO [coldescr] (colname,tablename,col_len,col_precision,col_scale,description,kind,lt,lu,primarykey,sql_declaration,sql_type,system_type) VALUES ('sinonimi','istattitolistudio','1024',null,null,null,'S',{ts '2018-07-17 10:52:05.803'},'assistenza','N','varchar(1024)','varchar','System.String')
GO

IF exists(SELECT * FROM [coldescr] WHERE colname = 'tipo' AND tablename = 'istattitolistudio')
UPDATE [coldescr] SET col_len = '1024',col_precision = null,col_scale = null,description = 'Tipo di scuola/istituto, Corso/classe di corsi accademici',kind = 'S',lt = {ts '2019-03-08 16:24:47.747'},lu = 'assistenza',primarykey = 'N',sql_declaration = 'varchar(1024)',sql_type = 'varchar',system_type = 'System.String' WHERE colname = 'tipo' AND tablename = 'istattitolistudio'
ELSE
INSERT INTO [coldescr] (colname,tablename,col_len,col_precision,col_scale,description,kind,lt,lu,primarykey,sql_declaration,sql_type,system_type) VALUES ('tipo','istattitolistudio','1024',null,null,'Tipo di scuola/istituto, Corso/classe di corsi accademici','S',{ts '2019-03-08 16:24:47.747'},'assistenza','N','varchar(1024)','varchar','System.String')
GO

IF exists(SELECT * FROM [coldescr] WHERE colname = 'titolo' AND tablename = 'istattitolistudio')
UPDATE [coldescr] SET col_len = '1024',col_precision = null,col_scale = null,description = 'Titolo di studio',kind = 'S',lt = {ts '2019-03-08 16:24:47.747'},lu = 'assistenza',primarykey = 'N',sql_declaration = 'varchar(1024)',sql_type = 'varchar',system_type = 'System.String' WHERE colname = 'titolo' AND tablename = 'istattitolistudio'
ELSE
INSERT INTO [coldescr] (colname,tablename,col_len,col_precision,col_scale,description,kind,lt,lu,primarykey,sql_declaration,sql_type,system_type) VALUES ('titolo','istattitolistudio','1024',null,null,'Titolo di studio','S',{ts '2019-03-08 16:24:47.747'},'assistenza','N','varchar(1024)','varchar','System.String')
GO

-- FINE GENERAZIONE SCRIPT --


-- GENERAZIONE DATI PER relation --
IF exists(SELECT * FROM [relation] WHERE idrelation = '3191')
UPDATE [relation] SET childtable = 'istattitolistudio',description = 'Classificazione ISTAT del titolo di studio',lt = {ts '2018-07-17 11:04:13.257'},lu = 'assistenza',parenttable = 'titolostudio',title = 'istattitolistudio' WHERE idrelation = '3191'
ELSE
INSERT INTO [relation] (idrelation,childtable,description,lt,lu,parenttable,title) VALUES ('3191','istattitolistudio','Classificazione ISTAT del titolo di studio',{ts '2018-07-17 11:04:13.257'},'assistenza','titolostudio','istattitolistudio')
GO

-- FINE GENERAZIONE SCRIPT --


-- GENERAZIONE DATI PER tabledescr --
IF exists(SELECT * FROM [tabledescr] WHERE tablename = 'istitutokind')
UPDATE [tabledescr] SET description = 'VOCABOLARIO MIUR delle tipologie degli istituti di istruzione',idapplication = '2',isdbo = 'S',lt = {ts '2018-07-17 10:42:28.297'},lu = 'assistenza',title = 'Tipologie degli istituti di istruzione' WHERE tablename = 'istitutokind'
ELSE
INSERT INTO [tabledescr] (tablename,description,idapplication,isdbo,lt,lu,title) VALUES ('istitutokind','VOCABOLARIO MIUR delle tipologie degli istituti di istruzione','2','S',{ts '2018-07-17 10:42:28.297'},'assistenza','Tipologie degli istituti di istruzione')
GO

-- FINE GENERAZIONE SCRIPT --


-- GENERAZIONE DATI PER coldescr --
IF exists(SELECT * FROM [coldescr] WHERE colname = 'idistitutokind' AND tablename = 'istitutokind')
UPDATE [coldescr] SET col_len = '4',col_precision = null,col_scale = null,description = null,kind = 'S',lt = {ts '2018-12-05 18:07:11.547'},lu = 'assistenza',primarykey = 'S',sql_declaration = 'int',sql_type = 'int',system_type = 'System.Int32' WHERE colname = 'idistitutokind' AND tablename = 'istitutokind'
ELSE
INSERT INTO [coldescr] (colname,tablename,col_len,col_precision,col_scale,description,kind,lt,lu,primarykey,sql_declaration,sql_type,system_type) VALUES ('idistitutokind','istitutokind','4',null,null,null,'S',{ts '2018-12-05 18:07:11.547'},'assistenza','S','int','int','System.Int32')
GO

IF exists(SELECT * FROM [coldescr] WHERE colname = 'lt' AND tablename = 'istitutokind')
UPDATE [coldescr] SET col_len = '8',col_precision = null,col_scale = null,description = null,kind = 'S',lt = {ts '2018-12-05 18:07:11.547'},lu = 'assistenza',primarykey = 'N',sql_declaration = 'datetime',sql_type = 'datetime',system_type = 'System.DateTime' WHERE colname = 'lt' AND tablename = 'istitutokind'
ELSE
INSERT INTO [coldescr] (colname,tablename,col_len,col_precision,col_scale,description,kind,lt,lu,primarykey,sql_declaration,sql_type,system_type) VALUES ('lt','istitutokind','8',null,null,null,'S',{ts '2018-12-05 18:07:11.547'},'assistenza','N','datetime','datetime','System.DateTime')
GO

IF exists(SELECT * FROM [coldescr] WHERE colname = 'lu' AND tablename = 'istitutokind')
UPDATE [coldescr] SET col_len = '64',col_precision = null,col_scale = null,description = null,kind = 'S',lt = {ts '2018-12-05 18:07:11.547'},lu = 'assistenza',primarykey = 'N',sql_declaration = 'varchar(64)',sql_type = 'varchar',system_type = 'System.String' WHERE colname = 'lu' AND tablename = 'istitutokind'
ELSE
INSERT INTO [coldescr] (colname,tablename,col_len,col_precision,col_scale,description,kind,lt,lu,primarykey,sql_declaration,sql_type,system_type) VALUES ('lu','istitutokind','64',null,null,null,'S',{ts '2018-12-05 18:07:11.547'},'assistenza','N','varchar(64)','varchar','System.String')
GO

IF exists(SELECT * FROM [coldescr] WHERE colname = 'tipoistituto' AND tablename = 'istitutokind')
UPDATE [coldescr] SET col_len = '256',col_precision = null,col_scale = null,description = 'Tipologia',kind = 'S',lt = {ts '2019-02-28 19:12:43.990'},lu = 'assistenza',primarykey = 'N',sql_declaration = 'varchar(256)',sql_type = 'varchar',system_type = 'System.String' WHERE colname = 'tipoistituto' AND tablename = 'istitutokind'
ELSE
INSERT INTO [coldescr] (colname,tablename,col_len,col_precision,col_scale,description,kind,lt,lu,primarykey,sql_declaration,sql_type,system_type) VALUES ('tipoistituto','istitutokind','256',null,null,'Tipologia','S',{ts '2019-02-28 19:12:43.990'},'assistenza','N','varchar(256)','varchar','System.String')
GO

IF exists(SELECT * FROM [coldescr] WHERE colname = 'tipoistitutoen' AND tablename = 'istitutokind')
UPDATE [coldescr] SET col_len = '256',col_precision = null,col_scale = null,description = 'Tipologia (EN)',kind = 'S',lt = {ts '2019-02-28 19:12:43.993'},lu = 'assistenza',primarykey = 'N',sql_declaration = 'varchar(256)',sql_type = 'varchar',system_type = 'System.String' WHERE colname = 'tipoistitutoen' AND tablename = 'istitutokind'
ELSE
INSERT INTO [coldescr] (colname,tablename,col_len,col_precision,col_scale,description,kind,lt,lu,primarykey,sql_declaration,sql_type,system_type) VALUES ('tipoistitutoen','istitutokind','256',null,null,'Tipologia (EN)','S',{ts '2019-02-28 19:12:43.993'},'assistenza','N','varchar(256)','varchar','System.String')
GO

IF exists(SELECT * FROM [coldescr] WHERE colname = 'tipoistitutosigla' AND tablename = 'istitutokind')
UPDATE [coldescr] SET col_len = '50',col_precision = null,col_scale = null,description = 'Sigla',kind = 'S',lt = {ts '2019-02-28 19:12:43.993'},lu = 'assistenza',primarykey = 'N',sql_declaration = 'varchar(50)',sql_type = 'varchar',system_type = 'System.String' WHERE colname = 'tipoistitutosigla' AND tablename = 'istitutokind'
ELSE
INSERT INTO [coldescr] (colname,tablename,col_len,col_precision,col_scale,description,kind,lt,lu,primarykey,sql_declaration,sql_type,system_type) VALUES ('tipoistitutosigla','istitutokind','50',null,null,'Sigla','S',{ts '2019-02-28 19:12:43.993'},'assistenza','N','varchar(50)','varchar','System.String')
GO

-- FINE GENERAZIONE SCRIPT --


-- GENERAZIONE DATI PER tabledescr --
IF exists(SELECT * FROM [tabledescr] WHERE tablename = 'istitutoprinc')
UPDATE [tabledescr] SET description = '2.4.37 Istitututo in gestione MONORIGA di CONFIGURAZIONE',idapplication = '2',isdbo = 'S',lt = {ts '2021-02-24 17:02:59.163'},lu = 'assistenza',title = 'Istitututo in gestione' WHERE tablename = 'istitutoprinc'
ELSE
INSERT INTO [tabledescr] (tablename,description,idapplication,isdbo,lt,lu,title) VALUES ('istitutoprinc','2.4.37 Istitututo in gestione MONORIGA di CONFIGURAZIONE','2','S',{ts '2021-02-24 17:02:59.163'},'assistenza','Istitututo in gestione')
GO

-- FINE GENERAZIONE SCRIPT --


-- GENERAZIONE DATI PER coldescr --
IF exists(SELECT * FROM [coldescr] WHERE colname = 'acronimo' AND tablename = 'istitutoprinc')
UPDATE [coldescr] SET col_len = '50',col_precision = null,col_scale = null,description = null,kind = 'S',lt = {ts '2018-07-17 10:48:49.377'},lu = 'assistenza',primarykey = 'N',sql_declaration = 'varchar(50)',sql_type = 'varchar',system_type = 'System.String' WHERE colname = 'acronimo' AND tablename = 'istitutoprinc'
ELSE
INSERT INTO [coldescr] (colname,tablename,col_len,col_precision,col_scale,description,kind,lt,lu,primarykey,sql_declaration,sql_type,system_type) VALUES ('acronimo','istitutoprinc','50',null,null,null,'S',{ts '2018-07-17 10:48:49.377'},'assistenza','N','varchar(50)','varchar','System.String')
GO

IF exists(SELECT * FROM [coldescr] WHERE colname = 'codiceammipa' AND tablename = 'istitutoprinc')
UPDATE [coldescr] SET col_len = '50',col_precision = null,col_scale = null,description = null,kind = 'S',lt = {ts '2021-02-24 17:02:39.607'},lu = 'assistenza',primarykey = 'N',sql_declaration = 'varchar(50)',sql_type = 'varchar',system_type = 'System.String' WHERE colname = 'codiceammipa' AND tablename = 'istitutoprinc'
ELSE
INSERT INTO [coldescr] (colname,tablename,col_len,col_precision,col_scale,description,kind,lt,lu,primarykey,sql_declaration,sql_type,system_type) VALUES ('codiceammipa','istitutoprinc','50',null,null,null,'S',{ts '2021-02-24 17:02:39.607'},'assistenza','N','varchar(50)','varchar','System.String')
GO

IF exists(SELECT * FROM [coldescr] WHERE colname = 'ct' AND tablename = 'istitutoprinc')
UPDATE [coldescr] SET col_len = '8',col_precision = null,col_scale = null,description = null,kind = 'S',lt = {ts '2021-02-24 17:02:39.607'},lu = 'assistenza',primarykey = 'N',sql_declaration = 'datetime',sql_type = 'datetime',system_type = 'System.DateTime' WHERE colname = 'ct' AND tablename = 'istitutoprinc'
ELSE
INSERT INTO [coldescr] (colname,tablename,col_len,col_precision,col_scale,description,kind,lt,lu,primarykey,sql_declaration,sql_type,system_type) VALUES ('ct','istitutoprinc','8',null,null,null,'S',{ts '2021-02-24 17:02:39.607'},'assistenza','N','datetime','datetime','System.DateTime')
GO

IF exists(SELECT * FROM [coldescr] WHERE colname = 'cu' AND tablename = 'istitutoprinc')
UPDATE [coldescr] SET col_len = '64',col_precision = null,col_scale = null,description = null,kind = 'S',lt = {ts '2021-02-24 17:02:39.607'},lu = 'assistenza',primarykey = 'N',sql_declaration = 'varchar(64)',sql_type = 'varchar',system_type = 'System.String' WHERE colname = 'cu' AND tablename = 'istitutoprinc'
ELSE
INSERT INTO [coldescr] (colname,tablename,col_len,col_precision,col_scale,description,kind,lt,lu,primarykey,sql_declaration,sql_type,system_type) VALUES ('cu','istitutoprinc','64',null,null,null,'S',{ts '2021-02-24 17:02:39.607'},'assistenza','N','varchar(64)','varchar','System.String')
GO

IF exists(SELECT * FROM [coldescr] WHERE colname = 'idreg' AND tablename = 'istitutoprinc')
UPDATE [coldescr] SET col_len = '4',col_precision = null,col_scale = null,description = null,kind = 'S',lt = {ts '2021-02-24 17:02:39.607'},lu = 'assistenza',primarykey = 'S',sql_declaration = 'int',sql_type = 'int',system_type = 'System.Int32' WHERE colname = 'idreg' AND tablename = 'istitutoprinc'
ELSE
INSERT INTO [coldescr] (colname,tablename,col_len,col_precision,col_scale,description,kind,lt,lu,primarykey,sql_declaration,sql_type,system_type) VALUES ('idreg','istitutoprinc','4',null,null,null,'S',{ts '2021-02-24 17:02:39.607'},'assistenza','S','int','int','System.Int32')
GO

IF exists(SELECT * FROM [coldescr] WHERE colname = 'lt' AND tablename = 'istitutoprinc')
UPDATE [coldescr] SET col_len = '8',col_precision = null,col_scale = null,description = null,kind = 'S',lt = {ts '2021-02-24 17:02:39.607'},lu = 'assistenza',primarykey = 'N',sql_declaration = 'datetime',sql_type = 'datetime',system_type = 'System.DateTime' WHERE colname = 'lt' AND tablename = 'istitutoprinc'
ELSE
INSERT INTO [coldescr] (colname,tablename,col_len,col_precision,col_scale,description,kind,lt,lu,primarykey,sql_declaration,sql_type,system_type) VALUES ('lt','istitutoprinc','8',null,null,null,'S',{ts '2021-02-24 17:02:39.607'},'assistenza','N','datetime','datetime','System.DateTime')
GO

IF exists(SELECT * FROM [coldescr] WHERE colname = 'lu' AND tablename = 'istitutoprinc')
UPDATE [coldescr] SET col_len = '64',col_precision = null,col_scale = null,description = null,kind = 'S',lt = {ts '2021-02-24 17:02:39.607'},lu = 'assistenza',primarykey = 'N',sql_declaration = 'varchar(64)',sql_type = 'varchar',system_type = 'System.String' WHERE colname = 'lu' AND tablename = 'istitutoprinc'
ELSE
INSERT INTO [coldescr] (colname,tablename,col_len,col_precision,col_scale,description,kind,lt,lu,primarykey,sql_declaration,sql_type,system_type) VALUES ('lu','istitutoprinc','64',null,null,null,'S',{ts '2021-02-24 17:02:39.607'},'assistenza','N','varchar(64)','varchar','System.String')
GO

-- FINE GENERAZIONE SCRIPT --


-- GENERAZIONE DATI PER tabledescr --
IF exists(SELECT * FROM [tabledescr] WHERE tablename = 'lezione')
UPDATE [tabledescr] SET description = '2.4.23 Lezione',idapplication = '2',isdbo = 'S',lt = {ts '2021-02-19 15:10:01.383'},lu = 'assistenza',title = 'Lezioni' WHERE tablename = 'lezione'
ELSE
INSERT INTO [tabledescr] (tablename,description,idapplication,isdbo,lt,lu,title) VALUES ('lezione','2.4.23 Lezione','2','S',{ts '2021-02-19 15:10:01.383'},'assistenza','Lezioni')
GO

-- FINE GENERAZIONE SCRIPT --


-- GENERAZIONE DATI PER coldescr --
IF exists(SELECT * FROM [coldescr] WHERE colname = 'aa' AND tablename = 'lezione')
UPDATE [coldescr] SET col_len = '9',col_precision = null,col_scale = null,description = null,kind = 'S',lt = {ts '2019-09-24 15:42:44.093'},lu = 'assistenza',primarykey = 'S',sql_declaration = 'varchar(9)',sql_type = 'varchar',system_type = 'System.String' WHERE colname = 'aa' AND tablename = 'lezione'
ELSE
INSERT INTO [coldescr] (colname,tablename,col_len,col_precision,col_scale,description,kind,lt,lu,primarykey,sql_declaration,sql_type,system_type) VALUES ('aa','lezione','9',null,null,null,'S',{ts '2019-09-24 15:42:44.093'},'assistenza','S','varchar(9)','varchar','System.String')
GO

IF exists(SELECT * FROM [coldescr] WHERE colname = 'ct' AND tablename = 'lezione')
UPDATE [coldescr] SET col_len = '8',col_precision = null,col_scale = null,description = null,kind = 'S',lt = {ts '2018-07-19 18:37:24.480'},lu = 'assistenza',primarykey = 'N',sql_declaration = 'datetime',sql_type = 'datetime',system_type = 'System.DateTime' WHERE colname = 'ct' AND tablename = 'lezione'
ELSE
INSERT INTO [coldescr] (colname,tablename,col_len,col_precision,col_scale,description,kind,lt,lu,primarykey,sql_declaration,sql_type,system_type) VALUES ('ct','lezione','8',null,null,null,'S',{ts '2018-07-19 18:37:24.480'},'assistenza','N','datetime','datetime','System.DateTime')
GO

IF exists(SELECT * FROM [coldescr] WHERE colname = 'cu' AND tablename = 'lezione')
UPDATE [coldescr] SET col_len = '64',col_precision = null,col_scale = null,description = null,kind = 'S',lt = {ts '2018-07-19 18:37:24.483'},lu = 'assistenza',primarykey = 'N',sql_declaration = 'varchar(64)',sql_type = 'varchar',system_type = 'System.String' WHERE colname = 'cu' AND tablename = 'lezione'
ELSE
INSERT INTO [coldescr] (colname,tablename,col_len,col_precision,col_scale,description,kind,lt,lu,primarykey,sql_declaration,sql_type,system_type) VALUES ('cu','lezione','64',null,null,null,'S',{ts '2018-07-19 18:37:24.483'},'assistenza','N','varchar(64)','varchar','System.String')
GO

IF exists(SELECT * FROM [coldescr] WHERE colname = 'idaffidamento' AND tablename = 'lezione')
UPDATE [coldescr] SET col_len = '4',col_precision = null,col_scale = null,description = 'Affidamento',kind = 'S',lt = {ts '2019-04-11 12:55:51.217'},lu = 'assistenza',primarykey = 'S',sql_declaration = 'int',sql_type = 'int',system_type = 'System.Int32' WHERE colname = 'idaffidamento' AND tablename = 'lezione'
ELSE
INSERT INTO [coldescr] (colname,tablename,col_len,col_precision,col_scale,description,kind,lt,lu,primarykey,sql_declaration,sql_type,system_type) VALUES ('idaffidamento','lezione','4',null,null,'Affidamento','S',{ts '2019-04-11 12:55:51.217'},'assistenza','S','int','int','System.Int32')
GO

IF exists(SELECT * FROM [coldescr] WHERE colname = 'idattivform' AND tablename = 'lezione')
UPDATE [coldescr] SET col_len = '4',col_precision = null,col_scale = null,description = 'attività formativa',kind = 'S',lt = {ts '2019-09-20 19:56:45.107'},lu = 'assistenza',primarykey = 'S',sql_declaration = 'int',sql_type = 'int',system_type = 'System.Int32' WHERE colname = 'idattivform' AND tablename = 'lezione'
ELSE
INSERT INTO [coldescr] (colname,tablename,col_len,col_precision,col_scale,description,kind,lt,lu,primarykey,sql_declaration,sql_type,system_type) VALUES ('idattivform','lezione','4',null,null,'attività formativa','S',{ts '2019-09-20 19:56:45.107'},'assistenza','S','int','int','System.Int32')
GO

IF exists(SELECT * FROM [coldescr] WHERE colname = 'idaula' AND tablename = 'lezione')
UPDATE [coldescr] SET col_len = '4',col_precision = null,col_scale = null,description = 'Aula',kind = 'S',lt = {ts '2019-09-24 15:43:09.710'},lu = 'assistenza',primarykey = 'S',sql_declaration = 'int',sql_type = 'int',system_type = 'System.Int32' WHERE colname = 'idaula' AND tablename = 'lezione'
ELSE
INSERT INTO [coldescr] (colname,tablename,col_len,col_precision,col_scale,description,kind,lt,lu,primarykey,sql_declaration,sql_type,system_type) VALUES ('idaula','lezione','4',null,null,'Aula','S',{ts '2019-09-24 15:43:09.710'},'assistenza','S','int','int','System.Int32')
GO

IF exists(SELECT * FROM [coldescr] WHERE colname = 'idcanale' AND tablename = 'lezione')
UPDATE [coldescr] SET col_len = '4',col_precision = null,col_scale = null,description = 'Canale',kind = 'S',lt = {ts '2019-09-20 20:01:50.010'},lu = 'assistenza',primarykey = 'S',sql_declaration = 'int',sql_type = 'int',system_type = 'System.Int32' WHERE colname = 'idcanale' AND tablename = 'lezione'
ELSE
INSERT INTO [coldescr] (colname,tablename,col_len,col_precision,col_scale,description,kind,lt,lu,primarykey,sql_declaration,sql_type,system_type) VALUES ('idcanale','lezione','4',null,null,'Canale','S',{ts '2019-09-20 20:01:50.010'},'assistenza','S','int','int','System.Int32')
GO

IF exists(SELECT * FROM [coldescr] WHERE colname = 'idcorsostudio' AND tablename = 'lezione')
UPDATE [coldescr] SET col_len = '4',col_precision = null,col_scale = null,description = null,kind = 'S',lt = {ts '2019-09-24 15:42:44.093'},lu = 'assistenza',primarykey = 'S',sql_declaration = 'int',sql_type = 'int',system_type = 'System.Int32' WHERE colname = 'idcorsostudio' AND tablename = 'lezione'
ELSE
INSERT INTO [coldescr] (colname,tablename,col_len,col_precision,col_scale,description,kind,lt,lu,primarykey,sql_declaration,sql_type,system_type) VALUES ('idcorsostudio','lezione','4',null,null,null,'S',{ts '2019-09-24 15:42:44.093'},'assistenza','S','int','int','System.Int32')
GO

IF exists(SELECT * FROM [coldescr] WHERE colname = 'iddidprog' AND tablename = 'lezione')
UPDATE [coldescr] SET col_len = '4',col_precision = null,col_scale = null,description = 'Didattica programmata',kind = 'S',lt = {ts '2019-09-20 20:01:50.010'},lu = 'assistenza',primarykey = 'S',sql_declaration = 'int',sql_type = 'int',system_type = 'System.Int32' WHERE colname = 'iddidprog' AND tablename = 'lezione'
ELSE
INSERT INTO [coldescr] (colname,tablename,col_len,col_precision,col_scale,description,kind,lt,lu,primarykey,sql_declaration,sql_type,system_type) VALUES ('iddidprog','lezione','4',null,null,'Didattica programmata','S',{ts '2019-09-20 20:01:50.010'},'assistenza','S','int','int','System.Int32')
GO

IF exists(SELECT * FROM [coldescr] WHERE colname = 'iddidproganno' AND tablename = 'lezione')
UPDATE [coldescr] SET col_len = '4',col_precision = null,col_scale = null,description = 'Anno di corso',kind = 'S',lt = {ts '2019-09-20 20:01:50.010'},lu = 'assistenza',primarykey = 'S',sql_declaration = 'int',sql_type = 'int',system_type = 'System.Int32' WHERE colname = 'iddidproganno' AND tablename = 'lezione'
ELSE
INSERT INTO [coldescr] (colname,tablename,col_len,col_precision,col_scale,description,kind,lt,lu,primarykey,sql_declaration,sql_type,system_type) VALUES ('iddidproganno','lezione','4',null,null,'Anno di corso','S',{ts '2019-09-20 20:01:50.010'},'assistenza','S','int','int','System.Int32')
GO

IF exists(SELECT * FROM [coldescr] WHERE colname = 'iddidprogcurr' AND tablename = 'lezione')
UPDATE [coldescr] SET col_len = '4',col_precision = null,col_scale = null,description = 'Curriculum',kind = 'S',lt = {ts '2019-09-20 20:01:50.010'},lu = 'assistenza',primarykey = 'S',sql_declaration = 'int',sql_type = 'int',system_type = 'System.Int32' WHERE colname = 'iddidprogcurr' AND tablename = 'lezione'
ELSE
INSERT INTO [coldescr] (colname,tablename,col_len,col_precision,col_scale,description,kind,lt,lu,primarykey,sql_declaration,sql_type,system_type) VALUES ('iddidprogcurr','lezione','4',null,null,'Curriculum','S',{ts '2019-09-20 20:01:50.010'},'assistenza','S','int','int','System.Int32')
GO

IF exists(SELECT * FROM [coldescr] WHERE colname = 'iddidprogori' AND tablename = 'lezione')
UPDATE [coldescr] SET col_len = '4',col_precision = null,col_scale = null,description = 'Orientamento',kind = 'S',lt = {ts '2019-09-20 20:01:50.010'},lu = 'assistenza',primarykey = 'S',sql_declaration = 'int',sql_type = 'int',system_type = 'System.Int32' WHERE colname = 'iddidprogori' AND tablename = 'lezione'
ELSE
INSERT INTO [coldescr] (colname,tablename,col_len,col_precision,col_scale,description,kind,lt,lu,primarykey,sql_declaration,sql_type,system_type) VALUES ('iddidprogori','lezione','4',null,null,'Orientamento','S',{ts '2019-09-20 20:01:50.010'},'assistenza','S','int','int','System.Int32')
GO

IF exists(SELECT * FROM [coldescr] WHERE colname = 'iddidprogporzanno' AND tablename = 'lezione')
UPDATE [coldescr] SET col_len = '4',col_precision = null,col_scale = null,description = 'Porzione d''anno',kind = 'S',lt = {ts '2019-09-20 20:01:50.010'},lu = 'assistenza',primarykey = 'S',sql_declaration = 'int',sql_type = 'int',system_type = 'System.Int32' WHERE colname = 'iddidprogporzanno' AND tablename = 'lezione'
ELSE
INSERT INTO [coldescr] (colname,tablename,col_len,col_precision,col_scale,description,kind,lt,lu,primarykey,sql_declaration,sql_type,system_type) VALUES ('iddidprogporzanno','lezione','4',null,null,'Porzione d''anno','S',{ts '2019-09-20 20:01:50.010'},'assistenza','S','int','int','System.Int32')
GO

IF exists(SELECT * FROM [coldescr] WHERE colname = 'idedificio' AND tablename = 'lezione')
UPDATE [coldescr] SET col_len = '4',col_precision = null,col_scale = null,description = 'Edificio',kind = 'S',lt = {ts '2019-09-24 15:43:09.710'},lu = 'assistenza',primarykey = 'S',sql_declaration = 'int',sql_type = 'int',system_type = 'System.Int32' WHERE colname = 'idedificio' AND tablename = 'lezione'
ELSE
INSERT INTO [coldescr] (colname,tablename,col_len,col_precision,col_scale,description,kind,lt,lu,primarykey,sql_declaration,sql_type,system_type) VALUES ('idedificio','lezione','4',null,null,'Edificio','S',{ts '2019-09-24 15:43:09.710'},'assistenza','S','int','int','System.Int32')
GO

IF exists(SELECT * FROM [coldescr] WHERE colname = 'idlezione' AND tablename = 'lezione')
UPDATE [coldescr] SET col_len = '4',col_precision = null,col_scale = null,description = 'Identificativo',kind = 'S',lt = {ts '2019-09-20 20:01:50.010'},lu = 'assistenza',primarykey = 'S',sql_declaration = 'int',sql_type = 'int',system_type = 'System.Int32' WHERE colname = 'idlezione' AND tablename = 'lezione'
ELSE
INSERT INTO [coldescr] (colname,tablename,col_len,col_precision,col_scale,description,kind,lt,lu,primarykey,sql_declaration,sql_type,system_type) VALUES ('idlezione','lezione','4',null,null,'Identificativo','S',{ts '2019-09-20 20:01:50.010'},'assistenza','S','int','int','System.Int32')
GO

IF exists(SELECT * FROM [coldescr] WHERE colname = 'idlocation_aula' AND tablename = 'lezione')
UPDATE [coldescr] SET col_len = '4',col_precision = null,col_scale = null,description = 'Aula',kind = 'S',lt = {ts '2019-02-26 11:15:34.077'},lu = 'assistenza',primarykey = 'N',sql_declaration = 'int',sql_type = 'int',system_type = 'System.Int32' WHERE colname = 'idlocation_aula' AND tablename = 'lezione'
ELSE
INSERT INTO [coldescr] (colname,tablename,col_len,col_precision,col_scale,description,kind,lt,lu,primarykey,sql_declaration,sql_type,system_type) VALUES ('idlocation_aula','lezione','4',null,null,'Aula','S',{ts '2019-02-26 11:15:34.077'},'assistenza','N','int','int','System.Int32')
GO

IF exists(SELECT * FROM [coldescr] WHERE colname = 'idreg_docenti' AND tablename = 'lezione')
UPDATE [coldescr] SET col_len = '4',col_precision = null,col_scale = null,description = 'Docente',kind = 'S',lt = {ts '2019-10-16 13:08:45.253'},lu = 'assistenza',primarykey = 'S',sql_declaration = 'int',sql_type = 'int',system_type = 'System.Int32' WHERE colname = 'idreg_docenti' AND tablename = 'lezione'
ELSE
INSERT INTO [coldescr] (colname,tablename,col_len,col_precision,col_scale,description,kind,lt,lu,primarykey,sql_declaration,sql_type,system_type) VALUES ('idreg_docenti','lezione','4',null,null,'Docente','S',{ts '2019-10-16 13:08:45.253'},'assistenza','S','int','int','System.Int32')
GO

IF exists(SELECT * FROM [coldescr] WHERE colname = 'idsede' AND tablename = 'lezione')
UPDATE [coldescr] SET col_len = '4',col_precision = null,col_scale = null,description = 'Sede',kind = 'S',lt = {ts '2019-09-24 15:43:09.710'},lu = 'assistenza',primarykey = 'S',sql_declaration = 'int',sql_type = 'int',system_type = 'System.Int32' WHERE colname = 'idsede' AND tablename = 'lezione'
ELSE
INSERT INTO [coldescr] (colname,tablename,col_len,col_precision,col_scale,description,kind,lt,lu,primarykey,sql_declaration,sql_type,system_type) VALUES ('idsede','lezione','4',null,null,'Sede','S',{ts '2019-09-24 15:43:09.710'},'assistenza','S','int','int','System.Int32')
GO

IF exists(SELECT * FROM [coldescr] WHERE colname = 'lt' AND tablename = 'lezione')
UPDATE [coldescr] SET col_len = '8',col_precision = null,col_scale = null,description = null,kind = 'S',lt = {ts '2018-07-19 18:37:24.483'},lu = 'assistenza',primarykey = 'N',sql_declaration = 'datetime',sql_type = 'datetime',system_type = 'System.DateTime' WHERE colname = 'lt' AND tablename = 'lezione'
ELSE
INSERT INTO [coldescr] (colname,tablename,col_len,col_precision,col_scale,description,kind,lt,lu,primarykey,sql_declaration,sql_type,system_type) VALUES ('lt','lezione','8',null,null,null,'S',{ts '2018-07-19 18:37:24.483'},'assistenza','N','datetime','datetime','System.DateTime')
GO

IF exists(SELECT * FROM [coldescr] WHERE colname = 'lu' AND tablename = 'lezione')
UPDATE [coldescr] SET col_len = '64',col_precision = null,col_scale = null,description = null,kind = 'S',lt = {ts '2018-07-19 18:37:24.483'},lu = 'assistenza',primarykey = 'N',sql_declaration = 'varchar(64)',sql_type = 'varchar',system_type = 'System.String' WHERE colname = 'lu' AND tablename = 'lezione'
ELSE
INSERT INTO [coldescr] (colname,tablename,col_len,col_precision,col_scale,description,kind,lt,lu,primarykey,sql_declaration,sql_type,system_type) VALUES ('lu','lezione','64',null,null,null,'S',{ts '2018-07-19 18:37:24.483'},'assistenza','N','varchar(64)','varchar','System.String')
GO

IF exists(SELECT * FROM [coldescr] WHERE colname = 'nonsvolta' AND tablename = 'lezione')
UPDATE [coldescr] SET col_len = '1',col_precision = null,col_scale = null,description = 'Non svolta',kind = 'S',lt = {ts '2019-10-15 15:36:06.680'},lu = 'assistenza',primarykey = 'N',sql_declaration = 'char(1)',sql_type = 'char',system_type = 'System.String' WHERE colname = 'nonsvolta' AND tablename = 'lezione'
ELSE
INSERT INTO [coldescr] (colname,tablename,col_len,col_precision,col_scale,description,kind,lt,lu,primarykey,sql_declaration,sql_type,system_type) VALUES ('nonsvolta','lezione','1',null,null,'Non svolta','S',{ts '2019-10-15 15:36:06.680'},'assistenza','N','char(1)','char','System.String')
GO

IF exists(SELECT * FROM [coldescr] WHERE colname = 'stage' AND tablename = 'lezione')
UPDATE [coldescr] SET col_len = '1',col_precision = null,col_scale = null,description = null,kind = 'S',lt = {ts '2019-10-15 15:35:38.747'},lu = 'assistenza',primarykey = 'N',sql_declaration = 'char(1)',sql_type = 'char',system_type = 'System.String' WHERE colname = 'stage' AND tablename = 'lezione'
ELSE
INSERT INTO [coldescr] (colname,tablename,col_len,col_precision,col_scale,description,kind,lt,lu,primarykey,sql_declaration,sql_type,system_type) VALUES ('stage','lezione','1',null,null,null,'S',{ts '2019-10-15 15:35:38.747'},'assistenza','N','char(1)','char','System.String')
GO

IF exists(SELECT * FROM [coldescr] WHERE colname = 'start' AND tablename = 'lezione')
UPDATE [coldescr] SET col_len = '8',col_precision = null,col_scale = null,description = 'Data e ora inizio',kind = 'S',lt = {ts '2019-02-26 11:15:34.077'},lu = 'assistenza',primarykey = 'N',sql_declaration = 'datetime',sql_type = 'datetime',system_type = 'System.DateTime' WHERE colname = 'start' AND tablename = 'lezione'
ELSE
INSERT INTO [coldescr] (colname,tablename,col_len,col_precision,col_scale,description,kind,lt,lu,primarykey,sql_declaration,sql_type,system_type) VALUES ('start','lezione','8',null,null,'Data e ora inizio','S',{ts '2019-02-26 11:15:34.077'},'assistenza','N','datetime','datetime','System.DateTime')
GO

IF exists(SELECT * FROM [coldescr] WHERE colname = 'stop' AND tablename = 'lezione')
UPDATE [coldescr] SET col_len = '8',col_precision = null,col_scale = null,description = 'Data e ora fine',kind = 'S',lt = {ts '2019-02-26 11:15:34.077'},lu = 'assistenza',primarykey = 'N',sql_declaration = 'datetime',sql_type = 'datetime',system_type = 'System.DateTime' WHERE colname = 'stop' AND tablename = 'lezione'
ELSE
INSERT INTO [coldescr] (colname,tablename,col_len,col_precision,col_scale,description,kind,lt,lu,primarykey,sql_declaration,sql_type,system_type) VALUES ('stop','lezione','8',null,null,'Data e ora fine','S',{ts '2019-02-26 11:15:34.077'},'assistenza','N','datetime','datetime','System.DateTime')
GO

IF exists(SELECT * FROM [coldescr] WHERE colname = 'visita' AND tablename = 'lezione')
UPDATE [coldescr] SET col_len = '1',col_precision = null,col_scale = null,description = null,kind = 'S',lt = {ts '2019-10-15 15:35:38.747'},lu = 'assistenza',primarykey = 'N',sql_declaration = 'char(1)',sql_type = 'char',system_type = 'System.String' WHERE colname = 'visita' AND tablename = 'lezione'
ELSE
INSERT INTO [coldescr] (colname,tablename,col_len,col_precision,col_scale,description,kind,lt,lu,primarykey,sql_declaration,sql_type,system_type) VALUES ('visita','lezione','1',null,null,null,'S',{ts '2019-10-15 15:35:38.747'},'assistenza','N','char(1)','char','System.String')
GO

-- FINE GENERAZIONE SCRIPT --


-- GENERAZIONE DATI PER relation --
IF exists(SELECT * FROM [relation] WHERE idrelation = '3301')
UPDATE [relation] SET childtable = 'lezione',description = 'affidamento (docente e materia) della lezione',lt = {ts '2018-07-19 18:38:16.837'},lu = 'assistenza',parenttable = 'affidamento',title = null WHERE idrelation = '3301'
ELSE
INSERT INTO [relation] (idrelation,childtable,description,lt,lu,parenttable,title) VALUES ('3301','lezione','affidamento (docente e materia) della lezione',{ts '2018-07-19 18:38:16.837'},'assistenza','affidamento',null)
GO

IF exists(SELECT * FROM [relation] WHERE idrelation = '3452')
UPDATE [relation] SET childtable = 'lezione',description = 'Lezioni',lt = {ts '2018-12-07 19:06:51.800'},lu = 'assistenza',parenttable = 'location_aula',title = '2.4.23 Lezione' WHERE idrelation = '3452'
ELSE
INSERT INTO [relation] (idrelation,childtable,description,lt,lu,parenttable,title) VALUES ('3452','lezione','Lezioni',{ts '2018-12-07 19:06:51.800'},'assistenza','location_aula','2.4.23 Lezione')
GO

-- FINE GENERAZIONE SCRIPT --


-- GENERAZIONE DATI PER tabledescr --
IF exists(SELECT * FROM [tabledescr] WHERE tablename = 'menuweb')
UPDATE [tabledescr] SET description = null,idapplication = '2',isdbo = 'S',lt = {ts '2018-11-29 10:09:04.080'},lu = 'assistenza',title = 'menuweb' WHERE tablename = 'menuweb'
ELSE
INSERT INTO [tabledescr] (tablename,description,idapplication,isdbo,lt,lu,title) VALUES ('menuweb',null,'2','S',{ts '2018-11-29 10:09:04.080'},'assistenza','menuweb')
GO

-- FINE GENERAZIONE SCRIPT --


-- GENERAZIONE DATI PER coldescr --
IF exists(SELECT * FROM [coldescr] WHERE colname = 'editType' AND tablename = 'menuweb')
UPDATE [coldescr] SET col_len = '60',col_precision = null,col_scale = null,description = null,kind = 'S',lt = {ts '2018-11-29 10:09:09.357'},lu = 'assistenza',primarykey = 'N',sql_declaration = 'nvarchar(60)',sql_type = 'nvarchar',system_type = 'System.String' WHERE colname = 'editType' AND tablename = 'menuweb'
ELSE
INSERT INTO [coldescr] (colname,tablename,col_len,col_precision,col_scale,description,kind,lt,lu,primarykey,sql_declaration,sql_type,system_type) VALUES ('editType','menuweb','60',null,null,null,'S',{ts '2018-11-29 10:09:09.357'},'assistenza','N','nvarchar(60)','nvarchar','System.String')
GO

IF exists(SELECT * FROM [coldescr] WHERE colname = 'idmenuweb' AND tablename = 'menuweb')
UPDATE [coldescr] SET col_len = '4',col_precision = null,col_scale = null,description = null,kind = 'S',lt = {ts '2018-11-29 10:09:09.357'},lu = 'assistenza',primarykey = 'S',sql_declaration = 'int',sql_type = 'int',system_type = 'System.Int32' WHERE colname = 'idmenuweb' AND tablename = 'menuweb'
ELSE
INSERT INTO [coldescr] (colname,tablename,col_len,col_precision,col_scale,description,kind,lt,lu,primarykey,sql_declaration,sql_type,system_type) VALUES ('idmenuweb','menuweb','4',null,null,null,'S',{ts '2018-11-29 10:09:09.357'},'assistenza','S','int','int','System.Int32')
GO

IF exists(SELECT * FROM [coldescr] WHERE colname = 'idmenuwebparent' AND tablename = 'menuweb')
UPDATE [coldescr] SET col_len = '4',col_precision = null,col_scale = null,description = null,kind = 'S',lt = {ts '2018-11-29 10:09:09.357'},lu = 'assistenza',primarykey = 'N',sql_declaration = 'int',sql_type = 'int',system_type = 'System.Int32' WHERE colname = 'idmenuwebparent' AND tablename = 'menuweb'
ELSE
INSERT INTO [coldescr] (colname,tablename,col_len,col_precision,col_scale,description,kind,lt,lu,primarykey,sql_declaration,sql_type,system_type) VALUES ('idmenuwebparent','menuweb','4',null,null,null,'S',{ts '2018-11-29 10:09:09.357'},'assistenza','N','int','int','System.Int32')
GO

IF exists(SELECT * FROM [coldescr] WHERE colname = 'label' AND tablename = 'menuweb')
UPDATE [coldescr] SET col_len = '250',col_precision = null,col_scale = null,description = null,kind = 'S',lt = {ts '2018-12-28 14:21:42.053'},lu = 'assistenza',primarykey = 'N',sql_declaration = 'nvarchar(250)',sql_type = 'nvarchar',system_type = 'System.String' WHERE colname = 'label' AND tablename = 'menuweb'
ELSE
INSERT INTO [coldescr] (colname,tablename,col_len,col_precision,col_scale,description,kind,lt,lu,primarykey,sql_declaration,sql_type,system_type) VALUES ('label','menuweb','250',null,null,null,'S',{ts '2018-12-28 14:21:42.053'},'assistenza','N','nvarchar(250)','nvarchar','System.String')
GO

IF exists(SELECT * FROM [coldescr] WHERE colname = 'link' AND tablename = 'menuweb')
UPDATE [coldescr] SET col_len = '250',col_precision = null,col_scale = null,description = null,kind = 'S',lt = {ts '2018-12-28 14:21:42.053'},lu = 'assistenza',primarykey = 'N',sql_declaration = 'nvarchar(250)',sql_type = 'nvarchar',system_type = 'System.String' WHERE colname = 'link' AND tablename = 'menuweb'
ELSE
INSERT INTO [coldescr] (colname,tablename,col_len,col_precision,col_scale,description,kind,lt,lu,primarykey,sql_declaration,sql_type,system_type) VALUES ('link','menuweb','250',null,null,null,'S',{ts '2018-12-28 14:21:42.053'},'assistenza','N','nvarchar(250)','nvarchar','System.String')
GO

IF exists(SELECT * FROM [coldescr] WHERE colname = 'sort' AND tablename = 'menuweb')
UPDATE [coldescr] SET col_len = '4',col_precision = null,col_scale = null,description = null,kind = 'S',lt = {ts '2018-12-28 14:21:42.053'},lu = 'assistenza',primarykey = 'N',sql_declaration = 'int',sql_type = 'int',system_type = 'System.Int32' WHERE colname = 'sort' AND tablename = 'menuweb'
ELSE
INSERT INTO [coldescr] (colname,tablename,col_len,col_precision,col_scale,description,kind,lt,lu,primarykey,sql_declaration,sql_type,system_type) VALUES ('sort','menuweb','4',null,null,null,'S',{ts '2018-12-28 14:21:42.053'},'assistenza','N','int','int','System.Int32')
GO

IF exists(SELECT * FROM [coldescr] WHERE colname = 'tableName' AND tablename = 'menuweb')
UPDATE [coldescr] SET col_len = '60',col_precision = null,col_scale = null,description = null,kind = 'S',lt = {ts '2018-11-29 10:09:09.357'},lu = 'assistenza',primarykey = 'N',sql_declaration = 'nvarchar(60)',sql_type = 'nvarchar',system_type = 'System.String' WHERE colname = 'tableName' AND tablename = 'menuweb'
ELSE
INSERT INTO [coldescr] (colname,tablename,col_len,col_precision,col_scale,description,kind,lt,lu,primarykey,sql_declaration,sql_type,system_type) VALUES ('tableName','menuweb','60',null,null,null,'S',{ts '2018-11-29 10:09:09.357'},'assistenza','N','nvarchar(60)','nvarchar','System.String')
GO

-- FINE GENERAZIONE SCRIPT --


-- GENERAZIONE DATI PER tabledescr --
IF exists(SELECT * FROM [tabledescr] WHERE tablename = 'nace')
UPDATE [tabledescr] SET description = 'VOCABOLARIO della classificazione NACE',idapplication = '2',isdbo = 'S',lt = {ts '2018-07-17 10:46:20.177'},lu = 'assistenza',title = 'Classificazione NACE delle attività' WHERE tablename = 'nace'
ELSE
INSERT INTO [tabledescr] (tablename,description,idapplication,isdbo,lt,lu,title) VALUES ('nace','VOCABOLARIO della classificazione NACE','2','S',{ts '2018-07-17 10:46:20.177'},'assistenza','Classificazione NACE delle attività')
GO

-- FINE GENERAZIONE SCRIPT --


-- GENERAZIONE DATI PER coldescr --
IF exists(SELECT * FROM [coldescr] WHERE colname = 'activity' AND tablename = 'nace')
UPDATE [coldescr] SET col_len = '0',col_precision = null,col_scale = null,description = null,kind = 'S',lt = {ts '2018-07-17 10:45:43.710'},lu = 'assistenza',primarykey = 'N',sql_declaration = 'nvarchar(max)',sql_type = 'nvarchar',system_type = 'System.String' WHERE colname = 'activity' AND tablename = 'nace'
ELSE
INSERT INTO [coldescr] (colname,tablename,col_len,col_precision,col_scale,description,kind,lt,lu,primarykey,sql_declaration,sql_type,system_type) VALUES ('activity','nace','0',null,null,null,'S',{ts '2018-07-17 10:45:43.710'},'assistenza','N','nvarchar(max)','nvarchar','System.String')
GO

IF exists(SELECT * FROM [coldescr] WHERE colname = 'idnace' AND tablename = 'nace')
UPDATE [coldescr] SET col_len = '50',col_precision = null,col_scale = null,description = null,kind = 'S',lt = {ts '2018-07-17 10:45:43.713'},lu = 'assistenza',primarykey = 'S',sql_declaration = 'nvarchar(50)',sql_type = 'nvarchar',system_type = 'System.String' WHERE colname = 'idnace' AND tablename = 'nace'
ELSE
INSERT INTO [coldescr] (colname,tablename,col_len,col_precision,col_scale,description,kind,lt,lu,primarykey,sql_declaration,sql_type,system_type) VALUES ('idnace','nace','50',null,null,null,'S',{ts '2018-07-17 10:45:43.713'},'assistenza','S','nvarchar(50)','nvarchar','System.String')
GO

-- FINE GENERAZIONE SCRIPT --


-- GENERAZIONE DATI PER tabledescr --
IF exists(SELECT * FROM [tabledescr] WHERE tablename = 'naturagiur')
UPDATE [tabledescr] SET description = 'VOCABOLARIO delle nature giuridiche',idapplication = '2',isdbo = 'S',lt = {ts '2018-07-17 17:36:47.457'},lu = 'assistenza',title = 'VOCABOLARIO delle nature giuridiche' WHERE tablename = 'naturagiur'
ELSE
INSERT INTO [tabledescr] (tablename,description,idapplication,isdbo,lt,lu,title) VALUES ('naturagiur','VOCABOLARIO delle nature giuridiche','2','S',{ts '2018-07-17 17:36:47.457'},'assistenza','VOCABOLARIO delle nature giuridiche')
GO

-- FINE GENERAZIONE SCRIPT --


-- GENERAZIONE DATI PER coldescr --
IF exists(SELECT * FROM [coldescr] WHERE colname = 'active' AND tablename = 'naturagiur')
UPDATE [coldescr] SET col_len = '50',col_precision = null,col_scale = null,description = null,kind = 'S',lt = {ts '2018-07-17 17:36:50.227'},lu = 'assistenza',primarykey = 'N',sql_declaration = 'nvarchar(50)',sql_type = 'nvarchar',system_type = 'System.String' WHERE colname = 'active' AND tablename = 'naturagiur'
ELSE
INSERT INTO [coldescr] (colname,tablename,col_len,col_precision,col_scale,description,kind,lt,lu,primarykey,sql_declaration,sql_type,system_type) VALUES ('active','naturagiur','50',null,null,null,'S',{ts '2018-07-17 17:36:50.227'},'assistenza','N','nvarchar(50)','nvarchar','System.String')
GO

IF exists(SELECT * FROM [coldescr] WHERE colname = 'flagforeign' AND tablename = 'naturagiur')
UPDATE [coldescr] SET col_len = '1',col_precision = null,col_scale = null,description = null,kind = 'S',lt = {ts '2018-07-17 17:36:50.227'},lu = 'assistenza',primarykey = 'N',sql_declaration = 'char(1)',sql_type = 'char',system_type = 'System.String' WHERE colname = 'flagforeign' AND tablename = 'naturagiur'
ELSE
INSERT INTO [coldescr] (colname,tablename,col_len,col_precision,col_scale,description,kind,lt,lu,primarykey,sql_declaration,sql_type,system_type) VALUES ('flagforeign','naturagiur','1',null,null,null,'S',{ts '2018-07-17 17:36:50.227'},'assistenza','N','char(1)','char','System.String')
GO

IF exists(SELECT * FROM [coldescr] WHERE colname = 'idnaturagiur' AND tablename = 'naturagiur')
UPDATE [coldescr] SET col_len = '4',col_precision = null,col_scale = null,description = null,kind = 'S',lt = {ts '2018-07-17 17:36:50.227'},lu = 'assistenza',primarykey = 'S',sql_declaration = 'int',sql_type = 'int',system_type = 'System.Int32' WHERE colname = 'idnaturagiur' AND tablename = 'naturagiur'
ELSE
INSERT INTO [coldescr] (colname,tablename,col_len,col_precision,col_scale,description,kind,lt,lu,primarykey,sql_declaration,sql_type,system_type) VALUES ('idnaturagiur','naturagiur','4',null,null,null,'S',{ts '2018-07-17 17:36:50.227'},'assistenza','S','int','int','System.Int32')
GO

IF exists(SELECT * FROM [coldescr] WHERE colname = 'sortcode' AND tablename = 'naturagiur')
UPDATE [coldescr] SET col_len = '4',col_precision = null,col_scale = null,description = null,kind = 'S',lt = {ts '2018-07-17 17:36:50.227'},lu = 'assistenza',primarykey = 'N',sql_declaration = 'int',sql_type = 'int',system_type = 'System.Int32' WHERE colname = 'sortcode' AND tablename = 'naturagiur'
ELSE
INSERT INTO [coldescr] (colname,tablename,col_len,col_precision,col_scale,description,kind,lt,lu,primarykey,sql_declaration,sql_type,system_type) VALUES ('sortcode','naturagiur','4',null,null,null,'S',{ts '2018-07-17 17:36:50.227'},'assistenza','N','int','int','System.Int32')
GO

IF exists(SELECT * FROM [coldescr] WHERE colname = 'title' AND tablename = 'naturagiur')
UPDATE [coldescr] SET col_len = '200',col_precision = null,col_scale = null,description = null,kind = 'S',lt = {ts '2018-07-17 17:36:50.227'},lu = 'assistenza',primarykey = 'N',sql_declaration = 'nvarchar(200)',sql_type = 'nvarchar',system_type = 'System.String' WHERE colname = 'title' AND tablename = 'naturagiur'
ELSE
INSERT INTO [coldescr] (colname,tablename,col_len,col_precision,col_scale,description,kind,lt,lu,primarykey,sql_declaration,sql_type,system_type) VALUES ('title','naturagiur','200',null,null,null,'S',{ts '2018-07-17 17:36:50.227'},'assistenza','N','nvarchar(200)','nvarchar','System.String')
GO

-- FINE GENERAZIONE SCRIPT --


-- GENERAZIONE DATI PER tabledescr --
IF exists(SELECT * FROM [tabledescr] WHERE tablename = 'numerodip')
UPDATE [tabledescr] SET description = 'VOCABOLARIO dei range di numero di dipendenti di 2.4.34 2.5.19  Enti e Aziende',idapplication = '2',isdbo = 'S',lt = {ts '2018-07-20 16:26:38.583'},lu = 'assistenza',title = 'Range di numero di dipendenti di Enti e Aziende' WHERE tablename = 'numerodip'
ELSE
INSERT INTO [tabledescr] (tablename,description,idapplication,isdbo,lt,lu,title) VALUES ('numerodip','VOCABOLARIO dei range di numero di dipendenti di 2.4.34 2.5.19  Enti e Aziende','2','S',{ts '2018-07-20 16:26:38.583'},'assistenza','Range di numero di dipendenti di Enti e Aziende')
GO

-- FINE GENERAZIONE SCRIPT --


-- GENERAZIONE DATI PER coldescr --
IF exists(SELECT * FROM [coldescr] WHERE colname = 'active' AND tablename = 'numerodip')
UPDATE [coldescr] SET col_len = '1',col_precision = null,col_scale = null,description = null,kind = 'S',lt = {ts '2018-07-17 17:47:11.083'},lu = 'assistenza',primarykey = 'N',sql_declaration = 'varchar(1)',sql_type = 'varchar',system_type = 'System.String' WHERE colname = 'active' AND tablename = 'numerodip'
ELSE
INSERT INTO [coldescr] (colname,tablename,col_len,col_precision,col_scale,description,kind,lt,lu,primarykey,sql_declaration,sql_type,system_type) VALUES ('active','numerodip','1',null,null,null,'S',{ts '2018-07-17 17:47:11.083'},'assistenza','N','varchar(1)','varchar','System.String')
GO

IF exists(SELECT * FROM [coldescr] WHERE colname = 'idnumerodip' AND tablename = 'numerodip')
UPDATE [coldescr] SET col_len = '4',col_precision = null,col_scale = null,description = null,kind = 'S',lt = {ts '2018-07-17 17:47:11.083'},lu = 'assistenza',primarykey = 'S',sql_declaration = 'int',sql_type = 'int',system_type = 'System.Int32' WHERE colname = 'idnumerodip' AND tablename = 'numerodip'
ELSE
INSERT INTO [coldescr] (colname,tablename,col_len,col_precision,col_scale,description,kind,lt,lu,primarykey,sql_declaration,sql_type,system_type) VALUES ('idnumerodip','numerodip','4',null,null,null,'S',{ts '2018-07-17 17:47:11.083'},'assistenza','S','int','int','System.Int32')
GO

IF exists(SELECT * FROM [coldescr] WHERE colname = 'sortcode' AND tablename = 'numerodip')
UPDATE [coldescr] SET col_len = '4',col_precision = null,col_scale = null,description = null,kind = 'S',lt = {ts '2018-07-17 17:47:11.083'},lu = 'assistenza',primarykey = 'N',sql_declaration = 'int',sql_type = 'int',system_type = 'System.Int32' WHERE colname = 'sortcode' AND tablename = 'numerodip'
ELSE
INSERT INTO [coldescr] (colname,tablename,col_len,col_precision,col_scale,description,kind,lt,lu,primarykey,sql_declaration,sql_type,system_type) VALUES ('sortcode','numerodip','4',null,null,null,'S',{ts '2018-07-17 17:47:11.083'},'assistenza','N','int','int','System.Int32')
GO

IF exists(SELECT * FROM [coldescr] WHERE colname = 'title' AND tablename = 'numerodip')
UPDATE [coldescr] SET col_len = '50',col_precision = null,col_scale = null,description = null,kind = 'S',lt = {ts '2018-07-17 17:47:11.083'},lu = 'assistenza',primarykey = 'N',sql_declaration = 'nvarchar(50)',sql_type = 'nvarchar',system_type = 'System.String' WHERE colname = 'title' AND tablename = 'numerodip'
ELSE
INSERT INTO [coldescr] (colname,tablename,col_len,col_precision,col_scale,description,kind,lt,lu,primarykey,sql_declaration,sql_type,system_type) VALUES ('title','numerodip','50',null,null,null,'S',{ts '2018-07-17 17:47:11.083'},'assistenza','N','nvarchar(50)','nvarchar','System.String')
GO

-- FINE GENERAZIONE SCRIPT --


-- GENERAZIONE DATI PER tabledescr --
IF exists(SELECT * FROM [tabledescr] WHERE tablename = 'progetto')
UPDATE [tabledescr] SET description = 'Progetto di ricerca',idapplication = '3',isdbo = 'N',lt = {ts '2021-02-19 17:26:47.600'},lu = 'assistenza',title = 'Progetto di ricerca' WHERE tablename = 'progetto'
ELSE
INSERT INTO [tabledescr] (tablename,description,idapplication,isdbo,lt,lu,title) VALUES ('progetto','Progetto di ricerca','3','N',{ts '2021-02-19 17:26:47.600'},'assistenza','Progetto di ricerca')
GO

-- FINE GENERAZIONE SCRIPT --


-- GENERAZIONE DATI PER coldescr --
IF exists(SELECT * FROM [coldescr] WHERE colname = 'budget' AND tablename = 'progetto')
UPDATE [coldescr] SET col_len = '9',col_precision = '14',col_scale = '2',description = 'Costo totale per l''ateneo',kind = 'S',lt = {ts '2020-10-30 08:32:49.150'},lu = 'assistenza',primarykey = 'N',sql_declaration = 'decimal(14,2)',sql_type = 'decimal',system_type = 'System.Decimal' WHERE colname = 'budget' AND tablename = 'progetto'
ELSE
INSERT INTO [coldescr] (colname,tablename,col_len,col_precision,col_scale,description,kind,lt,lu,primarykey,sql_declaration,sql_type,system_type) VALUES ('budget','progetto','9','14','2','Costo totale per l''ateneo','S',{ts '2020-10-30 08:32:49.150'},'assistenza','N','decimal(14,2)','decimal','System.Decimal')
GO

IF exists(SELECT * FROM [coldescr] WHERE colname = 'budgetcalcolato' AND tablename = 'progetto')
UPDATE [coldescr] SET col_len = '9',col_precision = '14',col_scale = '2',description = 'Costo totale effettivo per l''ateneo',kind = 'S',lt = {ts '2020-10-30 08:32:49.150'},lu = 'assistenza',primarykey = 'N',sql_declaration = 'decimal(14,2)',sql_type = 'decimal',system_type = 'System.Decimal' WHERE colname = 'budgetcalcolato' AND tablename = 'progetto'
ELSE
INSERT INTO [coldescr] (colname,tablename,col_len,col_precision,col_scale,description,kind,lt,lu,primarykey,sql_declaration,sql_type,system_type) VALUES ('budgetcalcolato','progetto','9','14','2','Costo totale effettivo per l''ateneo','S',{ts '2020-10-30 08:32:49.150'},'assistenza','N','decimal(14,2)','decimal','System.Decimal')
GO

IF exists(SELECT * FROM [coldescr] WHERE colname = 'budgetcalcolatodate' AND tablename = 'progetto')
UPDATE [coldescr] SET col_len = '8',col_precision = null,col_scale = null,description = 'Calcolato il',kind = 'S',lt = {ts '2020-10-26 10:44:21.677'},lu = 'assistenza',primarykey = 'N',sql_declaration = 'datetime',sql_type = 'datetime',system_type = 'System.DateTime' WHERE colname = 'budgetcalcolatodate' AND tablename = 'progetto'
ELSE
INSERT INTO [coldescr] (colname,tablename,col_len,col_precision,col_scale,description,kind,lt,lu,primarykey,sql_declaration,sql_type,system_type) VALUES ('budgetcalcolatodate','progetto','8',null,null,'Calcolato il','S',{ts '2020-10-26 10:44:21.677'},'assistenza','N','datetime','datetime','System.DateTime')
GO

IF exists(SELECT * FROM [coldescr] WHERE colname = 'capofilatxt' AND tablename = 'progetto')
UPDATE [coldescr] SET col_len = '2048',col_precision = null,col_scale = null,description = 'Ente capofila non censito',kind = 'S',lt = {ts '2020-10-26 10:22:18.617'},lu = 'assistenza',primarykey = 'N',sql_declaration = 'nvarchar(2048)',sql_type = 'nvarchar',system_type = 'System.String' WHERE colname = 'capofilatxt' AND tablename = 'progetto'
ELSE
INSERT INTO [coldescr] (colname,tablename,col_len,col_precision,col_scale,description,kind,lt,lu,primarykey,sql_declaration,sql_type,system_type) VALUES ('capofilatxt','progetto','2048',null,null,'Ente capofila non censito','S',{ts '2020-10-26 10:22:18.617'},'assistenza','N','nvarchar(2048)','nvarchar','System.String')
GO

IF exists(SELECT * FROM [coldescr] WHERE colname = 'codiceidentificativo' AND tablename = 'progetto')
UPDATE [coldescr] SET col_len = '2048',col_precision = null,col_scale = null,description = 'Codice identificativo',kind = 'S',lt = {ts '2020-10-30 08:33:43.240'},lu = 'assistenza',primarykey = 'N',sql_declaration = 'varchar(2048)',sql_type = 'varchar',system_type = 'System.String' WHERE colname = 'codiceidentificativo' AND tablename = 'progetto'
ELSE
INSERT INTO [coldescr] (colname,tablename,col_len,col_precision,col_scale,description,kind,lt,lu,primarykey,sql_declaration,sql_type,system_type) VALUES ('codiceidentificativo','progetto','2048',null,null,'Codice identificativo','S',{ts '2020-10-30 08:33:43.240'},'assistenza','N','varchar(2048)','varchar','System.String')
GO

IF exists(SELECT * FROM [coldescr] WHERE colname = 'contributo' AND tablename = 'progetto')
UPDATE [coldescr] SET col_len = '9',col_precision = '14',col_scale = '2',description = 'Cofinanziamento richiesto all''ateneo',kind = 'S',lt = {ts '2020-10-30 08:32:49.150'},lu = 'assistenza',primarykey = 'N',sql_declaration = 'decimal(14,2)',sql_type = 'decimal',system_type = 'System.Decimal' WHERE colname = 'contributo' AND tablename = 'progetto'
ELSE
INSERT INTO [coldescr] (colname,tablename,col_len,col_precision,col_scale,description,kind,lt,lu,primarykey,sql_declaration,sql_type,system_type) VALUES ('contributo','progetto','9','14','2','Cofinanziamento richiesto all''ateneo','S',{ts '2020-10-30 08:32:49.150'},'assistenza','N','decimal(14,2)','decimal','System.Decimal')
GO

IF exists(SELECT * FROM [coldescr] WHERE colname = 'contributoente' AND tablename = 'progetto')
UPDATE [coldescr] SET col_len = '9',col_precision = '14',col_scale = '2',description = 'Contributo totale richiesto dall''ateneo allente finanziatore',kind = 'S',lt = {ts '2020-11-04 16:51:02.247'},lu = 'assistenza',primarykey = 'N',sql_declaration = 'decimal(14,2)',sql_type = 'decimal',system_type = 'System.Decimal' WHERE colname = 'contributoente' AND tablename = 'progetto'
ELSE
INSERT INTO [coldescr] (colname,tablename,col_len,col_precision,col_scale,description,kind,lt,lu,primarykey,sql_declaration,sql_type,system_type) VALUES ('contributoente','progetto','9','14','2','Contributo totale richiesto dall''ateneo allente finanziatore','S',{ts '2020-11-04 16:51:02.247'},'assistenza','N','decimal(14,2)','decimal','System.Decimal')
GO

IF exists(SELECT * FROM [coldescr] WHERE colname = 'ct' AND tablename = 'progetto')
UPDATE [coldescr] SET col_len = '8',col_precision = null,col_scale = null,description = null,kind = 'S',lt = {ts '2020-05-20 14:00:40.020'},lu = 'assistenza',primarykey = 'N',sql_declaration = 'datetime',sql_type = 'datetime',system_type = 'System.DateTime' WHERE colname = 'ct' AND tablename = 'progetto'
ELSE
INSERT INTO [coldescr] (colname,tablename,col_len,col_precision,col_scale,description,kind,lt,lu,primarykey,sql_declaration,sql_type,system_type) VALUES ('ct','progetto','8',null,null,null,'S',{ts '2020-05-20 14:00:40.020'},'assistenza','N','datetime','datetime','System.DateTime')
GO

IF exists(SELECT * FROM [coldescr] WHERE colname = 'cu' AND tablename = 'progetto')
UPDATE [coldescr] SET col_len = '64',col_precision = null,col_scale = null,description = null,kind = 'S',lt = {ts '2020-05-20 14:00:40.020'},lu = 'assistenza',primarykey = 'N',sql_declaration = 'varchar(64)',sql_type = 'varchar',system_type = 'System.String' WHERE colname = 'cu' AND tablename = 'progetto'
ELSE
INSERT INTO [coldescr] (colname,tablename,col_len,col_precision,col_scale,description,kind,lt,lu,primarykey,sql_declaration,sql_type,system_type) VALUES ('cu','progetto','64',null,null,null,'S',{ts '2020-05-20 14:00:40.020'},'assistenza','N','varchar(64)','varchar','System.String')
GO

IF exists(SELECT * FROM [coldescr] WHERE colname = 'cup' AND tablename = 'progetto')
UPDATE [coldescr] SET col_len = '15',col_precision = null,col_scale = null,description = 'Codice univoco progetto (CUP)',kind = 'S',lt = {ts '2020-10-30 17:51:30.213'},lu = 'assistenza',primarykey = 'N',sql_declaration = 'varchar(15)',sql_type = 'varchar',system_type = 'System.String' WHERE colname = 'cup' AND tablename = 'progetto'
ELSE
INSERT INTO [coldescr] (colname,tablename,col_len,col_precision,col_scale,description,kind,lt,lu,primarykey,sql_declaration,sql_type,system_type) VALUES ('cup','progetto','15',null,null,'Codice univoco progetto (CUP)','S',{ts '2020-10-30 17:51:30.213'},'assistenza','N','varchar(15)','varchar','System.String')
GO

IF exists(SELECT * FROM [coldescr] WHERE colname = 'data' AND tablename = 'progetto')
UPDATE [coldescr] SET col_len = '3',col_precision = null,col_scale = null,description = 'Data di presentazione',kind = 'S',lt = {ts '2020-05-25 13:14:10.947'},lu = 'assistenza',primarykey = 'N',sql_declaration = 'date',sql_type = 'date',system_type = 'System.DateTime' WHERE colname = 'data' AND tablename = 'progetto'
ELSE
INSERT INTO [coldescr] (colname,tablename,col_len,col_precision,col_scale,description,kind,lt,lu,primarykey,sql_declaration,sql_type,system_type) VALUES ('data','progetto','3',null,null,'Data di presentazione','S',{ts '2020-05-25 13:14:10.947'},'assistenza','N','date','date','System.DateTime')
GO

IF exists(SELECT * FROM [coldescr] WHERE colname = 'datacontabile' AND tablename = 'progetto')
UPDATE [coldescr] SET col_len = '3',col_precision = null,col_scale = null,description = 'Data chiusura contablile',kind = 'S',lt = {ts '2020-12-09 12:56:24.963'},lu = 'assistenza',primarykey = 'N',sql_declaration = 'date',sql_type = 'date',system_type = 'System.DateTime' WHERE colname = 'datacontabile' AND tablename = 'progetto'
ELSE
INSERT INTO [coldescr] (colname,tablename,col_len,col_precision,col_scale,description,kind,lt,lu,primarykey,sql_declaration,sql_type,system_type) VALUES ('datacontabile','progetto','3',null,null,'Data chiusura contablile','S',{ts '2020-12-09 12:56:24.963'},'assistenza','N','date','date','System.DateTime')
GO

IF exists(SELECT * FROM [coldescr] WHERE colname = 'description' AND tablename = 'progetto')
UPDATE [coldescr] SET col_len = '0',col_precision = null,col_scale = null,description = 'Descrizione',kind = 'S',lt = {ts '2020-05-20 14:03:58.150'},lu = 'assistenza',primarykey = 'N',sql_declaration = 'nvarchar(max)',sql_type = 'nvarchar',system_type = 'System.String' WHERE colname = 'description' AND tablename = 'progetto'
ELSE
INSERT INTO [coldescr] (colname,tablename,col_len,col_precision,col_scale,description,kind,lt,lu,primarykey,sql_declaration,sql_type,system_type) VALUES ('description','progetto','0',null,null,'Descrizione','S',{ts '2020-05-20 14:03:58.150'},'assistenza','N','nvarchar(max)','nvarchar','System.String')
GO

IF exists(SELECT * FROM [coldescr] WHERE colname = 'durata' AND tablename = 'progetto')
UPDATE [coldescr] SET col_len = '4',col_precision = null,col_scale = null,description = null,kind = 'S',lt = {ts '2020-05-25 13:11:44.723'},lu = 'assistenza',primarykey = 'N',sql_declaration = 'int',sql_type = 'int',system_type = 'System.Int32' WHERE colname = 'durata' AND tablename = 'progetto'
ELSE
INSERT INTO [coldescr] (colname,tablename,col_len,col_precision,col_scale,description,kind,lt,lu,primarykey,sql_declaration,sql_type,system_type) VALUES ('durata','progetto','4',null,null,null,'S',{ts '2020-05-25 13:11:44.723'},'assistenza','N','int','int','System.Int32')
GO

IF exists(SELECT * FROM [coldescr] WHERE colname = 'finanziatoretxt' AND tablename = 'progetto')
UPDATE [coldescr] SET col_len = '2048',col_precision = null,col_scale = null,description = 'Ente finanziatore non censito',kind = 'S',lt = {ts '2020-10-26 10:22:18.617'},lu = 'assistenza',primarykey = 'N',sql_declaration = 'nvarchar(2048)',sql_type = 'nvarchar',system_type = 'System.String' WHERE colname = 'finanziatoretxt' AND tablename = 'progetto'
ELSE
INSERT INTO [coldescr] (colname,tablename,col_len,col_precision,col_scale,description,kind,lt,lu,primarykey,sql_declaration,sql_type,system_type) VALUES ('finanziatoretxt','progetto','2048',null,null,'Ente finanziatore non censito','S',{ts '2020-10-26 10:22:18.617'},'assistenza','N','nvarchar(2048)','nvarchar','System.String')
GO

IF exists(SELECT * FROM [coldescr] WHERE colname = 'idcorsostudio' AND tablename = 'progetto')
UPDATE [coldescr] SET col_len = '4',col_precision = null,col_scale = null,description = 'Didattica',kind = 'S',lt = {ts '2020-06-05 15:48:03.440'},lu = 'assistenza',primarykey = 'N',sql_declaration = 'int',sql_type = 'int',system_type = 'System.Int32' WHERE colname = 'idcorsostudio' AND tablename = 'progetto'
ELSE
INSERT INTO [coldescr] (colname,tablename,col_len,col_precision,col_scale,description,kind,lt,lu,primarykey,sql_declaration,sql_type,system_type) VALUES ('idcorsostudio','progetto','4',null,null,'Didattica','S',{ts '2020-06-05 15:48:03.440'},'assistenza','N','int','int','System.Int32')
GO

IF exists(SELECT * FROM [coldescr] WHERE colname = 'idcurrency' AND tablename = 'progetto')
UPDATE [coldescr] SET col_len = '4',col_precision = null,col_scale = null,description = 'Codice valuta',kind = 'S',lt = {ts '2020-11-02 18:34:42.180'},lu = 'assistenza',primarykey = 'N',sql_declaration = 'int',sql_type = 'int',system_type = 'System.Int32' WHERE colname = 'idcurrency' AND tablename = 'progetto'
ELSE
INSERT INTO [coldescr] (colname,tablename,col_len,col_precision,col_scale,description,kind,lt,lu,primarykey,sql_declaration,sql_type,system_type) VALUES ('idcurrency','progetto','4',null,null,'Codice valuta','S',{ts '2020-11-02 18:34:42.180'},'assistenza','N','int','int','System.Int32')
GO

IF exists(SELECT * FROM [coldescr] WHERE colname = 'idduratakind' AND tablename = 'progetto')
UPDATE [coldescr] SET col_len = '4',col_precision = null,col_scale = null,description = 'Espressa in',kind = 'S',lt = {ts '2020-05-25 13:14:10.947'},lu = 'assistenza',primarykey = 'N',sql_declaration = 'int',sql_type = 'int',system_type = 'System.Int32' WHERE colname = 'idduratakind' AND tablename = 'progetto'
ELSE
INSERT INTO [coldescr] (colname,tablename,col_len,col_precision,col_scale,description,kind,lt,lu,primarykey,sql_declaration,sql_type,system_type) VALUES ('idduratakind','progetto','4',null,null,'Espressa in','S',{ts '2020-05-25 13:14:10.947'},'assistenza','N','int','int','System.Int32')
GO

IF exists(SELECT * FROM [coldescr] WHERE colname = 'idprogetto' AND tablename = 'progetto')
UPDATE [coldescr] SET col_len = '4',col_precision = null,col_scale = null,description = 'Codice interno',kind = 'S',lt = {ts '2020-10-30 08:33:16.517'},lu = 'assistenza',primarykey = 'S',sql_declaration = 'int',sql_type = 'int',system_type = 'System.Int32' WHERE colname = 'idprogetto' AND tablename = 'progetto'
ELSE
INSERT INTO [coldescr] (colname,tablename,col_len,col_precision,col_scale,description,kind,lt,lu,primarykey,sql_declaration,sql_type,system_type) VALUES ('idprogetto','progetto','4',null,null,'Codice interno','S',{ts '2020-10-30 08:33:16.517'},'assistenza','S','int','int','System.Int32')
GO

IF exists(SELECT * FROM [coldescr] WHERE colname = 'idprogettokind' AND tablename = 'progetto')
UPDATE [coldescr] SET col_len = '4',col_precision = null,col_scale = null,description = 'Tipo di progetto o attività',kind = 'S',lt = {ts '2020-11-04 16:52:57.667'},lu = 'assistenza',primarykey = 'N',sql_declaration = 'int',sql_type = 'int',system_type = 'System.Int32' WHERE colname = 'idprogettokind' AND tablename = 'progetto'
ELSE
INSERT INTO [coldescr] (colname,tablename,col_len,col_precision,col_scale,description,kind,lt,lu,primarykey,sql_declaration,sql_type,system_type) VALUES ('idprogettokind','progetto','4',null,null,'Tipo di progetto o attività','S',{ts '2020-11-04 16:52:57.667'},'assistenza','N','int','int','System.Int32')
GO

IF exists(SELECT * FROM [coldescr] WHERE colname = 'idprogettostatuskind' AND tablename = 'progetto')
UPDATE [coldescr] SET col_len = '4',col_precision = null,col_scale = null,description = 'Stato del progetto o attività',kind = 'S',lt = {ts '2020-09-30 16:14:37.087'},lu = 'assistenza',primarykey = 'N',sql_declaration = 'int',sql_type = 'int',system_type = 'System.Int32' WHERE colname = 'idprogettostatuskind' AND tablename = 'progetto'
ELSE
INSERT INTO [coldescr] (colname,tablename,col_len,col_precision,col_scale,description,kind,lt,lu,primarykey,sql_declaration,sql_type,system_type) VALUES ('idprogettostatuskind','progetto','4',null,null,'Stato del progetto o attività','S',{ts '2020-09-30 16:14:37.087'},'assistenza','N','int','int','System.Int32')
GO

IF exists(SELECT * FROM [coldescr] WHERE colname = 'idreg' AND tablename = 'progetto')
UPDATE [coldescr] SET col_len = '4',col_precision = null,col_scale = null,description = 'Principal investigator / Responsabile di progetto ',kind = 'S',lt = {ts '2020-07-15 17:09:18.147'},lu = 'assistenza',primarykey = 'N',sql_declaration = 'int',sql_type = 'int',system_type = 'System.Int32' WHERE colname = 'idreg' AND tablename = 'progetto'
ELSE
INSERT INTO [coldescr] (colname,tablename,col_len,col_precision,col_scale,description,kind,lt,lu,primarykey,sql_declaration,sql_type,system_type) VALUES ('idreg','progetto','4',null,null,'Principal investigator / Responsabile di progetto ','S',{ts '2020-07-15 17:09:18.147'},'assistenza','N','int','int','System.Int32')
GO

IF exists(SELECT * FROM [coldescr] WHERE colname = 'idreg_aziende' AND tablename = 'progetto')
UPDATE [coldescr] SET col_len = '4',col_precision = null,col_scale = null,description = 'Ente capofila',kind = 'S',lt = {ts '2020-06-12 15:56:06.547'},lu = 'assistenza',primarykey = 'N',sql_declaration = 'int',sql_type = 'int',system_type = 'System.Int32' WHERE colname = 'idreg_aziende' AND tablename = 'progetto'
ELSE
INSERT INTO [coldescr] (colname,tablename,col_len,col_precision,col_scale,description,kind,lt,lu,primarykey,sql_declaration,sql_type,system_type) VALUES ('idreg_aziende','progetto','4',null,null,'Ente capofila','S',{ts '2020-06-12 15:56:06.547'},'assistenza','N','int','int','System.Int32')
GO

IF exists(SELECT * FROM [coldescr] WHERE colname = 'idreg_aziende_fin' AND tablename = 'progetto')
UPDATE [coldescr] SET col_len = '4',col_precision = null,col_scale = null,description = 'Ente finanziatore',kind = 'S',lt = {ts '2020-06-12 15:56:06.547'},lu = 'assistenza',primarykey = 'N',sql_declaration = 'int',sql_type = 'int',system_type = 'System.Int32' WHERE colname = 'idreg_aziende_fin' AND tablename = 'progetto'
ELSE
INSERT INTO [coldescr] (colname,tablename,col_len,col_precision,col_scale,description,kind,lt,lu,primarykey,sql_declaration,sql_type,system_type) VALUES ('idreg_aziende_fin','progetto','4',null,null,'Ente finanziatore','S',{ts '2020-06-12 15:56:06.547'},'assistenza','N','int','int','System.Int32')
GO

IF exists(SELECT * FROM [coldescr] WHERE colname = 'idregistryprogfin' AND tablename = 'progetto')
UPDATE [coldescr] SET col_len = '4',col_precision = null,col_scale = null,description = 'Programma di finanziamento',kind = 'S',lt = {ts '2020-06-12 15:56:06.547'},lu = 'assistenza',primarykey = 'N',sql_declaration = 'int',sql_type = 'int',system_type = 'System.Int32' WHERE colname = 'idregistryprogfin' AND tablename = 'progetto'
ELSE
INSERT INTO [coldescr] (colname,tablename,col_len,col_precision,col_scale,description,kind,lt,lu,primarykey,sql_declaration,sql_type,system_type) VALUES ('idregistryprogfin','progetto','4',null,null,'Programma di finanziamento','S',{ts '2020-06-12 15:56:06.547'},'assistenza','N','int','int','System.Int32')
GO

IF exists(SELECT * FROM [coldescr] WHERE colname = 'idregistryprogfinbando' AND tablename = 'progetto')
UPDATE [coldescr] SET col_len = '4',col_precision = null,col_scale = null,description = 'Bando di riferimento',kind = 'S',lt = {ts '2020-06-12 18:11:47.253'},lu = 'assistenza',primarykey = 'N',sql_declaration = 'int',sql_type = 'int',system_type = 'System.Int32' WHERE colname = 'idregistryprogfinbando' AND tablename = 'progetto'
ELSE
INSERT INTO [coldescr] (colname,tablename,col_len,col_precision,col_scale,description,kind,lt,lu,primarykey,sql_declaration,sql_type,system_type) VALUES ('idregistryprogfinbando','progetto','4',null,null,'Bando di riferimento','S',{ts '2020-06-12 18:11:47.253'},'assistenza','N','int','int','System.Int32')
GO

IF exists(SELECT * FROM [coldescr] WHERE colname = 'lt' AND tablename = 'progetto')
UPDATE [coldescr] SET col_len = '8',col_precision = null,col_scale = null,description = null,kind = 'S',lt = {ts '2020-05-20 14:00:40.020'},lu = 'assistenza',primarykey = 'N',sql_declaration = 'datetime',sql_type = 'datetime',system_type = 'System.DateTime' WHERE colname = 'lt' AND tablename = 'progetto'
ELSE
INSERT INTO [coldescr] (colname,tablename,col_len,col_precision,col_scale,description,kind,lt,lu,primarykey,sql_declaration,sql_type,system_type) VALUES ('lt','progetto','8',null,null,null,'S',{ts '2020-05-20 14:00:40.020'},'assistenza','N','datetime','datetime','System.DateTime')
GO

IF exists(SELECT * FROM [coldescr] WHERE colname = 'lu' AND tablename = 'progetto')
UPDATE [coldescr] SET col_len = '64',col_precision = null,col_scale = null,description = null,kind = 'S',lt = {ts '2020-05-20 14:00:40.020'},lu = 'assistenza',primarykey = 'N',sql_declaration = 'varchar(64)',sql_type = 'varchar',system_type = 'System.String' WHERE colname = 'lu' AND tablename = 'progetto'
ELSE
INSERT INTO [coldescr] (colname,tablename,col_len,col_precision,col_scale,description,kind,lt,lu,primarykey,sql_declaration,sql_type,system_type) VALUES ('lu','progetto','64',null,null,null,'S',{ts '2020-05-20 14:00:40.020'},'assistenza','N','varchar(64)','varchar','System.String')
GO

IF exists(SELECT * FROM [coldescr] WHERE colname = 'start' AND tablename = 'progetto')
UPDATE [coldescr] SET col_len = '3',col_precision = null,col_scale = null,description = 'Data di inizio',kind = 'S',lt = {ts '2020-06-05 15:48:03.440'},lu = 'assistenza',primarykey = 'N',sql_declaration = 'date',sql_type = 'date',system_type = 'System.DateTime' WHERE colname = 'start' AND tablename = 'progetto'
ELSE
INSERT INTO [coldescr] (colname,tablename,col_len,col_precision,col_scale,description,kind,lt,lu,primarykey,sql_declaration,sql_type,system_type) VALUES ('start','progetto','3',null,null,'Data di inizio','S',{ts '2020-06-05 15:48:03.440'},'assistenza','N','date','date','System.DateTime')
GO

IF exists(SELECT * FROM [coldescr] WHERE colname = 'stop' AND tablename = 'progetto')
UPDATE [coldescr] SET col_len = '3',col_precision = null,col_scale = null,description = 'Data di fine',kind = 'S',lt = {ts '2020-06-05 15:48:03.440'},lu = 'assistenza',primarykey = 'N',sql_declaration = 'date',sql_type = 'date',system_type = 'System.DateTime' WHERE colname = 'stop' AND tablename = 'progetto'
ELSE
INSERT INTO [coldescr] (colname,tablename,col_len,col_precision,col_scale,description,kind,lt,lu,primarykey,sql_declaration,sql_type,system_type) VALUES ('stop','progetto','3',null,null,'Data di fine','S',{ts '2020-06-05 15:48:03.440'},'assistenza','N','date','date','System.DateTime')
GO

IF exists(SELECT * FROM [coldescr] WHERE colname = 'title' AND tablename = 'progetto')
UPDATE [coldescr] SET col_len = '4000',col_precision = null,col_scale = null,description = 'Titolo',kind = 'S',lt = {ts '2020-10-30 08:32:49.150'},lu = 'assistenza',primarykey = 'N',sql_declaration = 'nvarchar(4000)',sql_type = 'nvarchar',system_type = 'System.String' WHERE colname = 'title' AND tablename = 'progetto'
ELSE
INSERT INTO [coldescr] (colname,tablename,col_len,col_precision,col_scale,description,kind,lt,lu,primarykey,sql_declaration,sql_type,system_type) VALUES ('title','progetto','4000',null,null,'Titolo','S',{ts '2020-10-30 08:32:49.150'},'assistenza','N','nvarchar(4000)','nvarchar','System.String')
GO

IF exists(SELECT * FROM [coldescr] WHERE colname = 'titolobreve' AND tablename = 'progetto')
UPDATE [coldescr] SET col_len = '2048',col_precision = null,col_scale = null,description = 'Titolo breve o acronimo',kind = 'S',lt = {ts '2020-05-20 14:03:58.153'},lu = 'assistenza',primarykey = 'N',sql_declaration = 'nvarchar(2048)',sql_type = 'nvarchar',system_type = 'System.String' WHERE colname = 'titolobreve' AND tablename = 'progetto'
ELSE
INSERT INTO [coldescr] (colname,tablename,col_len,col_precision,col_scale,description,kind,lt,lu,primarykey,sql_declaration,sql_type,system_type) VALUES ('titolobreve','progetto','2048',null,null,'Titolo breve o acronimo','S',{ts '2020-05-20 14:03:58.153'},'assistenza','N','nvarchar(2048)','nvarchar','System.String')
GO

IF exists(SELECT * FROM [coldescr] WHERE colname = 'totalbudget' AND tablename = 'progetto')
UPDATE [coldescr] SET col_len = '9',col_precision = '14',col_scale = '2',description = 'Costo globale del progetto per tutto il partenariato',kind = 'S',lt = {ts '2020-10-30 08:32:49.150'},lu = 'assistenza',primarykey = 'N',sql_declaration = 'decimal(14,2)',sql_type = 'decimal',system_type = 'System.Decimal' WHERE colname = 'totalbudget' AND tablename = 'progetto'
ELSE
INSERT INTO [coldescr] (colname,tablename,col_len,col_precision,col_scale,description,kind,lt,lu,primarykey,sql_declaration,sql_type,system_type) VALUES ('totalbudget','progetto','9','14','2','Costo globale del progetto per tutto il partenariato','S',{ts '2020-10-30 08:32:49.150'},'assistenza','N','decimal(14,2)','decimal','System.Decimal')
GO

IF exists(SELECT * FROM [coldescr] WHERE colname = 'totalcontributo' AND tablename = 'progetto')
UPDATE [coldescr] SET col_len = '9',col_precision = '14',col_scale = '2',description = 'Contributo globale del progetto per tutto il partenariato',kind = 'S',lt = {ts '2020-10-30 08:32:49.150'},lu = 'assistenza',primarykey = 'N',sql_declaration = 'decimal(14,2)',sql_type = 'decimal',system_type = 'System.Decimal' WHERE colname = 'totalcontributo' AND tablename = 'progetto'
ELSE
INSERT INTO [coldescr] (colname,tablename,col_len,col_precision,col_scale,description,kind,lt,lu,primarykey,sql_declaration,sql_type,system_type) VALUES ('totalcontributo','progetto','9','14','2','Contributo globale del progetto per tutto il partenariato','S',{ts '2020-10-30 08:32:49.150'},'assistenza','N','decimal(14,2)','decimal','System.Decimal')
GO

IF exists(SELECT * FROM [coldescr] WHERE colname = 'url' AND tablename = 'progetto')
UPDATE [coldescr] SET col_len = '1024',col_precision = null,col_scale = null,description = 'URL del sito del progetto',kind = 'S',lt = {ts '2020-11-02 18:28:26.997'},lu = 'assistenza',primarykey = 'N',sql_declaration = 'varchar(1024)',sql_type = 'varchar',system_type = 'System.String' WHERE colname = 'url' AND tablename = 'progetto'
ELSE
INSERT INTO [coldescr] (colname,tablename,col_len,col_precision,col_scale,description,kind,lt,lu,primarykey,sql_declaration,sql_type,system_type) VALUES ('url','progetto','1024',null,null,'URL del sito del progetto','S',{ts '2020-11-02 18:28:26.997'},'assistenza','N','varchar(1024)','varchar','System.String')
GO

-- FINE GENERAZIONE SCRIPT --


-- GENERAZIONE DATI PER tabledescr --
IF exists(SELECT * FROM [tabledescr] WHERE tablename = 'progettoactivitykind')
UPDATE [tabledescr] SET description = 'Tipologia di progetto o attività',idapplication = '3',isdbo = 'S',lt = {ts '2021-02-19 18:07:31.617'},lu = 'assistenza',title = 'Tipologia di progetto o attività' WHERE tablename = 'progettoactivitykind'
ELSE
INSERT INTO [tabledescr] (tablename,description,idapplication,isdbo,lt,lu,title) VALUES ('progettoactivitykind','Tipologia di progetto o attività','3','S',{ts '2021-02-19 18:07:31.617'},'assistenza','Tipologia di progetto o attività')
GO

-- FINE GENERAZIONE SCRIPT --


-- GENERAZIONE DATI PER coldescr --
IF exists(SELECT * FROM [coldescr] WHERE colname = 'active' AND tablename = 'progettoactivitykind')
UPDATE [coldescr] SET col_len = '1',col_precision = null,col_scale = null,description = null,kind = 'S',lt = {ts '2020-06-18 12:20:47.127'},lu = 'assistenza',primarykey = 'N',sql_declaration = 'char(1)',sql_type = 'char',system_type = 'System.String' WHERE colname = 'active' AND tablename = 'progettoactivitykind'
ELSE
INSERT INTO [coldescr] (colname,tablename,col_len,col_precision,col_scale,description,kind,lt,lu,primarykey,sql_declaration,sql_type,system_type) VALUES ('active','progettoactivitykind','1',null,null,null,'S',{ts '2020-06-18 12:20:47.127'},'assistenza','N','char(1)','char','System.String')
GO

IF exists(SELECT * FROM [coldescr] WHERE colname = 'ct' AND tablename = 'progettoactivitykind')
UPDATE [coldescr] SET col_len = '8',col_precision = null,col_scale = null,description = null,kind = 'S',lt = {ts '2020-06-18 12:20:47.127'},lu = 'assistenza',primarykey = 'N',sql_declaration = 'datetime',sql_type = 'datetime',system_type = 'System.DateTime' WHERE colname = 'ct' AND tablename = 'progettoactivitykind'
ELSE
INSERT INTO [coldescr] (colname,tablename,col_len,col_precision,col_scale,description,kind,lt,lu,primarykey,sql_declaration,sql_type,system_type) VALUES ('ct','progettoactivitykind','8',null,null,null,'S',{ts '2020-06-18 12:20:47.127'},'assistenza','N','datetime','datetime','System.DateTime')
GO

IF exists(SELECT * FROM [coldescr] WHERE colname = 'cu' AND tablename = 'progettoactivitykind')
UPDATE [coldescr] SET col_len = '64',col_precision = null,col_scale = null,description = null,kind = 'S',lt = {ts '2020-06-18 12:20:47.127'},lu = 'assistenza',primarykey = 'N',sql_declaration = 'varchar(64)',sql_type = 'varchar',system_type = 'System.String' WHERE colname = 'cu' AND tablename = 'progettoactivitykind'
ELSE
INSERT INTO [coldescr] (colname,tablename,col_len,col_precision,col_scale,description,kind,lt,lu,primarykey,sql_declaration,sql_type,system_type) VALUES ('cu','progettoactivitykind','64',null,null,null,'S',{ts '2020-06-18 12:20:47.127'},'assistenza','N','varchar(64)','varchar','System.String')
GO

IF exists(SELECT * FROM [coldescr] WHERE colname = 'description' AND tablename = 'progettoactivitykind')
UPDATE [coldescr] SET col_len = '0',col_precision = null,col_scale = null,description = null,kind = 'S',lt = {ts '2020-06-18 12:20:47.127'},lu = 'assistenza',primarykey = 'N',sql_declaration = 'nvarchar(max)',sql_type = 'nvarchar',system_type = 'System.String' WHERE colname = 'description' AND tablename = 'progettoactivitykind'
ELSE
INSERT INTO [coldescr] (colname,tablename,col_len,col_precision,col_scale,description,kind,lt,lu,primarykey,sql_declaration,sql_type,system_type) VALUES ('description','progettoactivitykind','0',null,null,null,'S',{ts '2020-06-18 12:20:47.127'},'assistenza','N','nvarchar(max)','nvarchar','System.String')
GO

IF exists(SELECT * FROM [coldescr] WHERE colname = 'idprogettoactivitykind' AND tablename = 'progettoactivitykind')
UPDATE [coldescr] SET col_len = '4',col_precision = null,col_scale = null,description = null,kind = 'S',lt = {ts '2020-06-18 12:20:47.127'},lu = 'assistenza',primarykey = 'S',sql_declaration = 'int',sql_type = 'int',system_type = 'System.Int32' WHERE colname = 'idprogettoactivitykind' AND tablename = 'progettoactivitykind'
ELSE
INSERT INTO [coldescr] (colname,tablename,col_len,col_precision,col_scale,description,kind,lt,lu,primarykey,sql_declaration,sql_type,system_type) VALUES ('idprogettoactivitykind','progettoactivitykind','4',null,null,null,'S',{ts '2020-06-18 12:20:47.127'},'assistenza','S','int','int','System.Int32')
GO

IF exists(SELECT * FROM [coldescr] WHERE colname = 'lt' AND tablename = 'progettoactivitykind')
UPDATE [coldescr] SET col_len = '8',col_precision = null,col_scale = null,description = null,kind = 'S',lt = {ts '2020-06-18 12:20:47.127'},lu = 'assistenza',primarykey = 'N',sql_declaration = 'datetime',sql_type = 'datetime',system_type = 'System.DateTime' WHERE colname = 'lt' AND tablename = 'progettoactivitykind'
ELSE
INSERT INTO [coldescr] (colname,tablename,col_len,col_precision,col_scale,description,kind,lt,lu,primarykey,sql_declaration,sql_type,system_type) VALUES ('lt','progettoactivitykind','8',null,null,null,'S',{ts '2020-06-18 12:20:47.127'},'assistenza','N','datetime','datetime','System.DateTime')
GO

IF exists(SELECT * FROM [coldescr] WHERE colname = 'lu' AND tablename = 'progettoactivitykind')
UPDATE [coldescr] SET col_len = '64',col_precision = null,col_scale = null,description = null,kind = 'S',lt = {ts '2020-06-18 12:20:47.127'},lu = 'assistenza',primarykey = 'N',sql_declaration = 'varchar(64)',sql_type = 'varchar',system_type = 'System.String' WHERE colname = 'lu' AND tablename = 'progettoactivitykind'
ELSE
INSERT INTO [coldescr] (colname,tablename,col_len,col_precision,col_scale,description,kind,lt,lu,primarykey,sql_declaration,sql_type,system_type) VALUES ('lu','progettoactivitykind','64',null,null,null,'S',{ts '2020-06-18 12:20:47.127'},'assistenza','N','varchar(64)','varchar','System.String')
GO

IF exists(SELECT * FROM [coldescr] WHERE colname = 'sortcode' AND tablename = 'progettoactivitykind')
UPDATE [coldescr] SET col_len = '4',col_precision = null,col_scale = null,description = null,kind = 'S',lt = {ts '2020-06-18 12:20:47.130'},lu = 'assistenza',primarykey = 'N',sql_declaration = 'int',sql_type = 'int',system_type = 'System.Int32' WHERE colname = 'sortcode' AND tablename = 'progettoactivitykind'
ELSE
INSERT INTO [coldescr] (colname,tablename,col_len,col_precision,col_scale,description,kind,lt,lu,primarykey,sql_declaration,sql_type,system_type) VALUES ('sortcode','progettoactivitykind','4',null,null,null,'S',{ts '2020-06-18 12:20:47.130'},'assistenza','N','int','int','System.Int32')
GO

IF exists(SELECT * FROM [coldescr] WHERE colname = 'title' AND tablename = 'progettoactivitykind')
UPDATE [coldescr] SET col_len = '2048',col_precision = null,col_scale = null,description = null,kind = 'S',lt = {ts '2020-06-18 12:20:47.130'},lu = 'assistenza',primarykey = 'N',sql_declaration = 'nvarchar(2048)',sql_type = 'nvarchar',system_type = 'System.String' WHERE colname = 'title' AND tablename = 'progettoactivitykind'
ELSE
INSERT INTO [coldescr] (colname,tablename,col_len,col_precision,col_scale,description,kind,lt,lu,primarykey,sql_declaration,sql_type,system_type) VALUES ('title','progettoactivitykind','2048',null,null,null,'S',{ts '2020-06-18 12:20:47.130'},'assistenza','N','nvarchar(2048)','nvarchar','System.String')
GO

-- FINE GENERAZIONE SCRIPT --


-- GENERAZIONE DATI PER tabledescr --
IF exists(SELECT * FROM [tabledescr] WHERE tablename = 'progettoasset')
UPDATE [tabledescr] SET description = 'Beni strumentali in uso nel progetto o attività',idapplication = '3',isdbo = 'N',lt = {ts '2021-02-19 16:39:09.433'},lu = 'assistenza',title = 'Beni strumentali in uso nel progetto o attività' WHERE tablename = 'progettoasset'
ELSE
INSERT INTO [tabledescr] (tablename,description,idapplication,isdbo,lt,lu,title) VALUES ('progettoasset','Beni strumentali in uso nel progetto o attività','3','N',{ts '2021-02-19 16:39:09.433'},'assistenza','Beni strumentali in uso nel progetto o attività')
GO

-- FINE GENERAZIONE SCRIPT --


-- GENERAZIONE DATI PER coldescr --
IF exists(SELECT * FROM [coldescr] WHERE colname = 'aggiunta' AND tablename = 'progettoasset')
UPDATE [coldescr] SET col_len = '1',col_precision = null,col_scale = null,description = 'Costo orario aggiuntivo o sostitutivo al costo di ammortamento',kind = 'S',lt = {ts '2020-11-17 13:02:52.377'},lu = 'assistenza',primarykey = 'N',sql_declaration = 'char(1)',sql_type = 'char',system_type = 'System.String' WHERE colname = 'aggiunta' AND tablename = 'progettoasset'
ELSE
INSERT INTO [coldescr] (colname,tablename,col_len,col_precision,col_scale,description,kind,lt,lu,primarykey,sql_declaration,sql_type,system_type) VALUES ('aggiunta','progettoasset','1',null,null,'Costo orario aggiuntivo o sostitutivo al costo di ammortamento','S',{ts '2020-11-17 13:02:52.377'},'assistenza','N','char(1)','char','System.String')
GO

IF exists(SELECT * FROM [coldescr] WHERE colname = 'costoorario' AND tablename = 'progettoasset')
UPDATE [coldescr] SET col_len = '9',col_precision = '10',col_scale = '2',description = 'Costo orario',kind = 'S',lt = {ts '2020-11-17 13:02:52.383'},lu = 'assistenza',primarykey = 'N',sql_declaration = 'decimal(10,2)',sql_type = 'decimal',system_type = 'System.Decimal' WHERE colname = 'costoorario' AND tablename = 'progettoasset'
ELSE
INSERT INTO [coldescr] (colname,tablename,col_len,col_precision,col_scale,description,kind,lt,lu,primarykey,sql_declaration,sql_type,system_type) VALUES ('costoorario','progettoasset','9','10','2','Costo orario','S',{ts '2020-11-17 13:02:52.383'},'assistenza','N','decimal(10,2)','decimal','System.Decimal')
GO

IF exists(SELECT * FROM [coldescr] WHERE colname = 'ct' AND tablename = 'progettoasset')
UPDATE [coldescr] SET col_len = '8',col_precision = null,col_scale = null,description = null,kind = 'S',lt = {ts '2020-06-18 12:52:48.613'},lu = 'assistenza',primarykey = 'N',sql_declaration = 'datetime',sql_type = 'datetime',system_type = 'System.DateTime' WHERE colname = 'ct' AND tablename = 'progettoasset'
ELSE
INSERT INTO [coldescr] (colname,tablename,col_len,col_precision,col_scale,description,kind,lt,lu,primarykey,sql_declaration,sql_type,system_type) VALUES ('ct','progettoasset','8',null,null,null,'S',{ts '2020-06-18 12:52:48.613'},'assistenza','N','datetime','datetime','System.DateTime')
GO

IF exists(SELECT * FROM [coldescr] WHERE colname = 'cu' AND tablename = 'progettoasset')
UPDATE [coldescr] SET col_len = '64',col_precision = null,col_scale = null,description = null,kind = 'S',lt = {ts '2020-06-18 12:52:48.613'},lu = 'assistenza',primarykey = 'N',sql_declaration = 'varchar(64)',sql_type = 'varchar',system_type = 'System.String' WHERE colname = 'cu' AND tablename = 'progettoasset'
ELSE
INSERT INTO [coldescr] (colname,tablename,col_len,col_precision,col_scale,description,kind,lt,lu,primarykey,sql_declaration,sql_type,system_type) VALUES ('cu','progettoasset','64',null,null,null,'S',{ts '2020-06-18 12:52:48.613'},'assistenza','N','varchar(64)','varchar','System.String')
GO

IF exists(SELECT * FROM [coldescr] WHERE colname = 'idasset' AND tablename = 'progettoasset')
UPDATE [coldescr] SET col_len = '4',col_precision = null,col_scale = null,description = 'Bene',kind = 'S',lt = {ts '2020-06-18 13:03:11.497'},lu = 'assistenza',primarykey = 'S',sql_declaration = 'int',sql_type = 'int',system_type = 'System.Int32' WHERE colname = 'idasset' AND tablename = 'progettoasset'
ELSE
INSERT INTO [coldescr] (colname,tablename,col_len,col_precision,col_scale,description,kind,lt,lu,primarykey,sql_declaration,sql_type,system_type) VALUES ('idasset','progettoasset','4',null,null,'Bene','S',{ts '2020-06-18 13:03:11.497'},'assistenza','S','int','int','System.Int32')
GO

IF exists(SELECT * FROM [coldescr] WHERE colname = 'idpiece' AND tablename = 'progettoasset')
UPDATE [coldescr] SET col_len = '4',col_precision = null,col_scale = null,description = 'Parte',kind = 'S',lt = {ts '2020-06-18 13:03:11.497'},lu = 'assistenza',primarykey = 'S',sql_declaration = 'int',sql_type = 'int',system_type = 'System.Int32' WHERE colname = 'idpiece' AND tablename = 'progettoasset'
ELSE
INSERT INTO [coldescr] (colname,tablename,col_len,col_precision,col_scale,description,kind,lt,lu,primarykey,sql_declaration,sql_type,system_type) VALUES ('idpiece','progettoasset','4',null,null,'Parte','S',{ts '2020-06-18 13:03:11.497'},'assistenza','S','int','int','System.Int32')
GO

IF exists(SELECT * FROM [coldescr] WHERE colname = 'idprogetto' AND tablename = 'progettoasset')
UPDATE [coldescr] SET col_len = '4',col_precision = null,col_scale = null,description = 'Progetto',kind = 'S',lt = {ts '2020-06-18 13:03:11.497'},lu = 'assistenza',primarykey = 'S',sql_declaration = 'int',sql_type = 'int',system_type = 'System.Int32' WHERE colname = 'idprogetto' AND tablename = 'progettoasset'
ELSE
INSERT INTO [coldescr] (colname,tablename,col_len,col_precision,col_scale,description,kind,lt,lu,primarykey,sql_declaration,sql_type,system_type) VALUES ('idprogetto','progettoasset','4',null,null,'Progetto','S',{ts '2020-06-18 13:03:11.497'},'assistenza','S','int','int','System.Int32')
GO

IF exists(SELECT * FROM [coldescr] WHERE colname = 'lt' AND tablename = 'progettoasset')
UPDATE [coldescr] SET col_len = '8',col_precision = null,col_scale = null,description = null,kind = 'S',lt = {ts '2020-06-18 12:52:48.617'},lu = 'assistenza',primarykey = 'N',sql_declaration = 'datetime',sql_type = 'datetime',system_type = 'System.DateTime' WHERE colname = 'lt' AND tablename = 'progettoasset'
ELSE
INSERT INTO [coldescr] (colname,tablename,col_len,col_precision,col_scale,description,kind,lt,lu,primarykey,sql_declaration,sql_type,system_type) VALUES ('lt','progettoasset','8',null,null,null,'S',{ts '2020-06-18 12:52:48.617'},'assistenza','N','datetime','datetime','System.DateTime')
GO

IF exists(SELECT * FROM [coldescr] WHERE colname = 'lu' AND tablename = 'progettoasset')
UPDATE [coldescr] SET col_len = '64',col_precision = null,col_scale = null,description = null,kind = 'S',lt = {ts '2020-06-18 12:52:48.617'},lu = 'assistenza',primarykey = 'N',sql_declaration = 'varchar(64)',sql_type = 'varchar',system_type = 'System.String' WHERE colname = 'lu' AND tablename = 'progettoasset'
ELSE
INSERT INTO [coldescr] (colname,tablename,col_len,col_precision,col_scale,description,kind,lt,lu,primarykey,sql_declaration,sql_type,system_type) VALUES ('lu','progettoasset','64',null,null,null,'S',{ts '2020-06-18 12:52:48.617'},'assistenza','N','varchar(64)','varchar','System.String')
GO

-- FINE GENERAZIONE SCRIPT --


-- GENERAZIONE DATI PER tabledescr --
IF exists(SELECT * FROM [tabledescr] WHERE tablename = 'progettoattach')
UPDATE [tabledescr] SET description = 'Allegati al progetto',idapplication = '3',isdbo = 'N',lt = {ts '2021-02-19 17:05:12.733'},lu = 'assistenza',title = 'Allegati' WHERE tablename = 'progettoattach'
ELSE
INSERT INTO [tabledescr] (tablename,description,idapplication,isdbo,lt,lu,title) VALUES ('progettoattach','Allegati al progetto','3','N',{ts '2021-02-19 17:05:12.733'},'assistenza','Allegati')
GO

-- FINE GENERAZIONE SCRIPT --


-- GENERAZIONE DATI PER coldescr --
IF exists(SELECT * FROM [coldescr] WHERE colname = 'ct' AND tablename = 'progettoattach')
UPDATE [coldescr] SET col_len = '8',col_precision = null,col_scale = null,description = null,kind = 'S',lt = {ts '2020-06-05 15:49:02.623'},lu = 'assistenza',primarykey = 'N',sql_declaration = 'datetime',sql_type = 'datetime',system_type = 'System.DateTime' WHERE colname = 'ct' AND tablename = 'progettoattach'
ELSE
INSERT INTO [coldescr] (colname,tablename,col_len,col_precision,col_scale,description,kind,lt,lu,primarykey,sql_declaration,sql_type,system_type) VALUES ('ct','progettoattach','8',null,null,null,'S',{ts '2020-06-05 15:49:02.623'},'assistenza','N','datetime','datetime','System.DateTime')
GO

IF exists(SELECT * FROM [coldescr] WHERE colname = 'cu' AND tablename = 'progettoattach')
UPDATE [coldescr] SET col_len = '64',col_precision = null,col_scale = null,description = null,kind = 'S',lt = {ts '2020-06-05 15:49:02.623'},lu = 'assistenza',primarykey = 'N',sql_declaration = 'varchar(64)',sql_type = 'varchar',system_type = 'System.String' WHERE colname = 'cu' AND tablename = 'progettoattach'
ELSE
INSERT INTO [coldescr] (colname,tablename,col_len,col_precision,col_scale,description,kind,lt,lu,primarykey,sql_declaration,sql_type,system_type) VALUES ('cu','progettoattach','64',null,null,null,'S',{ts '2020-06-05 15:49:02.623'},'assistenza','N','varchar(64)','varchar','System.String')
GO

IF exists(SELECT * FROM [coldescr] WHERE colname = 'idattach' AND tablename = 'progettoattach')
UPDATE [coldescr] SET col_len = '4',col_precision = null,col_scale = null,description = 'Allegato',kind = 'S',lt = {ts '2020-06-05 15:49:12.797'},lu = 'assistenza',primarykey = 'S',sql_declaration = 'int',sql_type = 'int',system_type = 'System.Int32' WHERE colname = 'idattach' AND tablename = 'progettoattach'
ELSE
INSERT INTO [coldescr] (colname,tablename,col_len,col_precision,col_scale,description,kind,lt,lu,primarykey,sql_declaration,sql_type,system_type) VALUES ('idattach','progettoattach','4',null,null,'Allegato','S',{ts '2020-06-05 15:49:12.797'},'assistenza','S','int','int','System.Int32')
GO

IF exists(SELECT * FROM [coldescr] WHERE colname = 'idprogetto' AND tablename = 'progettoattach')
UPDATE [coldescr] SET col_len = '4',col_precision = null,col_scale = null,description = null,kind = 'S',lt = {ts '2020-06-05 15:49:02.623'},lu = 'assistenza',primarykey = 'S',sql_declaration = 'int',sql_type = 'int',system_type = 'System.Int32' WHERE colname = 'idprogetto' AND tablename = 'progettoattach'
ELSE
INSERT INTO [coldescr] (colname,tablename,col_len,col_precision,col_scale,description,kind,lt,lu,primarykey,sql_declaration,sql_type,system_type) VALUES ('idprogetto','progettoattach','4',null,null,null,'S',{ts '2020-06-05 15:49:02.623'},'assistenza','S','int','int','System.Int32')
GO

IF exists(SELECT * FROM [coldescr] WHERE colname = 'lt' AND tablename = 'progettoattach')
UPDATE [coldescr] SET col_len = '8',col_precision = null,col_scale = null,description = null,kind = 'S',lt = {ts '2020-06-05 15:49:02.623'},lu = 'assistenza',primarykey = 'N',sql_declaration = 'datetime',sql_type = 'datetime',system_type = 'System.DateTime' WHERE colname = 'lt' AND tablename = 'progettoattach'
ELSE
INSERT INTO [coldescr] (colname,tablename,col_len,col_precision,col_scale,description,kind,lt,lu,primarykey,sql_declaration,sql_type,system_type) VALUES ('lt','progettoattach','8',null,null,null,'S',{ts '2020-06-05 15:49:02.623'},'assistenza','N','datetime','datetime','System.DateTime')
GO

IF exists(SELECT * FROM [coldescr] WHERE colname = 'lu' AND tablename = 'progettoattach')
UPDATE [coldescr] SET col_len = '64',col_precision = null,col_scale = null,description = null,kind = 'S',lt = {ts '2020-06-05 15:49:02.623'},lu = 'assistenza',primarykey = 'N',sql_declaration = 'varchar(64)',sql_type = 'varchar',system_type = 'System.String' WHERE colname = 'lu' AND tablename = 'progettoattach'
ELSE
INSERT INTO [coldescr] (colname,tablename,col_len,col_precision,col_scale,description,kind,lt,lu,primarykey,sql_declaration,sql_type,system_type) VALUES ('lu','progettoattach','64',null,null,null,'S',{ts '2020-06-05 15:49:02.623'},'assistenza','N','varchar(64)','varchar','System.String')
GO

IF exists(SELECT * FROM [coldescr] WHERE colname = 'title' AND tablename = 'progettoattach')
UPDATE [coldescr] SET col_len = '2048',col_precision = null,col_scale = null,description = 'Titolo',kind = 'S',lt = {ts '2020-06-12 18:36:50.033'},lu = 'assistenza',primarykey = 'N',sql_declaration = 'nvarchar(2048)',sql_type = 'nvarchar',system_type = 'System.String' WHERE colname = 'title' AND tablename = 'progettoattach'
ELSE
INSERT INTO [coldescr] (colname,tablename,col_len,col_precision,col_scale,description,kind,lt,lu,primarykey,sql_declaration,sql_type,system_type) VALUES ('title','progettoattach','2048',null,null,'Titolo','S',{ts '2020-06-12 18:36:50.033'},'assistenza','N','nvarchar(2048)','nvarchar','System.String')
GO

-- FINE GENERAZIONE SCRIPT --


-- GENERAZIONE DATI PER tabledescr --
IF exists(SELECT * FROM [tabledescr] WHERE tablename = 'progettoattachkind')
UPDATE [tabledescr] SET description = 'Allegati necessari nel 2.7.10 modello dei progetti',idapplication = '3',isdbo = 'S',lt = {ts '2021-02-19 17:20:34.470'},lu = 'assistenza',title = 'Allegati necessari' WHERE tablename = 'progettoattachkind'
ELSE
INSERT INTO [tabledescr] (tablename,description,idapplication,isdbo,lt,lu,title) VALUES ('progettoattachkind','Allegati necessari nel 2.7.10 modello dei progetti','3','S',{ts '2021-02-19 17:20:34.470'},'assistenza','Allegati necessari')
GO

-- FINE GENERAZIONE SCRIPT --


-- GENERAZIONE DATI PER coldescr --
IF exists(SELECT * FROM [coldescr] WHERE colname = 'ct' AND tablename = 'progettoattachkind')
UPDATE [coldescr] SET col_len = '8',col_precision = null,col_scale = null,description = null,kind = 'S',lt = {ts '2020-06-12 15:45:32.177'},lu = 'assistenza',primarykey = 'N',sql_declaration = 'datetime',sql_type = 'datetime',system_type = 'System.DateTime' WHERE colname = 'ct' AND tablename = 'progettoattachkind'
ELSE
INSERT INTO [coldescr] (colname,tablename,col_len,col_precision,col_scale,description,kind,lt,lu,primarykey,sql_declaration,sql_type,system_type) VALUES ('ct','progettoattachkind','8',null,null,null,'S',{ts '2020-06-12 15:45:32.177'},'assistenza','N','datetime','datetime','System.DateTime')
GO

IF exists(SELECT * FROM [coldescr] WHERE colname = 'cu' AND tablename = 'progettoattachkind')
UPDATE [coldescr] SET col_len = '64',col_precision = null,col_scale = null,description = null,kind = 'S',lt = {ts '2020-06-12 15:45:32.177'},lu = 'assistenza',primarykey = 'N',sql_declaration = 'varchar(64)',sql_type = 'varchar',system_type = 'System.String' WHERE colname = 'cu' AND tablename = 'progettoattachkind'
ELSE
INSERT INTO [coldescr] (colname,tablename,col_len,col_precision,col_scale,description,kind,lt,lu,primarykey,sql_declaration,sql_type,system_type) VALUES ('cu','progettoattachkind','64',null,null,null,'S',{ts '2020-06-12 15:45:32.177'},'assistenza','N','varchar(64)','varchar','System.String')
GO

IF exists(SELECT * FROM [coldescr] WHERE colname = 'idattach_template' AND tablename = 'progettoattachkind')
UPDATE [coldescr] SET col_len = '4',col_precision = null,col_scale = null,description = 'Modello dell''allegato',kind = 'S',lt = {ts '2021-02-02 10:10:19.980'},lu = 'assistenza',primarykey = 'N',sql_declaration = 'int',sql_type = 'int',system_type = 'System.Int32' WHERE colname = 'idattach_template' AND tablename = 'progettoattachkind'
ELSE
INSERT INTO [coldescr] (colname,tablename,col_len,col_precision,col_scale,description,kind,lt,lu,primarykey,sql_declaration,sql_type,system_type) VALUES ('idattach_template','progettoattachkind','4',null,null,'Modello dell''allegato','S',{ts '2021-02-02 10:10:19.980'},'assistenza','N','int','int','System.Int32')
GO

IF exists(SELECT * FROM [coldescr] WHERE colname = 'idprogettoattachkind' AND tablename = 'progettoattachkind')
UPDATE [coldescr] SET col_len = '4',col_precision = null,col_scale = null,description = null,kind = 'S',lt = {ts '2020-06-12 15:45:32.177'},lu = 'assistenza',primarykey = 'S',sql_declaration = 'int',sql_type = 'int',system_type = 'System.Int32' WHERE colname = 'idprogettoattachkind' AND tablename = 'progettoattachkind'
ELSE
INSERT INTO [coldescr] (colname,tablename,col_len,col_precision,col_scale,description,kind,lt,lu,primarykey,sql_declaration,sql_type,system_type) VALUES ('idprogettoattachkind','progettoattachkind','4',null,null,null,'S',{ts '2020-06-12 15:45:32.177'},'assistenza','S','int','int','System.Int32')
GO

IF exists(SELECT * FROM [coldescr] WHERE colname = 'idprogettokind' AND tablename = 'progettoattachkind')
UPDATE [coldescr] SET col_len = '4',col_precision = null,col_scale = null,description = 'Modello di attività o progetto',kind = 'S',lt = {ts '2020-06-12 15:46:03.017'},lu = 'assistenza',primarykey = 'S',sql_declaration = 'int',sql_type = 'int',system_type = 'System.Int32' WHERE colname = 'idprogettokind' AND tablename = 'progettoattachkind'
ELSE
INSERT INTO [coldescr] (colname,tablename,col_len,col_precision,col_scale,description,kind,lt,lu,primarykey,sql_declaration,sql_type,system_type) VALUES ('idprogettokind','progettoattachkind','4',null,null,'Modello di attività o progetto','S',{ts '2020-06-12 15:46:03.017'},'assistenza','S','int','int','System.Int32')
GO

IF exists(SELECT * FROM [coldescr] WHERE colname = 'linktemplate' AND tablename = 'progettoattachkind')
UPDATE [coldescr] SET col_len = '1024',col_precision = null,col_scale = null,description = 'Link al modello dell''allegato',kind = 'S',lt = {ts '2021-02-02 10:10:19.987'},lu = 'assistenza',primarykey = 'N',sql_declaration = 'nvarchar(1024)',sql_type = 'nvarchar',system_type = 'System.String' WHERE colname = 'linktemplate' AND tablename = 'progettoattachkind'
ELSE
INSERT INTO [coldescr] (colname,tablename,col_len,col_precision,col_scale,description,kind,lt,lu,primarykey,sql_declaration,sql_type,system_type) VALUES ('linktemplate','progettoattachkind','1024',null,null,'Link al modello dell''allegato','S',{ts '2021-02-02 10:10:19.987'},'assistenza','N','nvarchar(1024)','nvarchar','System.String')
GO

IF exists(SELECT * FROM [coldescr] WHERE colname = 'lt' AND tablename = 'progettoattachkind')
UPDATE [coldescr] SET col_len = '8',col_precision = null,col_scale = null,description = null,kind = 'S',lt = {ts '2020-06-12 15:45:32.180'},lu = 'assistenza',primarykey = 'N',sql_declaration = 'datetime',sql_type = 'datetime',system_type = 'System.DateTime' WHERE colname = 'lt' AND tablename = 'progettoattachkind'
ELSE
INSERT INTO [coldescr] (colname,tablename,col_len,col_precision,col_scale,description,kind,lt,lu,primarykey,sql_declaration,sql_type,system_type) VALUES ('lt','progettoattachkind','8',null,null,null,'S',{ts '2020-06-12 15:45:32.180'},'assistenza','N','datetime','datetime','System.DateTime')
GO

IF exists(SELECT * FROM [coldescr] WHERE colname = 'lu' AND tablename = 'progettoattachkind')
UPDATE [coldescr] SET col_len = '64',col_precision = null,col_scale = null,description = null,kind = 'S',lt = {ts '2020-06-12 15:45:32.180'},lu = 'assistenza',primarykey = 'N',sql_declaration = 'varchar(64)',sql_type = 'varchar',system_type = 'System.String' WHERE colname = 'lu' AND tablename = 'progettoattachkind'
ELSE
INSERT INTO [coldescr] (colname,tablename,col_len,col_precision,col_scale,description,kind,lt,lu,primarykey,sql_declaration,sql_type,system_type) VALUES ('lu','progettoattachkind','64',null,null,null,'S',{ts '2020-06-12 15:45:32.180'},'assistenza','N','varchar(64)','varchar','System.String')
GO

IF exists(SELECT * FROM [coldescr] WHERE colname = 'title' AND tablename = 'progettoattachkind')
UPDATE [coldescr] SET col_len = '2048',col_precision = null,col_scale = null,description = 'Denominazione',kind = 'S',lt = {ts '2020-06-12 15:46:03.017'},lu = 'assistenza',primarykey = 'N',sql_declaration = 'nvarchar(2048)',sql_type = 'nvarchar',system_type = 'System.String' WHERE colname = 'title' AND tablename = 'progettoattachkind'
ELSE
INSERT INTO [coldescr] (colname,tablename,col_len,col_precision,col_scale,description,kind,lt,lu,primarykey,sql_declaration,sql_type,system_type) VALUES ('title','progettoattachkind','2048',null,null,'Denominazione','S',{ts '2020-06-12 15:46:03.017'},'assistenza','N','nvarchar(2048)','nvarchar','System.String')
GO

-- FINE GENERAZIONE SCRIPT --


-- GENERAZIONE DATI PER tabledescr --
IF exists(SELECT * FROM [tabledescr] WHERE tablename = 'progettoattachkindprogettostatuskind')
UPDATE [tabledescr] SET description = 'Stati in cui l''allegato è obbligatorio',idapplication = '3',isdbo = 'S',lt = {ts '2021-02-19 17:21:33.010'},lu = 'assistenza',title = 'Stati in cui l''allegato è obbligatorio' WHERE tablename = 'progettoattachkindprogettostatuskind'
ELSE
INSERT INTO [tabledescr] (tablename,description,idapplication,isdbo,lt,lu,title) VALUES ('progettoattachkindprogettostatuskind','Stati in cui l''allegato è obbligatorio','3','S',{ts '2021-02-19 17:21:33.010'},'assistenza','Stati in cui l''allegato è obbligatorio')
GO

-- FINE GENERAZIONE SCRIPT --


-- GENERAZIONE DATI PER coldescr --
IF exists(SELECT * FROM [coldescr] WHERE colname = 'ct' AND tablename = 'progettoattachkindprogettostatuskind')
UPDATE [coldescr] SET col_len = '8',col_precision = null,col_scale = null,description = null,kind = 'S',lt = {ts '2020-11-12 16:17:12.303'},lu = 'assistenza',primarykey = 'N',sql_declaration = 'datetime',sql_type = 'datetime',system_type = 'System.DateTime' WHERE colname = 'ct' AND tablename = 'progettoattachkindprogettostatuskind'
ELSE
INSERT INTO [coldescr] (colname,tablename,col_len,col_precision,col_scale,description,kind,lt,lu,primarykey,sql_declaration,sql_type,system_type) VALUES ('ct','progettoattachkindprogettostatuskind','8',null,null,null,'S',{ts '2020-11-12 16:17:12.303'},'assistenza','N','datetime','datetime','System.DateTime')
GO

IF exists(SELECT * FROM [coldescr] WHERE colname = 'cu' AND tablename = 'progettoattachkindprogettostatuskind')
UPDATE [coldescr] SET col_len = '60',col_precision = null,col_scale = null,description = null,kind = 'S',lt = {ts '2020-11-12 16:17:12.303'},lu = 'assistenza',primarykey = 'N',sql_declaration = 'varchar(60)',sql_type = 'varchar',system_type = 'System.String' WHERE colname = 'cu' AND tablename = 'progettoattachkindprogettostatuskind'
ELSE
INSERT INTO [coldescr] (colname,tablename,col_len,col_precision,col_scale,description,kind,lt,lu,primarykey,sql_declaration,sql_type,system_type) VALUES ('cu','progettoattachkindprogettostatuskind','60',null,null,null,'S',{ts '2020-11-12 16:17:12.303'},'assistenza','N','varchar(60)','varchar','System.String')
GO

IF exists(SELECT * FROM [coldescr] WHERE colname = 'idprogettoattachkind' AND tablename = 'progettoattachkindprogettostatuskind')
UPDATE [coldescr] SET col_len = '4',col_precision = null,col_scale = null,description = null,kind = 'S',lt = {ts '2020-11-12 16:17:12.303'},lu = 'assistenza',primarykey = 'S',sql_declaration = 'int',sql_type = 'int',system_type = 'System.Int32' WHERE colname = 'idprogettoattachkind' AND tablename = 'progettoattachkindprogettostatuskind'
ELSE
INSERT INTO [coldescr] (colname,tablename,col_len,col_precision,col_scale,description,kind,lt,lu,primarykey,sql_declaration,sql_type,system_type) VALUES ('idprogettoattachkind','progettoattachkindprogettostatuskind','4',null,null,null,'S',{ts '2020-11-12 16:17:12.303'},'assistenza','S','int','int','System.Int32')
GO

IF exists(SELECT * FROM [coldescr] WHERE colname = 'idprogettostatuskind' AND tablename = 'progettoattachkindprogettostatuskind')
UPDATE [coldescr] SET col_len = '4',col_precision = null,col_scale = null,description = 'Stato',kind = 'S',lt = {ts '2020-11-12 16:17:38.733'},lu = 'assistenza',primarykey = 'S',sql_declaration = 'int',sql_type = 'int',system_type = 'System.Int32' WHERE colname = 'idprogettostatuskind' AND tablename = 'progettoattachkindprogettostatuskind'
ELSE
INSERT INTO [coldescr] (colname,tablename,col_len,col_precision,col_scale,description,kind,lt,lu,primarykey,sql_declaration,sql_type,system_type) VALUES ('idprogettostatuskind','progettoattachkindprogettostatuskind','4',null,null,'Stato','S',{ts '2020-11-12 16:17:38.733'},'assistenza','S','int','int','System.Int32')
GO

IF exists(SELECT * FROM [coldescr] WHERE colname = 'lt' AND tablename = 'progettoattachkindprogettostatuskind')
UPDATE [coldescr] SET col_len = '8',col_precision = null,col_scale = null,description = null,kind = 'S',lt = {ts '2020-11-12 16:17:12.303'},lu = 'assistenza',primarykey = 'N',sql_declaration = 'datetime',sql_type = 'datetime',system_type = 'System.DateTime' WHERE colname = 'lt' AND tablename = 'progettoattachkindprogettostatuskind'
ELSE
INSERT INTO [coldescr] (colname,tablename,col_len,col_precision,col_scale,description,kind,lt,lu,primarykey,sql_declaration,sql_type,system_type) VALUES ('lt','progettoattachkindprogettostatuskind','8',null,null,null,'S',{ts '2020-11-12 16:17:12.303'},'assistenza','N','datetime','datetime','System.DateTime')
GO

IF exists(SELECT * FROM [coldescr] WHERE colname = 'lu' AND tablename = 'progettoattachkindprogettostatuskind')
UPDATE [coldescr] SET col_len = '60',col_precision = null,col_scale = null,description = null,kind = 'S',lt = {ts '2020-11-12 16:17:12.303'},lu = 'assistenza',primarykey = 'N',sql_declaration = 'varchar(60)',sql_type = 'varchar',system_type = 'System.String' WHERE colname = 'lu' AND tablename = 'progettoattachkindprogettostatuskind'
ELSE
INSERT INTO [coldescr] (colname,tablename,col_len,col_precision,col_scale,description,kind,lt,lu,primarykey,sql_declaration,sql_type,system_type) VALUES ('lu','progettoattachkindprogettostatuskind','60',null,null,null,'S',{ts '2020-11-12 16:17:12.303'},'assistenza','N','varchar(60)','varchar','System.String')
GO

-- FINE GENERAZIONE SCRIPT --


-- GENERAZIONE DATI PER tabledescr --
IF exists(SELECT * FROM [tabledescr] WHERE tablename = 'progettobudget')
UPDATE [tabledescr] SET description = 'Budget per le categorie di costo di un progetto ',idapplication = '3',isdbo = 'N',lt = {ts '2021-02-19 16:55:19.440'},lu = 'assistenza',title = 'Budget per le categorie di costo di un progetto ' WHERE tablename = 'progettobudget'
ELSE
INSERT INTO [tabledescr] (tablename,description,idapplication,isdbo,lt,lu,title) VALUES ('progettobudget','Budget per le categorie di costo di un progetto ','3','N',{ts '2021-02-19 16:55:19.440'},'assistenza','Budget per le categorie di costo di un progetto ')
GO

-- FINE GENERAZIONE SCRIPT --


-- GENERAZIONE DATI PER coldescr --
IF exists(SELECT * FROM [coldescr] WHERE colname = 'budget' AND tablename = 'progettobudget')
UPDATE [coldescr] SET col_len = '5',col_precision = '9',col_scale = '2',description = 'Budget iniziale',kind = 'S',lt = {ts '2020-12-09 16:32:07.130'},lu = 'assistenza',primarykey = 'N',sql_declaration = 'decimal(9,2)',sql_type = 'decimal',system_type = 'System.Decimal' WHERE colname = 'budget' AND tablename = 'progettobudget'
ELSE
INSERT INTO [coldescr] (colname,tablename,col_len,col_precision,col_scale,description,kind,lt,lu,primarykey,sql_declaration,sql_type,system_type) VALUES ('budget','progettobudget','5','9','2','Budget iniziale','S',{ts '2020-12-09 16:32:07.130'},'assistenza','N','decimal(9,2)','decimal','System.Decimal')
GO

IF exists(SELECT * FROM [coldescr] WHERE colname = 'ct' AND tablename = 'progettobudget')
UPDATE [coldescr] SET col_len = '8',col_precision = null,col_scale = null,description = null,kind = 'S',lt = {ts '2020-06-18 12:14:49.330'},lu = 'assistenza',primarykey = 'N',sql_declaration = 'datetime',sql_type = 'datetime',system_type = 'System.DateTime' WHERE colname = 'ct' AND tablename = 'progettobudget'
ELSE
INSERT INTO [coldescr] (colname,tablename,col_len,col_precision,col_scale,description,kind,lt,lu,primarykey,sql_declaration,sql_type,system_type) VALUES ('ct','progettobudget','8',null,null,null,'S',{ts '2020-06-18 12:14:49.330'},'assistenza','N','datetime','datetime','System.DateTime')
GO

IF exists(SELECT * FROM [coldescr] WHERE colname = 'cu' AND tablename = 'progettobudget')
UPDATE [coldescr] SET col_len = '64',col_precision = null,col_scale = null,description = null,kind = 'S',lt = {ts '2020-06-18 12:14:49.330'},lu = 'assistenza',primarykey = 'N',sql_declaration = 'varchar(64)',sql_type = 'varchar',system_type = 'System.String' WHERE colname = 'cu' AND tablename = 'progettobudget'
ELSE
INSERT INTO [coldescr] (colname,tablename,col_len,col_precision,col_scale,description,kind,lt,lu,primarykey,sql_declaration,sql_type,system_type) VALUES ('cu','progettobudget','64',null,null,null,'S',{ts '2020-06-18 12:14:49.330'},'assistenza','N','varchar(64)','varchar','System.String')
GO

IF exists(SELECT * FROM [coldescr] WHERE colname = 'idprogetto' AND tablename = 'progettobudget')
UPDATE [coldescr] SET col_len = '4',col_precision = null,col_scale = null,description = null,kind = 'S',lt = {ts '2020-06-18 12:14:49.330'},lu = 'assistenza',primarykey = 'S',sql_declaration = 'int',sql_type = 'int',system_type = 'System.Int32' WHERE colname = 'idprogetto' AND tablename = 'progettobudget'
ELSE
INSERT INTO [coldescr] (colname,tablename,col_len,col_precision,col_scale,description,kind,lt,lu,primarykey,sql_declaration,sql_type,system_type) VALUES ('idprogetto','progettobudget','4',null,null,null,'S',{ts '2020-06-18 12:14:49.330'},'assistenza','S','int','int','System.Int32')
GO

IF exists(SELECT * FROM [coldescr] WHERE colname = 'idprogettobudget' AND tablename = 'progettobudget')
UPDATE [coldescr] SET col_len = '4',col_precision = null,col_scale = null,description = null,kind = 'S',lt = {ts '2020-06-18 12:14:49.330'},lu = 'assistenza',primarykey = 'S',sql_declaration = 'int',sql_type = 'int',system_type = 'System.Int32' WHERE colname = 'idprogettobudget' AND tablename = 'progettobudget'
ELSE
INSERT INTO [coldescr] (colname,tablename,col_len,col_precision,col_scale,description,kind,lt,lu,primarykey,sql_declaration,sql_type,system_type) VALUES ('idprogettobudget','progettobudget','4',null,null,null,'S',{ts '2020-06-18 12:14:49.330'},'assistenza','S','int','int','System.Int32')
GO

IF exists(SELECT * FROM [coldescr] WHERE colname = 'idprogettotipocosto' AND tablename = 'progettobudget')
UPDATE [coldescr] SET col_len = '4',col_precision = null,col_scale = null,description = 'Voce di costo',kind = 'S',lt = {ts '2020-06-18 12:17:09.210'},lu = 'assistenza',primarykey = 'N',sql_declaration = 'int',sql_type = 'int',system_type = 'System.Int32' WHERE colname = 'idprogettotipocosto' AND tablename = 'progettobudget'
ELSE
INSERT INTO [coldescr] (colname,tablename,col_len,col_precision,col_scale,description,kind,lt,lu,primarykey,sql_declaration,sql_type,system_type) VALUES ('idprogettotipocosto','progettobudget','4',null,null,'Voce di costo','S',{ts '2020-06-18 12:17:09.210'},'assistenza','N','int','int','System.Int32')
GO

IF exists(SELECT * FROM [coldescr] WHERE colname = 'idworkpackage' AND tablename = 'progettobudget')
UPDATE [coldescr] SET col_len = '4',col_precision = null,col_scale = null,description = 'Workpackage',kind = 'S',lt = {ts '2020-06-18 12:17:09.210'},lu = 'assistenza',primarykey = 'N',sql_declaration = 'int',sql_type = 'int',system_type = 'System.Int32' WHERE colname = 'idworkpackage' AND tablename = 'progettobudget'
ELSE
INSERT INTO [coldescr] (colname,tablename,col_len,col_precision,col_scale,description,kind,lt,lu,primarykey,sql_declaration,sql_type,system_type) VALUES ('idworkpackage','progettobudget','4',null,null,'Workpackage','S',{ts '2020-06-18 12:17:09.210'},'assistenza','N','int','int','System.Int32')
GO

IF exists(SELECT * FROM [coldescr] WHERE colname = 'lt' AND tablename = 'progettobudget')
UPDATE [coldescr] SET col_len = '8',col_precision = null,col_scale = null,description = null,kind = 'S',lt = {ts '2020-06-18 12:14:49.330'},lu = 'assistenza',primarykey = 'N',sql_declaration = 'datetime',sql_type = 'datetime',system_type = 'System.DateTime' WHERE colname = 'lt' AND tablename = 'progettobudget'
ELSE
INSERT INTO [coldescr] (colname,tablename,col_len,col_precision,col_scale,description,kind,lt,lu,primarykey,sql_declaration,sql_type,system_type) VALUES ('lt','progettobudget','8',null,null,null,'S',{ts '2020-06-18 12:14:49.330'},'assistenza','N','datetime','datetime','System.DateTime')
GO

IF exists(SELECT * FROM [coldescr] WHERE colname = 'lu' AND tablename = 'progettobudget')
UPDATE [coldescr] SET col_len = '64',col_precision = null,col_scale = null,description = null,kind = 'S',lt = {ts '2020-06-18 12:14:49.330'},lu = 'assistenza',primarykey = 'N',sql_declaration = 'varchar(64)',sql_type = 'varchar',system_type = 'System.String' WHERE colname = 'lu' AND tablename = 'progettobudget'
ELSE
INSERT INTO [coldescr] (colname,tablename,col_len,col_precision,col_scale,description,kind,lt,lu,primarykey,sql_declaration,sql_type,system_type) VALUES ('lu','progettobudget','64',null,null,null,'S',{ts '2020-06-18 12:14:49.330'},'assistenza','N','varchar(64)','varchar','System.String')
GO

IF exists(SELECT * FROM [coldescr] WHERE colname = 'sortcode' AND tablename = 'progettobudget')
UPDATE [coldescr] SET col_len = '4',col_precision = null,col_scale = null,description = 'Ordine di visualizzazione',kind = 'S',lt = {ts '2020-06-18 12:17:09.210'},lu = 'assistenza',primarykey = 'N',sql_declaration = 'int',sql_type = 'int',system_type = 'System.Int32' WHERE colname = 'sortcode' AND tablename = 'progettobudget'
ELSE
INSERT INTO [coldescr] (colname,tablename,col_len,col_precision,col_scale,description,kind,lt,lu,primarykey,sql_declaration,sql_type,system_type) VALUES ('sortcode','progettobudget','4',null,null,'Ordine di visualizzazione','S',{ts '2020-06-18 12:17:09.210'},'assistenza','N','int','int','System.Int32')
GO

-- FINE GENERAZIONE SCRIPT --


-- GENERAZIONE DATI PER tabledescr --
IF exists(SELECT * FROM [tabledescr] WHERE tablename = 'progettobudgetvariazione')
UPDATE [tabledescr] SET description = 'Variazioni di budget del progetto',idapplication = '3',isdbo = 'N',lt = {ts '2021-02-19 16:59:22.127'},lu = 'assistenza',title = 'Variazioni di budget' WHERE tablename = 'progettobudgetvariazione'
ELSE
INSERT INTO [tabledescr] (tablename,description,idapplication,isdbo,lt,lu,title) VALUES ('progettobudgetvariazione','Variazioni di budget del progetto','3','N',{ts '2021-02-19 16:59:22.127'},'assistenza','Variazioni di budget')
GO

-- FINE GENERAZIONE SCRIPT --


-- GENERAZIONE DATI PER coldescr --
IF exists(SELECT * FROM [coldescr] WHERE colname = 'ct' AND tablename = 'progettobudgetvariazione')
UPDATE [coldescr] SET col_len = '8',col_precision = null,col_scale = null,description = null,kind = 'S',lt = {ts '2020-11-30 10:50:07.963'},lu = 'assistenza',primarykey = 'N',sql_declaration = 'datetime',sql_type = 'datetime',system_type = 'System.DateTime' WHERE colname = 'ct' AND tablename = 'progettobudgetvariazione'
ELSE
INSERT INTO [coldescr] (colname,tablename,col_len,col_precision,col_scale,description,kind,lt,lu,primarykey,sql_declaration,sql_type,system_type) VALUES ('ct','progettobudgetvariazione','8',null,null,null,'S',{ts '2020-11-30 10:50:07.963'},'assistenza','N','datetime','datetime','System.DateTime')
GO

IF exists(SELECT * FROM [coldescr] WHERE colname = 'cu' AND tablename = 'progettobudgetvariazione')
UPDATE [coldescr] SET col_len = '60',col_precision = null,col_scale = null,description = null,kind = 'S',lt = {ts '2020-11-30 10:50:07.963'},lu = 'assistenza',primarykey = 'N',sql_declaration = 'varchar(60)',sql_type = 'varchar',system_type = 'System.String' WHERE colname = 'cu' AND tablename = 'progettobudgetvariazione'
ELSE
INSERT INTO [coldescr] (colname,tablename,col_len,col_precision,col_scale,description,kind,lt,lu,primarykey,sql_declaration,sql_type,system_type) VALUES ('cu','progettobudgetvariazione','60',null,null,null,'S',{ts '2020-11-30 10:50:07.963'},'assistenza','N','varchar(60)','varchar','System.String')
GO

IF exists(SELECT * FROM [coldescr] WHERE colname = 'idaccmotive' AND tablename = 'progettobudgetvariazione')
UPDATE [coldescr] SET col_len = '4',col_precision = null,col_scale = null,description = 'Causale economico patrimoniale',kind = 'S',lt = {ts '2020-11-30 10:54:15.167'},lu = 'assistenza',primarykey = 'N',sql_declaration = 'int',sql_type = 'int',system_type = 'System.Int32' WHERE colname = 'idaccmotive' AND tablename = 'progettobudgetvariazione'
ELSE
INSERT INTO [coldescr] (colname,tablename,col_len,col_precision,col_scale,description,kind,lt,lu,primarykey,sql_declaration,sql_type,system_type) VALUES ('idaccmotive','progettobudgetvariazione','4',null,null,'Causale economico patrimoniale','S',{ts '2020-11-30 10:54:15.167'},'assistenza','N','int','int','System.Int32')
GO

IF exists(SELECT * FROM [coldescr] WHERE colname = 'idprogetto' AND tablename = 'progettobudgetvariazione')
UPDATE [coldescr] SET col_len = '4',col_precision = null,col_scale = null,description = null,kind = 'S',lt = {ts '2020-11-30 10:50:07.963'},lu = 'assistenza',primarykey = 'N',sql_declaration = 'int',sql_type = 'int',system_type = 'System.Int32' WHERE colname = 'idprogetto' AND tablename = 'progettobudgetvariazione'
ELSE
INSERT INTO [coldescr] (colname,tablename,col_len,col_precision,col_scale,description,kind,lt,lu,primarykey,sql_declaration,sql_type,system_type) VALUES ('idprogetto','progettobudgetvariazione','4',null,null,null,'S',{ts '2020-11-30 10:50:07.963'},'assistenza','N','int','int','System.Int32')
GO

IF exists(SELECT * FROM [coldescr] WHERE colname = 'idprogettobudget' AND tablename = 'progettobudgetvariazione')
UPDATE [coldescr] SET col_len = '4',col_precision = null,col_scale = null,description = null,kind = 'S',lt = {ts '2020-11-30 10:50:07.963'},lu = 'assistenza',primarykey = 'N',sql_declaration = 'int',sql_type = 'int',system_type = 'System.Int32' WHERE colname = 'idprogettobudget' AND tablename = 'progettobudgetvariazione'
ELSE
INSERT INTO [coldescr] (colname,tablename,col_len,col_precision,col_scale,description,kind,lt,lu,primarykey,sql_declaration,sql_type,system_type) VALUES ('idprogettobudget','progettobudgetvariazione','4',null,null,null,'S',{ts '2020-11-30 10:50:07.963'},'assistenza','N','int','int','System.Int32')
GO

IF exists(SELECT * FROM [coldescr] WHERE colname = 'idprogettobudgetvariazione' AND tablename = 'progettobudgetvariazione')
UPDATE [coldescr] SET col_len = '4',col_precision = null,col_scale = null,description = null,kind = 'S',lt = {ts '2020-11-30 10:50:07.967'},lu = 'assistenza',primarykey = 'N',sql_declaration = 'int',sql_type = 'int',system_type = 'System.Int32' WHERE colname = 'idprogettobudgetvariazione' AND tablename = 'progettobudgetvariazione'
ELSE
INSERT INTO [coldescr] (colname,tablename,col_len,col_precision,col_scale,description,kind,lt,lu,primarykey,sql_declaration,sql_type,system_type) VALUES ('idprogettobudgetvariazione','progettobudgetvariazione','4',null,null,null,'S',{ts '2020-11-30 10:50:07.967'},'assistenza','N','int','int','System.Int32')
GO

IF exists(SELECT * FROM [coldescr] WHERE colname = 'idupb' AND tablename = 'progettobudgetvariazione')
UPDATE [coldescr] SET col_len = '4',col_precision = null,col_scale = null,description = 'Unità previsionale di base (UPB)',kind = 'S',lt = {ts '2020-11-30 10:54:15.167'},lu = 'assistenza',primarykey = 'N',sql_declaration = 'int',sql_type = 'int',system_type = 'System.Int32' WHERE colname = 'idupb' AND tablename = 'progettobudgetvariazione'
ELSE
INSERT INTO [coldescr] (colname,tablename,col_len,col_precision,col_scale,description,kind,lt,lu,primarykey,sql_declaration,sql_type,system_type) VALUES ('idupb','progettobudgetvariazione','4',null,null,'Unità previsionale di base (UPB)','S',{ts '2020-11-30 10:54:15.167'},'assistenza','N','int','int','System.Int32')
GO

IF exists(SELECT * FROM [coldescr] WHERE colname = 'lt' AND tablename = 'progettobudgetvariazione')
UPDATE [coldescr] SET col_len = '8',col_precision = null,col_scale = null,description = null,kind = 'S',lt = {ts '2020-11-30 10:50:07.967'},lu = 'assistenza',primarykey = 'N',sql_declaration = 'datetime',sql_type = 'datetime',system_type = 'System.DateTime' WHERE colname = 'lt' AND tablename = 'progettobudgetvariazione'
ELSE
INSERT INTO [coldescr] (colname,tablename,col_len,col_precision,col_scale,description,kind,lt,lu,primarykey,sql_declaration,sql_type,system_type) VALUES ('lt','progettobudgetvariazione','8',null,null,null,'S',{ts '2020-11-30 10:50:07.967'},'assistenza','N','datetime','datetime','System.DateTime')
GO

IF exists(SELECT * FROM [coldescr] WHERE colname = 'lu' AND tablename = 'progettobudgetvariazione')
UPDATE [coldescr] SET col_len = '60',col_precision = null,col_scale = null,description = null,kind = 'S',lt = {ts '2020-11-30 10:50:07.967'},lu = 'assistenza',primarykey = 'N',sql_declaration = 'varchar(60)',sql_type = 'varchar',system_type = 'System.String' WHERE colname = 'lu' AND tablename = 'progettobudgetvariazione'
ELSE
INSERT INTO [coldescr] (colname,tablename,col_len,col_precision,col_scale,description,kind,lt,lu,primarykey,sql_declaration,sql_type,system_type) VALUES ('lu','progettobudgetvariazione','60',null,null,null,'S',{ts '2020-11-30 10:50:07.967'},'assistenza','N','varchar(60)','varchar','System.String')
GO

IF exists(SELECT * FROM [coldescr] WHERE colname = 'newamount' AND tablename = 'progettobudgetvariazione')
UPDATE [coldescr] SET col_len = '9',col_precision = '16',col_scale = '2',description = 'Nuovo budget',kind = 'S',lt = {ts '2020-11-30 10:54:15.167'},lu = 'assistenza',primarykey = 'N',sql_declaration = 'decimal(16,2)',sql_type = 'decimal',system_type = 'System.Decimal' WHERE colname = 'newamount' AND tablename = 'progettobudgetvariazione'
ELSE
INSERT INTO [coldescr] (colname,tablename,col_len,col_precision,col_scale,description,kind,lt,lu,primarykey,sql_declaration,sql_type,system_type) VALUES ('newamount','progettobudgetvariazione','9','16','2','Nuovo budget','S',{ts '2020-11-30 10:54:15.167'},'assistenza','N','decimal(16,2)','decimal','System.Decimal')
GO

-- FINE GENERAZIONE SCRIPT --


-- GENERAZIONE DATI PER tabledescr --
IF exists(SELECT * FROM [tabledescr] WHERE tablename = 'progettocosto')
UPDATE [tabledescr] SET description = 'Costi per le categorie di costo di un progetto',idapplication = '3',isdbo = 'N',lt = {ts '2021-02-19 16:58:05.627'},lu = 'assistenza',title = 'Costi per le categorie di costo di un progetto' WHERE tablename = 'progettocosto'
ELSE
INSERT INTO [tabledescr] (tablename,description,idapplication,isdbo,lt,lu,title) VALUES ('progettocosto','Costi per le categorie di costo di un progetto','3','N',{ts '2021-02-19 16:58:05.627'},'assistenza','Costi per le categorie di costo di un progetto')
GO

-- FINE GENERAZIONE SCRIPT --


-- GENERAZIONE DATI PER coldescr --
IF exists(SELECT * FROM [coldescr] WHERE colname = 'amount' AND tablename = 'progettocosto')
UPDATE [coldescr] SET col_len = '5',col_precision = '9',col_scale = '2',description = 'Importo',kind = 'S',lt = {ts '2020-06-26 10:49:38.193'},lu = 'assistenza',primarykey = 'N',sql_declaration = 'decimal(9,2)',sql_type = 'decimal',system_type = 'System.Decimal' WHERE colname = 'amount' AND tablename = 'progettocosto'
ELSE
INSERT INTO [coldescr] (colname,tablename,col_len,col_precision,col_scale,description,kind,lt,lu,primarykey,sql_declaration,sql_type,system_type) VALUES ('amount','progettocosto','5','9','2','Importo','S',{ts '2020-06-26 10:49:38.193'},'assistenza','N','decimal(9,2)','decimal','System.Decimal')
GO

IF exists(SELECT * FROM [coldescr] WHERE colname = 'ct' AND tablename = 'progettocosto')
UPDATE [coldescr] SET col_len = '8',col_precision = null,col_scale = null,description = null,kind = 'S',lt = {ts '2020-06-18 12:18:33.523'},lu = 'assistenza',primarykey = 'N',sql_declaration = 'datetime',sql_type = 'datetime',system_type = 'System.DateTime' WHERE colname = 'ct' AND tablename = 'progettocosto'
ELSE
INSERT INTO [coldescr] (colname,tablename,col_len,col_precision,col_scale,description,kind,lt,lu,primarykey,sql_declaration,sql_type,system_type) VALUES ('ct','progettocosto','8',null,null,null,'S',{ts '2020-06-18 12:18:33.523'},'assistenza','N','datetime','datetime','System.DateTime')
GO

IF exists(SELECT * FROM [coldescr] WHERE colname = 'cu' AND tablename = 'progettocosto')
UPDATE [coldescr] SET col_len = '64',col_precision = null,col_scale = null,description = null,kind = 'S',lt = {ts '2020-06-18 12:18:33.523'},lu = 'assistenza',primarykey = 'N',sql_declaration = 'varchar(64)',sql_type = 'varchar',system_type = 'System.String' WHERE colname = 'cu' AND tablename = 'progettocosto'
ELSE
INSERT INTO [coldescr] (colname,tablename,col_len,col_precision,col_scale,description,kind,lt,lu,primarykey,sql_declaration,sql_type,system_type) VALUES ('cu','progettocosto','64',null,null,null,'S',{ts '2020-06-18 12:18:33.523'},'assistenza','N','varchar(64)','varchar','System.String')
GO

IF exists(SELECT * FROM [coldescr] WHERE colname = 'doc' AND tablename = 'progettocosto')
UPDATE [coldescr] SET col_len = '35',col_precision = null,col_scale = null,description = 'Documento collegato',kind = 'S',lt = {ts '2020-06-26 10:49:38.197'},lu = 'assistenza',primarykey = 'N',sql_declaration = 'varchar(35)',sql_type = 'varchar',system_type = 'System.String' WHERE colname = 'doc' AND tablename = 'progettocosto'
ELSE
INSERT INTO [coldescr] (colname,tablename,col_len,col_precision,col_scale,description,kind,lt,lu,primarykey,sql_declaration,sql_type,system_type) VALUES ('doc','progettocosto','35',null,null,'Documento collegato','S',{ts '2020-06-26 10:49:38.197'},'assistenza','N','varchar(35)','varchar','System.String')
GO

IF exists(SELECT * FROM [coldescr] WHERE colname = 'docdate' AND tablename = 'progettocosto')
UPDATE [coldescr] SET col_len = '3',col_precision = null,col_scale = null,description = 'Data del documento collegato',kind = 'S',lt = {ts '2020-06-26 10:49:38.197'},lu = 'assistenza',primarykey = 'N',sql_declaration = 'date',sql_type = 'date',system_type = 'System.DateTime' WHERE colname = 'docdate' AND tablename = 'progettocosto'
ELSE
INSERT INTO [coldescr] (colname,tablename,col_len,col_precision,col_scale,description,kind,lt,lu,primarykey,sql_declaration,sql_type,system_type) VALUES ('docdate','progettocosto','3',null,null,'Data del documento collegato','S',{ts '2020-06-26 10:49:38.197'},'assistenza','N','date','date','System.DateTime')
GO

IF exists(SELECT * FROM [coldescr] WHERE colname = 'idcontrattokind' AND tablename = 'progettocosto')
UPDATE [coldescr] SET col_len = '4',col_precision = null,col_scale = null,description = 'Tipo di contratto',kind = 'S',lt = {ts '2020-06-26 15:24:47.113'},lu = 'assistenza',primarykey = 'N',sql_declaration = 'int',sql_type = 'int',system_type = 'System.Int32' WHERE colname = 'idcontrattokind' AND tablename = 'progettocosto'
ELSE
INSERT INTO [coldescr] (colname,tablename,col_len,col_precision,col_scale,description,kind,lt,lu,primarykey,sql_declaration,sql_type,system_type) VALUES ('idcontrattokind','progettocosto','4',null,null,'Tipo di contratto','S',{ts '2020-06-26 15:24:47.113'},'assistenza','N','int','int','System.Int32')
GO

IF exists(SELECT * FROM [coldescr] WHERE colname = 'idexp' AND tablename = 'progettocosto')
UPDATE [coldescr] SET col_len = '4',col_precision = null,col_scale = null,description = 'Spesa',kind = 'S',lt = {ts '2020-06-26 10:49:38.197'},lu = 'assistenza',primarykey = 'N',sql_declaration = 'int',sql_type = 'int',system_type = 'System.Int32' WHERE colname = 'idexp' AND tablename = 'progettocosto'
ELSE
INSERT INTO [coldescr] (colname,tablename,col_len,col_precision,col_scale,description,kind,lt,lu,primarykey,sql_declaration,sql_type,system_type) VALUES ('idexp','progettocosto','4',null,null,'Spesa','S',{ts '2020-06-26 10:49:38.197'},'assistenza','N','int','int','System.Int32')
GO

IF exists(SELECT * FROM [coldescr] WHERE colname = 'idpettycash' AND tablename = 'progettocosto')
UPDATE [coldescr] SET col_len = '4',col_precision = null,col_scale = null,description = 'Fondo economale',kind = 'S',lt = {ts '2020-06-26 15:24:47.113'},lu = 'assistenza',primarykey = 'N',sql_declaration = 'int',sql_type = 'int',system_type = 'System.Int32' WHERE colname = 'idpettycash' AND tablename = 'progettocosto'
ELSE
INSERT INTO [coldescr] (colname,tablename,col_len,col_precision,col_scale,description,kind,lt,lu,primarykey,sql_declaration,sql_type,system_type) VALUES ('idpettycash','progettocosto','4',null,null,'Fondo economale','S',{ts '2020-06-26 15:24:47.113'},'assistenza','N','int','int','System.Int32')
GO

IF exists(SELECT * FROM [coldescr] WHERE colname = 'idprogetto' AND tablename = 'progettocosto')
UPDATE [coldescr] SET col_len = '4',col_precision = null,col_scale = null,description = 'Progetto',kind = 'S',lt = {ts '2020-06-26 10:49:38.197'},lu = 'assistenza',primarykey = 'S',sql_declaration = 'int',sql_type = 'int',system_type = 'System.Int32' WHERE colname = 'idprogetto' AND tablename = 'progettocosto'
ELSE
INSERT INTO [coldescr] (colname,tablename,col_len,col_precision,col_scale,description,kind,lt,lu,primarykey,sql_declaration,sql_type,system_type) VALUES ('idprogetto','progettocosto','4',null,null,'Progetto','S',{ts '2020-06-26 10:49:38.197'},'assistenza','S','int','int','System.Int32')
GO

IF exists(SELECT * FROM [coldescr] WHERE colname = 'idprogettocosto' AND tablename = 'progettocosto')
UPDATE [coldescr] SET col_len = '4',col_precision = null,col_scale = null,description = null,kind = 'S',lt = {ts '2020-06-18 12:18:33.523'},lu = 'assistenza',primarykey = 'S',sql_declaration = 'int',sql_type = 'int',system_type = 'System.Int32' WHERE colname = 'idprogettocosto' AND tablename = 'progettocosto'
ELSE
INSERT INTO [coldescr] (colname,tablename,col_len,col_precision,col_scale,description,kind,lt,lu,primarykey,sql_declaration,sql_type,system_type) VALUES ('idprogettocosto','progettocosto','4',null,null,null,'S',{ts '2020-06-18 12:18:33.523'},'assistenza','S','int','int','System.Int32')
GO

IF exists(SELECT * FROM [coldescr] WHERE colname = 'idprogettotipocosto' AND tablename = 'progettocosto')
UPDATE [coldescr] SET col_len = '4',col_precision = null,col_scale = null,description = 'Voce di costo',kind = 'S',lt = {ts '2020-06-18 12:19:18.350'},lu = 'assistenza',primarykey = 'N',sql_declaration = 'int',sql_type = 'int',system_type = 'System.Int32' WHERE colname = 'idprogettotipocosto' AND tablename = 'progettocosto'
ELSE
INSERT INTO [coldescr] (colname,tablename,col_len,col_precision,col_scale,description,kind,lt,lu,primarykey,sql_declaration,sql_type,system_type) VALUES ('idprogettotipocosto','progettocosto','4',null,null,'Voce di costo','S',{ts '2020-06-18 12:19:18.350'},'assistenza','N','int','int','System.Int32')
GO

IF exists(SELECT * FROM [coldescr] WHERE colname = 'idrelated' AND tablename = 'progettocosto')
UPDATE [coldescr] SET col_len = '50',col_precision = null,col_scale = null,description = 'Chiave economico patrimoniale',kind = 'S',lt = {ts '2020-06-26 10:49:38.197'},lu = 'assistenza',primarykey = 'N',sql_declaration = 'varchar(50)',sql_type = 'varchar',system_type = 'System.String' WHERE colname = 'idrelated' AND tablename = 'progettocosto'
ELSE
INSERT INTO [coldescr] (colname,tablename,col_len,col_precision,col_scale,description,kind,lt,lu,primarykey,sql_declaration,sql_type,system_type) VALUES ('idrelated','progettocosto','50',null,null,'Chiave economico patrimoniale','S',{ts '2020-06-26 10:49:38.197'},'assistenza','N','varchar(50)','varchar','System.String')
GO

IF exists(SELECT * FROM [coldescr] WHERE colname = 'idrendicontattivitaprogetto' AND tablename = 'progettocosto')
UPDATE [coldescr] SET col_len = '4',col_precision = null,col_scale = null,description = 'Attività svolta',kind = 'S',lt = {ts '2020-10-02 18:12:48.977'},lu = 'assistenza',primarykey = 'N',sql_declaration = 'int',sql_type = 'int',system_type = 'System.Int32' WHERE colname = 'idrendicontattivitaprogetto' AND tablename = 'progettocosto'
ELSE
INSERT INTO [coldescr] (colname,tablename,col_len,col_precision,col_scale,description,kind,lt,lu,primarykey,sql_declaration,sql_type,system_type) VALUES ('idrendicontattivitaprogetto','progettocosto','4',null,null,'Attività svolta','S',{ts '2020-10-02 18:12:48.977'},'assistenza','N','int','int','System.Int32')
GO

IF exists(SELECT * FROM [coldescr] WHERE colname = 'idsal' AND tablename = 'progettocosto')
UPDATE [coldescr] SET col_len = '4',col_precision = null,col_scale = null,description = 'Stato avanzamento lavori',kind = 'S',lt = {ts '2020-06-26 10:49:38.197'},lu = 'assistenza',primarykey = 'N',sql_declaration = 'int',sql_type = 'int',system_type = 'System.Int32' WHERE colname = 'idsal' AND tablename = 'progettocosto'
ELSE
INSERT INTO [coldescr] (colname,tablename,col_len,col_precision,col_scale,description,kind,lt,lu,primarykey,sql_declaration,sql_type,system_type) VALUES ('idsal','progettocosto','4',null,null,'Stato avanzamento lavori','S',{ts '2020-06-26 10:49:38.197'},'assistenza','N','int','int','System.Int32')
GO

IF exists(SELECT * FROM [coldescr] WHERE colname = 'idworkpackage' AND tablename = 'progettocosto')
UPDATE [coldescr] SET col_len = '4',col_precision = null,col_scale = null,description = 'Workpackage',kind = 'S',lt = {ts '2020-06-18 12:19:18.350'},lu = 'assistenza',primarykey = 'N',sql_declaration = 'int',sql_type = 'int',system_type = 'System.Int32' WHERE colname = 'idworkpackage' AND tablename = 'progettocosto'
ELSE
INSERT INTO [coldescr] (colname,tablename,col_len,col_precision,col_scale,description,kind,lt,lu,primarykey,sql_declaration,sql_type,system_type) VALUES ('idworkpackage','progettocosto','4',null,null,'Workpackage','S',{ts '2020-06-18 12:19:18.350'},'assistenza','N','int','int','System.Int32')
GO

IF exists(SELECT * FROM [coldescr] WHERE colname = 'lt' AND tablename = 'progettocosto')
UPDATE [coldescr] SET col_len = '8',col_precision = null,col_scale = null,description = null,kind = 'S',lt = {ts '2020-06-18 12:18:33.527'},lu = 'assistenza',primarykey = 'N',sql_declaration = 'datetime',sql_type = 'datetime',system_type = 'System.DateTime' WHERE colname = 'lt' AND tablename = 'progettocosto'
ELSE
INSERT INTO [coldescr] (colname,tablename,col_len,col_precision,col_scale,description,kind,lt,lu,primarykey,sql_declaration,sql_type,system_type) VALUES ('lt','progettocosto','8',null,null,null,'S',{ts '2020-06-18 12:18:33.527'},'assistenza','N','datetime','datetime','System.DateTime')
GO

IF exists(SELECT * FROM [coldescr] WHERE colname = 'lu' AND tablename = 'progettocosto')
UPDATE [coldescr] SET col_len = '64',col_precision = null,col_scale = null,description = null,kind = 'S',lt = {ts '2020-06-18 12:18:33.527'},lu = 'assistenza',primarykey = 'N',sql_declaration = 'varchar(64)',sql_type = 'varchar',system_type = 'System.String' WHERE colname = 'lu' AND tablename = 'progettocosto'
ELSE
INSERT INTO [coldescr] (colname,tablename,col_len,col_precision,col_scale,description,kind,lt,lu,primarykey,sql_declaration,sql_type,system_type) VALUES ('lu','progettocosto','64',null,null,null,'S',{ts '2020-06-18 12:18:33.527'},'assistenza','N','varchar(64)','varchar','System.String')
GO

IF exists(SELECT * FROM [coldescr] WHERE colname = 'noperation' AND tablename = 'progettocosto')
UPDATE [coldescr] SET col_len = '4',col_precision = null,col_scale = null,description = 'Numero operazione',kind = 'S',lt = {ts '2020-06-26 15:24:47.113'},lu = 'assistenza',primarykey = 'N',sql_declaration = 'int',sql_type = 'int',system_type = 'System.Int32' WHERE colname = 'noperation' AND tablename = 'progettocosto'
ELSE
INSERT INTO [coldescr] (colname,tablename,col_len,col_precision,col_scale,description,kind,lt,lu,primarykey,sql_declaration,sql_type,system_type) VALUES ('noperation','progettocosto','4',null,null,'Numero operazione','S',{ts '2020-06-26 15:24:47.113'},'assistenza','N','int','int','System.Int32')
GO

IF exists(SELECT * FROM [coldescr] WHERE colname = 'yoperation' AND tablename = 'progettocosto')
UPDATE [coldescr] SET col_len = '2',col_precision = null,col_scale = null,description = 'Esercizio operazione',kind = 'S',lt = {ts '2020-06-26 15:24:47.113'},lu = 'assistenza',primarykey = 'N',sql_declaration = 'smallint',sql_type = 'smallint',system_type = 'System.Int16' WHERE colname = 'yoperation' AND tablename = 'progettocosto'
ELSE
INSERT INTO [coldescr] (colname,tablename,col_len,col_precision,col_scale,description,kind,lt,lu,primarykey,sql_declaration,sql_type,system_type) VALUES ('yoperation','progettocosto','2',null,null,'Esercizio operazione','S',{ts '2020-06-26 15:24:47.113'},'assistenza','N','smallint','smallint','System.Int16')
GO

-- FINE GENERAZIONE SCRIPT --


-- GENERAZIONE DATI PER tabledescr --
IF exists(SELECT * FROM [tabledescr] WHERE tablename = 'progettokind')
UPDATE [tabledescr] SET description = 'Tipologie di progetto',idapplication = '3',isdbo = 'S',lt = {ts '2021-02-19 17:09:34.303'},lu = 'assistenza',title = 'Tipologie di progetto' WHERE tablename = 'progettokind'
ELSE
INSERT INTO [tabledescr] (tablename,description,idapplication,isdbo,lt,lu,title) VALUES ('progettokind','Tipologie di progetto','3','S',{ts '2021-02-19 17:09:34.303'},'assistenza','Tipologie di progetto')
GO

-- FINE GENERAZIONE SCRIPT --


-- GENERAZIONE DATI PER coldescr --
IF exists(SELECT * FROM [coldescr] WHERE colname = 'ct' AND tablename = 'progettokind')
UPDATE [coldescr] SET col_len = '8',col_precision = null,col_scale = null,description = null,kind = 'S',lt = {ts '2020-07-14 15:42:22.470'},lu = 'assistenza',primarykey = 'N',sql_declaration = 'datetime',sql_type = 'datetime',system_type = 'System.DateTime' WHERE colname = 'ct' AND tablename = 'progettokind'
ELSE
INSERT INTO [coldescr] (colname,tablename,col_len,col_precision,col_scale,description,kind,lt,lu,primarykey,sql_declaration,sql_type,system_type) VALUES ('ct','progettokind','8',null,null,null,'S',{ts '2020-07-14 15:42:22.470'},'assistenza','N','datetime','datetime','System.DateTime')
GO

IF exists(SELECT * FROM [coldescr] WHERE colname = 'cu' AND tablename = 'progettokind')
UPDATE [coldescr] SET col_len = '64',col_precision = null,col_scale = null,description = null,kind = 'S',lt = {ts '2020-07-14 15:42:22.470'},lu = 'assistenza',primarykey = 'N',sql_declaration = 'varchar(64)',sql_type = 'varchar',system_type = 'System.String' WHERE colname = 'cu' AND tablename = 'progettokind'
ELSE
INSERT INTO [coldescr] (colname,tablename,col_len,col_precision,col_scale,description,kind,lt,lu,primarykey,sql_declaration,sql_type,system_type) VALUES ('cu','progettokind','64',null,null,null,'S',{ts '2020-07-14 15:42:22.470'},'assistenza','N','varchar(64)','varchar','System.String')
GO

IF exists(SELECT * FROM [coldescr] WHERE colname = 'description' AND tablename = 'progettokind')
UPDATE [coldescr] SET col_len = '0',col_precision = null,col_scale = null,description = 'Descrizione',kind = 'S',lt = {ts '2020-05-22 12:55:03.843'},lu = 'assistenza',primarykey = 'N',sql_declaration = 'nvarchar(max)',sql_type = 'nvarchar',system_type = 'System.String' WHERE colname = 'description' AND tablename = 'progettokind'
ELSE
INSERT INTO [coldescr] (colname,tablename,col_len,col_precision,col_scale,description,kind,lt,lu,primarykey,sql_declaration,sql_type,system_type) VALUES ('description','progettokind','0',null,null,'Descrizione','S',{ts '2020-05-22 12:55:03.843'},'assistenza','N','nvarchar(max)','nvarchar','System.String')
GO

IF exists(SELECT * FROM [coldescr] WHERE colname = 'idcorsostudio' AND tablename = 'progettokind')
UPDATE [coldescr] SET col_len = '1',col_precision = null,col_scale = null,description = 'Abilita il corso di studio',kind = 'S',lt = {ts '2020-11-18 12:20:50.907'},lu = 'assistenza',primarykey = 'N',sql_declaration = 'char(1)',sql_type = 'char',system_type = 'System.String' WHERE colname = 'idcorsostudio' AND tablename = 'progettokind'
ELSE
INSERT INTO [coldescr] (colname,tablename,col_len,col_precision,col_scale,description,kind,lt,lu,primarykey,sql_declaration,sql_type,system_type) VALUES ('idcorsostudio','progettokind','1',null,null,'Abilita il corso di studio','S',{ts '2020-11-18 12:20:50.907'},'assistenza','N','char(1)','char','System.String')
GO

IF exists(SELECT * FROM [coldescr] WHERE colname = 'idprogettoactivitykind' AND tablename = 'progettokind')
UPDATE [coldescr] SET col_len = '4',col_precision = null,col_scale = null,description = 'Tipologia',kind = 'S',lt = {ts '2020-07-14 15:44:27.693'},lu = 'assistenza',primarykey = 'N',sql_declaration = 'int',sql_type = 'int',system_type = 'System.Int32' WHERE colname = 'idprogettoactivitykind' AND tablename = 'progettokind'
ELSE
INSERT INTO [coldescr] (colname,tablename,col_len,col_precision,col_scale,description,kind,lt,lu,primarykey,sql_declaration,sql_type,system_type) VALUES ('idprogettoactivitykind','progettokind','4',null,null,'Tipologia','S',{ts '2020-07-14 15:44:27.693'},'assistenza','N','int','int','System.Int32')
GO

IF exists(SELECT * FROM [coldescr] WHERE colname = 'idprogettokind' AND tablename = 'progettokind')
UPDATE [coldescr] SET col_len = '4',col_precision = null,col_scale = null,description = null,kind = 'S',lt = {ts '2020-06-05 16:30:12.453'},lu = 'assistenza',primarykey = 'S',sql_declaration = 'int',sql_type = 'int',system_type = 'System.Int32' WHERE colname = 'idprogettokind' AND tablename = 'progettokind'
ELSE
INSERT INTO [coldescr] (colname,tablename,col_len,col_precision,col_scale,description,kind,lt,lu,primarykey,sql_declaration,sql_type,system_type) VALUES ('idprogettokind','progettokind','4',null,null,null,'S',{ts '2020-06-05 16:30:12.453'},'assistenza','S','int','int','System.Int32')
GO

IF exists(SELECT * FROM [coldescr] WHERE colname = 'idprogettokindkind' AND tablename = 'progettokind')
UPDATE [coldescr] SET col_len = '4',col_precision = null,col_scale = null,description = 'Tipologia',kind = 'S',lt = {ts '2020-06-05 16:30:12.453'},lu = 'assistenza',primarykey = 'N',sql_declaration = 'int',sql_type = 'int',system_type = 'System.Int32' WHERE colname = 'idprogettokindkind' AND tablename = 'progettokind'
ELSE
INSERT INTO [coldescr] (colname,tablename,col_len,col_precision,col_scale,description,kind,lt,lu,primarykey,sql_declaration,sql_type,system_type) VALUES ('idprogettokindkind','progettokind','4',null,null,'Tipologia','S',{ts '2020-06-05 16:30:12.453'},'assistenza','N','int','int','System.Int32')
GO

IF exists(SELECT * FROM [coldescr] WHERE colname = 'lt' AND tablename = 'progettokind')
UPDATE [coldescr] SET col_len = '8',col_precision = null,col_scale = null,description = null,kind = 'S',lt = {ts '2020-07-14 15:42:22.470'},lu = 'assistenza',primarykey = 'N',sql_declaration = 'datetime',sql_type = 'datetime',system_type = 'System.DateTime' WHERE colname = 'lt' AND tablename = 'progettokind'
ELSE
INSERT INTO [coldescr] (colname,tablename,col_len,col_precision,col_scale,description,kind,lt,lu,primarykey,sql_declaration,sql_type,system_type) VALUES ('lt','progettokind','8',null,null,null,'S',{ts '2020-07-14 15:42:22.470'},'assistenza','N','datetime','datetime','System.DateTime')
GO

IF exists(SELECT * FROM [coldescr] WHERE colname = 'lu' AND tablename = 'progettokind')
UPDATE [coldescr] SET col_len = '64',col_precision = null,col_scale = null,description = null,kind = 'S',lt = {ts '2020-07-14 15:42:22.470'},lu = 'assistenza',primarykey = 'N',sql_declaration = 'varchar(64)',sql_type = 'varchar',system_type = 'System.String' WHERE colname = 'lu' AND tablename = 'progettokind'
ELSE
INSERT INTO [coldescr] (colname,tablename,col_len,col_precision,col_scale,description,kind,lt,lu,primarykey,sql_declaration,sql_type,system_type) VALUES ('lu','progettokind','64',null,null,null,'S',{ts '2020-07-14 15:42:22.470'},'assistenza','N','varchar(64)','varchar','System.String')
GO

IF exists(SELECT * FROM [coldescr] WHERE colname = 'oredivisionecostostipendio' AND tablename = 'progettokind')
UPDATE [coldescr] SET col_len = '4',col_precision = null,col_scale = null,description = 'Numero ore lavorate in un anno dal personale',kind = 'S',lt = {ts '2020-07-14 15:44:27.693'},lu = 'assistenza',primarykey = 'N',sql_declaration = 'int',sql_type = 'int',system_type = 'System.Int32' WHERE colname = 'oredivisionecostostipendio' AND tablename = 'progettokind'
ELSE
INSERT INTO [coldescr] (colname,tablename,col_len,col_precision,col_scale,description,kind,lt,lu,primarykey,sql_declaration,sql_type,system_type) VALUES ('oredivisionecostostipendio','progettokind','4',null,null,'Numero ore lavorate in un anno dal personale','S',{ts '2020-07-14 15:44:27.693'},'assistenza','N','int','int','System.Int32')
GO

IF exists(SELECT * FROM [coldescr] WHERE colname = 'title' AND tablename = 'progettokind')
UPDATE [coldescr] SET col_len = '2048',col_precision = null,col_scale = null,description = 'Titolo',kind = 'S',lt = {ts '2020-05-22 12:55:03.843'},lu = 'assistenza',primarykey = 'N',sql_declaration = 'nvarchar(2048)',sql_type = 'nvarchar',system_type = 'System.String' WHERE colname = 'title' AND tablename = 'progettokind'
ELSE
INSERT INTO [coldescr] (colname,tablename,col_len,col_precision,col_scale,description,kind,lt,lu,primarykey,sql_declaration,sql_type,system_type) VALUES ('title','progettokind','2048',null,null,'Titolo','S',{ts '2020-05-22 12:55:03.843'},'assistenza','N','nvarchar(2048)','nvarchar','System.String')
GO

-- FINE GENERAZIONE SCRIPT --


-- GENERAZIONE DATI PER tabledescr --
IF exists(SELECT * FROM [tabledescr] WHERE tablename = 'progettoproroga')
UPDATE [tabledescr] SET description = 'Proroghe dei progetti',idapplication = '3',isdbo = 'N',lt = {ts '2021-02-19 16:38:10.287'},lu = 'assistenza',title = 'Proroghe' WHERE tablename = 'progettoproroga'
ELSE
INSERT INTO [tabledescr] (tablename,description,idapplication,isdbo,lt,lu,title) VALUES ('progettoproroga','Proroghe dei progetti','3','N',{ts '2021-02-19 16:38:10.287'},'assistenza','Proroghe')
GO

-- FINE GENERAZIONE SCRIPT --


-- GENERAZIONE DATI PER coldescr --
IF exists(SELECT * FROM [coldescr] WHERE colname = 'ct' AND tablename = 'progettoproroga')
UPDATE [coldescr] SET col_len = '8',col_precision = null,col_scale = null,description = null,kind = 'S',lt = {ts '2020-06-05 13:19:16.213'},lu = 'assistenza',primarykey = 'N',sql_declaration = 'datetime',sql_type = 'datetime',system_type = 'System.DateTime' WHERE colname = 'ct' AND tablename = 'progettoproroga'
ELSE
INSERT INTO [coldescr] (colname,tablename,col_len,col_precision,col_scale,description,kind,lt,lu,primarykey,sql_declaration,sql_type,system_type) VALUES ('ct','progettoproroga','8',null,null,null,'S',{ts '2020-06-05 13:19:16.213'},'assistenza','N','datetime','datetime','System.DateTime')
GO

IF exists(SELECT * FROM [coldescr] WHERE colname = 'cu' AND tablename = 'progettoproroga')
UPDATE [coldescr] SET col_len = '64',col_precision = null,col_scale = null,description = null,kind = 'S',lt = {ts '2020-06-05 13:19:16.213'},lu = 'assistenza',primarykey = 'N',sql_declaration = 'varchar(64)',sql_type = 'varchar',system_type = 'System.String' WHERE colname = 'cu' AND tablename = 'progettoproroga'
ELSE
INSERT INTO [coldescr] (colname,tablename,col_len,col_precision,col_scale,description,kind,lt,lu,primarykey,sql_declaration,sql_type,system_type) VALUES ('cu','progettoproroga','64',null,null,null,'S',{ts '2020-06-05 13:19:16.213'},'assistenza','N','varchar(64)','varchar','System.String')
GO

IF exists(SELECT * FROM [coldescr] WHERE colname = 'idprogetto' AND tablename = 'progettoproroga')
UPDATE [coldescr] SET col_len = '4',col_precision = null,col_scale = null,description = null,kind = 'S',lt = {ts '2020-06-05 13:19:16.213'},lu = 'assistenza',primarykey = 'S',sql_declaration = 'int',sql_type = 'int',system_type = 'System.Int32' WHERE colname = 'idprogetto' AND tablename = 'progettoproroga'
ELSE
INSERT INTO [coldescr] (colname,tablename,col_len,col_precision,col_scale,description,kind,lt,lu,primarykey,sql_declaration,sql_type,system_type) VALUES ('idprogetto','progettoproroga','4',null,null,null,'S',{ts '2020-06-05 13:19:16.213'},'assistenza','S','int','int','System.Int32')
GO

IF exists(SELECT * FROM [coldescr] WHERE colname = 'idprogettoproroga' AND tablename = 'progettoproroga')
UPDATE [coldescr] SET col_len = '4',col_precision = null,col_scale = null,description = null,kind = 'S',lt = {ts '2020-06-05 13:19:16.213'},lu = 'assistenza',primarykey = 'S',sql_declaration = 'int',sql_type = 'int',system_type = 'System.Int32' WHERE colname = 'idprogettoproroga' AND tablename = 'progettoproroga'
ELSE
INSERT INTO [coldescr] (colname,tablename,col_len,col_precision,col_scale,description,kind,lt,lu,primarykey,sql_declaration,sql_type,system_type) VALUES ('idprogettoproroga','progettoproroga','4',null,null,null,'S',{ts '2020-06-05 13:19:16.213'},'assistenza','S','int','int','System.Int32')
GO

IF exists(SELECT * FROM [coldescr] WHERE colname = 'lt' AND tablename = 'progettoproroga')
UPDATE [coldescr] SET col_len = '8',col_precision = null,col_scale = null,description = null,kind = 'S',lt = {ts '2020-06-05 13:19:16.213'},lu = 'assistenza',primarykey = 'N',sql_declaration = 'datetime',sql_type = 'datetime',system_type = 'System.DateTime' WHERE colname = 'lt' AND tablename = 'progettoproroga'
ELSE
INSERT INTO [coldescr] (colname,tablename,col_len,col_precision,col_scale,description,kind,lt,lu,primarykey,sql_declaration,sql_type,system_type) VALUES ('lt','progettoproroga','8',null,null,null,'S',{ts '2020-06-05 13:19:16.213'},'assistenza','N','datetime','datetime','System.DateTime')
GO

IF exists(SELECT * FROM [coldescr] WHERE colname = 'lu' AND tablename = 'progettoproroga')
UPDATE [coldescr] SET col_len = '64',col_precision = null,col_scale = null,description = null,kind = 'S',lt = {ts '2020-06-05 13:19:16.213'},lu = 'assistenza',primarykey = 'N',sql_declaration = 'varchar(64)',sql_type = 'varchar',system_type = 'System.String' WHERE colname = 'lu' AND tablename = 'progettoproroga'
ELSE
INSERT INTO [coldescr] (colname,tablename,col_len,col_precision,col_scale,description,kind,lt,lu,primarykey,sql_declaration,sql_type,system_type) VALUES ('lu','progettoproroga','64',null,null,null,'S',{ts '2020-06-05 13:19:16.213'},'assistenza','N','varchar(64)','varchar','System.String')
GO

IF exists(SELECT * FROM [coldescr] WHERE colname = 'motivazioni' AND tablename = 'progettoproroga')
UPDATE [coldescr] SET col_len = '0',col_precision = null,col_scale = null,description = null,kind = 'S',lt = {ts '2020-06-05 13:19:16.213'},lu = 'assistenza',primarykey = 'N',sql_declaration = 'nvarchar(max)',sql_type = 'nvarchar',system_type = 'System.String' WHERE colname = 'motivazioni' AND tablename = 'progettoproroga'
ELSE
INSERT INTO [coldescr] (colname,tablename,col_len,col_precision,col_scale,description,kind,lt,lu,primarykey,sql_declaration,sql_type,system_type) VALUES ('motivazioni','progettoproroga','0',null,null,null,'S',{ts '2020-06-05 13:19:16.213'},'assistenza','N','nvarchar(max)','nvarchar','System.String')
GO

IF exists(SELECT * FROM [coldescr] WHERE colname = 'proroga' AND tablename = 'progettoproroga')
UPDATE [coldescr] SET col_len = '3',col_precision = null,col_scale = null,description = null,kind = 'S',lt = {ts '2020-06-05 13:19:16.213'},lu = 'assistenza',primarykey = 'N',sql_declaration = 'date',sql_type = 'date',system_type = 'System.DateTime' WHERE colname = 'proroga' AND tablename = 'progettoproroga'
ELSE
INSERT INTO [coldescr] (colname,tablename,col_len,col_precision,col_scale,description,kind,lt,lu,primarykey,sql_declaration,sql_type,system_type) VALUES ('proroga','progettoproroga','3',null,null,null,'S',{ts '2020-06-05 13:19:16.213'},'assistenza','N','date','date','System.DateTime')
GO

-- FINE GENERAZIONE SCRIPT --


-- GENERAZIONE DATI PER tabledescr --
IF exists(SELECT * FROM [tabledescr] WHERE tablename = 'progettoregistry_aziende')
UPDATE [tabledescr] SET description = 'Enti partner del progetto o attvità',idapplication = '3',isdbo = 'N',lt = {ts '2021-02-19 17:06:31.187'},lu = 'assistenza',title = 'Enti partner' WHERE tablename = 'progettoregistry_aziende'
ELSE
INSERT INTO [tabledescr] (tablename,description,idapplication,isdbo,lt,lu,title) VALUES ('progettoregistry_aziende','Enti partner del progetto o attvità','3','N',{ts '2021-02-19 17:06:31.187'},'assistenza','Enti partner')
GO

-- FINE GENERAZIONE SCRIPT --


-- GENERAZIONE DATI PER coldescr --
IF exists(SELECT * FROM [coldescr] WHERE colname = 'ct' AND tablename = 'progettoregistry_aziende')
UPDATE [coldescr] SET col_len = '8',col_precision = null,col_scale = null,description = null,kind = 'S',lt = {ts '2020-06-08 18:38:52.567'},lu = 'assistenza',primarykey = 'N',sql_declaration = 'datetime',sql_type = 'datetime',system_type = 'System.DateTime' WHERE colname = 'ct' AND tablename = 'progettoregistry_aziende'
ELSE
INSERT INTO [coldescr] (colname,tablename,col_len,col_precision,col_scale,description,kind,lt,lu,primarykey,sql_declaration,sql_type,system_type) VALUES ('ct','progettoregistry_aziende','8',null,null,null,'S',{ts '2020-06-08 18:38:52.567'},'assistenza','N','datetime','datetime','System.DateTime')
GO

IF exists(SELECT * FROM [coldescr] WHERE colname = 'cu' AND tablename = 'progettoregistry_aziende')
UPDATE [coldescr] SET col_len = '64',col_precision = null,col_scale = null,description = null,kind = 'S',lt = {ts '2020-06-08 18:38:52.567'},lu = 'assistenza',primarykey = 'N',sql_declaration = 'varchar(64)',sql_type = 'varchar',system_type = 'System.String' WHERE colname = 'cu' AND tablename = 'progettoregistry_aziende'
ELSE
INSERT INTO [coldescr] (colname,tablename,col_len,col_precision,col_scale,description,kind,lt,lu,primarykey,sql_declaration,sql_type,system_type) VALUES ('cu','progettoregistry_aziende','64',null,null,null,'S',{ts '2020-06-08 18:38:52.567'},'assistenza','N','varchar(64)','varchar','System.String')
GO

IF exists(SELECT * FROM [coldescr] WHERE colname = 'idprogetto' AND tablename = 'progettoregistry_aziende')
UPDATE [coldescr] SET col_len = '4',col_precision = null,col_scale = null,description = null,kind = 'S',lt = {ts '2020-06-08 18:38:52.567'},lu = 'assistenza',primarykey = 'S',sql_declaration = 'int',sql_type = 'int',system_type = 'System.Int32' WHERE colname = 'idprogetto' AND tablename = 'progettoregistry_aziende'
ELSE
INSERT INTO [coldescr] (colname,tablename,col_len,col_precision,col_scale,description,kind,lt,lu,primarykey,sql_declaration,sql_type,system_type) VALUES ('idprogetto','progettoregistry_aziende','4',null,null,null,'S',{ts '2020-06-08 18:38:52.567'},'assistenza','S','int','int','System.Int32')
GO

IF exists(SELECT * FROM [coldescr] WHERE colname = 'idreg_aziende' AND tablename = 'progettoregistry_aziende')
UPDATE [coldescr] SET col_len = '4',col_precision = null,col_scale = null,description = 'Ente o azienda partner',kind = 'S',lt = {ts '2020-06-08 18:39:10.733'},lu = 'assistenza',primarykey = 'S',sql_declaration = 'int',sql_type = 'int',system_type = 'System.Int32' WHERE colname = 'idreg_aziende' AND tablename = 'progettoregistry_aziende'
ELSE
INSERT INTO [coldescr] (colname,tablename,col_len,col_precision,col_scale,description,kind,lt,lu,primarykey,sql_declaration,sql_type,system_type) VALUES ('idreg_aziende','progettoregistry_aziende','4',null,null,'Ente o azienda partner','S',{ts '2020-06-08 18:39:10.733'},'assistenza','S','int','int','System.Int32')
GO

IF exists(SELECT * FROM [coldescr] WHERE colname = 'lt' AND tablename = 'progettoregistry_aziende')
UPDATE [coldescr] SET col_len = '8',col_precision = null,col_scale = null,description = null,kind = 'S',lt = {ts '2020-06-08 18:38:52.570'},lu = 'assistenza',primarykey = 'N',sql_declaration = 'datetime',sql_type = 'datetime',system_type = 'System.DateTime' WHERE colname = 'lt' AND tablename = 'progettoregistry_aziende'
ELSE
INSERT INTO [coldescr] (colname,tablename,col_len,col_precision,col_scale,description,kind,lt,lu,primarykey,sql_declaration,sql_type,system_type) VALUES ('lt','progettoregistry_aziende','8',null,null,null,'S',{ts '2020-06-08 18:38:52.570'},'assistenza','N','datetime','datetime','System.DateTime')
GO

IF exists(SELECT * FROM [coldescr] WHERE colname = 'lu' AND tablename = 'progettoregistry_aziende')
UPDATE [coldescr] SET col_len = '64',col_precision = null,col_scale = null,description = null,kind = 'S',lt = {ts '2020-06-08 18:38:52.570'},lu = 'assistenza',primarykey = 'N',sql_declaration = 'varchar(64)',sql_type = 'varchar',system_type = 'System.String' WHERE colname = 'lu' AND tablename = 'progettoregistry_aziende'
ELSE
INSERT INTO [coldescr] (colname,tablename,col_len,col_precision,col_scale,description,kind,lt,lu,primarykey,sql_declaration,sql_type,system_type) VALUES ('lu','progettoregistry_aziende','64',null,null,null,'S',{ts '2020-06-08 18:38:52.570'},'assistenza','N','varchar(64)','varchar','System.String')
GO

-- FINE GENERAZIONE SCRIPT --


-- GENERAZIONE DATI PER tabledescr --
IF exists(SELECT * FROM [tabledescr] WHERE tablename = 'progettorp')
UPDATE [tabledescr] SET description = 'Reporting periods',idapplication = '3',isdbo = 'N',lt = {ts '2021-02-19 17:07:15.113'},lu = 'assistenza',title = 'Reporting periods' WHERE tablename = 'progettorp'
ELSE
INSERT INTO [tabledescr] (tablename,description,idapplication,isdbo,lt,lu,title) VALUES ('progettorp','Reporting periods','3','N',{ts '2021-02-19 17:07:15.113'},'assistenza','Reporting periods')
GO

-- FINE GENERAZIONE SCRIPT --


-- GENERAZIONE DATI PER coldescr --
IF exists(SELECT * FROM [coldescr] WHERE colname = 'datefilter' AND tablename = 'progettorp')
UPDATE [coldescr] SET col_len = '1',col_precision = null,col_scale = null,description = 'Filtra i costi per:',kind = 'S',lt = {ts '2020-12-18 11:13:54.237'},lu = 'assistenza',primarykey = 'N',sql_declaration = 'char(1)',sql_type = 'char',system_type = 'System.String' WHERE colname = 'datefilter' AND tablename = 'progettorp'
ELSE
INSERT INTO [coldescr] (colname,tablename,col_len,col_precision,col_scale,description,kind,lt,lu,primarykey,sql_declaration,sql_type,system_type) VALUES ('datefilter','progettorp','1',null,null,'Filtra i costi per:','S',{ts '2020-12-18 11:13:54.237'},'assistenza','N','char(1)','char','System.String')
GO

IF exists(SELECT * FROM [coldescr] WHERE colname = 'idprogetto' AND tablename = 'progettorp')
UPDATE [coldescr] SET col_len = '4',col_precision = null,col_scale = null,description = null,kind = 'S',lt = {ts '2020-12-15 15:17:14.070'},lu = 'assistenza',primarykey = 'S',sql_declaration = 'int',sql_type = 'int',system_type = 'System.Int32' WHERE colname = 'idprogetto' AND tablename = 'progettorp'
ELSE
INSERT INTO [coldescr] (colname,tablename,col_len,col_precision,col_scale,description,kind,lt,lu,primarykey,sql_declaration,sql_type,system_type) VALUES ('idprogetto','progettorp','4',null,null,null,'S',{ts '2020-12-15 15:17:14.070'},'assistenza','S','int','int','System.Int32')
GO

IF exists(SELECT * FROM [coldescr] WHERE colname = 'idprogettorp' AND tablename = 'progettorp')
UPDATE [coldescr] SET col_len = '4',col_precision = null,col_scale = null,description = null,kind = 'S',lt = {ts '2020-12-15 15:17:14.070'},lu = 'assistenza',primarykey = 'S',sql_declaration = 'int',sql_type = 'int',system_type = 'System.Int32' WHERE colname = 'idprogettorp' AND tablename = 'progettorp'
ELSE
INSERT INTO [coldescr] (colname,tablename,col_len,col_precision,col_scale,description,kind,lt,lu,primarykey,sql_declaration,sql_type,system_type) VALUES ('idprogettorp','progettorp','4',null,null,null,'S',{ts '2020-12-15 15:17:14.070'},'assistenza','S','int','int','System.Int32')
GO

IF exists(SELECT * FROM [coldescr] WHERE colname = 'start' AND tablename = 'progettorp')
UPDATE [coldescr] SET col_len = '3',col_precision = null,col_scale = null,description = 'Data di inizio',kind = 'S',lt = {ts '2020-12-15 15:18:09.613'},lu = 'assistenza',primarykey = 'N',sql_declaration = 'date',sql_type = 'date',system_type = 'System.DateTime' WHERE colname = 'start' AND tablename = 'progettorp'
ELSE
INSERT INTO [coldescr] (colname,tablename,col_len,col_precision,col_scale,description,kind,lt,lu,primarykey,sql_declaration,sql_type,system_type) VALUES ('start','progettorp','3',null,null,'Data di inizio','S',{ts '2020-12-15 15:18:09.613'},'assistenza','N','date','date','System.DateTime')
GO

IF exists(SELECT * FROM [coldescr] WHERE colname = 'stop' AND tablename = 'progettorp')
UPDATE [coldescr] SET col_len = '3',col_precision = null,col_scale = null,description = 'Data di fine',kind = 'S',lt = {ts '2020-12-15 15:18:09.613'},lu = 'assistenza',primarykey = 'N',sql_declaration = 'date',sql_type = 'date',system_type = 'System.DateTime' WHERE colname = 'stop' AND tablename = 'progettorp'
ELSE
INSERT INTO [coldescr] (colname,tablename,col_len,col_precision,col_scale,description,kind,lt,lu,primarykey,sql_declaration,sql_type,system_type) VALUES ('stop','progettorp','3',null,null,'Data di fine','S',{ts '2020-12-15 15:18:09.613'},'assistenza','N','date','date','System.DateTime')
GO

-- FINE GENERAZIONE SCRIPT --


-- GENERAZIONE DATI PER tabledescr --
IF exists(SELECT * FROM [tabledescr] WHERE tablename = 'progettosettoreerc')
UPDATE [tabledescr] SET description = 'Settori ERC del progetto',idapplication = '3',isdbo = 'N',lt = {ts '2021-02-19 16:36:11.207'},lu = 'assistenza',title = 'Settori ERC' WHERE tablename = 'progettosettoreerc'
ELSE
INSERT INTO [tabledescr] (tablename,description,idapplication,isdbo,lt,lu,title) VALUES ('progettosettoreerc','Settori ERC del progetto','3','N',{ts '2021-02-19 16:36:11.207'},'assistenza','Settori ERC')
GO

-- FINE GENERAZIONE SCRIPT --


-- GENERAZIONE DATI PER coldescr --
IF exists(SELECT * FROM [coldescr] WHERE colname = 'ct' AND tablename = 'progettosettoreerc')
UPDATE [coldescr] SET col_len = '8',col_precision = null,col_scale = null,description = null,kind = 'S',lt = {ts '2020-06-05 13:16:57.077'},lu = 'assistenza',primarykey = 'N',sql_declaration = 'datetime',sql_type = 'datetime',system_type = 'System.DateTime' WHERE colname = 'ct' AND tablename = 'progettosettoreerc'
ELSE
INSERT INTO [coldescr] (colname,tablename,col_len,col_precision,col_scale,description,kind,lt,lu,primarykey,sql_declaration,sql_type,system_type) VALUES ('ct','progettosettoreerc','8',null,null,null,'S',{ts '2020-06-05 13:16:57.077'},'assistenza','N','datetime','datetime','System.DateTime')
GO

IF exists(SELECT * FROM [coldescr] WHERE colname = 'cu' AND tablename = 'progettosettoreerc')
UPDATE [coldescr] SET col_len = '64',col_precision = null,col_scale = null,description = null,kind = 'S',lt = {ts '2020-06-05 13:16:57.080'},lu = 'assistenza',primarykey = 'N',sql_declaration = 'varchar(64)',sql_type = 'varchar',system_type = 'System.String' WHERE colname = 'cu' AND tablename = 'progettosettoreerc'
ELSE
INSERT INTO [coldescr] (colname,tablename,col_len,col_precision,col_scale,description,kind,lt,lu,primarykey,sql_declaration,sql_type,system_type) VALUES ('cu','progettosettoreerc','64',null,null,null,'S',{ts '2020-06-05 13:16:57.080'},'assistenza','N','varchar(64)','varchar','System.String')
GO

IF exists(SELECT * FROM [coldescr] WHERE colname = 'idprogetto' AND tablename = 'progettosettoreerc')
UPDATE [coldescr] SET col_len = '4',col_precision = null,col_scale = null,description = null,kind = 'S',lt = {ts '2020-06-05 13:16:57.080'},lu = 'assistenza',primarykey = 'S',sql_declaration = 'int',sql_type = 'int',system_type = 'System.Int32' WHERE colname = 'idprogetto' AND tablename = 'progettosettoreerc'
ELSE
INSERT INTO [coldescr] (colname,tablename,col_len,col_precision,col_scale,description,kind,lt,lu,primarykey,sql_declaration,sql_type,system_type) VALUES ('idprogetto','progettosettoreerc','4',null,null,null,'S',{ts '2020-06-05 13:16:57.080'},'assistenza','S','int','int','System.Int32')
GO

IF exists(SELECT * FROM [coldescr] WHERE colname = 'idsettoreerc' AND tablename = 'progettosettoreerc')
UPDATE [coldescr] SET col_len = '4',col_precision = null,col_scale = null,description = 'Settore ERC',kind = 'S',lt = {ts '2020-06-05 13:17:17.990'},lu = 'assistenza',primarykey = 'S',sql_declaration = 'int',sql_type = 'int',system_type = 'System.Int32' WHERE colname = 'idsettoreerc' AND tablename = 'progettosettoreerc'
ELSE
INSERT INTO [coldescr] (colname,tablename,col_len,col_precision,col_scale,description,kind,lt,lu,primarykey,sql_declaration,sql_type,system_type) VALUES ('idsettoreerc','progettosettoreerc','4',null,null,'Settore ERC','S',{ts '2020-06-05 13:17:17.990'},'assistenza','S','int','int','System.Int32')
GO

IF exists(SELECT * FROM [coldescr] WHERE colname = 'lt' AND tablename = 'progettosettoreerc')
UPDATE [coldescr] SET col_len = '8',col_precision = null,col_scale = null,description = null,kind = 'S',lt = {ts '2020-06-05 13:16:57.080'},lu = 'assistenza',primarykey = 'N',sql_declaration = 'datetime',sql_type = 'datetime',system_type = 'System.DateTime' WHERE colname = 'lt' AND tablename = 'progettosettoreerc'
ELSE
INSERT INTO [coldescr] (colname,tablename,col_len,col_precision,col_scale,description,kind,lt,lu,primarykey,sql_declaration,sql_type,system_type) VALUES ('lt','progettosettoreerc','8',null,null,null,'S',{ts '2020-06-05 13:16:57.080'},'assistenza','N','datetime','datetime','System.DateTime')
GO

IF exists(SELECT * FROM [coldescr] WHERE colname = 'lu' AND tablename = 'progettosettoreerc')
UPDATE [coldescr] SET col_len = '64',col_precision = null,col_scale = null,description = null,kind = 'S',lt = {ts '2020-06-05 13:16:57.080'},lu = 'assistenza',primarykey = 'N',sql_declaration = 'varchar(64)',sql_type = 'varchar',system_type = 'System.String' WHERE colname = 'lu' AND tablename = 'progettosettoreerc'
ELSE
INSERT INTO [coldescr] (colname,tablename,col_len,col_precision,col_scale,description,kind,lt,lu,primarykey,sql_declaration,sql_type,system_type) VALUES ('lu','progettosettoreerc','64',null,null,null,'S',{ts '2020-06-05 13:16:57.080'},'assistenza','N','varchar(64)','varchar','System.String')
GO

-- FINE GENERAZIONE SCRIPT --


-- GENERAZIONE DATI PER tabledescr --
IF exists(SELECT * FROM [tabledescr] WHERE tablename = 'progettostatuskind')
UPDATE [tabledescr] SET description = 'Stato dei 2.7.1 progetti o attività',idapplication = '3',isdbo = 'S',lt = {ts '2021-02-19 17:35:33.610'},lu = 'assistenza',title = 'Stato dei progetti o attività' WHERE tablename = 'progettostatuskind'
ELSE
INSERT INTO [tabledescr] (tablename,description,idapplication,isdbo,lt,lu,title) VALUES ('progettostatuskind','Stato dei 2.7.1 progetti o attività','3','S',{ts '2021-02-19 17:35:33.610'},'assistenza','Stato dei progetti o attività')
GO

-- FINE GENERAZIONE SCRIPT --


-- GENERAZIONE DATI PER coldescr --
IF exists(SELECT * FROM [coldescr] WHERE colname = 'ct' AND tablename = 'progettostatuskind')
UPDATE [coldescr] SET col_len = '8',col_precision = null,col_scale = null,description = null,kind = 'S',lt = {ts '2020-06-12 15:43:52.663'},lu = 'assistenza',primarykey = 'N',sql_declaration = 'datetime',sql_type = 'datetime',system_type = 'System.DateTime' WHERE colname = 'ct' AND tablename = 'progettostatuskind'
ELSE
INSERT INTO [coldescr] (colname,tablename,col_len,col_precision,col_scale,description,kind,lt,lu,primarykey,sql_declaration,sql_type,system_type) VALUES ('ct','progettostatuskind','8',null,null,null,'S',{ts '2020-06-12 15:43:52.663'},'assistenza','N','datetime','datetime','System.DateTime')
GO

IF exists(SELECT * FROM [coldescr] WHERE colname = 'cu' AND tablename = 'progettostatuskind')
UPDATE [coldescr] SET col_len = '64',col_precision = null,col_scale = null,description = null,kind = 'S',lt = {ts '2020-06-12 15:43:52.663'},lu = 'assistenza',primarykey = 'N',sql_declaration = 'varchar(64)',sql_type = 'varchar',system_type = 'System.String' WHERE colname = 'cu' AND tablename = 'progettostatuskind'
ELSE
INSERT INTO [coldescr] (colname,tablename,col_len,col_precision,col_scale,description,kind,lt,lu,primarykey,sql_declaration,sql_type,system_type) VALUES ('cu','progettostatuskind','64',null,null,null,'S',{ts '2020-06-12 15:43:52.663'},'assistenza','N','varchar(64)','varchar','System.String')
GO

IF exists(SELECT * FROM [coldescr] WHERE colname = 'idprogettostatuskind' AND tablename = 'progettostatuskind')
UPDATE [coldescr] SET col_len = '4',col_precision = null,col_scale = null,description = null,kind = 'S',lt = {ts '2020-06-12 15:43:52.663'},lu = 'assistenza',primarykey = 'S',sql_declaration = 'int',sql_type = 'int',system_type = 'System.Int32' WHERE colname = 'idprogettostatuskind' AND tablename = 'progettostatuskind'
ELSE
INSERT INTO [coldescr] (colname,tablename,col_len,col_precision,col_scale,description,kind,lt,lu,primarykey,sql_declaration,sql_type,system_type) VALUES ('idprogettostatuskind','progettostatuskind','4',null,null,null,'S',{ts '2020-06-12 15:43:52.663'},'assistenza','S','int','int','System.Int32')
GO

IF exists(SELECT * FROM [coldescr] WHERE colname = 'lt' AND tablename = 'progettostatuskind')
UPDATE [coldescr] SET col_len = '8',col_precision = null,col_scale = null,description = null,kind = 'S',lt = {ts '2020-06-12 15:43:52.663'},lu = 'assistenza',primarykey = 'N',sql_declaration = 'datetime',sql_type = 'datetime',system_type = 'System.DateTime' WHERE colname = 'lt' AND tablename = 'progettostatuskind'
ELSE
INSERT INTO [coldescr] (colname,tablename,col_len,col_precision,col_scale,description,kind,lt,lu,primarykey,sql_declaration,sql_type,system_type) VALUES ('lt','progettostatuskind','8',null,null,null,'S',{ts '2020-06-12 15:43:52.663'},'assistenza','N','datetime','datetime','System.DateTime')
GO

IF exists(SELECT * FROM [coldescr] WHERE colname = 'lu' AND tablename = 'progettostatuskind')
UPDATE [coldescr] SET col_len = '64',col_precision = null,col_scale = null,description = null,kind = 'S',lt = {ts '2020-06-12 15:43:52.663'},lu = 'assistenza',primarykey = 'N',sql_declaration = 'varchar(64)',sql_type = 'varchar',system_type = 'System.String' WHERE colname = 'lu' AND tablename = 'progettostatuskind'
ELSE
INSERT INTO [coldescr] (colname,tablename,col_len,col_precision,col_scale,description,kind,lt,lu,primarykey,sql_declaration,sql_type,system_type) VALUES ('lu','progettostatuskind','64',null,null,null,'S',{ts '2020-06-12 15:43:52.663'},'assistenza','N','varchar(64)','varchar','System.String')
GO

IF exists(SELECT * FROM [coldescr] WHERE colname = 'sortcode' AND tablename = 'progettostatuskind')
UPDATE [coldescr] SET col_len = '4',col_precision = null,col_scale = null,description = null,kind = 'S',lt = {ts '2020-06-12 15:43:52.663'},lu = 'assistenza',primarykey = 'N',sql_declaration = 'int',sql_type = 'int',system_type = 'System.Int32' WHERE colname = 'sortcode' AND tablename = 'progettostatuskind'
ELSE
INSERT INTO [coldescr] (colname,tablename,col_len,col_precision,col_scale,description,kind,lt,lu,primarykey,sql_declaration,sql_type,system_type) VALUES ('sortcode','progettostatuskind','4',null,null,null,'S',{ts '2020-06-12 15:43:52.663'},'assistenza','N','int','int','System.Int32')
GO

IF exists(SELECT * FROM [coldescr] WHERE colname = 'title' AND tablename = 'progettostatuskind')
UPDATE [coldescr] SET col_len = '50',col_precision = null,col_scale = null,description = null,kind = 'S',lt = {ts '2020-06-12 15:43:52.663'},lu = 'assistenza',primarykey = 'N',sql_declaration = 'varchar(50)',sql_type = 'varchar',system_type = 'System.String' WHERE colname = 'title' AND tablename = 'progettostatuskind'
ELSE
INSERT INTO [coldescr] (colname,tablename,col_len,col_precision,col_scale,description,kind,lt,lu,primarykey,sql_declaration,sql_type,system_type) VALUES ('title','progettostatuskind','50',null,null,null,'S',{ts '2020-06-12 15:43:52.663'},'assistenza','N','varchar(50)','varchar','System.String')
GO

-- FINE GENERAZIONE SCRIPT --


-- GENERAZIONE DATI PER tabledescr --
IF exists(SELECT * FROM [tabledescr] WHERE tablename = 'progettotesto')
UPDATE [tabledescr] SET description = 'Testi del 2.7.1 progetto',idapplication = '3',isdbo = 'N',lt = {ts '2021-02-19 17:01:22.670'},lu = 'assistenza',title = 'Testi' WHERE tablename = 'progettotesto'
ELSE
INSERT INTO [tabledescr] (tablename,description,idapplication,isdbo,lt,lu,title) VALUES ('progettotesto','Testi del 2.7.1 progetto','3','N',{ts '2021-02-19 17:01:22.670'},'assistenza','Testi')
GO

-- FINE GENERAZIONE SCRIPT --


-- GENERAZIONE DATI PER coldescr --
IF exists(SELECT * FROM [coldescr] WHERE colname = 'ct' AND tablename = 'progettotesto')
UPDATE [coldescr] SET col_len = '8',col_precision = null,col_scale = null,description = null,kind = 'S',lt = {ts '2020-05-25 13:16:03.533'},lu = 'assistenza',primarykey = 'N',sql_declaration = 'datetime',sql_type = 'datetime',system_type = 'System.DateTime' WHERE colname = 'ct' AND tablename = 'progettotesto'
ELSE
INSERT INTO [coldescr] (colname,tablename,col_len,col_precision,col_scale,description,kind,lt,lu,primarykey,sql_declaration,sql_type,system_type) VALUES ('ct','progettotesto','8',null,null,null,'S',{ts '2020-05-25 13:16:03.533'},'assistenza','N','datetime','datetime','System.DateTime')
GO

IF exists(SELECT * FROM [coldescr] WHERE colname = 'cu' AND tablename = 'progettotesto')
UPDATE [coldescr] SET col_len = '64',col_precision = null,col_scale = null,description = null,kind = 'S',lt = {ts '2020-05-25 13:16:03.533'},lu = 'assistenza',primarykey = 'N',sql_declaration = 'varchar(64)',sql_type = 'varchar',system_type = 'System.String' WHERE colname = 'cu' AND tablename = 'progettotesto'
ELSE
INSERT INTO [coldescr] (colname,tablename,col_len,col_precision,col_scale,description,kind,lt,lu,primarykey,sql_declaration,sql_type,system_type) VALUES ('cu','progettotesto','64',null,null,null,'S',{ts '2020-05-25 13:16:03.533'},'assistenza','N','varchar(64)','varchar','System.String')
GO

IF exists(SELECT * FROM [coldescr] WHERE colname = 'description' AND tablename = 'progettotesto')
UPDATE [coldescr] SET col_len = '0',col_precision = null,col_scale = null,description = 'Testo',kind = 'S',lt = {ts '2020-05-25 13:16:30.120'},lu = 'assistenza',primarykey = 'N',sql_declaration = 'nvarchar(max)',sql_type = 'nvarchar',system_type = 'System.String' WHERE colname = 'description' AND tablename = 'progettotesto'
ELSE
INSERT INTO [coldescr] (colname,tablename,col_len,col_precision,col_scale,description,kind,lt,lu,primarykey,sql_declaration,sql_type,system_type) VALUES ('description','progettotesto','0',null,null,'Testo','S',{ts '2020-05-25 13:16:30.120'},'assistenza','N','nvarchar(max)','nvarchar','System.String')
GO

IF exists(SELECT * FROM [coldescr] WHERE colname = 'idprogetto' AND tablename = 'progettotesto')
UPDATE [coldescr] SET col_len = '4',col_precision = null,col_scale = null,description = null,kind = 'S',lt = {ts '2020-05-25 13:16:03.533'},lu = 'assistenza',primarykey = 'S',sql_declaration = 'int',sql_type = 'int',system_type = 'System.Int32' WHERE colname = 'idprogetto' AND tablename = 'progettotesto'
ELSE
INSERT INTO [coldescr] (colname,tablename,col_len,col_precision,col_scale,description,kind,lt,lu,primarykey,sql_declaration,sql_type,system_type) VALUES ('idprogetto','progettotesto','4',null,null,null,'S',{ts '2020-05-25 13:16:03.533'},'assistenza','S','int','int','System.Int32')
GO

IF exists(SELECT * FROM [coldescr] WHERE colname = 'idprogettotesto' AND tablename = 'progettotesto')
UPDATE [coldescr] SET col_len = '4',col_precision = null,col_scale = null,description = null,kind = 'S',lt = {ts '2020-05-25 13:16:03.533'},lu = 'assistenza',primarykey = 'S',sql_declaration = 'int',sql_type = 'int',system_type = 'System.Int32' WHERE colname = 'idprogettotesto' AND tablename = 'progettotesto'
ELSE
INSERT INTO [coldescr] (colname,tablename,col_len,col_precision,col_scale,description,kind,lt,lu,primarykey,sql_declaration,sql_type,system_type) VALUES ('idprogettotesto','progettotesto','4',null,null,null,'S',{ts '2020-05-25 13:16:03.533'},'assistenza','S','int','int','System.Int32')
GO

IF exists(SELECT * FROM [coldescr] WHERE colname = 'lt' AND tablename = 'progettotesto')
UPDATE [coldescr] SET col_len = '8',col_precision = null,col_scale = null,description = null,kind = 'S',lt = {ts '2020-05-25 13:16:03.533'},lu = 'assistenza',primarykey = 'N',sql_declaration = 'datetime',sql_type = 'datetime',system_type = 'System.DateTime' WHERE colname = 'lt' AND tablename = 'progettotesto'
ELSE
INSERT INTO [coldescr] (colname,tablename,col_len,col_precision,col_scale,description,kind,lt,lu,primarykey,sql_declaration,sql_type,system_type) VALUES ('lt','progettotesto','8',null,null,null,'S',{ts '2020-05-25 13:16:03.533'},'assistenza','N','datetime','datetime','System.DateTime')
GO

IF exists(SELECT * FROM [coldescr] WHERE colname = 'lu' AND tablename = 'progettotesto')
UPDATE [coldescr] SET col_len = '64',col_precision = null,col_scale = null,description = null,kind = 'S',lt = {ts '2020-05-25 13:16:03.533'},lu = 'assistenza',primarykey = 'N',sql_declaration = 'varchar(64)',sql_type = 'varchar',system_type = 'System.String' WHERE colname = 'lu' AND tablename = 'progettotesto'
ELSE
INSERT INTO [coldescr] (colname,tablename,col_len,col_precision,col_scale,description,kind,lt,lu,primarykey,sql_declaration,sql_type,system_type) VALUES ('lu','progettotesto','64',null,null,null,'S',{ts '2020-05-25 13:16:03.533'},'assistenza','N','varchar(64)','varchar','System.String')
GO

IF exists(SELECT * FROM [coldescr] WHERE colname = 'sortcode' AND tablename = 'progettotesto')
UPDATE [coldescr] SET col_len = '4',col_precision = null,col_scale = null,description = 'Ordine di presentazione',kind = 'S',lt = {ts '2020-05-25 13:16:30.120'},lu = 'assistenza',primarykey = 'N',sql_declaration = 'int',sql_type = 'int',system_type = 'System.Int32' WHERE colname = 'sortcode' AND tablename = 'progettotesto'
ELSE
INSERT INTO [coldescr] (colname,tablename,col_len,col_precision,col_scale,description,kind,lt,lu,primarykey,sql_declaration,sql_type,system_type) VALUES ('sortcode','progettotesto','4',null,null,'Ordine di presentazione','S',{ts '2020-05-25 13:16:30.120'},'assistenza','N','int','int','System.Int32')
GO

IF exists(SELECT * FROM [coldescr] WHERE colname = 'title' AND tablename = 'progettotesto')
UPDATE [coldescr] SET col_len = '2048',col_precision = null,col_scale = null,description = 'Titolo',kind = 'S',lt = {ts '2020-05-25 13:16:30.120'},lu = 'assistenza',primarykey = 'N',sql_declaration = 'nvarchar(2048)',sql_type = 'nvarchar',system_type = 'System.String' WHERE colname = 'title' AND tablename = 'progettotesto'
ELSE
INSERT INTO [coldescr] (colname,tablename,col_len,col_precision,col_scale,description,kind,lt,lu,primarykey,sql_declaration,sql_type,system_type) VALUES ('title','progettotesto','2048',null,null,'Titolo','S',{ts '2020-05-25 13:16:30.120'},'assistenza','N','nvarchar(2048)','nvarchar','System.String')
GO

-- FINE GENERAZIONE SCRIPT --


-- GENERAZIONE DATI PER tabledescr --
IF exists(SELECT * FROM [tabledescr] WHERE tablename = 'progettotestokind')
UPDATE [tabledescr] SET description = 'Testi nei 2.7.10 modelli di progetto',idapplication = '3',isdbo = 'S',lt = {ts '2021-02-19 17:17:51.067'},lu = 'assistenza',title = 'Testi nei modelli di progetto' WHERE tablename = 'progettotestokind'
ELSE
INSERT INTO [tabledescr] (tablename,description,idapplication,isdbo,lt,lu,title) VALUES ('progettotestokind','Testi nei 2.7.10 modelli di progetto','3','S',{ts '2021-02-19 17:17:51.067'},'assistenza','Testi nei modelli di progetto')
GO

-- FINE GENERAZIONE SCRIPT --


-- GENERAZIONE DATI PER coldescr --
IF exists(SELECT * FROM [coldescr] WHERE colname = 'ct' AND tablename = 'progettotestokind')
UPDATE [coldescr] SET col_len = '8',col_precision = null,col_scale = null,description = null,kind = 'S',lt = {ts '2020-05-25 13:18:03.177'},lu = 'assistenza',primarykey = 'N',sql_declaration = 'datetime',sql_type = 'datetime',system_type = 'System.DateTime' WHERE colname = 'ct' AND tablename = 'progettotestokind'
ELSE
INSERT INTO [coldescr] (colname,tablename,col_len,col_precision,col_scale,description,kind,lt,lu,primarykey,sql_declaration,sql_type,system_type) VALUES ('ct','progettotestokind','8',null,null,null,'S',{ts '2020-05-25 13:18:03.177'},'assistenza','N','datetime','datetime','System.DateTime')
GO

IF exists(SELECT * FROM [coldescr] WHERE colname = 'cu' AND tablename = 'progettotestokind')
UPDATE [coldescr] SET col_len = '64',col_precision = null,col_scale = null,description = null,kind = 'S',lt = {ts '2020-05-25 13:18:03.177'},lu = 'assistenza',primarykey = 'N',sql_declaration = 'varchar(64)',sql_type = 'varchar',system_type = 'System.String' WHERE colname = 'cu' AND tablename = 'progettotestokind'
ELSE
INSERT INTO [coldescr] (colname,tablename,col_len,col_precision,col_scale,description,kind,lt,lu,primarykey,sql_declaration,sql_type,system_type) VALUES ('cu','progettotestokind','64',null,null,null,'S',{ts '2020-05-25 13:18:03.177'},'assistenza','N','varchar(64)','varchar','System.String')
GO

IF exists(SELECT * FROM [coldescr] WHERE colname = 'idprogettokind' AND tablename = 'progettotestokind')
UPDATE [coldescr] SET col_len = '4',col_precision = null,col_scale = null,description = null,kind = 'S',lt = {ts '2020-05-25 13:18:03.177'},lu = 'assistenza',primarykey = 'S',sql_declaration = 'int',sql_type = 'int',system_type = 'System.Int32' WHERE colname = 'idprogettokind' AND tablename = 'progettotestokind'
ELSE
INSERT INTO [coldescr] (colname,tablename,col_len,col_precision,col_scale,description,kind,lt,lu,primarykey,sql_declaration,sql_type,system_type) VALUES ('idprogettokind','progettotestokind','4',null,null,null,'S',{ts '2020-05-25 13:18:03.177'},'assistenza','S','int','int','System.Int32')
GO

IF exists(SELECT * FROM [coldescr] WHERE colname = 'idprogettotestokind' AND tablename = 'progettotestokind')
UPDATE [coldescr] SET col_len = '4',col_precision = null,col_scale = null,description = null,kind = 'S',lt = {ts '2020-05-25 13:18:03.177'},lu = 'assistenza',primarykey = 'S',sql_declaration = 'int',sql_type = 'int',system_type = 'System.Int32' WHERE colname = 'idprogettotestokind' AND tablename = 'progettotestokind'
ELSE
INSERT INTO [coldescr] (colname,tablename,col_len,col_precision,col_scale,description,kind,lt,lu,primarykey,sql_declaration,sql_type,system_type) VALUES ('idprogettotestokind','progettotestokind','4',null,null,null,'S',{ts '2020-05-25 13:18:03.177'},'assistenza','S','int','int','System.Int32')
GO

IF exists(SELECT * FROM [coldescr] WHERE colname = 'lt' AND tablename = 'progettotestokind')
UPDATE [coldescr] SET col_len = '8',col_precision = null,col_scale = null,description = null,kind = 'S',lt = {ts '2020-05-25 13:18:03.177'},lu = 'assistenza',primarykey = 'N',sql_declaration = 'datetime',sql_type = 'datetime',system_type = 'System.DateTime' WHERE colname = 'lt' AND tablename = 'progettotestokind'
ELSE
INSERT INTO [coldescr] (colname,tablename,col_len,col_precision,col_scale,description,kind,lt,lu,primarykey,sql_declaration,sql_type,system_type) VALUES ('lt','progettotestokind','8',null,null,null,'S',{ts '2020-05-25 13:18:03.177'},'assistenza','N','datetime','datetime','System.DateTime')
GO

IF exists(SELECT * FROM [coldescr] WHERE colname = 'lu' AND tablename = 'progettotestokind')
UPDATE [coldescr] SET col_len = '64',col_precision = null,col_scale = null,description = null,kind = 'S',lt = {ts '2020-05-25 13:18:03.177'},lu = 'assistenza',primarykey = 'N',sql_declaration = 'varchar(64)',sql_type = 'varchar',system_type = 'System.String' WHERE colname = 'lu' AND tablename = 'progettotestokind'
ELSE
INSERT INTO [coldescr] (colname,tablename,col_len,col_precision,col_scale,description,kind,lt,lu,primarykey,sql_declaration,sql_type,system_type) VALUES ('lu','progettotestokind','64',null,null,null,'S',{ts '2020-05-25 13:18:03.177'},'assistenza','N','varchar(64)','varchar','System.String')
GO

IF exists(SELECT * FROM [coldescr] WHERE colname = 'sortcode' AND tablename = 'progettotestokind')
UPDATE [coldescr] SET col_len = '4',col_precision = null,col_scale = null,description = 'Ordine di presentazione',kind = 'S',lt = {ts '2020-05-25 13:18:35.983'},lu = 'assistenza',primarykey = 'N',sql_declaration = 'int',sql_type = 'int',system_type = 'System.Int32' WHERE colname = 'sortcode' AND tablename = 'progettotestokind'
ELSE
INSERT INTO [coldescr] (colname,tablename,col_len,col_precision,col_scale,description,kind,lt,lu,primarykey,sql_declaration,sql_type,system_type) VALUES ('sortcode','progettotestokind','4',null,null,'Ordine di presentazione','S',{ts '2020-05-25 13:18:35.983'},'assistenza','N','int','int','System.Int32')
GO

IF exists(SELECT * FROM [coldescr] WHERE colname = 'titolo' AND tablename = 'progettotestokind')
UPDATE [coldescr] SET col_len = '2048',col_precision = null,col_scale = null,description = 'Titolo',kind = 'S',lt = {ts '2020-05-26 18:09:30.050'},lu = 'assistenza',primarykey = 'N',sql_declaration = 'nvarchar(2048)',sql_type = 'nvarchar',system_type = 'System.String' WHERE colname = 'titolo' AND tablename = 'progettotestokind'
ELSE
INSERT INTO [coldescr] (colname,tablename,col_len,col_precision,col_scale,description,kind,lt,lu,primarykey,sql_declaration,sql_type,system_type) VALUES ('titolo','progettotestokind','2048',null,null,'Titolo','S',{ts '2020-05-26 18:09:30.050'},'assistenza','N','nvarchar(2048)','nvarchar','System.String')
GO

-- FINE GENERAZIONE SCRIPT --


-- GENERAZIONE DATI PER tabledescr --
IF exists(SELECT * FROM [tabledescr] WHERE tablename = 'progettotestokindprogettostatuskind')
UPDATE [tabledescr] SET description = 'Stati in cui il testo è obbligatorio',idapplication = '3',isdbo = 'S',lt = {ts '2021-02-19 17:19:03.207'},lu = 'assistenza',title = 'Stati in cui il testo è obbligatorio' WHERE tablename = 'progettotestokindprogettostatuskind'
ELSE
INSERT INTO [tabledescr] (tablename,description,idapplication,isdbo,lt,lu,title) VALUES ('progettotestokindprogettostatuskind','Stati in cui il testo è obbligatorio','3','S',{ts '2021-02-19 17:19:03.207'},'assistenza','Stati in cui il testo è obbligatorio')
GO

-- FINE GENERAZIONE SCRIPT --


-- GENERAZIONE DATI PER coldescr --
IF exists(SELECT * FROM [coldescr] WHERE colname = 'ct' AND tablename = 'progettotestokindprogettostatuskind')
UPDATE [coldescr] SET col_len = '8',col_precision = null,col_scale = null,description = null,kind = 'S',lt = {ts '2020-11-12 16:18:33.673'},lu = 'assistenza',primarykey = 'N',sql_declaration = 'datetime',sql_type = 'datetime',system_type = 'System.DateTime' WHERE colname = 'ct' AND tablename = 'progettotestokindprogettostatuskind'
ELSE
INSERT INTO [coldescr] (colname,tablename,col_len,col_precision,col_scale,description,kind,lt,lu,primarykey,sql_declaration,sql_type,system_type) VALUES ('ct','progettotestokindprogettostatuskind','8',null,null,null,'S',{ts '2020-11-12 16:18:33.673'},'assistenza','N','datetime','datetime','System.DateTime')
GO

IF exists(SELECT * FROM [coldescr] WHERE colname = 'cu' AND tablename = 'progettotestokindprogettostatuskind')
UPDATE [coldescr] SET col_len = '60',col_precision = null,col_scale = null,description = null,kind = 'S',lt = {ts '2020-11-12 16:18:33.673'},lu = 'assistenza',primarykey = 'N',sql_declaration = 'varchar(60)',sql_type = 'varchar',system_type = 'System.String' WHERE colname = 'cu' AND tablename = 'progettotestokindprogettostatuskind'
ELSE
INSERT INTO [coldescr] (colname,tablename,col_len,col_precision,col_scale,description,kind,lt,lu,primarykey,sql_declaration,sql_type,system_type) VALUES ('cu','progettotestokindprogettostatuskind','60',null,null,null,'S',{ts '2020-11-12 16:18:33.673'},'assistenza','N','varchar(60)','varchar','System.String')
GO

IF exists(SELECT * FROM [coldescr] WHERE colname = 'idprogettostatuskind' AND tablename = 'progettotestokindprogettostatuskind')
UPDATE [coldescr] SET col_len = '4',col_precision = null,col_scale = null,description = 'Stato',kind = 'S',lt = {ts '2020-11-12 16:18:43.750'},lu = 'assistenza',primarykey = 'S',sql_declaration = 'int',sql_type = 'int',system_type = 'System.Int32' WHERE colname = 'idprogettostatuskind' AND tablename = 'progettotestokindprogettostatuskind'
ELSE
INSERT INTO [coldescr] (colname,tablename,col_len,col_precision,col_scale,description,kind,lt,lu,primarykey,sql_declaration,sql_type,system_type) VALUES ('idprogettostatuskind','progettotestokindprogettostatuskind','4',null,null,'Stato','S',{ts '2020-11-12 16:18:43.750'},'assistenza','S','int','int','System.Int32')
GO

IF exists(SELECT * FROM [coldescr] WHERE colname = 'idprogettotestokind' AND tablename = 'progettotestokindprogettostatuskind')
UPDATE [coldescr] SET col_len = '4',col_precision = null,col_scale = null,description = null,kind = 'S',lt = {ts '2020-11-12 16:18:33.673'},lu = 'assistenza',primarykey = 'S',sql_declaration = 'int',sql_type = 'int',system_type = 'System.Int32' WHERE colname = 'idprogettotestokind' AND tablename = 'progettotestokindprogettostatuskind'
ELSE
INSERT INTO [coldescr] (colname,tablename,col_len,col_precision,col_scale,description,kind,lt,lu,primarykey,sql_declaration,sql_type,system_type) VALUES ('idprogettotestokind','progettotestokindprogettostatuskind','4',null,null,null,'S',{ts '2020-11-12 16:18:33.673'},'assistenza','S','int','int','System.Int32')
GO

IF exists(SELECT * FROM [coldescr] WHERE colname = 'lt' AND tablename = 'progettotestokindprogettostatuskind')
UPDATE [coldescr] SET col_len = '8',col_precision = null,col_scale = null,description = null,kind = 'S',lt = {ts '2020-11-12 16:18:33.677'},lu = 'assistenza',primarykey = 'N',sql_declaration = 'datetime',sql_type = 'datetime',system_type = 'System.DateTime' WHERE colname = 'lt' AND tablename = 'progettotestokindprogettostatuskind'
ELSE
INSERT INTO [coldescr] (colname,tablename,col_len,col_precision,col_scale,description,kind,lt,lu,primarykey,sql_declaration,sql_type,system_type) VALUES ('lt','progettotestokindprogettostatuskind','8',null,null,null,'S',{ts '2020-11-12 16:18:33.677'},'assistenza','N','datetime','datetime','System.DateTime')
GO

IF exists(SELECT * FROM [coldescr] WHERE colname = 'lu' AND tablename = 'progettotestokindprogettostatuskind')
UPDATE [coldescr] SET col_len = '60',col_precision = null,col_scale = null,description = null,kind = 'S',lt = {ts '2020-11-12 16:18:33.677'},lu = 'assistenza',primarykey = 'N',sql_declaration = 'varchar(60)',sql_type = 'varchar',system_type = 'System.String' WHERE colname = 'lu' AND tablename = 'progettotestokindprogettostatuskind'
ELSE
INSERT INTO [coldescr] (colname,tablename,col_len,col_precision,col_scale,description,kind,lt,lu,primarykey,sql_declaration,sql_type,system_type) VALUES ('lu','progettotestokindprogettostatuskind','60',null,null,null,'S',{ts '2020-11-12 16:18:33.677'},'assistenza','N','varchar(60)','varchar','System.String')
GO

-- FINE GENERAZIONE SCRIPT --


-- GENERAZIONE DATI PER tabledescr --
IF exists(SELECT * FROM [tabledescr] WHERE tablename = 'progettotimesheet')
UPDATE [tabledescr] SET description = 'Timesheets',idapplication = '3',isdbo = 'S',lt = {ts '2021-02-03 11:24:45.727'},lu = 'assistenza',title = 'Timesheets' WHERE tablename = 'progettotimesheet'
ELSE
INSERT INTO [tabledescr] (tablename,description,idapplication,isdbo,lt,lu,title) VALUES ('progettotimesheet','Timesheets','3','S',{ts '2021-02-03 11:24:45.727'},'assistenza','Timesheets')
GO

-- FINE GENERAZIONE SCRIPT --


-- GENERAZIONE DATI PER coldescr --
IF exists(SELECT * FROM [coldescr] WHERE colname = 'ct' AND tablename = 'progettotimesheet')
UPDATE [coldescr] SET col_len = '8',col_precision = null,col_scale = null,description = null,kind = 'S',lt = {ts '2021-02-03 11:30:13.560'},lu = 'assistenza',primarykey = 'N',sql_declaration = 'datetime',sql_type = 'datetime',system_type = 'System.DateTime' WHERE colname = 'ct' AND tablename = 'progettotimesheet'
ELSE
INSERT INTO [coldescr] (colname,tablename,col_len,col_precision,col_scale,description,kind,lt,lu,primarykey,sql_declaration,sql_type,system_type) VALUES ('ct','progettotimesheet','8',null,null,null,'S',{ts '2021-02-03 11:30:13.560'},'assistenza','N','datetime','datetime','System.DateTime')
GO

IF exists(SELECT * FROM [coldescr] WHERE colname = 'cu' AND tablename = 'progettotimesheet')
UPDATE [coldescr] SET col_len = '60',col_precision = null,col_scale = null,description = null,kind = 'S',lt = {ts '2021-02-03 11:30:13.560'},lu = 'assistenza',primarykey = 'N',sql_declaration = 'varchar(60)',sql_type = 'varchar',system_type = 'System.String' WHERE colname = 'cu' AND tablename = 'progettotimesheet'
ELSE
INSERT INTO [coldescr] (colname,tablename,col_len,col_precision,col_scale,description,kind,lt,lu,primarykey,sql_declaration,sql_type,system_type) VALUES ('cu','progettotimesheet','60',null,null,null,'S',{ts '2021-02-03 11:30:13.560'},'assistenza','N','varchar(60)','varchar','System.String')
GO

IF exists(SELECT * FROM [coldescr] WHERE colname = 'idprogettotimesheet' AND tablename = 'progettotimesheet')
UPDATE [coldescr] SET col_len = '4',col_precision = null,col_scale = null,description = null,kind = 'S',lt = {ts '2021-02-03 12:19:10.057'},lu = 'assistenza',primarykey = 'S',sql_declaration = 'int',sql_type = 'int',system_type = 'System.Int32' WHERE colname = 'idprogettotimesheet' AND tablename = 'progettotimesheet'
ELSE
INSERT INTO [coldescr] (colname,tablename,col_len,col_precision,col_scale,description,kind,lt,lu,primarykey,sql_declaration,sql_type,system_type) VALUES ('idprogettotimesheet','progettotimesheet','4',null,null,null,'S',{ts '2021-02-03 12:19:10.057'},'assistenza','S','int','int','System.Int32')
GO

IF exists(SELECT * FROM [coldescr] WHERE colname = 'idreg' AND tablename = 'progettotimesheet')
UPDATE [coldescr] SET col_len = '4',col_precision = null,col_scale = null,description = null,kind = 'S',lt = {ts '2021-02-03 11:30:13.563'},lu = 'assistenza',primarykey = 'S',sql_declaration = 'int',sql_type = 'int',system_type = 'System.Int32' WHERE colname = 'idreg' AND tablename = 'progettotimesheet'
ELSE
INSERT INTO [coldescr] (colname,tablename,col_len,col_precision,col_scale,description,kind,lt,lu,primarykey,sql_declaration,sql_type,system_type) VALUES ('idreg','progettotimesheet','4',null,null,null,'S',{ts '2021-02-03 11:30:13.563'},'assistenza','S','int','int','System.Int32')
GO

IF exists(SELECT * FROM [coldescr] WHERE colname = 'lt' AND tablename = 'progettotimesheet')
UPDATE [coldescr] SET col_len = '8',col_precision = null,col_scale = null,description = null,kind = 'S',lt = {ts '2021-02-03 11:30:13.563'},lu = 'assistenza',primarykey = 'N',sql_declaration = 'datetime',sql_type = 'datetime',system_type = 'System.DateTime' WHERE colname = 'lt' AND tablename = 'progettotimesheet'
ELSE
INSERT INTO [coldescr] (colname,tablename,col_len,col_precision,col_scale,description,kind,lt,lu,primarykey,sql_declaration,sql_type,system_type) VALUES ('lt','progettotimesheet','8',null,null,null,'S',{ts '2021-02-03 11:30:13.563'},'assistenza','N','datetime','datetime','System.DateTime')
GO

IF exists(SELECT * FROM [coldescr] WHERE colname = 'lu' AND tablename = 'progettotimesheet')
UPDATE [coldescr] SET col_len = '60',col_precision = null,col_scale = null,description = null,kind = 'S',lt = {ts '2021-02-03 11:30:13.563'},lu = 'assistenza',primarykey = 'N',sql_declaration = 'varchar(60)',sql_type = 'varchar',system_type = 'System.String' WHERE colname = 'lu' AND tablename = 'progettotimesheet'
ELSE
INSERT INTO [coldescr] (colname,tablename,col_len,col_precision,col_scale,description,kind,lt,lu,primarykey,sql_declaration,sql_type,system_type) VALUES ('lu','progettotimesheet','60',null,null,null,'S',{ts '2021-02-03 11:30:13.563'},'assistenza','N','varchar(60)','varchar','System.String')
GO

IF exists(SELECT * FROM [coldescr] WHERE colname = 'showactivitiesrow' AND tablename = 'progettotimesheet')
UPDATE [coldescr] SET col_len = '1',col_precision = null,col_scale = null,description = 'Visualizza la riga con il totale giornaliero',kind = 'S',lt = {ts '2021-02-03 11:38:05.607'},lu = 'assistenza',primarykey = 'N',sql_declaration = 'char(1)',sql_type = 'char',system_type = 'System.String' WHERE colname = 'showactivitiesrow' AND tablename = 'progettotimesheet'
ELSE
INSERT INTO [coldescr] (colname,tablename,col_len,col_precision,col_scale,description,kind,lt,lu,primarykey,sql_declaration,sql_type,system_type) VALUES ('showactivitiesrow','progettotimesheet','1',null,null,'Visualizza la riga con il totale giornaliero','S',{ts '2021-02-03 11:38:05.607'},'assistenza','N','char(1)','char','System.String')
GO

IF exists(SELECT * FROM [coldescr] WHERE colname = 'title' AND tablename = 'progettotimesheet')
UPDATE [coldescr] SET col_len = '2048',col_precision = null,col_scale = null,description = 'Descrizione',kind = 'S',lt = {ts '2021-02-03 11:30:50.300'},lu = 'assistenza',primarykey = 'N',sql_declaration = 'nvarchar(2048)',sql_type = 'nvarchar',system_type = 'System.String' WHERE colname = 'title' AND tablename = 'progettotimesheet'
ELSE
INSERT INTO [coldescr] (colname,tablename,col_len,col_precision,col_scale,description,kind,lt,lu,primarykey,sql_declaration,sql_type,system_type) VALUES ('title','progettotimesheet','2048',null,null,'Descrizione','S',{ts '2021-02-03 11:30:50.300'},'assistenza','N','nvarchar(2048)','nvarchar','System.String')
GO

IF exists(SELECT * FROM [coldescr] WHERE colname = 'year' AND tablename = 'progettotimesheet')
UPDATE [coldescr] SET col_len = '4',col_precision = null,col_scale = null,description = 'Anno',kind = 'S',lt = {ts '2021-02-03 12:19:07.873'},lu = 'assistenza',primarykey = 'N',sql_declaration = 'int',sql_type = 'int',system_type = 'System.Int32' WHERE colname = 'year' AND tablename = 'progettotimesheet'
ELSE
INSERT INTO [coldescr] (colname,tablename,col_len,col_precision,col_scale,description,kind,lt,lu,primarykey,sql_declaration,sql_type,system_type) VALUES ('year','progettotimesheet','4',null,null,'Anno','S',{ts '2021-02-03 12:19:07.873'},'assistenza','N','int','int','System.Int32')
GO

-- FINE GENERAZIONE SCRIPT --


-- GENERAZIONE DATI PER tabledescr --
IF exists(SELECT * FROM [tabledescr] WHERE tablename = 'progettotimesheetprogetto')
UPDATE [tabledescr] SET description = 'Progetti da visualizzare nel timesheet',idapplication = '3',isdbo = 'S',lt = {ts '2021-02-03 11:31:39.867'},lu = 'assistenza',title = 'Progetti da visualizzare nel timesheet' WHERE tablename = 'progettotimesheetprogetto'
ELSE
INSERT INTO [tabledescr] (tablename,description,idapplication,isdbo,lt,lu,title) VALUES ('progettotimesheetprogetto','Progetti da visualizzare nel timesheet','3','S',{ts '2021-02-03 11:31:39.867'},'assistenza','Progetti da visualizzare nel timesheet')
GO

-- FINE GENERAZIONE SCRIPT --


-- GENERAZIONE DATI PER coldescr --
IF exists(SELECT * FROM [coldescr] WHERE colname = 'ct' AND tablename = 'progettotimesheetprogetto')
UPDATE [coldescr] SET col_len = '8',col_precision = null,col_scale = null,description = null,kind = 'S',lt = {ts '2021-02-03 11:31:42.897'},lu = 'assistenza',primarykey = 'N',sql_declaration = 'datetime',sql_type = 'datetime',system_type = 'System.DateTime' WHERE colname = 'ct' AND tablename = 'progettotimesheetprogetto'
ELSE
INSERT INTO [coldescr] (colname,tablename,col_len,col_precision,col_scale,description,kind,lt,lu,primarykey,sql_declaration,sql_type,system_type) VALUES ('ct','progettotimesheetprogetto','8',null,null,null,'S',{ts '2021-02-03 11:31:42.897'},'assistenza','N','datetime','datetime','System.DateTime')
GO

IF exists(SELECT * FROM [coldescr] WHERE colname = 'cu' AND tablename = 'progettotimesheetprogetto')
UPDATE [coldescr] SET col_len = '60',col_precision = null,col_scale = null,description = null,kind = 'S',lt = {ts '2021-02-03 11:31:42.900'},lu = 'assistenza',primarykey = 'N',sql_declaration = 'varchar(60)',sql_type = 'varchar',system_type = 'System.String' WHERE colname = 'cu' AND tablename = 'progettotimesheetprogetto'
ELSE
INSERT INTO [coldescr] (colname,tablename,col_len,col_precision,col_scale,description,kind,lt,lu,primarykey,sql_declaration,sql_type,system_type) VALUES ('cu','progettotimesheetprogetto','60',null,null,null,'S',{ts '2021-02-03 11:31:42.900'},'assistenza','N','varchar(60)','varchar','System.String')
GO

IF exists(SELECT * FROM [coldescr] WHERE colname = 'idprogetto' AND tablename = 'progettotimesheetprogetto')
UPDATE [coldescr] SET col_len = '4',col_precision = null,col_scale = null,description = null,kind = 'S',lt = {ts '2021-02-03 11:31:42.900'},lu = 'assistenza',primarykey = 'S',sql_declaration = 'int',sql_type = 'int',system_type = 'System.Int32' WHERE colname = 'idprogetto' AND tablename = 'progettotimesheetprogetto'
ELSE
INSERT INTO [coldescr] (colname,tablename,col_len,col_precision,col_scale,description,kind,lt,lu,primarykey,sql_declaration,sql_type,system_type) VALUES ('idprogetto','progettotimesheetprogetto','4',null,null,null,'S',{ts '2021-02-03 11:31:42.900'},'assistenza','S','int','int','System.Int32')
GO

IF exists(SELECT * FROM [coldescr] WHERE colname = 'idprogettotimesheet' AND tablename = 'progettotimesheetprogetto')
UPDATE [coldescr] SET col_len = '4',col_precision = null,col_scale = null,description = null,kind = 'S',lt = {ts '2021-02-03 11:31:42.900'},lu = 'assistenza',primarykey = 'S',sql_declaration = 'int',sql_type = 'int',system_type = 'System.Int32' WHERE colname = 'idprogettotimesheet' AND tablename = 'progettotimesheetprogetto'
ELSE
INSERT INTO [coldescr] (colname,tablename,col_len,col_precision,col_scale,description,kind,lt,lu,primarykey,sql_declaration,sql_type,system_type) VALUES ('idprogettotimesheet','progettotimesheetprogetto','4',null,null,null,'S',{ts '2021-02-03 11:31:42.900'},'assistenza','S','int','int','System.Int32')
GO

IF exists(SELECT * FROM [coldescr] WHERE colname = 'lt' AND tablename = 'progettotimesheetprogetto')
UPDATE [coldescr] SET col_len = '8',col_precision = null,col_scale = null,description = null,kind = 'S',lt = {ts '2021-02-03 11:31:42.900'},lu = 'assistenza',primarykey = 'N',sql_declaration = 'datetime',sql_type = 'datetime',system_type = 'System.DateTime' WHERE colname = 'lt' AND tablename = 'progettotimesheetprogetto'
ELSE
INSERT INTO [coldescr] (colname,tablename,col_len,col_precision,col_scale,description,kind,lt,lu,primarykey,sql_declaration,sql_type,system_type) VALUES ('lt','progettotimesheetprogetto','8',null,null,null,'S',{ts '2021-02-03 11:31:42.900'},'assistenza','N','datetime','datetime','System.DateTime')
GO

IF exists(SELECT * FROM [coldescr] WHERE colname = 'lu' AND tablename = 'progettotimesheetprogetto')
UPDATE [coldescr] SET col_len = '60',col_precision = null,col_scale = null,description = null,kind = 'S',lt = {ts '2021-02-03 11:31:42.900'},lu = 'assistenza',primarykey = 'N',sql_declaration = 'varchar(60)',sql_type = 'varchar',system_type = 'System.String' WHERE colname = 'lu' AND tablename = 'progettotimesheetprogetto'
ELSE
INSERT INTO [coldescr] (colname,tablename,col_len,col_precision,col_scale,description,kind,lt,lu,primarykey,sql_declaration,sql_type,system_type) VALUES ('lu','progettotimesheetprogetto','60',null,null,null,'S',{ts '2021-02-03 11:31:42.900'},'assistenza','N','varchar(60)','varchar','System.String')
GO

-- FINE GENERAZIONE SCRIPT --


-- GENERAZIONE DATI PER tabledescr --
IF exists(SELECT * FROM [tabledescr] WHERE tablename = 'progettotipocosto')
UPDATE [tabledescr] SET description = '2.7.4 Voce di costo',idapplication = '3',isdbo = 'N',lt = {ts '2021-02-19 16:44:15.677'},lu = 'assistenza',title = 'Voce di costo' WHERE tablename = 'progettotipocosto'
ELSE
INSERT INTO [tabledescr] (tablename,description,idapplication,isdbo,lt,lu,title) VALUES ('progettotipocosto','2.7.4 Voce di costo','3','N',{ts '2021-02-19 16:44:15.677'},'assistenza','Voce di costo')
GO

-- FINE GENERAZIONE SCRIPT --


-- GENERAZIONE DATI PER coldescr --
IF exists(SELECT * FROM [coldescr] WHERE colname = 'ammissibilita' AND tablename = 'progettotipocosto')
UPDATE [coldescr] SET col_len = '5',col_precision = '5',col_scale = '2',description = 'Ammissibilità (%)',kind = 'S',lt = {ts '2020-11-02 18:41:54.357'},lu = 'assistenza',primarykey = 'N',sql_declaration = 'decimal(5,2)',sql_type = 'decimal',system_type = 'System.Decimal' WHERE colname = 'ammissibilita' AND tablename = 'progettotipocosto'
ELSE
INSERT INTO [coldescr] (colname,tablename,col_len,col_precision,col_scale,description,kind,lt,lu,primarykey,sql_declaration,sql_type,system_type) VALUES ('ammissibilita','progettotipocosto','5','5','2','Ammissibilità (%)','S',{ts '2020-11-02 18:41:54.357'},'assistenza','N','decimal(5,2)','decimal','System.Decimal')
GO

IF exists(SELECT * FROM [coldescr] WHERE colname = 'ct' AND tablename = 'progettotipocosto')
UPDATE [coldescr] SET col_len = '8',col_precision = null,col_scale = null,description = null,kind = 'S',lt = {ts '2020-06-18 12:04:28.390'},lu = 'assistenza',primarykey = 'N',sql_declaration = 'datetime',sql_type = 'datetime',system_type = 'System.DateTime' WHERE colname = 'ct' AND tablename = 'progettotipocosto'
ELSE
INSERT INTO [coldescr] (colname,tablename,col_len,col_precision,col_scale,description,kind,lt,lu,primarykey,sql_declaration,sql_type,system_type) VALUES ('ct','progettotipocosto','8',null,null,null,'S',{ts '2020-06-18 12:04:28.390'},'assistenza','N','datetime','datetime','System.DateTime')
GO

IF exists(SELECT * FROM [coldescr] WHERE colname = 'cu' AND tablename = 'progettotipocosto')
UPDATE [coldescr] SET col_len = '64',col_precision = null,col_scale = null,description = null,kind = 'S',lt = {ts '2020-06-18 12:04:28.390'},lu = 'assistenza',primarykey = 'N',sql_declaration = 'varchar(64)',sql_type = 'varchar',system_type = 'System.String' WHERE colname = 'cu' AND tablename = 'progettotipocosto'
ELSE
INSERT INTO [coldescr] (colname,tablename,col_len,col_precision,col_scale,description,kind,lt,lu,primarykey,sql_declaration,sql_type,system_type) VALUES ('cu','progettotipocosto','64',null,null,null,'S',{ts '2020-06-18 12:04:28.390'},'assistenza','N','varchar(64)','varchar','System.String')
GO

IF exists(SELECT * FROM [coldescr] WHERE colname = 'idprogetto' AND tablename = 'progettotipocosto')
UPDATE [coldescr] SET col_len = '4',col_precision = null,col_scale = null,description = null,kind = 'S',lt = {ts '2020-06-18 12:04:28.390'},lu = 'assistenza',primarykey = 'S',sql_declaration = 'int',sql_type = 'int',system_type = 'System.Int32' WHERE colname = 'idprogetto' AND tablename = 'progettotipocosto'
ELSE
INSERT INTO [coldescr] (colname,tablename,col_len,col_precision,col_scale,description,kind,lt,lu,primarykey,sql_declaration,sql_type,system_type) VALUES ('idprogetto','progettotipocosto','4',null,null,null,'S',{ts '2020-06-18 12:04:28.390'},'assistenza','S','int','int','System.Int32')
GO

IF exists(SELECT * FROM [coldescr] WHERE colname = 'idprogettotipocosto' AND tablename = 'progettotipocosto')
UPDATE [coldescr] SET col_len = '4',col_precision = null,col_scale = null,description = null,kind = 'S',lt = {ts '2020-06-18 12:04:28.393'},lu = 'assistenza',primarykey = 'S',sql_declaration = 'int',sql_type = 'int',system_type = 'System.Int32' WHERE colname = 'idprogettotipocosto' AND tablename = 'progettotipocosto'
ELSE
INSERT INTO [coldescr] (colname,tablename,col_len,col_precision,col_scale,description,kind,lt,lu,primarykey,sql_declaration,sql_type,system_type) VALUES ('idprogettotipocosto','progettotipocosto','4',null,null,null,'S',{ts '2020-06-18 12:04:28.393'},'assistenza','S','int','int','System.Int32')
GO

IF exists(SELECT * FROM [coldescr] WHERE colname = 'idprogettotipocostokind' AND tablename = 'progettotipocosto')
UPDATE [coldescr] SET col_len = '4',col_precision = null,col_scale = null,description = 'Voce di costo',kind = 'S',lt = {ts '2020-06-18 12:07:21.417'},lu = 'assistenza',primarykey = 'N',sql_declaration = 'int',sql_type = 'int',system_type = 'System.Int32' WHERE colname = 'idprogettotipocostokind' AND tablename = 'progettotipocosto'
ELSE
INSERT INTO [coldescr] (colname,tablename,col_len,col_precision,col_scale,description,kind,lt,lu,primarykey,sql_declaration,sql_type,system_type) VALUES ('idprogettotipocostokind','progettotipocosto','4',null,null,'Voce di costo','S',{ts '2020-06-18 12:07:21.417'},'assistenza','N','int','int','System.Int32')
GO

IF exists(SELECT * FROM [coldescr] WHERE colname = 'lt' AND tablename = 'progettotipocosto')
UPDATE [coldescr] SET col_len = '8',col_precision = null,col_scale = null,description = null,kind = 'S',lt = {ts '2020-06-18 12:04:28.393'},lu = 'assistenza',primarykey = 'N',sql_declaration = 'datetime',sql_type = 'datetime',system_type = 'System.DateTime' WHERE colname = 'lt' AND tablename = 'progettotipocosto'
ELSE
INSERT INTO [coldescr] (colname,tablename,col_len,col_precision,col_scale,description,kind,lt,lu,primarykey,sql_declaration,sql_type,system_type) VALUES ('lt','progettotipocosto','8',null,null,null,'S',{ts '2020-06-18 12:04:28.393'},'assistenza','N','datetime','datetime','System.DateTime')
GO

IF exists(SELECT * FROM [coldescr] WHERE colname = 'lu' AND tablename = 'progettotipocosto')
UPDATE [coldescr] SET col_len = '64',col_precision = null,col_scale = null,description = null,kind = 'S',lt = {ts '2020-06-18 12:04:28.393'},lu = 'assistenza',primarykey = 'N',sql_declaration = 'varchar(64)',sql_type = 'varchar',system_type = 'System.String' WHERE colname = 'lu' AND tablename = 'progettotipocosto'
ELSE
INSERT INTO [coldescr] (colname,tablename,col_len,col_precision,col_scale,description,kind,lt,lu,primarykey,sql_declaration,sql_type,system_type) VALUES ('lu','progettotipocosto','64',null,null,null,'S',{ts '2020-06-18 12:04:28.393'},'assistenza','N','varchar(64)','varchar','System.String')
GO

IF exists(SELECT * FROM [coldescr] WHERE colname = 'sortcode' AND tablename = 'progettotipocosto')
UPDATE [coldescr] SET col_len = '4',col_precision = null,col_scale = null,description = 'Ordinamento',kind = 'S',lt = {ts '2020-06-18 12:07:21.420'},lu = 'assistenza',primarykey = 'N',sql_declaration = 'int',sql_type = 'int',system_type = 'System.Int32' WHERE colname = 'sortcode' AND tablename = 'progettotipocosto'
ELSE
INSERT INTO [coldescr] (colname,tablename,col_len,col_precision,col_scale,description,kind,lt,lu,primarykey,sql_declaration,sql_type,system_type) VALUES ('sortcode','progettotipocosto','4',null,null,'Ordinamento','S',{ts '2020-06-18 12:07:21.420'},'assistenza','N','int','int','System.Int32')
GO

IF exists(SELECT * FROM [coldescr] WHERE colname = 'title' AND tablename = 'progettotipocosto')
UPDATE [coldescr] SET col_len = '2048',col_precision = null,col_scale = null,description = 'Voce',kind = 'S',lt = {ts '2020-11-04 17:14:46.367'},lu = 'assistenza',primarykey = 'N',sql_declaration = 'varchar(2048)',sql_type = 'varchar',system_type = 'System.String' WHERE colname = 'title' AND tablename = 'progettotipocosto'
ELSE
INSERT INTO [coldescr] (colname,tablename,col_len,col_precision,col_scale,description,kind,lt,lu,primarykey,sql_declaration,sql_type,system_type) VALUES ('title','progettotipocosto','2048',null,null,'Voce','S',{ts '2020-11-04 17:14:46.367'},'assistenza','N','varchar(2048)','varchar','System.String')
GO

-- FINE GENERAZIONE SCRIPT --


-- GENERAZIONE DATI PER tabledescr --
IF exists(SELECT * FROM [tabledescr] WHERE tablename = 'progettotipocostoaccmotive ')
UPDATE [tabledescr] SET description = 'Causali economico patrimoniali associate alla voce di costo del modello di progetto o attività',idapplication = '3',isdbo = 'N',lt = {ts '2021-02-26 11:55:42.413'},lu = 'assistenza',title = 'Causali economico patrimoniali associate' WHERE tablename = 'progettotipocostoaccmotive '
ELSE
INSERT INTO [tabledescr] (tablename,description,idapplication,isdbo,lt,lu,title) VALUES ('progettotipocostoaccmotive ','Causali economico patrimoniali associate alla voce di costo del modello di progetto o attività','3','N',{ts '2021-02-26 11:55:42.413'},'assistenza','Causali economico patrimoniali associate')
GO

-- FINE GENERAZIONE SCRIPT --


-- GENERAZIONE DATI PER coldescr --
IF exists(SELECT * FROM [coldescr] WHERE colname = 'ct' AND tablename = 'progettotipocostoaccmotive ')
UPDATE [coldescr] SET col_len = '8',col_precision = null,col_scale = null,description = null,kind = 'S',lt = {ts '2020-06-18 18:20:09.713'},lu = 'assistenza',primarykey = 'N',sql_declaration = 'datetime',sql_type = 'datetime',system_type = 'System.DateTime' WHERE colname = 'ct' AND tablename = 'progettotipocostoaccmotive '
ELSE
INSERT INTO [coldescr] (colname,tablename,col_len,col_precision,col_scale,description,kind,lt,lu,primarykey,sql_declaration,sql_type,system_type) VALUES ('ct','progettotipocostoaccmotive ','8',null,null,null,'S',{ts '2020-06-18 18:20:09.713'},'assistenza','N','datetime','datetime','System.DateTime')
GO

IF exists(SELECT * FROM [coldescr] WHERE colname = 'cu' AND tablename = 'progettotipocostoaccmotive ')
UPDATE [coldescr] SET col_len = '64',col_precision = null,col_scale = null,description = null,kind = 'S',lt = {ts '2020-06-18 18:20:09.713'},lu = 'assistenza',primarykey = 'N',sql_declaration = 'varchar(64)',sql_type = 'varchar',system_type = 'System.String' WHERE colname = 'cu' AND tablename = 'progettotipocostoaccmotive '
ELSE
INSERT INTO [coldescr] (colname,tablename,col_len,col_precision,col_scale,description,kind,lt,lu,primarykey,sql_declaration,sql_type,system_type) VALUES ('cu','progettotipocostoaccmotive ','64',null,null,null,'S',{ts '2020-06-18 18:20:09.713'},'assistenza','N','varchar(64)','varchar','System.String')
GO

IF exists(SELECT * FROM [coldescr] WHERE colname = 'idaccmotive' AND tablename = 'progettotipocostoaccmotive ')
UPDATE [coldescr] SET col_len = '38',col_precision = null,col_scale = null,description = 'Causale economico patrimoniale',kind = 'S',lt = {ts '2020-06-18 18:20:52.863'},lu = 'assistenza',primarykey = 'S',sql_declaration = 'varchar(38)',sql_type = 'varchar',system_type = 'System.String' WHERE colname = 'idaccmotive' AND tablename = 'progettotipocostoaccmotive '
ELSE
INSERT INTO [coldescr] (colname,tablename,col_len,col_precision,col_scale,description,kind,lt,lu,primarykey,sql_declaration,sql_type,system_type) VALUES ('idaccmotive','progettotipocostoaccmotive ','38',null,null,'Causale economico patrimoniale','S',{ts '2020-06-18 18:20:52.863'},'assistenza','S','varchar(38)','varchar','System.String')
GO

IF exists(SELECT * FROM [coldescr] WHERE colname = 'idprogetto' AND tablename = 'progettotipocostoaccmotive ')
UPDATE [coldescr] SET col_len = '4',col_precision = null,col_scale = null,description = null,kind = 'S',lt = {ts '2020-06-18 18:20:09.713'},lu = 'assistenza',primarykey = 'S',sql_declaration = 'int',sql_type = 'int',system_type = 'System.Int32' WHERE colname = 'idprogetto' AND tablename = 'progettotipocostoaccmotive '
ELSE
INSERT INTO [coldescr] (colname,tablename,col_len,col_precision,col_scale,description,kind,lt,lu,primarykey,sql_declaration,sql_type,system_type) VALUES ('idprogetto','progettotipocostoaccmotive ','4',null,null,null,'S',{ts '2020-06-18 18:20:09.713'},'assistenza','S','int','int','System.Int32')
GO

IF exists(SELECT * FROM [coldescr] WHERE colname = 'idprogettotipocosto' AND tablename = 'progettotipocostoaccmotive ')
UPDATE [coldescr] SET col_len = '4',col_precision = null,col_scale = null,description = null,kind = 'S',lt = {ts '2020-06-18 18:20:09.713'},lu = 'assistenza',primarykey = 'N',sql_declaration = 'int',sql_type = 'int',system_type = 'System.Int32' WHERE colname = 'idprogettotipocosto' AND tablename = 'progettotipocostoaccmotive '
ELSE
INSERT INTO [coldescr] (colname,tablename,col_len,col_precision,col_scale,description,kind,lt,lu,primarykey,sql_declaration,sql_type,system_type) VALUES ('idprogettotipocosto','progettotipocostoaccmotive ','4',null,null,null,'S',{ts '2020-06-18 18:20:09.713'},'assistenza','N','int','int','System.Int32')
GO

IF exists(SELECT * FROM [coldescr] WHERE colname = 'lt' AND tablename = 'progettotipocostoaccmotive ')
UPDATE [coldescr] SET col_len = '8',col_precision = null,col_scale = null,description = null,kind = 'S',lt = {ts '2020-06-18 18:20:09.713'},lu = 'assistenza',primarykey = 'N',sql_declaration = 'datetime',sql_type = 'datetime',system_type = 'System.DateTime' WHERE colname = 'lt' AND tablename = 'progettotipocostoaccmotive '
ELSE
INSERT INTO [coldescr] (colname,tablename,col_len,col_precision,col_scale,description,kind,lt,lu,primarykey,sql_declaration,sql_type,system_type) VALUES ('lt','progettotipocostoaccmotive ','8',null,null,null,'S',{ts '2020-06-18 18:20:09.713'},'assistenza','N','datetime','datetime','System.DateTime')
GO

IF exists(SELECT * FROM [coldescr] WHERE colname = 'lu' AND tablename = 'progettotipocostoaccmotive ')
UPDATE [coldescr] SET col_len = '64',col_precision = null,col_scale = null,description = null,kind = 'S',lt = {ts '2020-06-18 18:20:09.713'},lu = 'assistenza',primarykey = 'N',sql_declaration = 'varchar(64)',sql_type = 'varchar',system_type = 'System.String' WHERE colname = 'lu' AND tablename = 'progettotipocostoaccmotive '
ELSE
INSERT INTO [coldescr] (colname,tablename,col_len,col_precision,col_scale,description,kind,lt,lu,primarykey,sql_declaration,sql_type,system_type) VALUES ('lu','progettotipocostoaccmotive ','64',null,null,null,'S',{ts '2020-06-18 18:20:09.713'},'assistenza','N','varchar(64)','varchar','System.String')
GO

-- FINE GENERAZIONE SCRIPT --


-- GENERAZIONE DATI PER tabledescr --
IF exists(SELECT * FROM [tabledescr] WHERE tablename = 'progettotipocostocontrattokind')
UPDATE [tabledescr] SET description = 'Tipi di contratto associati alla voce di costo del modello di attività o porgetto',idapplication = '3',isdbo = 'N',lt = {ts '2021-02-26 11:55:58.943'},lu = 'assistenza',title = 'Tipi di contratto associati' WHERE tablename = 'progettotipocostocontrattokind'
ELSE
INSERT INTO [tabledescr] (tablename,description,idapplication,isdbo,lt,lu,title) VALUES ('progettotipocostocontrattokind','Tipi di contratto associati alla voce di costo del modello di attività o porgetto','3','N',{ts '2021-02-26 11:55:58.943'},'assistenza','Tipi di contratto associati')
GO

-- FINE GENERAZIONE SCRIPT --


-- GENERAZIONE DATI PER coldescr --
IF exists(SELECT * FROM [coldescr] WHERE colname = 'ct' AND tablename = 'progettotipocostocontrattokind')
UPDATE [coldescr] SET col_len = '8',col_precision = null,col_scale = null,description = null,kind = 'S',lt = {ts '2020-06-18 18:22:03.233'},lu = 'assistenza',primarykey = 'N',sql_declaration = 'datetime',sql_type = 'datetime',system_type = 'System.DateTime' WHERE colname = 'ct' AND tablename = 'progettotipocostocontrattokind'
ELSE
INSERT INTO [coldescr] (colname,tablename,col_len,col_precision,col_scale,description,kind,lt,lu,primarykey,sql_declaration,sql_type,system_type) VALUES ('ct','progettotipocostocontrattokind','8',null,null,null,'S',{ts '2020-06-18 18:22:03.233'},'assistenza','N','datetime','datetime','System.DateTime')
GO

IF exists(SELECT * FROM [coldescr] WHERE colname = 'cu' AND tablename = 'progettotipocostocontrattokind')
UPDATE [coldescr] SET col_len = '64',col_precision = null,col_scale = null,description = null,kind = 'S',lt = {ts '2020-06-18 18:22:03.237'},lu = 'assistenza',primarykey = 'N',sql_declaration = 'varchar(64)',sql_type = 'varchar',system_type = 'System.String' WHERE colname = 'cu' AND tablename = 'progettotipocostocontrattokind'
ELSE
INSERT INTO [coldescr] (colname,tablename,col_len,col_precision,col_scale,description,kind,lt,lu,primarykey,sql_declaration,sql_type,system_type) VALUES ('cu','progettotipocostocontrattokind','64',null,null,null,'S',{ts '2020-06-18 18:22:03.237'},'assistenza','N','varchar(64)','varchar','System.String')
GO

IF exists(SELECT * FROM [coldescr] WHERE colname = 'idcontrattokind' AND tablename = 'progettotipocostocontrattokind')
UPDATE [coldescr] SET col_len = '4',col_precision = null,col_scale = null,description = 'Tipo di contratto',kind = 'S',lt = {ts '2020-06-18 18:22:22.573'},lu = 'assistenza',primarykey = 'S',sql_declaration = 'int',sql_type = 'int',system_type = 'System.Int32' WHERE colname = 'idcontrattokind' AND tablename = 'progettotipocostocontrattokind'
ELSE
INSERT INTO [coldescr] (colname,tablename,col_len,col_precision,col_scale,description,kind,lt,lu,primarykey,sql_declaration,sql_type,system_type) VALUES ('idcontrattokind','progettotipocostocontrattokind','4',null,null,'Tipo di contratto','S',{ts '2020-06-18 18:22:22.573'},'assistenza','S','int','int','System.Int32')
GO

IF exists(SELECT * FROM [coldescr] WHERE colname = 'idprogetto' AND tablename = 'progettotipocostocontrattokind')
UPDATE [coldescr] SET col_len = '4',col_precision = null,col_scale = null,description = null,kind = 'S',lt = {ts '2020-06-18 18:22:03.237'},lu = 'assistenza',primarykey = 'S',sql_declaration = 'int',sql_type = 'int',system_type = 'System.Int32' WHERE colname = 'idprogetto' AND tablename = 'progettotipocostocontrattokind'
ELSE
INSERT INTO [coldescr] (colname,tablename,col_len,col_precision,col_scale,description,kind,lt,lu,primarykey,sql_declaration,sql_type,system_type) VALUES ('idprogetto','progettotipocostocontrattokind','4',null,null,null,'S',{ts '2020-06-18 18:22:03.237'},'assistenza','S','int','int','System.Int32')
GO

IF exists(SELECT * FROM [coldescr] WHERE colname = 'idprogettotipocosto' AND tablename = 'progettotipocostocontrattokind')
UPDATE [coldescr] SET col_len = '4',col_precision = null,col_scale = null,description = null,kind = 'S',lt = {ts '2020-06-18 18:22:03.237'},lu = 'assistenza',primarykey = 'S',sql_declaration = 'int',sql_type = 'int',system_type = 'System.Int32' WHERE colname = 'idprogettotipocosto' AND tablename = 'progettotipocostocontrattokind'
ELSE
INSERT INTO [coldescr] (colname,tablename,col_len,col_precision,col_scale,description,kind,lt,lu,primarykey,sql_declaration,sql_type,system_type) VALUES ('idprogettotipocosto','progettotipocostocontrattokind','4',null,null,null,'S',{ts '2020-06-18 18:22:03.237'},'assistenza','S','int','int','System.Int32')
GO

IF exists(SELECT * FROM [coldescr] WHERE colname = 'lt' AND tablename = 'progettotipocostocontrattokind')
UPDATE [coldescr] SET col_len = '8',col_precision = null,col_scale = null,description = null,kind = 'S',lt = {ts '2020-06-18 18:22:03.237'},lu = 'assistenza',primarykey = 'N',sql_declaration = 'datetime',sql_type = 'datetime',system_type = 'System.DateTime' WHERE colname = 'lt' AND tablename = 'progettotipocostocontrattokind'
ELSE
INSERT INTO [coldescr] (colname,tablename,col_len,col_precision,col_scale,description,kind,lt,lu,primarykey,sql_declaration,sql_type,system_type) VALUES ('lt','progettotipocostocontrattokind','8',null,null,null,'S',{ts '2020-06-18 18:22:03.237'},'assistenza','N','datetime','datetime','System.DateTime')
GO

IF exists(SELECT * FROM [coldescr] WHERE colname = 'lu' AND tablename = 'progettotipocostocontrattokind')
UPDATE [coldescr] SET col_len = '64',col_precision = null,col_scale = null,description = null,kind = 'S',lt = {ts '2020-06-18 18:22:03.237'},lu = 'assistenza',primarykey = 'N',sql_declaration = 'varchar(64)',sql_type = 'varchar',system_type = 'System.String' WHERE colname = 'lu' AND tablename = 'progettotipocostocontrattokind'
ELSE
INSERT INTO [coldescr] (colname,tablename,col_len,col_precision,col_scale,description,kind,lt,lu,primarykey,sql_declaration,sql_type,system_type) VALUES ('lu','progettotipocostocontrattokind','64',null,null,null,'S',{ts '2020-06-18 18:22:03.237'},'assistenza','N','varchar(64)','varchar','System.String')
GO

-- FINE GENERAZIONE SCRIPT --


-- GENERAZIONE DATI PER tabledescr --
IF exists(SELECT * FROM [tabledescr] WHERE tablename = 'progettotipocostoinventorytree')
UPDATE [tabledescr] SET description = 'Classificazione inventariale associata alla voce di costo del progetto o attività',idapplication = '3',isdbo = 'N',lt = {ts '2021-02-26 11:56:18.547'},lu = 'assistenza',title = 'Classificazione inventariale associata' WHERE tablename = 'progettotipocostoinventorytree'
ELSE
INSERT INTO [tabledescr] (tablename,description,idapplication,isdbo,lt,lu,title) VALUES ('progettotipocostoinventorytree','Classificazione inventariale associata alla voce di costo del progetto o attività','3','N',{ts '2021-02-26 11:56:18.547'},'assistenza','Classificazione inventariale associata')
GO

-- FINE GENERAZIONE SCRIPT --


-- GENERAZIONE DATI PER coldescr --
IF exists(SELECT * FROM [coldescr] WHERE colname = 'ct' AND tablename = 'progettotipocostoinventorytree')
UPDATE [coldescr] SET col_len = '8',col_precision = null,col_scale = null,description = null,kind = 'S',lt = {ts '2020-06-18 18:26:30.607'},lu = 'assistenza',primarykey = 'N',sql_declaration = 'datetime',sql_type = 'datetime',system_type = 'System.DateTime' WHERE colname = 'ct' AND tablename = 'progettotipocostoinventorytree'
ELSE
INSERT INTO [coldescr] (colname,tablename,col_len,col_precision,col_scale,description,kind,lt,lu,primarykey,sql_declaration,sql_type,system_type) VALUES ('ct','progettotipocostoinventorytree','8',null,null,null,'S',{ts '2020-06-18 18:26:30.607'},'assistenza','N','datetime','datetime','System.DateTime')
GO

IF exists(SELECT * FROM [coldescr] WHERE colname = 'cu' AND tablename = 'progettotipocostoinventorytree')
UPDATE [coldescr] SET col_len = '64',col_precision = null,col_scale = null,description = null,kind = 'S',lt = {ts '2020-06-18 18:26:30.607'},lu = 'assistenza',primarykey = 'N',sql_declaration = 'varchar(64)',sql_type = 'varchar',system_type = 'System.String' WHERE colname = 'cu' AND tablename = 'progettotipocostoinventorytree'
ELSE
INSERT INTO [coldescr] (colname,tablename,col_len,col_precision,col_scale,description,kind,lt,lu,primarykey,sql_declaration,sql_type,system_type) VALUES ('cu','progettotipocostoinventorytree','64',null,null,null,'S',{ts '2020-06-18 18:26:30.607'},'assistenza','N','varchar(64)','varchar','System.String')
GO

IF exists(SELECT * FROM [coldescr] WHERE colname = 'idinv' AND tablename = 'progettotipocostoinventorytree')
UPDATE [coldescr] SET col_len = '4',col_precision = null,col_scale = null,description = 'Classificazione inventariale',kind = 'S',lt = {ts '2020-06-18 18:28:27.787'},lu = 'assistenza',primarykey = 'S',sql_declaration = 'int',sql_type = 'int',system_type = 'System.Int32' WHERE colname = 'idinv' AND tablename = 'progettotipocostoinventorytree'
ELSE
INSERT INTO [coldescr] (colname,tablename,col_len,col_precision,col_scale,description,kind,lt,lu,primarykey,sql_declaration,sql_type,system_type) VALUES ('idinv','progettotipocostoinventorytree','4',null,null,'Classificazione inventariale','S',{ts '2020-06-18 18:28:27.787'},'assistenza','S','int','int','System.Int32')
GO

IF exists(SELECT * FROM [coldescr] WHERE colname = 'idprogetto' AND tablename = 'progettotipocostoinventorytree')
UPDATE [coldescr] SET col_len = '4',col_precision = null,col_scale = null,description = null,kind = 'S',lt = {ts '2020-06-18 18:26:30.607'},lu = 'assistenza',primarykey = 'S',sql_declaration = 'int',sql_type = 'int',system_type = 'System.Int32' WHERE colname = 'idprogetto' AND tablename = 'progettotipocostoinventorytree'
ELSE
INSERT INTO [coldescr] (colname,tablename,col_len,col_precision,col_scale,description,kind,lt,lu,primarykey,sql_declaration,sql_type,system_type) VALUES ('idprogetto','progettotipocostoinventorytree','4',null,null,null,'S',{ts '2020-06-18 18:26:30.607'},'assistenza','S','int','int','System.Int32')
GO

IF exists(SELECT * FROM [coldescr] WHERE colname = 'idprogettotipocosto' AND tablename = 'progettotipocostoinventorytree')
UPDATE [coldescr] SET col_len = '4',col_precision = null,col_scale = null,description = null,kind = 'S',lt = {ts '2020-06-18 18:26:30.607'},lu = 'assistenza',primarykey = 'S',sql_declaration = 'int',sql_type = 'int',system_type = 'System.Int32' WHERE colname = 'idprogettotipocosto' AND tablename = 'progettotipocostoinventorytree'
ELSE
INSERT INTO [coldescr] (colname,tablename,col_len,col_precision,col_scale,description,kind,lt,lu,primarykey,sql_declaration,sql_type,system_type) VALUES ('idprogettotipocosto','progettotipocostoinventorytree','4',null,null,null,'S',{ts '2020-06-18 18:26:30.607'},'assistenza','S','int','int','System.Int32')
GO

IF exists(SELECT * FROM [coldescr] WHERE colname = 'lt' AND tablename = 'progettotipocostoinventorytree')
UPDATE [coldescr] SET col_len = '8',col_precision = null,col_scale = null,description = null,kind = 'S',lt = {ts '2020-06-18 18:26:30.607'},lu = 'assistenza',primarykey = 'N',sql_declaration = 'datetime',sql_type = 'datetime',system_type = 'System.DateTime' WHERE colname = 'lt' AND tablename = 'progettotipocostoinventorytree'
ELSE
INSERT INTO [coldescr] (colname,tablename,col_len,col_precision,col_scale,description,kind,lt,lu,primarykey,sql_declaration,sql_type,system_type) VALUES ('lt','progettotipocostoinventorytree','8',null,null,null,'S',{ts '2020-06-18 18:26:30.607'},'assistenza','N','datetime','datetime','System.DateTime')
GO

IF exists(SELECT * FROM [coldescr] WHERE colname = 'lu' AND tablename = 'progettotipocostoinventorytree')
UPDATE [coldescr] SET col_len = '64',col_precision = null,col_scale = null,description = null,kind = 'S',lt = {ts '2020-06-18 18:26:30.607'},lu = 'assistenza',primarykey = 'N',sql_declaration = 'varchar(64)',sql_type = 'varchar',system_type = 'System.String' WHERE colname = 'lu' AND tablename = 'progettotipocostoinventorytree'
ELSE
INSERT INTO [coldescr] (colname,tablename,col_len,col_precision,col_scale,description,kind,lt,lu,primarykey,sql_declaration,sql_type,system_type) VALUES ('lu','progettotipocostoinventorytree','64',null,null,null,'S',{ts '2020-06-18 18:26:30.607'},'assistenza','N','varchar(64)','varchar','System.String')
GO

-- FINE GENERAZIONE SCRIPT --


-- GENERAZIONE DATI PER tabledescr --
IF exists(SELECT * FROM [tabledescr] WHERE tablename = 'progettotipocostokind')
UPDATE [tabledescr] SET description = 'Configurazione delle voci di costo dei progetti',idapplication = '3',isdbo = 'S',lt = {ts '2021-02-19 17:13:04.647'},lu = 'assistenza',title = 'Voci di costo' WHERE tablename = 'progettotipocostokind'
ELSE
INSERT INTO [tabledescr] (tablename,description,idapplication,isdbo,lt,lu,title) VALUES ('progettotipocostokind','Configurazione delle voci di costo dei progetti','3','S',{ts '2021-02-19 17:13:04.647'},'assistenza','Voci di costo')
GO

-- FINE GENERAZIONE SCRIPT --


-- GENERAZIONE DATI PER coldescr --
IF exists(SELECT * FROM [coldescr] WHERE colname = 'ct' AND tablename = 'progettotipocostokind')
UPDATE [coldescr] SET col_len = '8',col_precision = null,col_scale = null,description = null,kind = 'S',lt = {ts '2020-06-18 12:09:29.033'},lu = 'assistenza',primarykey = 'N',sql_declaration = 'datetime',sql_type = 'datetime',system_type = 'System.DateTime' WHERE colname = 'ct' AND tablename = 'progettotipocostokind'
ELSE
INSERT INTO [coldescr] (colname,tablename,col_len,col_precision,col_scale,description,kind,lt,lu,primarykey,sql_declaration,sql_type,system_type) VALUES ('ct','progettotipocostokind','8',null,null,null,'S',{ts '2020-06-18 12:09:29.033'},'assistenza','N','datetime','datetime','System.DateTime')
GO

IF exists(SELECT * FROM [coldescr] WHERE colname = 'cu' AND tablename = 'progettotipocostokind')
UPDATE [coldescr] SET col_len = '64',col_precision = null,col_scale = null,description = null,kind = 'S',lt = {ts '2020-06-18 12:09:29.033'},lu = 'assistenza',primarykey = 'N',sql_declaration = 'varchar(64)',sql_type = 'varchar',system_type = 'System.String' WHERE colname = 'cu' AND tablename = 'progettotipocostokind'
ELSE
INSERT INTO [coldescr] (colname,tablename,col_len,col_precision,col_scale,description,kind,lt,lu,primarykey,sql_declaration,sql_type,system_type) VALUES ('cu','progettotipocostokind','64',null,null,null,'S',{ts '2020-06-18 12:09:29.033'},'assistenza','N','varchar(64)','varchar','System.String')
GO

IF exists(SELECT * FROM [coldescr] WHERE colname = 'description' AND tablename = 'progettotipocostokind')
UPDATE [coldescr] SET col_len = '2048',col_precision = null,col_scale = null,description = 'Descrizione',kind = 'S',lt = {ts '2020-06-18 12:10:05.090'},lu = 'assistenza',primarykey = 'N',sql_declaration = 'nvarchar(2048)',sql_type = 'nvarchar',system_type = 'System.String' WHERE colname = 'description' AND tablename = 'progettotipocostokind'
ELSE
INSERT INTO [coldescr] (colname,tablename,col_len,col_precision,col_scale,description,kind,lt,lu,primarykey,sql_declaration,sql_type,system_type) VALUES ('description','progettotipocostokind','2048',null,null,'Descrizione','S',{ts '2020-06-18 12:10:05.090'},'assistenza','N','nvarchar(2048)','nvarchar','System.String')
GO

IF exists(SELECT * FROM [coldescr] WHERE colname = 'idprogettokind' AND tablename = 'progettotipocostokind')
UPDATE [coldescr] SET col_len = '4',col_precision = null,col_scale = null,description = null,kind = 'S',lt = {ts '2020-06-18 12:09:29.033'},lu = 'assistenza',primarykey = 'S',sql_declaration = 'int',sql_type = 'int',system_type = 'System.Int32' WHERE colname = 'idprogettokind' AND tablename = 'progettotipocostokind'
ELSE
INSERT INTO [coldescr] (colname,tablename,col_len,col_precision,col_scale,description,kind,lt,lu,primarykey,sql_declaration,sql_type,system_type) VALUES ('idprogettokind','progettotipocostokind','4',null,null,null,'S',{ts '2020-06-18 12:09:29.033'},'assistenza','S','int','int','System.Int32')
GO

IF exists(SELECT * FROM [coldescr] WHERE colname = 'idprogettotipocostokind' AND tablename = 'progettotipocostokind')
UPDATE [coldescr] SET col_len = '4',col_precision = null,col_scale = null,description = null,kind = 'S',lt = {ts '2020-06-18 12:09:29.033'},lu = 'assistenza',primarykey = 'S',sql_declaration = 'int',sql_type = 'int',system_type = 'System.Int32' WHERE colname = 'idprogettotipocostokind' AND tablename = 'progettotipocostokind'
ELSE
INSERT INTO [coldescr] (colname,tablename,col_len,col_precision,col_scale,description,kind,lt,lu,primarykey,sql_declaration,sql_type,system_type) VALUES ('idprogettotipocostokind','progettotipocostokind','4',null,null,null,'S',{ts '2020-06-18 12:09:29.033'},'assistenza','S','int','int','System.Int32')
GO

IF exists(SELECT * FROM [coldescr] WHERE colname = 'lt' AND tablename = 'progettotipocostokind')
UPDATE [coldescr] SET col_len = '8',col_precision = null,col_scale = null,description = null,kind = 'S',lt = {ts '2020-06-18 12:09:29.033'},lu = 'assistenza',primarykey = 'N',sql_declaration = 'datetime',sql_type = 'datetime',system_type = 'System.DateTime' WHERE colname = 'lt' AND tablename = 'progettotipocostokind'
ELSE
INSERT INTO [coldescr] (colname,tablename,col_len,col_precision,col_scale,description,kind,lt,lu,primarykey,sql_declaration,sql_type,system_type) VALUES ('lt','progettotipocostokind','8',null,null,null,'S',{ts '2020-06-18 12:09:29.033'},'assistenza','N','datetime','datetime','System.DateTime')
GO

IF exists(SELECT * FROM [coldescr] WHERE colname = 'lu' AND tablename = 'progettotipocostokind')
UPDATE [coldescr] SET col_len = '64',col_precision = null,col_scale = null,description = null,kind = 'S',lt = {ts '2020-06-18 12:09:29.033'},lu = 'assistenza',primarykey = 'N',sql_declaration = 'varchar(64)',sql_type = 'varchar',system_type = 'System.String' WHERE colname = 'lu' AND tablename = 'progettotipocostokind'
ELSE
INSERT INTO [coldescr] (colname,tablename,col_len,col_precision,col_scale,description,kind,lt,lu,primarykey,sql_declaration,sql_type,system_type) VALUES ('lu','progettotipocostokind','64',null,null,null,'S',{ts '2020-06-18 12:09:29.033'},'assistenza','N','varchar(64)','varchar','System.String')
GO

IF exists(SELECT * FROM [coldescr] WHERE colname = 'title' AND tablename = 'progettotipocostokind')
UPDATE [coldescr] SET col_len = '2048',col_precision = null,col_scale = null,description = 'Voce',kind = 'S',lt = {ts '2020-06-18 12:10:05.090'},lu = 'assistenza',primarykey = 'N',sql_declaration = 'nvarchar(2048)',sql_type = 'nvarchar',system_type = 'System.String' WHERE colname = 'title' AND tablename = 'progettotipocostokind'
ELSE
INSERT INTO [coldescr] (colname,tablename,col_len,col_precision,col_scale,description,kind,lt,lu,primarykey,sql_declaration,sql_type,system_type) VALUES ('title','progettotipocostokind','2048',null,null,'Voce','S',{ts '2020-06-18 12:10:05.090'},'assistenza','N','nvarchar(2048)','nvarchar','System.String')
GO

-- FINE GENERAZIONE SCRIPT --


-- GENERAZIONE DATI PER tabledescr --
IF exists(SELECT * FROM [tabledescr] WHERE tablename = 'progettotipocostokindaccmotive')
UPDATE [tabledescr] SET description = 'Causali economico patrimoniali associate alla voce di costo del modello di progetto o attività (modello)',idapplication = '3',isdbo = 'S',lt = {ts '2021-02-26 11:56:34.230'},lu = 'assistenza',title = 'Causali economico patrimoniali associate' WHERE tablename = 'progettotipocostokindaccmotive'
ELSE
INSERT INTO [tabledescr] (tablename,description,idapplication,isdbo,lt,lu,title) VALUES ('progettotipocostokindaccmotive','Causali economico patrimoniali associate alla voce di costo del modello di progetto o attività (modello)','3','S',{ts '2021-02-26 11:56:34.230'},'assistenza','Causali economico patrimoniali associate')
GO

-- FINE GENERAZIONE SCRIPT --


-- GENERAZIONE DATI PER coldescr --
IF exists(SELECT * FROM [coldescr] WHERE colname = 'ct' AND tablename = 'progettotipocostokindaccmotive')
UPDATE [coldescr] SET col_len = '8',col_precision = null,col_scale = null,description = null,kind = 'S',lt = {ts '2020-06-18 12:11:01.750'},lu = 'assistenza',primarykey = 'N',sql_declaration = 'datetime',sql_type = 'datetime',system_type = 'System.DateTime' WHERE colname = 'ct' AND tablename = 'progettotipocostokindaccmotive'
ELSE
INSERT INTO [coldescr] (colname,tablename,col_len,col_precision,col_scale,description,kind,lt,lu,primarykey,sql_declaration,sql_type,system_type) VALUES ('ct','progettotipocostokindaccmotive','8',null,null,null,'S',{ts '2020-06-18 12:11:01.750'},'assistenza','N','datetime','datetime','System.DateTime')
GO

IF exists(SELECT * FROM [coldescr] WHERE colname = 'cu' AND tablename = 'progettotipocostokindaccmotive')
UPDATE [coldescr] SET col_len = '64',col_precision = null,col_scale = null,description = null,kind = 'S',lt = {ts '2020-06-18 12:11:01.750'},lu = 'assistenza',primarykey = 'N',sql_declaration = 'varchar(64)',sql_type = 'varchar',system_type = 'System.String' WHERE colname = 'cu' AND tablename = 'progettotipocostokindaccmotive'
ELSE
INSERT INTO [coldescr] (colname,tablename,col_len,col_precision,col_scale,description,kind,lt,lu,primarykey,sql_declaration,sql_type,system_type) VALUES ('cu','progettotipocostokindaccmotive','64',null,null,null,'S',{ts '2020-06-18 12:11:01.750'},'assistenza','N','varchar(64)','varchar','System.String')
GO

IF exists(SELECT * FROM [coldescr] WHERE colname = 'idaccmotive' AND tablename = 'progettotipocostokindaccmotive')
UPDATE [coldescr] SET col_len = '38',col_precision = null,col_scale = null,description = 'Causale economico patrimoniale',kind = 'S',lt = {ts '2020-06-18 12:11:35.347'},lu = 'assistenza',primarykey = 'S',sql_declaration = 'varchar(38)',sql_type = 'varchar',system_type = 'System.String' WHERE colname = 'idaccmotive' AND tablename = 'progettotipocostokindaccmotive'
ELSE
INSERT INTO [coldescr] (colname,tablename,col_len,col_precision,col_scale,description,kind,lt,lu,primarykey,sql_declaration,sql_type,system_type) VALUES ('idaccmotive','progettotipocostokindaccmotive','38',null,null,'Causale economico patrimoniale','S',{ts '2020-06-18 12:11:35.347'},'assistenza','S','varchar(38)','varchar','System.String')
GO

IF exists(SELECT * FROM [coldescr] WHERE colname = 'idprogettokind' AND tablename = 'progettotipocostokindaccmotive')
UPDATE [coldescr] SET col_len = '4',col_precision = null,col_scale = null,description = null,kind = 'S',lt = {ts '2020-06-18 12:11:01.750'},lu = 'assistenza',primarykey = 'S',sql_declaration = 'int',sql_type = 'int',system_type = 'System.Int32' WHERE colname = 'idprogettokind' AND tablename = 'progettotipocostokindaccmotive'
ELSE
INSERT INTO [coldescr] (colname,tablename,col_len,col_precision,col_scale,description,kind,lt,lu,primarykey,sql_declaration,sql_type,system_type) VALUES ('idprogettokind','progettotipocostokindaccmotive','4',null,null,null,'S',{ts '2020-06-18 12:11:01.750'},'assistenza','S','int','int','System.Int32')
GO

IF exists(SELECT * FROM [coldescr] WHERE colname = 'idprogettotipocostokind' AND tablename = 'progettotipocostokindaccmotive')
UPDATE [coldescr] SET col_len = '4',col_precision = null,col_scale = null,description = null,kind = 'S',lt = {ts '2020-06-18 12:11:01.750'},lu = 'assistenza',primarykey = 'S',sql_declaration = 'int',sql_type = 'int',system_type = 'System.Int32' WHERE colname = 'idprogettotipocostokind' AND tablename = 'progettotipocostokindaccmotive'
ELSE
INSERT INTO [coldescr] (colname,tablename,col_len,col_precision,col_scale,description,kind,lt,lu,primarykey,sql_declaration,sql_type,system_type) VALUES ('idprogettotipocostokind','progettotipocostokindaccmotive','4',null,null,null,'S',{ts '2020-06-18 12:11:01.750'},'assistenza','S','int','int','System.Int32')
GO

IF exists(SELECT * FROM [coldescr] WHERE colname = 'lt' AND tablename = 'progettotipocostokindaccmotive')
UPDATE [coldescr] SET col_len = '8',col_precision = null,col_scale = null,description = null,kind = 'S',lt = {ts '2020-06-18 12:11:01.750'},lu = 'assistenza',primarykey = 'N',sql_declaration = 'datetime',sql_type = 'datetime',system_type = 'System.DateTime' WHERE colname = 'lt' AND tablename = 'progettotipocostokindaccmotive'
ELSE
INSERT INTO [coldescr] (colname,tablename,col_len,col_precision,col_scale,description,kind,lt,lu,primarykey,sql_declaration,sql_type,system_type) VALUES ('lt','progettotipocostokindaccmotive','8',null,null,null,'S',{ts '2020-06-18 12:11:01.750'},'assistenza','N','datetime','datetime','System.DateTime')
GO

IF exists(SELECT * FROM [coldescr] WHERE colname = 'lu' AND tablename = 'progettotipocostokindaccmotive')
UPDATE [coldescr] SET col_len = '64',col_precision = null,col_scale = null,description = null,kind = 'S',lt = {ts '2020-06-18 12:11:01.750'},lu = 'assistenza',primarykey = 'N',sql_declaration = 'varchar(64)',sql_type = 'varchar',system_type = 'System.String' WHERE colname = 'lu' AND tablename = 'progettotipocostokindaccmotive'
ELSE
INSERT INTO [coldescr] (colname,tablename,col_len,col_precision,col_scale,description,kind,lt,lu,primarykey,sql_declaration,sql_type,system_type) VALUES ('lu','progettotipocostokindaccmotive','64',null,null,null,'S',{ts '2020-06-18 12:11:01.750'},'assistenza','N','varchar(64)','varchar','System.String')
GO

-- FINE GENERAZIONE SCRIPT --


-- GENERAZIONE DATI PER tabledescr --
IF exists(SELECT * FROM [tabledescr] WHERE tablename = 'progettotipocostokindcontrattokind')
UPDATE [tabledescr] SET description = 'Tipi di contratto associati alla voce di costo del modello di attività o porgetto (modello)',idapplication = '3',isdbo = 'S',lt = {ts '2021-02-26 11:56:48.063'},lu = 'assistenza',title = 'Tipi di contratto associati' WHERE tablename = 'progettotipocostokindcontrattokind'
ELSE
INSERT INTO [tabledescr] (tablename,description,idapplication,isdbo,lt,lu,title) VALUES ('progettotipocostokindcontrattokind','Tipi di contratto associati alla voce di costo del modello di attività o porgetto (modello)','3','S',{ts '2021-02-26 11:56:48.063'},'assistenza','Tipi di contratto associati')
GO

-- FINE GENERAZIONE SCRIPT --


-- GENERAZIONE DATI PER coldescr --
IF exists(SELECT * FROM [coldescr] WHERE colname = 'ct' AND tablename = 'progettotipocostokindcontrattokind')
UPDATE [coldescr] SET col_len = '8',col_precision = null,col_scale = null,description = null,kind = 'S',lt = {ts '2020-06-18 12:12:39.510'},lu = 'assistenza',primarykey = 'N',sql_declaration = 'datetime',sql_type = 'datetime',system_type = 'System.DateTime' WHERE colname = 'ct' AND tablename = 'progettotipocostokindcontrattokind'
ELSE
INSERT INTO [coldescr] (colname,tablename,col_len,col_precision,col_scale,description,kind,lt,lu,primarykey,sql_declaration,sql_type,system_type) VALUES ('ct','progettotipocostokindcontrattokind','8',null,null,null,'S',{ts '2020-06-18 12:12:39.510'},'assistenza','N','datetime','datetime','System.DateTime')
GO

IF exists(SELECT * FROM [coldescr] WHERE colname = 'cu' AND tablename = 'progettotipocostokindcontrattokind')
UPDATE [coldescr] SET col_len = '64',col_precision = null,col_scale = null,description = null,kind = 'S',lt = {ts '2020-06-18 12:12:39.510'},lu = 'assistenza',primarykey = 'N',sql_declaration = 'varchar(64)',sql_type = 'varchar',system_type = 'System.String' WHERE colname = 'cu' AND tablename = 'progettotipocostokindcontrattokind'
ELSE
INSERT INTO [coldescr] (colname,tablename,col_len,col_precision,col_scale,description,kind,lt,lu,primarykey,sql_declaration,sql_type,system_type) VALUES ('cu','progettotipocostokindcontrattokind','64',null,null,null,'S',{ts '2020-06-18 12:12:39.510'},'assistenza','N','varchar(64)','varchar','System.String')
GO

IF exists(SELECT * FROM [coldescr] WHERE colname = 'idcontrattokind' AND tablename = 'progettotipocostokindcontrattokind')
UPDATE [coldescr] SET col_len = '4',col_precision = null,col_scale = null,description = 'Tipo di contratto',kind = 'S',lt = {ts '2020-06-18 12:13:03.010'},lu = 'assistenza',primarykey = 'S',sql_declaration = 'int',sql_type = 'int',system_type = 'System.Int32' WHERE colname = 'idcontrattokind' AND tablename = 'progettotipocostokindcontrattokind'
ELSE
INSERT INTO [coldescr] (colname,tablename,col_len,col_precision,col_scale,description,kind,lt,lu,primarykey,sql_declaration,sql_type,system_type) VALUES ('idcontrattokind','progettotipocostokindcontrattokind','4',null,null,'Tipo di contratto','S',{ts '2020-06-18 12:13:03.010'},'assistenza','S','int','int','System.Int32')
GO

IF exists(SELECT * FROM [coldescr] WHERE colname = 'idprogettokind' AND tablename = 'progettotipocostokindcontrattokind')
UPDATE [coldescr] SET col_len = '4',col_precision = null,col_scale = null,description = null,kind = 'S',lt = {ts '2020-06-18 12:12:39.510'},lu = 'assistenza',primarykey = 'S',sql_declaration = 'int',sql_type = 'int',system_type = 'System.Int32' WHERE colname = 'idprogettokind' AND tablename = 'progettotipocostokindcontrattokind'
ELSE
INSERT INTO [coldescr] (colname,tablename,col_len,col_precision,col_scale,description,kind,lt,lu,primarykey,sql_declaration,sql_type,system_type) VALUES ('idprogettokind','progettotipocostokindcontrattokind','4',null,null,null,'S',{ts '2020-06-18 12:12:39.510'},'assistenza','S','int','int','System.Int32')
GO

IF exists(SELECT * FROM [coldescr] WHERE colname = 'idprogettotipocostokind' AND tablename = 'progettotipocostokindcontrattokind')
UPDATE [coldescr] SET col_len = '4',col_precision = null,col_scale = null,description = null,kind = 'S',lt = {ts '2020-06-18 12:12:39.510'},lu = 'assistenza',primarykey = 'S',sql_declaration = 'int',sql_type = 'int',system_type = 'System.Int32' WHERE colname = 'idprogettotipocostokind' AND tablename = 'progettotipocostokindcontrattokind'
ELSE
INSERT INTO [coldescr] (colname,tablename,col_len,col_precision,col_scale,description,kind,lt,lu,primarykey,sql_declaration,sql_type,system_type) VALUES ('idprogettotipocostokind','progettotipocostokindcontrattokind','4',null,null,null,'S',{ts '2020-06-18 12:12:39.510'},'assistenza','S','int','int','System.Int32')
GO

IF exists(SELECT * FROM [coldescr] WHERE colname = 'lt' AND tablename = 'progettotipocostokindcontrattokind')
UPDATE [coldescr] SET col_len = '8',col_precision = null,col_scale = null,description = null,kind = 'S',lt = {ts '2020-06-18 12:12:39.510'},lu = 'assistenza',primarykey = 'N',sql_declaration = 'datetime',sql_type = 'datetime',system_type = 'System.DateTime' WHERE colname = 'lt' AND tablename = 'progettotipocostokindcontrattokind'
ELSE
INSERT INTO [coldescr] (colname,tablename,col_len,col_precision,col_scale,description,kind,lt,lu,primarykey,sql_declaration,sql_type,system_type) VALUES ('lt','progettotipocostokindcontrattokind','8',null,null,null,'S',{ts '2020-06-18 12:12:39.510'},'assistenza','N','datetime','datetime','System.DateTime')
GO

IF exists(SELECT * FROM [coldescr] WHERE colname = 'lu' AND tablename = 'progettotipocostokindcontrattokind')
UPDATE [coldescr] SET col_len = '64',col_precision = null,col_scale = null,description = null,kind = 'S',lt = {ts '2020-06-18 12:12:39.510'},lu = 'assistenza',primarykey = 'N',sql_declaration = 'varchar(64)',sql_type = 'varchar',system_type = 'System.String' WHERE colname = 'lu' AND tablename = 'progettotipocostokindcontrattokind'
ELSE
INSERT INTO [coldescr] (colname,tablename,col_len,col_precision,col_scale,description,kind,lt,lu,primarykey,sql_declaration,sql_type,system_type) VALUES ('lu','progettotipocostokindcontrattokind','64',null,null,null,'S',{ts '2020-06-18 12:12:39.510'},'assistenza','N','varchar(64)','varchar','System.String')
GO

-- FINE GENERAZIONE SCRIPT --


-- GENERAZIONE DATI PER tabledescr --
IF exists(SELECT * FROM [tabledescr] WHERE tablename = 'progettotipocostokindinventorytree')
UPDATE [tabledescr] SET description = 'Classificazione inventariale associata alla voce di costo del progetto o attività (modello)',idapplication = '3',isdbo = 'S',lt = {ts '2021-02-26 11:57:03.047'},lu = 'assistenza',title = 'Classificazione inventariale associata' WHERE tablename = 'progettotipocostokindinventorytree'
ELSE
INSERT INTO [tabledescr] (tablename,description,idapplication,isdbo,lt,lu,title) VALUES ('progettotipocostokindinventorytree','Classificazione inventariale associata alla voce di costo del progetto o attività (modello)','3','S',{ts '2021-02-26 11:57:03.047'},'assistenza','Classificazione inventariale associata')
GO

-- FINE GENERAZIONE SCRIPT --


-- GENERAZIONE DATI PER coldescr --
IF exists(SELECT * FROM [coldescr] WHERE colname = 'ct' AND tablename = 'progettotipocostokindinventorytree')
UPDATE [coldescr] SET col_len = '8',col_precision = null,col_scale = null,description = null,kind = 'S',lt = {ts '2020-06-18 18:26:26.037'},lu = 'assistenza',primarykey = 'N',sql_declaration = 'datetime',sql_type = 'datetime',system_type = 'System.DateTime' WHERE colname = 'ct' AND tablename = 'progettotipocostokindinventorytree'
ELSE
INSERT INTO [coldescr] (colname,tablename,col_len,col_precision,col_scale,description,kind,lt,lu,primarykey,sql_declaration,sql_type,system_type) VALUES ('ct','progettotipocostokindinventorytree','8',null,null,null,'S',{ts '2020-06-18 18:26:26.037'},'assistenza','N','datetime','datetime','System.DateTime')
GO

IF exists(SELECT * FROM [coldescr] WHERE colname = 'cu' AND tablename = 'progettotipocostokindinventorytree')
UPDATE [coldescr] SET col_len = '64',col_precision = null,col_scale = null,description = null,kind = 'S',lt = {ts '2020-06-18 18:26:26.037'},lu = 'assistenza',primarykey = 'N',sql_declaration = 'varchar(64)',sql_type = 'varchar',system_type = 'System.String' WHERE colname = 'cu' AND tablename = 'progettotipocostokindinventorytree'
ELSE
INSERT INTO [coldescr] (colname,tablename,col_len,col_precision,col_scale,description,kind,lt,lu,primarykey,sql_declaration,sql_type,system_type) VALUES ('cu','progettotipocostokindinventorytree','64',null,null,null,'S',{ts '2020-06-18 18:26:26.037'},'assistenza','N','varchar(64)','varchar','System.String')
GO

IF exists(SELECT * FROM [coldescr] WHERE colname = 'idinv' AND tablename = 'progettotipocostokindinventorytree')
UPDATE [coldescr] SET col_len = '4',col_precision = null,col_scale = null,description = 'Classificazione inventariale',kind = 'S',lt = {ts '2020-06-18 18:28:23.393'},lu = 'assistenza',primarykey = 'S',sql_declaration = 'int',sql_type = 'int',system_type = 'System.Int32' WHERE colname = 'idinv' AND tablename = 'progettotipocostokindinventorytree'
ELSE
INSERT INTO [coldescr] (colname,tablename,col_len,col_precision,col_scale,description,kind,lt,lu,primarykey,sql_declaration,sql_type,system_type) VALUES ('idinv','progettotipocostokindinventorytree','4',null,null,'Classificazione inventariale','S',{ts '2020-06-18 18:28:23.393'},'assistenza','S','int','int','System.Int32')
GO

IF exists(SELECT * FROM [coldescr] WHERE colname = 'idprogettokind' AND tablename = 'progettotipocostokindinventorytree')
UPDATE [coldescr] SET col_len = '4',col_precision = null,col_scale = null,description = null,kind = 'S',lt = {ts '2020-06-18 18:26:26.037'},lu = 'assistenza',primarykey = 'S',sql_declaration = 'int',sql_type = 'int',system_type = 'System.Int32' WHERE colname = 'idprogettokind' AND tablename = 'progettotipocostokindinventorytree'
ELSE
INSERT INTO [coldescr] (colname,tablename,col_len,col_precision,col_scale,description,kind,lt,lu,primarykey,sql_declaration,sql_type,system_type) VALUES ('idprogettokind','progettotipocostokindinventorytree','4',null,null,null,'S',{ts '2020-06-18 18:26:26.037'},'assistenza','S','int','int','System.Int32')
GO

IF exists(SELECT * FROM [coldescr] WHERE colname = 'idprogettotipocostokind' AND tablename = 'progettotipocostokindinventorytree')
UPDATE [coldescr] SET col_len = '4',col_precision = null,col_scale = null,description = null,kind = 'S',lt = {ts '2020-06-18 18:26:26.037'},lu = 'assistenza',primarykey = 'S',sql_declaration = 'int',sql_type = 'int',system_type = 'System.Int32' WHERE colname = 'idprogettotipocostokind' AND tablename = 'progettotipocostokindinventorytree'
ELSE
INSERT INTO [coldescr] (colname,tablename,col_len,col_precision,col_scale,description,kind,lt,lu,primarykey,sql_declaration,sql_type,system_type) VALUES ('idprogettotipocostokind','progettotipocostokindinventorytree','4',null,null,null,'S',{ts '2020-06-18 18:26:26.037'},'assistenza','S','int','int','System.Int32')
GO

IF exists(SELECT * FROM [coldescr] WHERE colname = 'lt' AND tablename = 'progettotipocostokindinventorytree')
UPDATE [coldescr] SET col_len = '8',col_precision = null,col_scale = null,description = null,kind = 'S',lt = {ts '2020-06-18 18:26:26.040'},lu = 'assistenza',primarykey = 'N',sql_declaration = 'datetime',sql_type = 'datetime',system_type = 'System.DateTime' WHERE colname = 'lt' AND tablename = 'progettotipocostokindinventorytree'
ELSE
INSERT INTO [coldescr] (colname,tablename,col_len,col_precision,col_scale,description,kind,lt,lu,primarykey,sql_declaration,sql_type,system_type) VALUES ('lt','progettotipocostokindinventorytree','8',null,null,null,'S',{ts '2020-06-18 18:26:26.040'},'assistenza','N','datetime','datetime','System.DateTime')
GO

IF exists(SELECT * FROM [coldescr] WHERE colname = 'lu' AND tablename = 'progettotipocostokindinventorytree')
UPDATE [coldescr] SET col_len = '64',col_precision = null,col_scale = null,description = null,kind = 'S',lt = {ts '2020-06-18 18:26:26.040'},lu = 'assistenza',primarykey = 'N',sql_declaration = 'varchar(64)',sql_type = 'varchar',system_type = 'System.String' WHERE colname = 'lu' AND tablename = 'progettotipocostokindinventorytree'
ELSE
INSERT INTO [coldescr] (colname,tablename,col_len,col_precision,col_scale,description,kind,lt,lu,primarykey,sql_declaration,sql_type,system_type) VALUES ('lu','progettotipocostokindinventorytree','64',null,null,null,'S',{ts '2020-06-18 18:26:26.040'},'assistenza','N','varchar(64)','varchar','System.String')
GO

-- FINE GENERAZIONE SCRIPT --


-- GENERAZIONE DATI PER tabledescr --
IF exists(SELECT * FROM [tabledescr] WHERE tablename = 'progettotipocostokindtax')
UPDATE [tabledescr] SET description = 'Tipi di ritenuta associati alla voce di costo della attività o progetto (modello)',idapplication = '3',isdbo = 'S',lt = {ts '2021-02-26 11:57:14.060'},lu = 'assistenza',title = 'Tipi di ritenuta associati' WHERE tablename = 'progettotipocostokindtax'
ELSE
INSERT INTO [tabledescr] (tablename,description,idapplication,isdbo,lt,lu,title) VALUES ('progettotipocostokindtax','Tipi di ritenuta associati alla voce di costo della attività o progetto (modello)','3','S',{ts '2021-02-26 11:57:14.060'},'assistenza','Tipi di ritenuta associati')
GO

-- FINE GENERAZIONE SCRIPT --


-- GENERAZIONE DATI PER coldescr --
IF exists(SELECT * FROM [coldescr] WHERE colname = 'ct' AND tablename = 'progettotipocostokindtax')
UPDATE [coldescr] SET col_len = '8',col_precision = null,col_scale = null,description = null,kind = 'S',lt = {ts '2020-06-18 18:32:08.673'},lu = 'assistenza',primarykey = 'N',sql_declaration = 'datetime',sql_type = 'datetime',system_type = 'System.DateTime' WHERE colname = 'ct' AND tablename = 'progettotipocostokindtax'
ELSE
INSERT INTO [coldescr] (colname,tablename,col_len,col_precision,col_scale,description,kind,lt,lu,primarykey,sql_declaration,sql_type,system_type) VALUES ('ct','progettotipocostokindtax','8',null,null,null,'S',{ts '2020-06-18 18:32:08.673'},'assistenza','N','datetime','datetime','System.DateTime')
GO

IF exists(SELECT * FROM [coldescr] WHERE colname = 'cu' AND tablename = 'progettotipocostokindtax')
UPDATE [coldescr] SET col_len = '64',col_precision = null,col_scale = null,description = null,kind = 'S',lt = {ts '2020-06-18 18:32:08.673'},lu = 'assistenza',primarykey = 'N',sql_declaration = 'varchar(64)',sql_type = 'varchar',system_type = 'System.String' WHERE colname = 'cu' AND tablename = 'progettotipocostokindtax'
ELSE
INSERT INTO [coldescr] (colname,tablename,col_len,col_precision,col_scale,description,kind,lt,lu,primarykey,sql_declaration,sql_type,system_type) VALUES ('cu','progettotipocostokindtax','64',null,null,null,'S',{ts '2020-06-18 18:32:08.673'},'assistenza','N','varchar(64)','varchar','System.String')
GO

IF exists(SELECT * FROM [coldescr] WHERE colname = 'idprogettokind' AND tablename = 'progettotipocostokindtax')
UPDATE [coldescr] SET col_len = '4',col_precision = null,col_scale = null,description = null,kind = 'S',lt = {ts '2020-06-18 18:32:08.673'},lu = 'assistenza',primarykey = 'S',sql_declaration = 'int',sql_type = 'int',system_type = 'System.Int32' WHERE colname = 'idprogettokind' AND tablename = 'progettotipocostokindtax'
ELSE
INSERT INTO [coldescr] (colname,tablename,col_len,col_precision,col_scale,description,kind,lt,lu,primarykey,sql_declaration,sql_type,system_type) VALUES ('idprogettokind','progettotipocostokindtax','4',null,null,null,'S',{ts '2020-06-18 18:32:08.673'},'assistenza','S','int','int','System.Int32')
GO

IF exists(SELECT * FROM [coldescr] WHERE colname = 'idprogettotipocostokind' AND tablename = 'progettotipocostokindtax')
UPDATE [coldescr] SET col_len = '4',col_precision = null,col_scale = null,description = null,kind = 'S',lt = {ts '2020-06-18 18:32:08.673'},lu = 'assistenza',primarykey = 'S',sql_declaration = 'int',sql_type = 'int',system_type = 'System.Int32' WHERE colname = 'idprogettotipocostokind' AND tablename = 'progettotipocostokindtax'
ELSE
INSERT INTO [coldescr] (colname,tablename,col_len,col_precision,col_scale,description,kind,lt,lu,primarykey,sql_declaration,sql_type,system_type) VALUES ('idprogettotipocostokind','progettotipocostokindtax','4',null,null,null,'S',{ts '2020-06-18 18:32:08.673'},'assistenza','S','int','int','System.Int32')
GO

IF exists(SELECT * FROM [coldescr] WHERE colname = 'lt' AND tablename = 'progettotipocostokindtax')
UPDATE [coldescr] SET col_len = '8',col_precision = null,col_scale = null,description = null,kind = 'S',lt = {ts '2020-06-18 18:32:08.673'},lu = 'assistenza',primarykey = 'N',sql_declaration = 'datetime',sql_type = 'datetime',system_type = 'System.DateTime' WHERE colname = 'lt' AND tablename = 'progettotipocostokindtax'
ELSE
INSERT INTO [coldescr] (colname,tablename,col_len,col_precision,col_scale,description,kind,lt,lu,primarykey,sql_declaration,sql_type,system_type) VALUES ('lt','progettotipocostokindtax','8',null,null,null,'S',{ts '2020-06-18 18:32:08.673'},'assistenza','N','datetime','datetime','System.DateTime')
GO

IF exists(SELECT * FROM [coldescr] WHERE colname = 'lu' AND tablename = 'progettotipocostokindtax')
UPDATE [coldescr] SET col_len = '64',col_precision = null,col_scale = null,description = null,kind = 'S',lt = {ts '2020-06-18 18:32:08.673'},lu = 'assistenza',primarykey = 'N',sql_declaration = 'varchar(64)',sql_type = 'varchar',system_type = 'System.String' WHERE colname = 'lu' AND tablename = 'progettotipocostokindtax'
ELSE
INSERT INTO [coldescr] (colname,tablename,col_len,col_precision,col_scale,description,kind,lt,lu,primarykey,sql_declaration,sql_type,system_type) VALUES ('lu','progettotipocostokindtax','64',null,null,null,'S',{ts '2020-06-18 18:32:08.673'},'assistenza','N','varchar(64)','varchar','System.String')
GO

IF exists(SELECT * FROM [coldescr] WHERE colname = 'taxcode' AND tablename = 'progettotipocostokindtax')
UPDATE [coldescr] SET col_len = '4',col_precision = null,col_scale = null,description = 'Tipi di ritenuta',kind = 'S',lt = {ts '2020-06-18 18:32:29.427'},lu = 'assistenza',primarykey = 'S',sql_declaration = 'int',sql_type = 'int',system_type = 'System.Int32' WHERE colname = 'taxcode' AND tablename = 'progettotipocostokindtax'
ELSE
INSERT INTO [coldescr] (colname,tablename,col_len,col_precision,col_scale,description,kind,lt,lu,primarykey,sql_declaration,sql_type,system_type) VALUES ('taxcode','progettotipocostokindtax','4',null,null,'Tipi di ritenuta','S',{ts '2020-06-18 18:32:29.427'},'assistenza','S','int','int','System.Int32')
GO

-- FINE GENERAZIONE SCRIPT --


-- GENERAZIONE DATI PER tabledescr --
IF exists(SELECT * FROM [tabledescr] WHERE tablename = 'progettotipocostotax')
UPDATE [tabledescr] SET description = 'Tipi di ritenuta associati alla voce di costo della attività o progetto',idapplication = '3',isdbo = 'N',lt = {ts '2021-02-19 16:54:30.267'},lu = 'assistenza',title = 'Tipi di ritenuta associati' WHERE tablename = 'progettotipocostotax'
ELSE
INSERT INTO [tabledescr] (tablename,description,idapplication,isdbo,lt,lu,title) VALUES ('progettotipocostotax','Tipi di ritenuta associati alla voce di costo della attività o progetto','3','N',{ts '2021-02-19 16:54:30.267'},'assistenza','Tipi di ritenuta associati')
GO

-- FINE GENERAZIONE SCRIPT --


-- GENERAZIONE DATI PER coldescr --
IF exists(SELECT * FROM [coldescr] WHERE colname = 'ct' AND tablename = 'progettotipocostotax')
UPDATE [coldescr] SET col_len = '8',col_precision = null,col_scale = null,description = null,kind = 'S',lt = {ts '2020-06-18 18:32:11.607'},lu = 'assistenza',primarykey = 'N',sql_declaration = 'datetime',sql_type = 'datetime',system_type = 'System.DateTime' WHERE colname = 'ct' AND tablename = 'progettotipocostotax'
ELSE
INSERT INTO [coldescr] (colname,tablename,col_len,col_precision,col_scale,description,kind,lt,lu,primarykey,sql_declaration,sql_type,system_type) VALUES ('ct','progettotipocostotax','8',null,null,null,'S',{ts '2020-06-18 18:32:11.607'},'assistenza','N','datetime','datetime','System.DateTime')
GO

IF exists(SELECT * FROM [coldescr] WHERE colname = 'cu' AND tablename = 'progettotipocostotax')
UPDATE [coldescr] SET col_len = '64',col_precision = null,col_scale = null,description = null,kind = 'S',lt = {ts '2020-06-18 18:32:11.607'},lu = 'assistenza',primarykey = 'N',sql_declaration = 'varchar(64)',sql_type = 'varchar',system_type = 'System.String' WHERE colname = 'cu' AND tablename = 'progettotipocostotax'
ELSE
INSERT INTO [coldescr] (colname,tablename,col_len,col_precision,col_scale,description,kind,lt,lu,primarykey,sql_declaration,sql_type,system_type) VALUES ('cu','progettotipocostotax','64',null,null,null,'S',{ts '2020-06-18 18:32:11.607'},'assistenza','N','varchar(64)','varchar','System.String')
GO

IF exists(SELECT * FROM [coldescr] WHERE colname = 'idprogetto' AND tablename = 'progettotipocostotax')
UPDATE [coldescr] SET col_len = '4',col_precision = null,col_scale = null,description = null,kind = 'S',lt = {ts '2020-06-18 18:32:11.607'},lu = 'assistenza',primarykey = 'S',sql_declaration = 'int',sql_type = 'int',system_type = 'System.Int32' WHERE colname = 'idprogetto' AND tablename = 'progettotipocostotax'
ELSE
INSERT INTO [coldescr] (colname,tablename,col_len,col_precision,col_scale,description,kind,lt,lu,primarykey,sql_declaration,sql_type,system_type) VALUES ('idprogetto','progettotipocostotax','4',null,null,null,'S',{ts '2020-06-18 18:32:11.607'},'assistenza','S','int','int','System.Int32')
GO

IF exists(SELECT * FROM [coldescr] WHERE colname = 'idprogettotipocosto' AND tablename = 'progettotipocostotax')
UPDATE [coldescr] SET col_len = '4',col_precision = null,col_scale = null,description = null,kind = 'S',lt = {ts '2020-06-18 18:32:11.607'},lu = 'assistenza',primarykey = 'S',sql_declaration = 'int',sql_type = 'int',system_type = 'System.Int32' WHERE colname = 'idprogettotipocosto' AND tablename = 'progettotipocostotax'
ELSE
INSERT INTO [coldescr] (colname,tablename,col_len,col_precision,col_scale,description,kind,lt,lu,primarykey,sql_declaration,sql_type,system_type) VALUES ('idprogettotipocosto','progettotipocostotax','4',null,null,null,'S',{ts '2020-06-18 18:32:11.607'},'assistenza','S','int','int','System.Int32')
GO

IF exists(SELECT * FROM [coldescr] WHERE colname = 'lt' AND tablename = 'progettotipocostotax')
UPDATE [coldescr] SET col_len = '8',col_precision = null,col_scale = null,description = null,kind = 'S',lt = {ts '2020-06-18 18:32:11.607'},lu = 'assistenza',primarykey = 'N',sql_declaration = 'datetime',sql_type = 'datetime',system_type = 'System.DateTime' WHERE colname = 'lt' AND tablename = 'progettotipocostotax'
ELSE
INSERT INTO [coldescr] (colname,tablename,col_len,col_precision,col_scale,description,kind,lt,lu,primarykey,sql_declaration,sql_type,system_type) VALUES ('lt','progettotipocostotax','8',null,null,null,'S',{ts '2020-06-18 18:32:11.607'},'assistenza','N','datetime','datetime','System.DateTime')
GO

IF exists(SELECT * FROM [coldescr] WHERE colname = 'lu' AND tablename = 'progettotipocostotax')
UPDATE [coldescr] SET col_len = '64',col_precision = null,col_scale = null,description = null,kind = 'S',lt = {ts '2020-06-18 18:32:11.607'},lu = 'assistenza',primarykey = 'N',sql_declaration = 'varchar(64)',sql_type = 'varchar',system_type = 'System.String' WHERE colname = 'lu' AND tablename = 'progettotipocostotax'
ELSE
INSERT INTO [coldescr] (colname,tablename,col_len,col_precision,col_scale,description,kind,lt,lu,primarykey,sql_declaration,sql_type,system_type) VALUES ('lu','progettotipocostotax','64',null,null,null,'S',{ts '2020-06-18 18:32:11.607'},'assistenza','N','varchar(64)','varchar','System.String')
GO

IF exists(SELECT * FROM [coldescr] WHERE colname = 'taxcode' AND tablename = 'progettotipocostotax')
UPDATE [coldescr] SET col_len = '4',col_precision = null,col_scale = null,description = 'Tipi di ritenuta',kind = 'S',lt = {ts '2020-06-18 18:32:23.803'},lu = 'assistenza',primarykey = 'S',sql_declaration = 'int',sql_type = 'int',system_type = 'System.Int32' WHERE colname = 'taxcode' AND tablename = 'progettotipocostotax'
ELSE
INSERT INTO [coldescr] (colname,tablename,col_len,col_precision,col_scale,description,kind,lt,lu,primarykey,sql_declaration,sql_type,system_type) VALUES ('taxcode','progettotipocostotax','4',null,null,'Tipi di ritenuta','S',{ts '2020-06-18 18:32:23.803'},'assistenza','S','int','int','System.Int32')
GO

-- FINE GENERAZIONE SCRIPT --


-- GENERAZIONE DATI PER tabledescr --
IF exists(SELECT * FROM [tabledescr] WHERE tablename = 'progettoudr')
UPDATE [tabledescr] SET description = '2.7.7 Unità di ricerca',idapplication = '3',isdbo = 'N',lt = {ts '2021-02-19 17:02:45.407'},lu = 'assistenza',title = 'Unità di ricerca' WHERE tablename = 'progettoudr'
ELSE
INSERT INTO [tabledescr] (tablename,description,idapplication,isdbo,lt,lu,title) VALUES ('progettoudr','2.7.7 Unità di ricerca','3','N',{ts '2021-02-19 17:02:45.407'},'assistenza','Unità di ricerca')
GO

-- FINE GENERAZIONE SCRIPT --


-- GENERAZIONE DATI PER coldescr --
IF exists(SELECT * FROM [coldescr] WHERE colname = 'assegniricerca' AND tablename = 'progettoudr')
UPDATE [coldescr] SET col_len = '4',col_precision = null,col_scale = null,description = 'Numero assegni di ricerca previsti',kind = 'S',lt = {ts '2020-05-25 13:21:53.137'},lu = 'assistenza',primarykey = 'N',sql_declaration = 'int',sql_type = 'int',system_type = 'System.Int32' WHERE colname = 'assegniricerca' AND tablename = 'progettoudr'
ELSE
INSERT INTO [coldescr] (colname,tablename,col_len,col_precision,col_scale,description,kind,lt,lu,primarykey,sql_declaration,sql_type,system_type) VALUES ('assegniricerca','progettoudr','4',null,null,'Numero assegni di ricerca previsti','S',{ts '2020-05-25 13:21:53.137'},'assistenza','N','int','int','System.Int32')
GO

IF exists(SELECT * FROM [coldescr] WHERE colname = 'borsedottorati' AND tablename = 'progettoudr')
UPDATE [coldescr] SET col_len = '4',col_precision = null,col_scale = null,description = 'Numero borse di dottorato previste',kind = 'S',lt = {ts '2020-05-25 13:21:53.137'},lu = 'assistenza',primarykey = 'N',sql_declaration = 'int',sql_type = 'int',system_type = 'System.Int32' WHERE colname = 'borsedottorati' AND tablename = 'progettoudr'
ELSE
INSERT INTO [coldescr] (colname,tablename,col_len,col_precision,col_scale,description,kind,lt,lu,primarykey,sql_declaration,sql_type,system_type) VALUES ('borsedottorati','progettoudr','4',null,null,'Numero borse di dottorato previste','S',{ts '2020-05-25 13:21:53.137'},'assistenza','N','int','int','System.Int32')
GO

IF exists(SELECT * FROM [coldescr] WHERE colname = 'budget' AND tablename = 'progettoudr')
UPDATE [coldescr] SET col_len = '5',col_precision = '5',col_scale = '2',description = 'Costo complessivo',kind = 'S',lt = {ts '2020-06-08 18:40:28.390'},lu = 'assistenza',primarykey = 'N',sql_declaration = 'decimal(5,2)',sql_type = 'decimal',system_type = 'System.Decimal' WHERE colname = 'budget' AND tablename = 'progettoudr'
ELSE
INSERT INTO [coldescr] (colname,tablename,col_len,col_precision,col_scale,description,kind,lt,lu,primarykey,sql_declaration,sql_type,system_type) VALUES ('budget','progettoudr','5','5','2','Costo complessivo','S',{ts '2020-06-08 18:40:28.390'},'assistenza','N','decimal(5,2)','decimal','System.Decimal')
GO

IF exists(SELECT * FROM [coldescr] WHERE colname = 'contrattirtd' AND tablename = 'progettoudr')
UPDATE [coldescr] SET col_len = '4',col_precision = null,col_scale = null,description = 'Numero contratti RTD previsti',kind = 'S',lt = {ts '2020-05-25 13:21:53.137'},lu = 'assistenza',primarykey = 'N',sql_declaration = 'int',sql_type = 'int',system_type = 'System.Int32' WHERE colname = 'contrattirtd' AND tablename = 'progettoudr'
ELSE
INSERT INTO [coldescr] (colname,tablename,col_len,col_precision,col_scale,description,kind,lt,lu,primarykey,sql_declaration,sql_type,system_type) VALUES ('contrattirtd','progettoudr','4',null,null,'Numero contratti RTD previsti','S',{ts '2020-05-25 13:21:53.137'},'assistenza','N','int','int','System.Int32')
GO

IF exists(SELECT * FROM [coldescr] WHERE colname = 'contributo' AND tablename = 'progettoudr')
UPDATE [coldescr] SET col_len = '5',col_precision = '5',col_scale = '2',description = 'Contributo richiesto ',kind = 'S',lt = {ts '2020-06-08 18:40:28.390'},lu = 'assistenza',primarykey = 'N',sql_declaration = 'decimal(5,2)',sql_type = 'decimal',system_type = 'System.Decimal' WHERE colname = 'contributo' AND tablename = 'progettoudr'
ELSE
INSERT INTO [coldescr] (colname,tablename,col_len,col_precision,col_scale,description,kind,lt,lu,primarykey,sql_declaration,sql_type,system_type) VALUES ('contributo','progettoudr','5','5','2','Contributo richiesto ','S',{ts '2020-06-08 18:40:28.390'},'assistenza','N','decimal(5,2)','decimal','System.Decimal')
GO

IF exists(SELECT * FROM [coldescr] WHERE colname = 'ct' AND tablename = 'progettoudr')
UPDATE [coldescr] SET col_len = '8',col_precision = null,col_scale = null,description = null,kind = 'S',lt = {ts '2020-05-25 13:19:20.470'},lu = 'assistenza',primarykey = 'N',sql_declaration = 'datetime',sql_type = 'datetime',system_type = 'System.DateTime' WHERE colname = 'ct' AND tablename = 'progettoudr'
ELSE
INSERT INTO [coldescr] (colname,tablename,col_len,col_precision,col_scale,description,kind,lt,lu,primarykey,sql_declaration,sql_type,system_type) VALUES ('ct','progettoudr','8',null,null,null,'S',{ts '2020-05-25 13:19:20.470'},'assistenza','N','datetime','datetime','System.DateTime')
GO

IF exists(SELECT * FROM [coldescr] WHERE colname = 'cu' AND tablename = 'progettoudr')
UPDATE [coldescr] SET col_len = '64',col_precision = null,col_scale = null,description = null,kind = 'S',lt = {ts '2020-05-25 13:19:20.470'},lu = 'assistenza',primarykey = 'N',sql_declaration = 'varchar(64)',sql_type = 'varchar',system_type = 'System.String' WHERE colname = 'cu' AND tablename = 'progettoudr'
ELSE
INSERT INTO [coldescr] (colname,tablename,col_len,col_precision,col_scale,description,kind,lt,lu,primarykey,sql_declaration,sql_type,system_type) VALUES ('cu','progettoudr','64',null,null,null,'S',{ts '2020-05-25 13:19:20.470'},'assistenza','N','varchar(64)','varchar','System.String')
GO

IF exists(SELECT * FROM [coldescr] WHERE colname = 'description' AND tablename = 'progettoudr')
UPDATE [coldescr] SET col_len = '-1',col_precision = null,col_scale = null,description = 'Descrizione',kind = 'S',lt = {ts '2020-05-25 13:21:53.137'},lu = 'assistenza',primarykey = 'N',sql_declaration = 'varchar(max)',sql_type = 'varchar',system_type = 'System.String' WHERE colname = 'description' AND tablename = 'progettoudr'
ELSE
INSERT INTO [coldescr] (colname,tablename,col_len,col_precision,col_scale,description,kind,lt,lu,primarykey,sql_declaration,sql_type,system_type) VALUES ('description','progettoudr','-1',null,null,'Descrizione','S',{ts '2020-05-25 13:21:53.137'},'assistenza','N','varchar(max)','varchar','System.String')
GO

IF exists(SELECT * FROM [coldescr] WHERE colname = 'idprogetto' AND tablename = 'progettoudr')
UPDATE [coldescr] SET col_len = '4',col_precision = null,col_scale = null,description = null,kind = 'S',lt = {ts '2020-05-25 13:19:20.473'},lu = 'assistenza',primarykey = 'S',sql_declaration = 'int',sql_type = 'int',system_type = 'System.Int32' WHERE colname = 'idprogetto' AND tablename = 'progettoudr'
ELSE
INSERT INTO [coldescr] (colname,tablename,col_len,col_precision,col_scale,description,kind,lt,lu,primarykey,sql_declaration,sql_type,system_type) VALUES ('idprogetto','progettoudr','4',null,null,null,'S',{ts '2020-05-25 13:19:20.473'},'assistenza','S','int','int','System.Int32')
GO

IF exists(SELECT * FROM [coldescr] WHERE colname = 'idprogettoudr' AND tablename = 'progettoudr')
UPDATE [coldescr] SET col_len = '4',col_precision = null,col_scale = null,description = null,kind = 'S',lt = {ts '2020-05-25 13:19:20.473'},lu = 'assistenza',primarykey = 'S',sql_declaration = 'int',sql_type = 'int',system_type = 'System.Int32' WHERE colname = 'idprogettoudr' AND tablename = 'progettoudr'
ELSE
INSERT INTO [coldescr] (colname,tablename,col_len,col_precision,col_scale,description,kind,lt,lu,primarykey,sql_declaration,sql_type,system_type) VALUES ('idprogettoudr','progettoudr','4',null,null,null,'S',{ts '2020-05-25 13:19:20.473'},'assistenza','S','int','int','System.Int32')
GO

IF exists(SELECT * FROM [coldescr] WHERE colname = 'impegnototale' AND tablename = 'progettoudr')
UPDATE [coldescr] SET col_len = '4',col_precision = null,col_scale = null,description = 'Impegno temporale complessivo prevedibile in mesi/uomo',kind = 'S',lt = {ts '2020-05-25 13:21:53.137'},lu = 'assistenza',primarykey = 'N',sql_declaration = 'int',sql_type = 'int',system_type = 'System.Int32' WHERE colname = 'impegnototale' AND tablename = 'progettoudr'
ELSE
INSERT INTO [coldescr] (colname,tablename,col_len,col_precision,col_scale,description,kind,lt,lu,primarykey,sql_declaration,sql_type,system_type) VALUES ('impegnototale','progettoudr','4',null,null,'Impegno temporale complessivo prevedibile in mesi/uomo','S',{ts '2020-05-25 13:21:53.137'},'assistenza','N','int','int','System.Int32')
GO

IF exists(SELECT * FROM [coldescr] WHERE colname = 'lt' AND tablename = 'progettoudr')
UPDATE [coldescr] SET col_len = '8',col_precision = null,col_scale = null,description = null,kind = 'S',lt = {ts '2020-05-25 13:19:20.483'},lu = 'assistenza',primarykey = 'N',sql_declaration = 'datetime',sql_type = 'datetime',system_type = 'System.DateTime' WHERE colname = 'lt' AND tablename = 'progettoudr'
ELSE
INSERT INTO [coldescr] (colname,tablename,col_len,col_precision,col_scale,description,kind,lt,lu,primarykey,sql_declaration,sql_type,system_type) VALUES ('lt','progettoudr','8',null,null,null,'S',{ts '2020-05-25 13:19:20.483'},'assistenza','N','datetime','datetime','System.DateTime')
GO

IF exists(SELECT * FROM [coldescr] WHERE colname = 'lu' AND tablename = 'progettoudr')
UPDATE [coldescr] SET col_len = '64',col_precision = null,col_scale = null,description = null,kind = 'S',lt = {ts '2020-05-25 13:19:20.483'},lu = 'assistenza',primarykey = 'N',sql_declaration = 'varchar(64)',sql_type = 'varchar',system_type = 'System.String' WHERE colname = 'lu' AND tablename = 'progettoudr'
ELSE
INSERT INTO [coldescr] (colname,tablename,col_len,col_precision,col_scale,description,kind,lt,lu,primarykey,sql_declaration,sql_type,system_type) VALUES ('lu','progettoudr','64',null,null,null,'S',{ts '2020-05-25 13:19:20.483'},'assistenza','N','varchar(64)','varchar','System.String')
GO

IF exists(SELECT * FROM [coldescr] WHERE colname = 'title' AND tablename = 'progettoudr')
UPDATE [coldescr] SET col_len = '2048',col_precision = null,col_scale = null,description = 'Denominazione',kind = 'S',lt = {ts '2020-05-25 13:21:53.137'},lu = 'assistenza',primarykey = 'N',sql_declaration = 'nvarchar(2048)',sql_type = 'nvarchar',system_type = 'System.String' WHERE colname = 'title' AND tablename = 'progettoudr'
ELSE
INSERT INTO [coldescr] (colname,tablename,col_len,col_precision,col_scale,description,kind,lt,lu,primarykey,sql_declaration,sql_type,system_type) VALUES ('title','progettoudr','2048',null,null,'Denominazione','S',{ts '2020-05-25 13:21:53.137'},'assistenza','N','nvarchar(2048)','nvarchar','System.String')
GO

-- FINE GENERAZIONE SCRIPT --


-- GENERAZIONE DATI PER tabledescr --
IF exists(SELECT * FROM [tabledescr] WHERE tablename = 'progettoudrmembro')
UPDATE [tabledescr] SET description = '2.7.9 Membro di una UdR',idapplication = '3',isdbo = 'N',lt = {ts '2021-02-19 17:03:19.420'},lu = 'assistenza',title = 'Membri della UdR' WHERE tablename = 'progettoudrmembro'
ELSE
INSERT INTO [tabledescr] (tablename,description,idapplication,isdbo,lt,lu,title) VALUES ('progettoudrmembro','2.7.9 Membro di una UdR','3','N',{ts '2021-02-19 17:03:19.420'},'assistenza','Membri della UdR')
GO

-- FINE GENERAZIONE SCRIPT --


-- GENERAZIONE DATI PER coldescr --
IF exists(SELECT * FROM [coldescr] WHERE colname = 'costoorario' AND tablename = 'progettoudrmembro')
UPDATE [coldescr] SET col_len = '9',col_precision = '10',col_scale = '2',description = 'Costo orario',kind = 'S',lt = {ts '2020-11-10 15:26:00.810'},lu = 'assistenza',primarykey = 'N',sql_declaration = 'decimal(10,2)',sql_type = 'decimal',system_type = 'System.Decimal' WHERE colname = 'costoorario' AND tablename = 'progettoudrmembro'
ELSE
INSERT INTO [coldescr] (colname,tablename,col_len,col_precision,col_scale,description,kind,lt,lu,primarykey,sql_declaration,sql_type,system_type) VALUES ('costoorario','progettoudrmembro','9','10','2','Costo orario','S',{ts '2020-11-10 15:26:00.810'},'assistenza','N','decimal(10,2)','decimal','System.Decimal')
GO

IF exists(SELECT * FROM [coldescr] WHERE colname = 'ct' AND tablename = 'progettoudrmembro')
UPDATE [coldescr] SET col_len = '8',col_precision = null,col_scale = null,description = null,kind = 'S',lt = {ts '2020-05-25 13:23:18.950'},lu = 'assistenza',primarykey = 'N',sql_declaration = 'datetime',sql_type = 'datetime',system_type = 'System.DateTime' WHERE colname = 'ct' AND tablename = 'progettoudrmembro'
ELSE
INSERT INTO [coldescr] (colname,tablename,col_len,col_precision,col_scale,description,kind,lt,lu,primarykey,sql_declaration,sql_type,system_type) VALUES ('ct','progettoudrmembro','8',null,null,null,'S',{ts '2020-05-25 13:23:18.950'},'assistenza','N','datetime','datetime','System.DateTime')
GO

IF exists(SELECT * FROM [coldescr] WHERE colname = 'cu' AND tablename = 'progettoudrmembro')
UPDATE [coldescr] SET col_len = '64',col_precision = null,col_scale = null,description = null,kind = 'S',lt = {ts '2020-05-25 13:23:18.950'},lu = 'assistenza',primarykey = 'N',sql_declaration = 'varchar(64)',sql_type = 'varchar',system_type = 'System.String' WHERE colname = 'cu' AND tablename = 'progettoudrmembro'
ELSE
INSERT INTO [coldescr] (colname,tablename,col_len,col_precision,col_scale,description,kind,lt,lu,primarykey,sql_declaration,sql_type,system_type) VALUES ('cu','progettoudrmembro','64',null,null,null,'S',{ts '2020-05-25 13:23:18.950'},'assistenza','N','varchar(64)','varchar','System.String')
GO

IF exists(SELECT * FROM [coldescr] WHERE colname = 'idprogetto' AND tablename = 'progettoudrmembro')
UPDATE [coldescr] SET col_len = '4',col_precision = null,col_scale = null,description = null,kind = 'S',lt = {ts '2020-05-25 13:23:18.950'},lu = 'assistenza',primarykey = 'S',sql_declaration = 'int',sql_type = 'int',system_type = 'System.Int32' WHERE colname = 'idprogetto' AND tablename = 'progettoudrmembro'
ELSE
INSERT INTO [coldescr] (colname,tablename,col_len,col_precision,col_scale,description,kind,lt,lu,primarykey,sql_declaration,sql_type,system_type) VALUES ('idprogetto','progettoudrmembro','4',null,null,null,'S',{ts '2020-05-25 13:23:18.950'},'assistenza','S','int','int','System.Int32')
GO

IF exists(SELECT * FROM [coldescr] WHERE colname = 'idprogettoudr' AND tablename = 'progettoudrmembro')
UPDATE [coldescr] SET col_len = '4',col_precision = null,col_scale = null,description = null,kind = 'S',lt = {ts '2020-05-25 13:23:18.950'},lu = 'assistenza',primarykey = 'S',sql_declaration = 'int',sql_type = 'int',system_type = 'System.Int32' WHERE colname = 'idprogettoudr' AND tablename = 'progettoudrmembro'
ELSE
INSERT INTO [coldescr] (colname,tablename,col_len,col_precision,col_scale,description,kind,lt,lu,primarykey,sql_declaration,sql_type,system_type) VALUES ('idprogettoudr','progettoudrmembro','4',null,null,null,'S',{ts '2020-05-25 13:23:18.950'},'assistenza','S','int','int','System.Int32')
GO

IF exists(SELECT * FROM [coldescr] WHERE colname = 'idprogettoudrmembro' AND tablename = 'progettoudrmembro')
UPDATE [coldescr] SET col_len = '4',col_precision = null,col_scale = null,description = null,kind = 'S',lt = {ts '2020-05-25 13:23:18.950'},lu = 'assistenza',primarykey = 'S',sql_declaration = 'int',sql_type = 'int',system_type = 'System.Int32' WHERE colname = 'idprogettoudrmembro' AND tablename = 'progettoudrmembro'
ELSE
INSERT INTO [coldescr] (colname,tablename,col_len,col_precision,col_scale,description,kind,lt,lu,primarykey,sql_declaration,sql_type,system_type) VALUES ('idprogettoudrmembro','progettoudrmembro','4',null,null,null,'S',{ts '2020-05-25 13:23:18.950'},'assistenza','S','int','int','System.Int32')
GO

IF exists(SELECT * FROM [coldescr] WHERE colname = 'idprogettoudrmembrokind' AND tablename = 'progettoudrmembro')
UPDATE [coldescr] SET col_len = '4',col_precision = null,col_scale = null,description = 'Ruolo',kind = 'S',lt = {ts '2020-11-17 13:06:26.967'},lu = 'assistenza',primarykey = 'N',sql_declaration = 'int',sql_type = 'int',system_type = 'System.Int32' WHERE colname = 'idprogettoudrmembrokind' AND tablename = 'progettoudrmembro'
ELSE
INSERT INTO [coldescr] (colname,tablename,col_len,col_precision,col_scale,description,kind,lt,lu,primarykey,sql_declaration,sql_type,system_type) VALUES ('idprogettoudrmembrokind','progettoudrmembro','4',null,null,'Ruolo','S',{ts '2020-11-17 13:06:26.967'},'assistenza','N','int','int','System.Int32')
GO

IF exists(SELECT * FROM [coldescr] WHERE colname = 'idreg' AND tablename = 'progettoudrmembro')
UPDATE [coldescr] SET col_len = '4',col_precision = null,col_scale = null,description = 'Membro',kind = 'S',lt = {ts '2020-07-14 16:25:22.687'},lu = 'assistenza',primarykey = 'N',sql_declaration = 'int',sql_type = 'int',system_type = 'System.Int32' WHERE colname = 'idreg' AND tablename = 'progettoudrmembro'
ELSE
INSERT INTO [coldescr] (colname,tablename,col_len,col_precision,col_scale,description,kind,lt,lu,primarykey,sql_declaration,sql_type,system_type) VALUES ('idreg','progettoudrmembro','4',null,null,'Membro','S',{ts '2020-07-14 16:25:22.687'},'assistenza','N','int','int','System.Int32')
GO

IF exists(SELECT * FROM [coldescr] WHERE colname = 'impegno' AND tablename = 'progettoudrmembro')
UPDATE [coldescr] SET col_len = '4',col_precision = null,col_scale = null,description = 'Mesi/uomo preventivati',kind = 'S',lt = {ts '2020-05-25 13:24:30.863'},lu = 'assistenza',primarykey = 'N',sql_declaration = 'int',sql_type = 'int',system_type = 'System.Int32' WHERE colname = 'impegno' AND tablename = 'progettoudrmembro'
ELSE
INSERT INTO [coldescr] (colname,tablename,col_len,col_precision,col_scale,description,kind,lt,lu,primarykey,sql_declaration,sql_type,system_type) VALUES ('impegno','progettoudrmembro','4',null,null,'Mesi/uomo preventivati','S',{ts '2020-05-25 13:24:30.863'},'assistenza','N','int','int','System.Int32')
GO

IF exists(SELECT * FROM [coldescr] WHERE colname = 'lt' AND tablename = 'progettoudrmembro')
UPDATE [coldescr] SET col_len = '8',col_precision = null,col_scale = null,description = null,kind = 'S',lt = {ts '2020-05-25 13:23:18.953'},lu = 'assistenza',primarykey = 'N',sql_declaration = 'datetime',sql_type = 'datetime',system_type = 'System.DateTime' WHERE colname = 'lt' AND tablename = 'progettoudrmembro'
ELSE
INSERT INTO [coldescr] (colname,tablename,col_len,col_precision,col_scale,description,kind,lt,lu,primarykey,sql_declaration,sql_type,system_type) VALUES ('lt','progettoudrmembro','8',null,null,null,'S',{ts '2020-05-25 13:23:18.953'},'assistenza','N','datetime','datetime','System.DateTime')
GO

IF exists(SELECT * FROM [coldescr] WHERE colname = 'lu' AND tablename = 'progettoudrmembro')
UPDATE [coldescr] SET col_len = '64',col_precision = null,col_scale = null,description = null,kind = 'S',lt = {ts '2020-05-25 13:23:18.953'},lu = 'assistenza',primarykey = 'N',sql_declaration = 'varchar(64)',sql_type = 'varchar',system_type = 'System.String' WHERE colname = 'lu' AND tablename = 'progettoudrmembro'
ELSE
INSERT INTO [coldescr] (colname,tablename,col_len,col_precision,col_scale,description,kind,lt,lu,primarykey,sql_declaration,sql_type,system_type) VALUES ('lu','progettoudrmembro','64',null,null,null,'S',{ts '2020-05-25 13:23:18.953'},'assistenza','N','varchar(64)','varchar','System.String')
GO

-- FINE GENERAZIONE SCRIPT --


-- GENERAZIONE DATI PER tabledescr --
IF exists(SELECT * FROM [tabledescr] WHERE tablename = 'progettoudrmembrokind')
UPDATE [tabledescr] SET description = 'Tipologia di membro delle unità di personale',idapplication = '3',isdbo = 'S',lt = {ts '2021-02-19 18:11:13.360'},lu = 'assistenza',title = 'Tipologia di membro delle unità di personale' WHERE tablename = 'progettoudrmembrokind'
ELSE
INSERT INTO [tabledescr] (tablename,description,idapplication,isdbo,lt,lu,title) VALUES ('progettoudrmembrokind','Tipologia di membro delle unità di personale','3','S',{ts '2021-02-19 18:11:13.360'},'assistenza','Tipologia di membro delle unità di personale')
GO

-- FINE GENERAZIONE SCRIPT --


-- GENERAZIONE DATI PER coldescr --
IF exists(SELECT * FROM [coldescr] WHERE colname = 'active' AND tablename = 'progettoudrmembrokind')
UPDATE [coldescr] SET col_len = '1',col_precision = null,col_scale = null,description = 'Attivo',kind = 'S',lt = {ts '2020-11-17 13:04:49.847'},lu = 'assistenza',primarykey = 'N',sql_declaration = 'char(1)',sql_type = 'char',system_type = 'System.String' WHERE colname = 'active' AND tablename = 'progettoudrmembrokind'
ELSE
INSERT INTO [coldescr] (colname,tablename,col_len,col_precision,col_scale,description,kind,lt,lu,primarykey,sql_declaration,sql_type,system_type) VALUES ('active','progettoudrmembrokind','1',null,null,'Attivo','S',{ts '2020-11-17 13:04:49.847'},'assistenza','N','char(1)','char','System.String')
GO

IF exists(SELECT * FROM [coldescr] WHERE colname = 'ct' AND tablename = 'progettoudrmembrokind')
UPDATE [coldescr] SET col_len = '8',col_precision = null,col_scale = null,description = null,kind = 'S',lt = {ts '2020-11-17 13:03:44.817'},lu = 'assistenza',primarykey = 'N',sql_declaration = 'datetime',sql_type = 'datetime',system_type = 'System.DateTime' WHERE colname = 'ct' AND tablename = 'progettoudrmembrokind'
ELSE
INSERT INTO [coldescr] (colname,tablename,col_len,col_precision,col_scale,description,kind,lt,lu,primarykey,sql_declaration,sql_type,system_type) VALUES ('ct','progettoudrmembrokind','8',null,null,null,'S',{ts '2020-11-17 13:03:44.817'},'assistenza','N','datetime','datetime','System.DateTime')
GO

IF exists(SELECT * FROM [coldescr] WHERE colname = 'cu' AND tablename = 'progettoudrmembrokind')
UPDATE [coldescr] SET col_len = '64',col_precision = null,col_scale = null,description = null,kind = 'S',lt = {ts '2020-11-17 13:03:44.817'},lu = 'assistenza',primarykey = 'N',sql_declaration = 'varchar(64)',sql_type = 'varchar',system_type = 'System.String' WHERE colname = 'cu' AND tablename = 'progettoudrmembrokind'
ELSE
INSERT INTO [coldescr] (colname,tablename,col_len,col_precision,col_scale,description,kind,lt,lu,primarykey,sql_declaration,sql_type,system_type) VALUES ('cu','progettoudrmembrokind','64',null,null,null,'S',{ts '2020-11-17 13:03:44.817'},'assistenza','N','varchar(64)','varchar','System.String')
GO

IF exists(SELECT * FROM [coldescr] WHERE colname = 'description' AND tablename = 'progettoudrmembrokind')
UPDATE [coldescr] SET col_len = '2048',col_precision = null,col_scale = null,description = 'Descrizione',kind = 'S',lt = {ts '2020-11-17 13:04:49.847'},lu = 'assistenza',primarykey = 'N',sql_declaration = 'varchar(2048)',sql_type = 'varchar',system_type = 'System.String' WHERE colname = 'description' AND tablename = 'progettoudrmembrokind'
ELSE
INSERT INTO [coldescr] (colname,tablename,col_len,col_precision,col_scale,description,kind,lt,lu,primarykey,sql_declaration,sql_type,system_type) VALUES ('description','progettoudrmembrokind','2048',null,null,'Descrizione','S',{ts '2020-11-17 13:04:49.847'},'assistenza','N','varchar(2048)','varchar','System.String')
GO

IF exists(SELECT * FROM [coldescr] WHERE colname = 'idprogettoudrmembrokind' AND tablename = 'progettoudrmembrokind')
UPDATE [coldescr] SET col_len = '4',col_precision = null,col_scale = null,description = null,kind = 'S',lt = {ts '2020-11-17 13:03:44.820'},lu = 'assistenza',primarykey = 'S',sql_declaration = 'int',sql_type = 'int',system_type = 'System.Int32' WHERE colname = 'idprogettoudrmembrokind' AND tablename = 'progettoudrmembrokind'
ELSE
INSERT INTO [coldescr] (colname,tablename,col_len,col_precision,col_scale,description,kind,lt,lu,primarykey,sql_declaration,sql_type,system_type) VALUES ('idprogettoudrmembrokind','progettoudrmembrokind','4',null,null,null,'S',{ts '2020-11-17 13:03:44.820'},'assistenza','S','int','int','System.Int32')
GO

IF exists(SELECT * FROM [coldescr] WHERE colname = 'lt' AND tablename = 'progettoudrmembrokind')
UPDATE [coldescr] SET col_len = '8',col_precision = null,col_scale = null,description = null,kind = 'S',lt = {ts '2020-11-17 13:03:44.820'},lu = 'assistenza',primarykey = 'N',sql_declaration = 'datetime',sql_type = 'datetime',system_type = 'System.DateTime' WHERE colname = 'lt' AND tablename = 'progettoudrmembrokind'
ELSE
INSERT INTO [coldescr] (colname,tablename,col_len,col_precision,col_scale,description,kind,lt,lu,primarykey,sql_declaration,sql_type,system_type) VALUES ('lt','progettoudrmembrokind','8',null,null,null,'S',{ts '2020-11-17 13:03:44.820'},'assistenza','N','datetime','datetime','System.DateTime')
GO

IF exists(SELECT * FROM [coldescr] WHERE colname = 'lu' AND tablename = 'progettoudrmembrokind')
UPDATE [coldescr] SET col_len = '64',col_precision = null,col_scale = null,description = null,kind = 'S',lt = {ts '2020-11-17 13:03:44.820'},lu = 'assistenza',primarykey = 'N',sql_declaration = 'varchar(64)',sql_type = 'varchar',system_type = 'System.String' WHERE colname = 'lu' AND tablename = 'progettoudrmembrokind'
ELSE
INSERT INTO [coldescr] (colname,tablename,col_len,col_precision,col_scale,description,kind,lt,lu,primarykey,sql_declaration,sql_type,system_type) VALUES ('lu','progettoudrmembrokind','64',null,null,null,'S',{ts '2020-11-17 13:03:44.820'},'assistenza','N','varchar(64)','varchar','System.String')
GO

IF exists(SELECT * FROM [coldescr] WHERE colname = 'sortcode' AND tablename = 'progettoudrmembrokind')
UPDATE [coldescr] SET col_len = '4',col_precision = null,col_scale = null,description = 'Ordinamento',kind = 'S',lt = {ts '2020-11-17 13:04:49.847'},lu = 'assistenza',primarykey = 'N',sql_declaration = 'int',sql_type = 'int',system_type = 'System.Int32' WHERE colname = 'sortcode' AND tablename = 'progettoudrmembrokind'
ELSE
INSERT INTO [coldescr] (colname,tablename,col_len,col_precision,col_scale,description,kind,lt,lu,primarykey,sql_declaration,sql_type,system_type) VALUES ('sortcode','progettoudrmembrokind','4',null,null,'Ordinamento','S',{ts '2020-11-17 13:04:49.847'},'assistenza','N','int','int','System.Int32')
GO

IF exists(SELECT * FROM [coldescr] WHERE colname = 'title' AND tablename = 'progettoudrmembrokind')
UPDATE [coldescr] SET col_len = '50',col_precision = null,col_scale = null,description = 'Tipo di membro',kind = 'S',lt = {ts '2020-11-17 13:04:49.847'},lu = 'assistenza',primarykey = 'N',sql_declaration = 'varchar(50)',sql_type = 'varchar',system_type = 'System.String' WHERE colname = 'title' AND tablename = 'progettoudrmembrokind'
ELSE
INSERT INTO [coldescr] (colname,tablename,col_len,col_precision,col_scale,description,kind,lt,lu,primarykey,sql_declaration,sql_type,system_type) VALUES ('title','progettoudrmembrokind','50',null,null,'Tipo di membro','S',{ts '2020-11-17 13:04:49.847'},'assistenza','N','varchar(50)','varchar','System.String')
GO

-- FINE GENERAZIONE SCRIPT --


-- GENERAZIONE DATI PER tabledescr --
IF exists(SELECT * FROM [tabledescr] WHERE tablename = 'protocollo')
UPDATE [tabledescr] SET description = '2.6.12 Registrazione di protocollo e Segnatura',idapplication = '3',isdbo = 'S',lt = {ts '2021-02-22 10:31:23.380'},lu = 'assistenza',title = 'Registrazione di protocollo e Segnatura' WHERE tablename = 'protocollo'
ELSE
INSERT INTO [tabledescr] (tablename,description,idapplication,isdbo,lt,lu,title) VALUES ('protocollo','2.6.12 Registrazione di protocollo e Segnatura','3','S',{ts '2021-02-22 10:31:23.380'},'assistenza','Registrazione di protocollo e Segnatura')
GO

-- FINE GENERAZIONE SCRIPT --


-- GENERAZIONE DATI PER coldescr --
IF exists(SELECT * FROM [coldescr] WHERE colname = 'annullato' AND tablename = 'protocollo')
UPDATE [coldescr] SET col_len = '1',col_precision = null,col_scale = null,description = null,kind = 'S',lt = {ts '2020-03-27 10:44:30.100'},lu = 'assistenza',primarykey = 'N',sql_declaration = 'char(1)',sql_type = 'char',system_type = 'System.String' WHERE colname = 'annullato' AND tablename = 'protocollo'
ELSE
INSERT INTO [coldescr] (colname,tablename,col_len,col_precision,col_scale,description,kind,lt,lu,primarykey,sql_declaration,sql_type,system_type) VALUES ('annullato','protocollo','1',null,null,null,'S',{ts '2020-03-27 10:44:30.100'},'assistenza','N','char(1)','char','System.String')
GO

IF exists(SELECT * FROM [coldescr] WHERE colname = 'codiceammipa' AND tablename = 'protocollo')
UPDATE [coldescr] SET col_len = '50',col_precision = null,col_scale = null,description = 'Codice IPA dell''Istituto',kind = 'S',lt = {ts '2020-03-27 10:42:43.043'},lu = 'assistenza',primarykey = 'N',sql_declaration = 'varchar(50)',sql_type = 'varchar',system_type = 'System.String' WHERE colname = 'codiceammipa' AND tablename = 'protocollo'
ELSE
INSERT INTO [coldescr] (colname,tablename,col_len,col_precision,col_scale,description,kind,lt,lu,primarykey,sql_declaration,sql_type,system_type) VALUES ('codiceammipa','protocollo','50',null,null,'Codice IPA dell''Istituto','S',{ts '2020-03-27 10:42:43.043'},'assistenza','N','varchar(50)','varchar','System.String')
GO

IF exists(SELECT * FROM [coldescr] WHERE colname = 'codiceregistro' AND tablename = 'protocollo')
UPDATE [coldescr] SET col_len = '1024',col_precision = null,col_scale = null,description = 'Codice Registro (univoco nell''Istituto)',kind = 'S',lt = {ts '2020-09-16 10:31:03.503'},lu = 'assistenza',primarykey = 'N',sql_declaration = 'varchar(1024)',sql_type = 'varchar',system_type = 'System.String' WHERE colname = 'codiceregistro' AND tablename = 'protocollo'
ELSE
INSERT INTO [coldescr] (colname,tablename,col_len,col_precision,col_scale,description,kind,lt,lu,primarykey,sql_declaration,sql_type,system_type) VALUES ('codiceregistro','protocollo','1024',null,null,'Codice Registro (univoco nell''Istituto)','S',{ts '2020-09-16 10:31:03.503'},'assistenza','N','varchar(1024)','varchar','System.String')
GO

IF exists(SELECT * FROM [coldescr] WHERE colname = 'ct' AND tablename = 'protocollo')
UPDATE [coldescr] SET col_len = '8',col_precision = null,col_scale = null,description = null,kind = 'S',lt = {ts '2018-07-18 16:05:35.833'},lu = 'assistenza',primarykey = 'N',sql_declaration = 'datetime',sql_type = 'datetime',system_type = 'System.DateTime' WHERE colname = 'ct' AND tablename = 'protocollo'
ELSE
INSERT INTO [coldescr] (colname,tablename,col_len,col_precision,col_scale,description,kind,lt,lu,primarykey,sql_declaration,sql_type,system_type) VALUES ('ct','protocollo','8',null,null,null,'S',{ts '2018-07-18 16:05:35.833'},'assistenza','N','datetime','datetime','System.DateTime')
GO

IF exists(SELECT * FROM [coldescr] WHERE colname = 'cu' AND tablename = 'protocollo')
UPDATE [coldescr] SET col_len = '64',col_precision = null,col_scale = null,description = null,kind = 'S',lt = {ts '2018-07-18 16:05:35.833'},lu = 'assistenza',primarykey = 'N',sql_declaration = 'varchar(64)',sql_type = 'varchar',system_type = 'System.String' WHERE colname = 'cu' AND tablename = 'protocollo'
ELSE
INSERT INTO [coldescr] (colname,tablename,col_len,col_precision,col_scale,description,kind,lt,lu,primarykey,sql_declaration,sql_type,system_type) VALUES ('cu','protocollo','64',null,null,null,'S',{ts '2018-07-18 16:05:35.833'},'assistenza','N','varchar(64)','varchar','System.String')
GO

IF exists(SELECT * FROM [coldescr] WHERE colname = 'dataannullamento' AND tablename = 'protocollo')
UPDATE [coldescr] SET col_len = '8',col_precision = null,col_scale = null,description = 'Data di annullamento',kind = 'S',lt = {ts '2020-09-16 10:31:15.303'},lu = 'assistenza',primarykey = 'N',sql_declaration = 'datetime',sql_type = 'datetime',system_type = 'System.DateTime' WHERE colname = 'dataannullamento' AND tablename = 'protocollo'
ELSE
INSERT INTO [coldescr] (colname,tablename,col_len,col_precision,col_scale,description,kind,lt,lu,primarykey,sql_declaration,sql_type,system_type) VALUES ('dataannullamento','protocollo','8',null,null,'Data di annullamento','S',{ts '2020-09-16 10:31:15.303'},'assistenza','N','datetime','datetime','System.DateTime')
GO

IF exists(SELECT * FROM [coldescr] WHERE colname = 'idaoo' AND tablename = 'protocollo')
UPDATE [coldescr] SET col_len = '4',col_precision = null,col_scale = null,description = 'Area organizzativa omogenea',kind = 'S',lt = {ts '2020-03-27 10:42:43.043'},lu = 'assistenza',primarykey = 'N',sql_declaration = 'int',sql_type = 'int',system_type = 'System.Int32' WHERE colname = 'idaoo' AND tablename = 'protocollo'
ELSE
INSERT INTO [coldescr] (colname,tablename,col_len,col_precision,col_scale,description,kind,lt,lu,primarykey,sql_declaration,sql_type,system_type) VALUES ('idaoo','protocollo','4',null,null,'Area organizzativa omogenea','S',{ts '2020-03-27 10:42:43.043'},'assistenza','N','int','int','System.Int32')
GO

IF exists(SELECT * FROM [coldescr] WHERE colname = 'idreg_origine' AND tablename = 'protocollo')
UPDATE [coldescr] SET col_len = '4',col_precision = null,col_scale = null,description = 'Mittente',kind = 'S',lt = {ts '2020-03-27 10:42:43.043'},lu = 'assistenza',primarykey = 'N',sql_declaration = 'int',sql_type = 'int',system_type = 'System.Int32' WHERE colname = 'idreg_origine' AND tablename = 'protocollo'
ELSE
INSERT INTO [coldescr] (colname,tablename,col_len,col_precision,col_scale,description,kind,lt,lu,primarykey,sql_declaration,sql_type,system_type) VALUES ('idreg_origine','protocollo','4',null,null,'Mittente','S',{ts '2020-03-27 10:42:43.043'},'assistenza','N','int','int','System.Int32')
GO

IF exists(SELECT * FROM [coldescr] WHERE colname = 'lt' AND tablename = 'protocollo')
UPDATE [coldescr] SET col_len = '8',col_precision = null,col_scale = null,description = null,kind = 'S',lt = {ts '2018-07-18 16:05:35.837'},lu = 'assistenza',primarykey = 'N',sql_declaration = 'datetime',sql_type = 'datetime',system_type = 'System.DateTime' WHERE colname = 'lt' AND tablename = 'protocollo'
ELSE
INSERT INTO [coldescr] (colname,tablename,col_len,col_precision,col_scale,description,kind,lt,lu,primarykey,sql_declaration,sql_type,system_type) VALUES ('lt','protocollo','8',null,null,null,'S',{ts '2018-07-18 16:05:35.837'},'assistenza','N','datetime','datetime','System.DateTime')
GO

IF exists(SELECT * FROM [coldescr] WHERE colname = 'lu' AND tablename = 'protocollo')
UPDATE [coldescr] SET col_len = '64',col_precision = null,col_scale = null,description = null,kind = 'S',lt = {ts '2018-07-18 16:05:35.837'},lu = 'assistenza',primarykey = 'N',sql_declaration = 'varchar(64)',sql_type = 'varchar',system_type = 'System.String' WHERE colname = 'lu' AND tablename = 'protocollo'
ELSE
INSERT INTO [coldescr] (colname,tablename,col_len,col_precision,col_scale,description,kind,lt,lu,primarykey,sql_declaration,sql_type,system_type) VALUES ('lu','protocollo','64',null,null,null,'S',{ts '2018-07-18 16:05:35.837'},'assistenza','N','varchar(64)','varchar','System.String')
GO

IF exists(SELECT * FROM [coldescr] WHERE colname = 'oggetto' AND tablename = 'protocollo')
UPDATE [coldescr] SET col_len = '1024',col_precision = null,col_scale = null,description = 'Oggetto del documento',kind = 'S',lt = {ts '2020-03-27 10:54:48.823'},lu = 'assistenza',primarykey = 'N',sql_declaration = 'varchar(1024)',sql_type = 'varchar',system_type = 'System.String' WHERE colname = 'oggetto' AND tablename = 'protocollo'
ELSE
INSERT INTO [coldescr] (colname,tablename,col_len,col_precision,col_scale,description,kind,lt,lu,primarykey,sql_declaration,sql_type,system_type) VALUES ('oggetto','protocollo','1024',null,null,'Oggetto del documento','S',{ts '2020-03-27 10:54:48.823'},'assistenza','N','varchar(1024)','varchar','System.String')
GO

IF exists(SELECT * FROM [coldescr] WHERE colname = 'originecodiceaoo' AND tablename = 'protocollo')
UPDATE [coldescr] SET col_len = '50',col_precision = null,col_scale = null,description = 'Amministrazione pubblica mittente - Codice IPA area organizzativa omogenea',kind = 'S',lt = {ts '2020-03-27 11:02:51.807'},lu = 'assistenza',primarykey = 'N',sql_declaration = 'varchar(50)',sql_type = 'varchar',system_type = 'System.String' WHERE colname = 'originecodiceaoo' AND tablename = 'protocollo'
ELSE
INSERT INTO [coldescr] (colname,tablename,col_len,col_precision,col_scale,description,kind,lt,lu,primarykey,sql_declaration,sql_type,system_type) VALUES ('originecodiceaoo','protocollo','50',null,null,'Amministrazione pubblica mittente - Codice IPA area organizzativa omogenea','S',{ts '2020-03-27 11:02:51.807'},'assistenza','N','varchar(50)','varchar','System.String')
GO

IF exists(SELECT * FROM [coldescr] WHERE colname = 'origineidamm' AND tablename = 'protocollo')
UPDATE [coldescr] SET col_len = '50',col_precision = null,col_scale = null,description = 'Amministrazione pubblica mittente - Codice IPA',kind = 'S',lt = {ts '2020-03-27 11:02:51.807'},lu = 'assistenza',primarykey = 'N',sql_declaration = 'varchar(50)',sql_type = 'varchar',system_type = 'System.String' WHERE colname = 'origineidamm' AND tablename = 'protocollo'
ELSE
INSERT INTO [coldescr] (colname,tablename,col_len,col_precision,col_scale,description,kind,lt,lu,primarykey,sql_declaration,sql_type,system_type) VALUES ('origineidamm','protocollo','50',null,null,'Amministrazione pubblica mittente - Codice IPA','S',{ts '2020-03-27 11:02:51.807'},'assistenza','N','varchar(50)','varchar','System.String')
GO

IF exists(SELECT * FROM [coldescr] WHERE colname = 'originemail' AND tablename = 'protocollo')
UPDATE [coldescr] SET col_len = '512',col_precision = null,col_scale = null,description = 'E-mail mittente',kind = 'S',lt = {ts '2020-03-27 10:54:48.827'},lu = 'assistenza',primarykey = 'N',sql_declaration = 'varchar(512)',sql_type = 'varchar',system_type = 'System.String' WHERE colname = 'originemail' AND tablename = 'protocollo'
ELSE
INSERT INTO [coldescr] (colname,tablename,col_len,col_precision,col_scale,description,kind,lt,lu,primarykey,sql_declaration,sql_type,system_type) VALUES ('originemail','protocollo','512',null,null,'E-mail mittente','S',{ts '2020-03-27 10:54:48.827'},'assistenza','N','varchar(512)','varchar','System.String')
GO

IF exists(SELECT * FROM [coldescr] WHERE colname = 'protanno' AND tablename = 'protocollo')
UPDATE [coldescr] SET col_len = '4',col_precision = null,col_scale = null,description = 'Anno di protocollo',kind = 'S',lt = {ts '2020-03-27 10:54:48.827'},lu = 'assistenza',primarykey = 'S',sql_declaration = 'int',sql_type = 'int',system_type = 'System.Int32' WHERE colname = 'protanno' AND tablename = 'protocollo'
ELSE
INSERT INTO [coldescr] (colname,tablename,col_len,col_precision,col_scale,description,kind,lt,lu,primarykey,sql_declaration,sql_type,system_type) VALUES ('protanno','protocollo','4',null,null,'Anno di protocollo','S',{ts '2020-03-27 10:54:48.827'},'assistenza','S','int','int','System.Int32')
GO

IF exists(SELECT * FROM [coldescr] WHERE colname = 'protdata' AND tablename = 'protocollo')
UPDATE [coldescr] SET col_len = '3',col_precision = null,col_scale = null,description = 'Data di protocollo',kind = 'S',lt = {ts '2020-03-27 10:54:48.827'},lu = 'assistenza',primarykey = 'N',sql_declaration = 'date',sql_type = 'date',system_type = 'System.DateTime' WHERE colname = 'protdata' AND tablename = 'protocollo'
ELSE
INSERT INTO [coldescr] (colname,tablename,col_len,col_precision,col_scale,description,kind,lt,lu,primarykey,sql_declaration,sql_type,system_type) VALUES ('protdata','protocollo','3',null,null,'Data di protocollo','S',{ts '2020-03-27 10:54:48.827'},'assistenza','N','date','date','System.DateTime')
GO

IF exists(SELECT * FROM [coldescr] WHERE colname = 'protnumero' AND tablename = 'protocollo')
UPDATE [coldescr] SET col_len = '4',col_precision = null,col_scale = null,description = 'Numero di protocollo',kind = 'S',lt = {ts '2020-03-27 10:44:28.387'},lu = 'assistenza',primarykey = 'S',sql_declaration = 'int',sql_type = 'int',system_type = 'System.Int32' WHERE colname = 'protnumero' AND tablename = 'protocollo'
ELSE
INSERT INTO [coldescr] (colname,tablename,col_len,col_precision,col_scale,description,kind,lt,lu,primarykey,sql_declaration,sql_type,system_type) VALUES ('protnumero','protocollo','4',null,null,'Numero di protocollo','S',{ts '2020-03-27 10:44:28.387'},'assistenza','S','int','int','System.Int32')
GO

IF exists(SELECT * FROM [coldescr] WHERE colname = 'testo' AND tablename = 'protocollo')
UPDATE [coldescr] SET col_len = '-1',col_precision = null,col_scale = null,description = 'Testo del documento (alternativamente al descrittore del documento)',kind = 'S',lt = {ts '2020-09-16 10:31:03.503'},lu = 'assistenza',primarykey = 'N',sql_declaration = 'varchar(max)',sql_type = 'varchar',system_type = 'System.String' WHERE colname = 'testo' AND tablename = 'protocollo'
ELSE
INSERT INTO [coldescr] (colname,tablename,col_len,col_precision,col_scale,description,kind,lt,lu,primarykey,sql_declaration,sql_type,system_type) VALUES ('testo','protocollo','-1',null,null,'Testo del documento (alternativamente al descrittore del documento)','S',{ts '2020-09-16 10:31:03.503'},'assistenza','N','varchar(max)','varchar','System.String')
GO

-- FINE GENERAZIONE SCRIPT --


-- GENERAZIONE DATI PER tabledescr --
IF exists(SELECT * FROM [tabledescr] WHERE tablename = 'protocollodestinatario')
UPDATE [tabledescr] SET description = 'Destinatari della 2.6.12 registrazione di protocollo',idapplication = '3',isdbo = 'S',lt = {ts '2021-02-22 10:32:36.353'},lu = 'assistenza',title = 'Destinatari' WHERE tablename = 'protocollodestinatario'
ELSE
INSERT INTO [tabledescr] (tablename,description,idapplication,isdbo,lt,lu,title) VALUES ('protocollodestinatario','Destinatari della 2.6.12 registrazione di protocollo','3','S',{ts '2021-02-22 10:32:36.353'},'assistenza','Destinatari')
GO

-- FINE GENERAZIONE SCRIPT --


-- GENERAZIONE DATI PER coldescr --
IF exists(SELECT * FROM [coldescr] WHERE colname = 'ct' AND tablename = 'protocollodestinatario')
UPDATE [coldescr] SET col_len = '8',col_precision = null,col_scale = null,description = null,kind = 'S',lt = {ts '2020-03-27 12:33:16.303'},lu = 'assistenza',primarykey = 'N',sql_declaration = 'datetime',sql_type = 'datetime',system_type = 'System.DateTime' WHERE colname = 'ct' AND tablename = 'protocollodestinatario'
ELSE
INSERT INTO [coldescr] (colname,tablename,col_len,col_precision,col_scale,description,kind,lt,lu,primarykey,sql_declaration,sql_type,system_type) VALUES ('ct','protocollodestinatario','8',null,null,null,'S',{ts '2020-03-27 12:33:16.303'},'assistenza','N','datetime','datetime','System.DateTime')
GO

IF exists(SELECT * FROM [coldescr] WHERE colname = 'cu' AND tablename = 'protocollodestinatario')
UPDATE [coldescr] SET col_len = '64',col_precision = null,col_scale = null,description = null,kind = 'S',lt = {ts '2020-03-27 12:33:16.307'},lu = 'assistenza',primarykey = 'N',sql_declaration = 'varchar(64)',sql_type = 'varchar',system_type = 'System.String' WHERE colname = 'cu' AND tablename = 'protocollodestinatario'
ELSE
INSERT INTO [coldescr] (colname,tablename,col_len,col_precision,col_scale,description,kind,lt,lu,primarykey,sql_declaration,sql_type,system_type) VALUES ('cu','protocollodestinatario','64',null,null,null,'S',{ts '2020-03-27 12:33:16.307'},'assistenza','N','varchar(64)','varchar','System.String')
GO

IF exists(SELECT * FROM [coldescr] WHERE colname = 'destcodiceaoo' AND tablename = 'protocollodestinatario')
UPDATE [coldescr] SET col_len = '50',col_precision = null,col_scale = null,description = 'Amministrazione pubblica destinataria - Codice IPA area organizzativa omogenea',kind = 'S',lt = {ts '2020-03-27 12:33:59.183'},lu = 'assistenza',primarykey = 'N',sql_declaration = 'varchar(50)',sql_type = 'varchar',system_type = 'System.String' WHERE colname = 'destcodiceaoo' AND tablename = 'protocollodestinatario'
ELSE
INSERT INTO [coldescr] (colname,tablename,col_len,col_precision,col_scale,description,kind,lt,lu,primarykey,sql_declaration,sql_type,system_type) VALUES ('destcodiceaoo','protocollodestinatario','50',null,null,'Amministrazione pubblica destinataria - Codice IPA area organizzativa omogenea','S',{ts '2020-03-27 12:33:59.183'},'assistenza','N','varchar(50)','varchar','System.String')
GO

IF exists(SELECT * FROM [coldescr] WHERE colname = 'destidamm' AND tablename = 'protocollodestinatario')
UPDATE [coldescr] SET col_len = '50',col_precision = null,col_scale = null,description = 'Amministrazione pubblica destinataria - Codice IPA',kind = 'S',lt = {ts '2020-03-27 12:33:59.183'},lu = 'assistenza',primarykey = 'N',sql_declaration = 'varchar(50)',sql_type = 'varchar',system_type = 'System.String' WHERE colname = 'destidamm' AND tablename = 'protocollodestinatario'
ELSE
INSERT INTO [coldescr] (colname,tablename,col_len,col_precision,col_scale,description,kind,lt,lu,primarykey,sql_declaration,sql_type,system_type) VALUES ('destidamm','protocollodestinatario','50',null,null,'Amministrazione pubblica destinataria - Codice IPA','S',{ts '2020-03-27 12:33:59.183'},'assistenza','N','varchar(50)','varchar','System.String')
GO

IF exists(SELECT * FROM [coldescr] WHERE colname = 'destmail' AND tablename = 'protocollodestinatario')
UPDATE [coldescr] SET col_len = '512',col_precision = null,col_scale = null,description = 'E-mail',kind = 'S',lt = {ts '2020-03-27 12:34:37.747'},lu = 'assistenza',primarykey = 'N',sql_declaration = 'varchar(512)',sql_type = 'varchar',system_type = 'System.String' WHERE colname = 'destmail' AND tablename = 'protocollodestinatario'
ELSE
INSERT INTO [coldescr] (colname,tablename,col_len,col_precision,col_scale,description,kind,lt,lu,primarykey,sql_declaration,sql_type,system_type) VALUES ('destmail','protocollodestinatario','512',null,null,'E-mail','S',{ts '2020-03-27 12:34:37.747'},'assistenza','N','varchar(512)','varchar','System.String')
GO

IF exists(SELECT * FROM [coldescr] WHERE colname = 'idprotocollodestinatario' AND tablename = 'protocollodestinatario')
UPDATE [coldescr] SET col_len = '4',col_precision = null,col_scale = null,description = null,kind = 'S',lt = {ts '2020-03-27 12:33:16.307'},lu = 'assistenza',primarykey = 'S',sql_declaration = 'int',sql_type = 'int',system_type = 'System.Int32' WHERE colname = 'idprotocollodestinatario' AND tablename = 'protocollodestinatario'
ELSE
INSERT INTO [coldescr] (colname,tablename,col_len,col_precision,col_scale,description,kind,lt,lu,primarykey,sql_declaration,sql_type,system_type) VALUES ('idprotocollodestinatario','protocollodestinatario','4',null,null,null,'S',{ts '2020-03-27 12:33:16.307'},'assistenza','S','int','int','System.Int32')
GO

IF exists(SELECT * FROM [coldescr] WHERE colname = 'idreg_dest' AND tablename = 'protocollodestinatario')
UPDATE [coldescr] SET col_len = '4',col_precision = null,col_scale = null,description = 'Destinatario',kind = 'S',lt = {ts '2020-03-27 12:34:37.747'},lu = 'assistenza',primarykey = 'N',sql_declaration = 'int',sql_type = 'int',system_type = 'System.Int32' WHERE colname = 'idreg_dest' AND tablename = 'protocollodestinatario'
ELSE
INSERT INTO [coldescr] (colname,tablename,col_len,col_precision,col_scale,description,kind,lt,lu,primarykey,sql_declaration,sql_type,system_type) VALUES ('idreg_dest','protocollodestinatario','4',null,null,'Destinatario','S',{ts '2020-03-27 12:34:37.747'},'assistenza','N','int','int','System.Int32')
GO

IF exists(SELECT * FROM [coldescr] WHERE colname = 'lt' AND tablename = 'protocollodestinatario')
UPDATE [coldescr] SET col_len = '8',col_precision = null,col_scale = null,description = null,kind = 'S',lt = {ts '2020-03-27 12:33:16.307'},lu = 'assistenza',primarykey = 'N',sql_declaration = 'datetime',sql_type = 'datetime',system_type = 'System.DateTime' WHERE colname = 'lt' AND tablename = 'protocollodestinatario'
ELSE
INSERT INTO [coldescr] (colname,tablename,col_len,col_precision,col_scale,description,kind,lt,lu,primarykey,sql_declaration,sql_type,system_type) VALUES ('lt','protocollodestinatario','8',null,null,null,'S',{ts '2020-03-27 12:33:16.307'},'assistenza','N','datetime','datetime','System.DateTime')
GO

IF exists(SELECT * FROM [coldescr] WHERE colname = 'lu' AND tablename = 'protocollodestinatario')
UPDATE [coldescr] SET col_len = '64',col_precision = null,col_scale = null,description = null,kind = 'S',lt = {ts '2020-03-27 12:33:16.307'},lu = 'assistenza',primarykey = 'N',sql_declaration = 'varchar(64)',sql_type = 'varchar',system_type = 'System.String' WHERE colname = 'lu' AND tablename = 'protocollodestinatario'
ELSE
INSERT INTO [coldescr] (colname,tablename,col_len,col_precision,col_scale,description,kind,lt,lu,primarykey,sql_declaration,sql_type,system_type) VALUES ('lu','protocollodestinatario','64',null,null,null,'S',{ts '2020-03-27 12:33:16.307'},'assistenza','N','varchar(64)','varchar','System.String')
GO

IF exists(SELECT * FROM [coldescr] WHERE colname = 'protanno' AND tablename = 'protocollodestinatario')
UPDATE [coldescr] SET col_len = '4',col_precision = null,col_scale = null,description = null,kind = 'S',lt = {ts '2020-03-27 12:33:16.307'},lu = 'assistenza',primarykey = 'S',sql_declaration = 'int',sql_type = 'int',system_type = 'System.Int32' WHERE colname = 'protanno' AND tablename = 'protocollodestinatario'
ELSE
INSERT INTO [coldescr] (colname,tablename,col_len,col_precision,col_scale,description,kind,lt,lu,primarykey,sql_declaration,sql_type,system_type) VALUES ('protanno','protocollodestinatario','4',null,null,null,'S',{ts '2020-03-27 12:33:16.307'},'assistenza','S','int','int','System.Int32')
GO

IF exists(SELECT * FROM [coldescr] WHERE colname = 'protnumero' AND tablename = 'protocollodestinatario')
UPDATE [coldescr] SET col_len = '4',col_precision = null,col_scale = null,description = null,kind = 'S',lt = {ts '2020-03-27 12:33:16.307'},lu = 'assistenza',primarykey = 'S',sql_declaration = 'int',sql_type = 'int',system_type = 'System.Int32' WHERE colname = 'protnumero' AND tablename = 'protocollodestinatario'
ELSE
INSERT INTO [coldescr] (colname,tablename,col_len,col_precision,col_scale,description,kind,lt,lu,primarykey,sql_declaration,sql_type,system_type) VALUES ('protnumero','protocollodestinatario','4',null,null,null,'S',{ts '2020-03-27 12:33:16.307'},'assistenza','S','int','int','System.Int32')
GO

-- FINE GENERAZIONE SCRIPT --


-- GENERAZIONE DATI PER tabledescr --
IF exists(SELECT * FROM [tabledescr] WHERE tablename = 'protocollodoc')
UPDATE [tabledescr] SET description = 'Descrittore del documento della registrazione di protocollo 2.6.12',idapplication = '3',isdbo = 'S',lt = {ts '2021-02-22 10:34:26.370'},lu = 'assistenza',title = 'Descrittore del documento' WHERE tablename = 'protocollodoc'
ELSE
INSERT INTO [tabledescr] (tablename,description,idapplication,isdbo,lt,lu,title) VALUES ('protocollodoc','Descrittore del documento della registrazione di protocollo 2.6.12','3','S',{ts '2021-02-22 10:34:26.370'},'assistenza','Descrittore del documento')
GO

-- FINE GENERAZIONE SCRIPT --


-- GENERAZIONE DATI PER coldescr --
IF exists(SELECT * FROM [coldescr] WHERE colname = 'ct' AND tablename = 'protocollodoc')
UPDATE [coldescr] SET col_len = '8',col_precision = null,col_scale = null,description = null,kind = 'S',lt = {ts '2018-07-18 16:08:34.400'},lu = 'assistenza',primarykey = 'N',sql_declaration = 'datetime',sql_type = 'datetime',system_type = 'System.DateTime' WHERE colname = 'ct' AND tablename = 'protocollodoc'
ELSE
INSERT INTO [coldescr] (colname,tablename,col_len,col_precision,col_scale,description,kind,lt,lu,primarykey,sql_declaration,sql_type,system_type) VALUES ('ct','protocollodoc','8',null,null,null,'S',{ts '2018-07-18 16:08:34.400'},'assistenza','N','datetime','datetime','System.DateTime')
GO

IF exists(SELECT * FROM [coldescr] WHERE colname = 'cu' AND tablename = 'protocollodoc')
UPDATE [coldescr] SET col_len = '64',col_precision = null,col_scale = null,description = null,kind = 'S',lt = {ts '2018-07-18 16:08:34.400'},lu = 'assistenza',primarykey = 'N',sql_declaration = 'varchar(64)',sql_type = 'varchar',system_type = 'System.String' WHERE colname = 'cu' AND tablename = 'protocollodoc'
ELSE
INSERT INTO [coldescr] (colname,tablename,col_len,col_precision,col_scale,description,kind,lt,lu,primarykey,sql_declaration,sql_type,system_type) VALUES ('cu','protocollodoc','64',null,null,null,'S',{ts '2018-07-18 16:08:34.400'},'assistenza','N','varchar(64)','varchar','System.String')
GO

IF exists(SELECT * FROM [coldescr] WHERE colname = 'filename' AND tablename = 'protocollodoc')
UPDATE [coldescr] SET col_len = '1024',col_precision = null,col_scale = null,description = 'Nome del file',kind = 'S',lt = {ts '2020-03-27 13:10:40.317'},lu = 'assistenza',primarykey = 'N',sql_declaration = 'varchar(1024)',sql_type = 'varchar',system_type = 'System.String' WHERE colname = 'filename' AND tablename = 'protocollodoc'
ELSE
INSERT INTO [coldescr] (colname,tablename,col_len,col_precision,col_scale,description,kind,lt,lu,primarykey,sql_declaration,sql_type,system_type) VALUES ('filename','protocollodoc','1024',null,null,'Nome del file','S',{ts '2020-03-27 13:10:40.317'},'assistenza','N','varchar(1024)','varchar','System.String')
GO

IF exists(SELECT * FROM [coldescr] WHERE colname = 'idattach' AND tablename = 'protocollodoc')
UPDATE [coldescr] SET col_len = '4',col_precision = null,col_scale = null,description = 'Allegato',kind = 'S',lt = {ts '2020-03-27 13:14:45.470'},lu = 'assistenza',primarykey = 'N',sql_declaration = 'int',sql_type = 'int',system_type = 'System.Int32' WHERE colname = 'idattach' AND tablename = 'protocollodoc'
ELSE
INSERT INTO [coldescr] (colname,tablename,col_len,col_precision,col_scale,description,kind,lt,lu,primarykey,sql_declaration,sql_type,system_type) VALUES ('idattach','protocollodoc','4',null,null,'Allegato','S',{ts '2020-03-27 13:14:45.470'},'assistenza','N','int','int','System.Int32')
GO

IF exists(SELECT * FROM [coldescr] WHERE colname = 'idmimetype' AND tablename = 'protocollodoc')
UPDATE [coldescr] SET col_len = '4',col_precision = null,col_scale = null,description = 'MIME type',kind = 'S',lt = {ts '2020-03-27 13:10:40.317'},lu = 'assistenza',primarykey = 'N',sql_declaration = 'int',sql_type = 'int',system_type = 'System.Int32' WHERE colname = 'idmimetype' AND tablename = 'protocollodoc'
ELSE
INSERT INTO [coldescr] (colname,tablename,col_len,col_precision,col_scale,description,kind,lt,lu,primarykey,sql_declaration,sql_type,system_type) VALUES ('idmimetype','protocollodoc','4',null,null,'MIME type','S',{ts '2020-03-27 13:10:40.317'},'assistenza','N','int','int','System.Int32')
GO

IF exists(SELECT * FROM [coldescr] WHERE colname = 'idprotocollodoc' AND tablename = 'protocollodoc')
UPDATE [coldescr] SET col_len = '4',col_precision = null,col_scale = null,description = null,kind = 'S',lt = {ts '2018-07-18 16:08:34.400'},lu = 'assistenza',primarykey = 'S',sql_declaration = 'int',sql_type = 'int',system_type = 'System.Int32' WHERE colname = 'idprotocollodoc' AND tablename = 'protocollodoc'
ELSE
INSERT INTO [coldescr] (colname,tablename,col_len,col_precision,col_scale,description,kind,lt,lu,primarykey,sql_declaration,sql_type,system_type) VALUES ('idprotocollodoc','protocollodoc','4',null,null,null,'S',{ts '2018-07-18 16:08:34.400'},'assistenza','S','int','int','System.Int32')
GO

IF exists(SELECT * FROM [coldescr] WHERE colname = 'idprotocollorifkind' AND tablename = 'protocollodoc')
UPDATE [coldescr] SET col_len = '4',col_precision = null,col_scale = null,description = 'Tipo del documento di riferimento',kind = 'S',lt = {ts '2020-03-27 13:10:40.317'},lu = 'assistenza',primarykey = 'N',sql_declaration = 'int',sql_type = 'int',system_type = 'System.Int32' WHERE colname = 'idprotocollorifkind' AND tablename = 'protocollodoc'
ELSE
INSERT INTO [coldescr] (colname,tablename,col_len,col_precision,col_scale,description,kind,lt,lu,primarykey,sql_declaration,sql_type,system_type) VALUES ('idprotocollorifkind','protocollodoc','4',null,null,'Tipo del documento di riferimento','S',{ts '2020-03-27 13:10:40.317'},'assistenza','N','int','int','System.Int32')
GO

IF exists(SELECT * FROM [coldescr] WHERE colname = 'lt' AND tablename = 'protocollodoc')
UPDATE [coldescr] SET col_len = '8',col_precision = null,col_scale = null,description = null,kind = 'S',lt = {ts '2018-07-18 16:08:34.400'},lu = 'assistenza',primarykey = 'N',sql_declaration = 'datetime',sql_type = 'datetime',system_type = 'System.DateTime' WHERE colname = 'lt' AND tablename = 'protocollodoc'
ELSE
INSERT INTO [coldescr] (colname,tablename,col_len,col_precision,col_scale,description,kind,lt,lu,primarykey,sql_declaration,sql_type,system_type) VALUES ('lt','protocollodoc','8',null,null,null,'S',{ts '2018-07-18 16:08:34.400'},'assistenza','N','datetime','datetime','System.DateTime')
GO

IF exists(SELECT * FROM [coldescr] WHERE colname = 'lu' AND tablename = 'protocollodoc')
UPDATE [coldescr] SET col_len = '64',col_precision = null,col_scale = null,description = null,kind = 'S',lt = {ts '2018-07-18 16:08:34.400'},lu = 'assistenza',primarykey = 'N',sql_declaration = 'varchar(64)',sql_type = 'varchar',system_type = 'System.String' WHERE colname = 'lu' AND tablename = 'protocollodoc'
ELSE
INSERT INTO [coldescr] (colname,tablename,col_len,col_precision,col_scale,description,kind,lt,lu,primarykey,sql_declaration,sql_type,system_type) VALUES ('lu','protocollodoc','64',null,null,null,'S',{ts '2018-07-18 16:08:34.400'},'assistenza','N','varchar(64)','varchar','System.String')
GO

IF exists(SELECT * FROM [coldescr] WHERE colname = 'protanno' AND tablename = 'protocollodoc')
UPDATE [coldescr] SET col_len = '4',col_precision = null,col_scale = null,description = null,kind = 'S',lt = {ts '2020-03-27 13:08:09.873'},lu = 'assistenza',primarykey = 'S',sql_declaration = 'int',sql_type = 'int',system_type = 'System.Int32' WHERE colname = 'protanno' AND tablename = 'protocollodoc'
ELSE
INSERT INTO [coldescr] (colname,tablename,col_len,col_precision,col_scale,description,kind,lt,lu,primarykey,sql_declaration,sql_type,system_type) VALUES ('protanno','protocollodoc','4',null,null,null,'S',{ts '2020-03-27 13:08:09.873'},'assistenza','S','int','int','System.Int32')
GO

IF exists(SELECT * FROM [coldescr] WHERE colname = 'protnumero' AND tablename = 'protocollodoc')
UPDATE [coldescr] SET col_len = '4',col_precision = null,col_scale = null,description = null,kind = 'S',lt = {ts '2020-03-27 13:08:09.873'},lu = 'assistenza',primarykey = 'S',sql_declaration = 'int',sql_type = 'int',system_type = 'System.Int32' WHERE colname = 'protnumero' AND tablename = 'protocollodoc'
ELSE
INSERT INTO [coldescr] (colname,tablename,col_len,col_precision,col_scale,description,kind,lt,lu,primarykey,sql_declaration,sql_type,system_type) VALUES ('protnumero','protocollodoc','4',null,null,null,'S',{ts '2020-03-27 13:08:09.873'},'assistenza','S','int','int','System.Int32')
GO

-- FINE GENERAZIONE SCRIPT --


-- GENERAZIONE DATI PER relation --
IF exists(SELECT * FROM [relation] WHERE idrelation = '3230')
UPDATE [relation] SET childtable = 'protocollodoc',description = 'protoccollo del documento descritto',lt = {ts '2018-07-18 16:09:06.253'},lu = 'assistenza',parenttable = 'protocollo',title = null WHERE idrelation = '3230'
ELSE
INSERT INTO [relation] (idrelation,childtable,description,lt,lu,parenttable,title) VALUES ('3230','protocollodoc','protoccollo del documento descritto',{ts '2018-07-18 16:09:06.253'},'assistenza','protocollo',null)
GO

-- FINE GENERAZIONE SCRIPT --


-- GENERAZIONE DATI PER tabledescr --
IF exists(SELECT * FROM [tabledescr] WHERE tablename = 'protocollodocelement')
UPDATE [tabledescr] SET description = 'Elemento del documento della registrazione di protocollo 2.6.12',idapplication = '3',isdbo = 'S',lt = {ts '2021-02-22 10:36:06.553'},lu = 'assistenza',title = 'Elemento del documento' WHERE tablename = 'protocollodocelement'
ELSE
INSERT INTO [tabledescr] (tablename,description,idapplication,isdbo,lt,lu,title) VALUES ('protocollodocelement','Elemento del documento della registrazione di protocollo 2.6.12','3','S',{ts '2021-02-22 10:36:06.553'},'assistenza','Elemento del documento')
GO

-- FINE GENERAZIONE SCRIPT --


-- GENERAZIONE DATI PER coldescr --
IF exists(SELECT * FROM [coldescr] WHERE colname = 'ct' AND tablename = 'protocollodocelement')
UPDATE [coldescr] SET col_len = '8',col_precision = null,col_scale = null,description = null,kind = 'S',lt = {ts '2020-03-27 13:23:58.870'},lu = 'assistenza',primarykey = 'N',sql_declaration = 'datetime',sql_type = 'datetime',system_type = 'System.DateTime' WHERE colname = 'ct' AND tablename = 'protocollodocelement'
ELSE
INSERT INTO [coldescr] (colname,tablename,col_len,col_precision,col_scale,description,kind,lt,lu,primarykey,sql_declaration,sql_type,system_type) VALUES ('ct','protocollodocelement','8',null,null,null,'S',{ts '2020-03-27 13:23:58.870'},'assistenza','N','datetime','datetime','System.DateTime')
GO

IF exists(SELECT * FROM [coldescr] WHERE colname = 'cu' AND tablename = 'protocollodocelement')
UPDATE [coldescr] SET col_len = '64',col_precision = null,col_scale = null,description = null,kind = 'S',lt = {ts '2020-03-27 13:23:58.870'},lu = 'assistenza',primarykey = 'N',sql_declaration = 'varchar(64)',sql_type = 'varchar',system_type = 'System.String' WHERE colname = 'cu' AND tablename = 'protocollodocelement'
ELSE
INSERT INTO [coldescr] (colname,tablename,col_len,col_precision,col_scale,description,kind,lt,lu,primarykey,sql_declaration,sql_type,system_type) VALUES ('cu','protocollodocelement','64',null,null,null,'S',{ts '2020-03-27 13:23:58.870'},'assistenza','N','varchar(64)','varchar','System.String')
GO

IF exists(SELECT * FROM [coldescr] WHERE colname = 'idprotocollodoc' AND tablename = 'protocollodocelement')
UPDATE [coldescr] SET col_len = '4',col_precision = null,col_scale = null,description = null,kind = 'S',lt = {ts '2020-03-27 13:23:58.870'},lu = 'assistenza',primarykey = 'S',sql_declaration = 'int',sql_type = 'int',system_type = 'System.Int32' WHERE colname = 'idprotocollodoc' AND tablename = 'protocollodocelement'
ELSE
INSERT INTO [coldescr] (colname,tablename,col_len,col_precision,col_scale,description,kind,lt,lu,primarykey,sql_declaration,sql_type,system_type) VALUES ('idprotocollodoc','protocollodocelement','4',null,null,null,'S',{ts '2020-03-27 13:23:58.870'},'assistenza','S','int','int','System.Int32')
GO

IF exists(SELECT * FROM [coldescr] WHERE colname = 'idprotocollodocelement' AND tablename = 'protocollodocelement')
UPDATE [coldescr] SET col_len = '4',col_precision = null,col_scale = null,description = null,kind = 'S',lt = {ts '2020-03-27 13:23:58.873'},lu = 'assistenza',primarykey = 'S',sql_declaration = 'int',sql_type = 'int',system_type = 'System.Int32' WHERE colname = 'idprotocollodocelement' AND tablename = 'protocollodocelement'
ELSE
INSERT INTO [coldescr] (colname,tablename,col_len,col_precision,col_scale,description,kind,lt,lu,primarykey,sql_declaration,sql_type,system_type) VALUES ('idprotocollodocelement','protocollodocelement','4',null,null,null,'S',{ts '2020-03-27 13:23:58.873'},'assistenza','S','int','int','System.Int32')
GO

IF exists(SELECT * FROM [coldescr] WHERE colname = 'idprotocollodocelement_primo' AND tablename = 'protocollodocelement')
UPDATE [coldescr] SET col_len = '4',col_precision = null,col_scale = null,description = 'Prima protocollazione',kind = 'S',lt = {ts '2020-03-27 13:25:29.537'},lu = 'assistenza',primarykey = 'N',sql_declaration = 'int',sql_type = 'int',system_type = 'System.Int32' WHERE colname = 'idprotocollodocelement_primo' AND tablename = 'protocollodocelement'
ELSE
INSERT INTO [coldescr] (colname,tablename,col_len,col_precision,col_scale,description,kind,lt,lu,primarykey,sql_declaration,sql_type,system_type) VALUES ('idprotocollodocelement_primo','protocollodocelement','4',null,null,'Prima protocollazione','S',{ts '2020-03-27 13:25:29.537'},'assistenza','N','int','int','System.Int32')
GO

IF exists(SELECT * FROM [coldescr] WHERE colname = 'idprotocollodockind' AND tablename = 'protocollodocelement')
UPDATE [coldescr] SET col_len = '4',col_precision = null,col_scale = null,description = 'Tipologia di documento',kind = 'S',lt = {ts '2020-03-27 13:25:50.540'},lu = 'assistenza',primarykey = 'N',sql_declaration = 'int',sql_type = 'int',system_type = 'System.Int32' WHERE colname = 'idprotocollodockind' AND tablename = 'protocollodocelement'
ELSE
INSERT INTO [coldescr] (colname,tablename,col_len,col_precision,col_scale,description,kind,lt,lu,primarykey,sql_declaration,sql_type,system_type) VALUES ('idprotocollodockind','protocollodocelement','4',null,null,'Tipologia di documento','S',{ts '2020-03-27 13:25:50.540'},'assistenza','N','int','int','System.Int32')
GO

IF exists(SELECT * FROM [coldescr] WHERE colname = 'lt' AND tablename = 'protocollodocelement')
UPDATE [coldescr] SET col_len = '8',col_precision = null,col_scale = null,description = null,kind = 'S',lt = {ts '2020-03-27 13:23:58.873'},lu = 'assistenza',primarykey = 'N',sql_declaration = 'datetime',sql_type = 'datetime',system_type = 'System.DateTime' WHERE colname = 'lt' AND tablename = 'protocollodocelement'
ELSE
INSERT INTO [coldescr] (colname,tablename,col_len,col_precision,col_scale,description,kind,lt,lu,primarykey,sql_declaration,sql_type,system_type) VALUES ('lt','protocollodocelement','8',null,null,null,'S',{ts '2020-03-27 13:23:58.873'},'assistenza','N','datetime','datetime','System.DateTime')
GO

IF exists(SELECT * FROM [coldescr] WHERE colname = 'lu' AND tablename = 'protocollodocelement')
UPDATE [coldescr] SET col_len = '64',col_precision = null,col_scale = null,description = null,kind = 'S',lt = {ts '2020-03-27 13:23:58.873'},lu = 'assistenza',primarykey = 'N',sql_declaration = 'varchar(64)',sql_type = 'varchar',system_type = 'System.String' WHERE colname = 'lu' AND tablename = 'protocollodocelement'
ELSE
INSERT INTO [coldescr] (colname,tablename,col_len,col_precision,col_scale,description,kind,lt,lu,primarykey,sql_declaration,sql_type,system_type) VALUES ('lu','protocollodocelement','64',null,null,null,'S',{ts '2020-03-27 13:23:58.873'},'assistenza','N','varchar(64)','varchar','System.String')
GO

IF exists(SELECT * FROM [coldescr] WHERE colname = 'oggetto' AND tablename = 'protocollodocelement')
UPDATE [coldescr] SET col_len = '1024',col_precision = null,col_scale = null,description = null,kind = 'S',lt = {ts '2020-03-27 13:23:58.873'},lu = 'assistenza',primarykey = 'N',sql_declaration = 'varchar(1024)',sql_type = 'varchar',system_type = 'System.String' WHERE colname = 'oggetto' AND tablename = 'protocollodocelement'
ELSE
INSERT INTO [coldescr] (colname,tablename,col_len,col_precision,col_scale,description,kind,lt,lu,primarykey,sql_declaration,sql_type,system_type) VALUES ('oggetto','protocollodocelement','1024',null,null,null,'S',{ts '2020-03-27 13:23:58.873'},'assistenza','N','varchar(1024)','varchar','System.String')
GO

IF exists(SELECT * FROM [coldescr] WHERE colname = 'protanno' AND tablename = 'protocollodocelement')
UPDATE [coldescr] SET col_len = '4',col_precision = null,col_scale = null,description = null,kind = 'S',lt = {ts '2020-03-27 13:23:58.877'},lu = 'assistenza',primarykey = 'S',sql_declaration = 'int',sql_type = 'int',system_type = 'System.Int32' WHERE colname = 'protanno' AND tablename = 'protocollodocelement'
ELSE
INSERT INTO [coldescr] (colname,tablename,col_len,col_precision,col_scale,description,kind,lt,lu,primarykey,sql_declaration,sql_type,system_type) VALUES ('protanno','protocollodocelement','4',null,null,null,'S',{ts '2020-03-27 13:23:58.877'},'assistenza','S','int','int','System.Int32')
GO

IF exists(SELECT * FROM [coldescr] WHERE colname = 'protnumero' AND tablename = 'protocollodocelement')
UPDATE [coldescr] SET col_len = '4',col_precision = null,col_scale = null,description = null,kind = 'S',lt = {ts '2020-03-27 13:23:58.877'},lu = 'assistenza',primarykey = 'S',sql_declaration = 'int',sql_type = 'int',system_type = 'System.Int32' WHERE colname = 'protnumero' AND tablename = 'protocollodocelement'
ELSE
INSERT INTO [coldescr] (colname,tablename,col_len,col_precision,col_scale,description,kind,lt,lu,primarykey,sql_declaration,sql_type,system_type) VALUES ('protnumero','protocollodocelement','4',null,null,null,'S',{ts '2020-03-27 13:23:58.877'},'assistenza','S','int','int','System.Int32')
GO

IF exists(SELECT * FROM [coldescr] WHERE colname = 'telematicocolloc' AND tablename = 'protocollodocelement')
UPDATE [coldescr] SET col_len = '1024',col_precision = null,col_scale = null,description = 'Collocazione telematica (URI)',kind = 'S',lt = {ts '2020-03-27 13:25:29.537'},lu = 'assistenza',primarykey = 'N',sql_declaration = 'varchar(1024)',sql_type = 'varchar',system_type = 'System.String' WHERE colname = 'telematicocolloc' AND tablename = 'protocollodocelement'
ELSE
INSERT INTO [coldescr] (colname,tablename,col_len,col_precision,col_scale,description,kind,lt,lu,primarykey,sql_declaration,sql_type,system_type) VALUES ('telematicocolloc','protocollodocelement','1024',null,null,'Collocazione telematica (URI)','S',{ts '2020-03-27 13:25:29.537'},'assistenza','N','varchar(1024)','varchar','System.String')
GO

IF exists(SELECT * FROM [coldescr] WHERE colname = 'telematicohash' AND tablename = 'protocollodocelement')
UPDATE [coldescr] SET col_len = '160',col_precision = null,col_scale = null,description = 'Impronta (SHA-1)',kind = 'S',lt = {ts '2020-03-27 13:25:29.537'},lu = 'assistenza',primarykey = 'N',sql_declaration = 'varbinary(160)',sql_type = 'varbinary',system_type = 'System.Byte[]' WHERE colname = 'telematicohash' AND tablename = 'protocollodocelement'
ELSE
INSERT INTO [coldescr] (colname,tablename,col_len,col_precision,col_scale,description,kind,lt,lu,primarykey,sql_declaration,sql_type,system_type) VALUES ('telematicohash','protocollodocelement','160',null,null,'Impronta (SHA-1)','S',{ts '2020-03-27 13:25:29.537'},'assistenza','N','varbinary(160)','varbinary','System.Byte[]')
GO

-- FINE GENERAZIONE SCRIPT --


-- GENERAZIONE DATI PER tabledescr --
IF exists(SELECT * FROM [tabledescr] WHERE tablename = 'protocollodockind')
UPDATE [tabledescr] SET description = 'Tipologie di protocollo',idapplication = '3',isdbo = 'S',lt = {ts '2021-02-22 11:08:17.093'},lu = 'assistenza',title = 'Tipologie di protocollo' WHERE tablename = 'protocollodockind'
ELSE
INSERT INTO [tabledescr] (tablename,description,idapplication,isdbo,lt,lu,title) VALUES ('protocollodockind','Tipologie di protocollo','3','S',{ts '2021-02-22 11:08:17.093'},'assistenza','Tipologie di protocollo')
GO

-- FINE GENERAZIONE SCRIPT --


-- GENERAZIONE DATI PER coldescr --
IF exists(SELECT * FROM [coldescr] WHERE colname = 'active' AND tablename = 'protocollodockind')
UPDATE [coldescr] SET col_len = '1',col_precision = null,col_scale = null,description = null,kind = 'S',lt = {ts '2018-07-18 16:10:06.613'},lu = 'assistenza',primarykey = 'N',sql_declaration = 'char(1)',sql_type = 'char',system_type = 'System.String' WHERE colname = 'active' AND tablename = 'protocollodockind'
ELSE
INSERT INTO [coldescr] (colname,tablename,col_len,col_precision,col_scale,description,kind,lt,lu,primarykey,sql_declaration,sql_type,system_type) VALUES ('active','protocollodockind','1',null,null,null,'S',{ts '2018-07-18 16:10:06.613'},'assistenza','N','char(1)','char','System.String')
GO

IF exists(SELECT * FROM [coldescr] WHERE colname = 'description' AND tablename = 'protocollodockind')
UPDATE [coldescr] SET col_len = '256',col_precision = null,col_scale = null,description = null,kind = 'S',lt = {ts '2018-07-18 16:10:06.613'},lu = 'assistenza',primarykey = 'N',sql_declaration = 'varchar(256)',sql_type = 'varchar',system_type = 'System.String' WHERE colname = 'description' AND tablename = 'protocollodockind'
ELSE
INSERT INTO [coldescr] (colname,tablename,col_len,col_precision,col_scale,description,kind,lt,lu,primarykey,sql_declaration,sql_type,system_type) VALUES ('description','protocollodockind','256',null,null,null,'S',{ts '2018-07-18 16:10:06.613'},'assistenza','N','varchar(256)','varchar','System.String')
GO

IF exists(SELECT * FROM [coldescr] WHERE colname = 'idprotocollodockind' AND tablename = 'protocollodockind')
UPDATE [coldescr] SET col_len = '4',col_precision = null,col_scale = null,description = null,kind = 'S',lt = {ts '2018-07-18 16:10:06.613'},lu = 'assistenza',primarykey = 'S',sql_declaration = 'int',sql_type = 'int',system_type = 'System.Int32' WHERE colname = 'idprotocollodockind' AND tablename = 'protocollodockind'
ELSE
INSERT INTO [coldescr] (colname,tablename,col_len,col_precision,col_scale,description,kind,lt,lu,primarykey,sql_declaration,sql_type,system_type) VALUES ('idprotocollodockind','protocollodockind','4',null,null,null,'S',{ts '2018-07-18 16:10:06.613'},'assistenza','S','int','int','System.Int32')
GO

IF exists(SELECT * FROM [coldescr] WHERE colname = 'kind' AND tablename = 'protocollodockind')
UPDATE [coldescr] SET col_len = '50',col_precision = null,col_scale = null,description = null,kind = 'S',lt = {ts '2018-07-18 16:10:06.613'},lu = 'assistenza',primarykey = 'N',sql_declaration = 'varchar(50)',sql_type = 'varchar',system_type = 'System.String' WHERE colname = 'kind' AND tablename = 'protocollodockind'
ELSE
INSERT INTO [coldescr] (colname,tablename,col_len,col_precision,col_scale,description,kind,lt,lu,primarykey,sql_declaration,sql_type,system_type) VALUES ('kind','protocollodockind','50',null,null,null,'S',{ts '2018-07-18 16:10:06.613'},'assistenza','N','varchar(50)','varchar','System.String')
GO

IF exists(SELECT * FROM [coldescr] WHERE colname = 'sortcode' AND tablename = 'protocollodockind')
UPDATE [coldescr] SET col_len = '4',col_precision = null,col_scale = null,description = null,kind = 'S',lt = {ts '2018-07-18 16:10:06.613'},lu = 'assistenza',primarykey = 'N',sql_declaration = 'int',sql_type = 'int',system_type = 'System.Int32' WHERE colname = 'sortcode' AND tablename = 'protocollodockind'
ELSE
INSERT INTO [coldescr] (colname,tablename,col_len,col_precision,col_scale,description,kind,lt,lu,primarykey,sql_declaration,sql_type,system_type) VALUES ('sortcode','protocollodockind','4',null,null,null,'S',{ts '2018-07-18 16:10:06.613'},'assistenza','N','int','int','System.Int32')
GO

IF exists(SELECT * FROM [coldescr] WHERE colname = 'title' AND tablename = 'protocollodockind')
UPDATE [coldescr] SET col_len = '50',col_precision = null,col_scale = null,description = null,kind = 'S',lt = {ts '2018-07-18 16:10:06.613'},lu = 'assistenza',primarykey = 'N',sql_declaration = 'varchar(50)',sql_type = 'varchar',system_type = 'System.String' WHERE colname = 'title' AND tablename = 'protocollodockind'
ELSE
INSERT INTO [coldescr] (colname,tablename,col_len,col_precision,col_scale,description,kind,lt,lu,primarykey,sql_declaration,sql_type,system_type) VALUES ('title','protocollodockind','50',null,null,null,'S',{ts '2018-07-18 16:10:06.613'},'assistenza','N','varchar(50)','varchar','System.String')
GO

-- FINE GENERAZIONE SCRIPT --


-- GENERAZIONE DATI PER relation --
IF exists(SELECT * FROM [relation] WHERE idrelation = '3231')
UPDATE [relation] SET childtable = 'protocollodockind',description = 'documento di cui descrive la tipologia di protocollazione',lt = {ts '2018-07-18 16:10:49.893'},lu = 'assistenza',parenttable = 'protocollodoc',title = null WHERE idrelation = '3231'
ELSE
INSERT INTO [relation] (idrelation,childtable,description,lt,lu,parenttable,title) VALUES ('3231','protocollodockind','documento di cui descrive la tipologia di protocollazione',{ts '2018-07-18 16:10:49.893'},'assistenza','protocollodoc',null)
GO

-- FINE GENERAZIONE SCRIPT --


-- GENERAZIONE DATI PER tabledescr --
IF exists(SELECT * FROM [tabledescr] WHERE tablename = 'protocollorifkind')
UPDATE [tabledescr] SET description = 'VOCABOLARIO delle tipologie di documento protocollabile',idapplication = '3',isdbo = 'S',lt = {ts '2021-02-22 11:13:16.977'},lu = 'assistenza',title = 'Tipologie di documento protocollabile' WHERE tablename = 'protocollorifkind'
ELSE
INSERT INTO [tabledescr] (tablename,description,idapplication,isdbo,lt,lu,title) VALUES ('protocollorifkind','VOCABOLARIO delle tipologie di documento protocollabile','3','S',{ts '2021-02-22 11:13:16.977'},'assistenza','Tipologie di documento protocollabile')
GO

-- FINE GENERAZIONE SCRIPT --


-- GENERAZIONE DATI PER coldescr --
IF exists(SELECT * FROM [coldescr] WHERE colname = 'active' AND tablename = 'protocollorifkind')
UPDATE [coldescr] SET col_len = '1',col_precision = null,col_scale = null,description = null,kind = 'S',lt = {ts '2018-07-18 16:07:01.217'},lu = 'assistenza',primarykey = 'N',sql_declaration = 'char(1)',sql_type = 'char',system_type = 'System.String' WHERE colname = 'active' AND tablename = 'protocollorifkind'
ELSE
INSERT INTO [coldescr] (colname,tablename,col_len,col_precision,col_scale,description,kind,lt,lu,primarykey,sql_declaration,sql_type,system_type) VALUES ('active','protocollorifkind','1',null,null,null,'S',{ts '2018-07-18 16:07:01.217'},'assistenza','N','char(1)','char','System.String')
GO

IF exists(SELECT * FROM [coldescr] WHERE colname = 'description' AND tablename = 'protocollorifkind')
UPDATE [coldescr] SET col_len = '256',col_precision = null,col_scale = null,description = null,kind = 'S',lt = {ts '2018-07-18 16:07:01.217'},lu = 'assistenza',primarykey = 'N',sql_declaration = 'varchar(256)',sql_type = 'varchar',system_type = 'System.String' WHERE colname = 'description' AND tablename = 'protocollorifkind'
ELSE
INSERT INTO [coldescr] (colname,tablename,col_len,col_precision,col_scale,description,kind,lt,lu,primarykey,sql_declaration,sql_type,system_type) VALUES ('description','protocollorifkind','256',null,null,null,'S',{ts '2018-07-18 16:07:01.217'},'assistenza','N','varchar(256)','varchar','System.String')
GO

IF exists(SELECT * FROM [coldescr] WHERE colname = 'idprotocollorifkind' AND tablename = 'protocollorifkind')
UPDATE [coldescr] SET col_len = '4',col_precision = null,col_scale = null,description = null,kind = 'S',lt = {ts '2018-07-18 16:07:01.217'},lu = 'assistenza',primarykey = 'S',sql_declaration = 'int',sql_type = 'int',system_type = 'System.Int32' WHERE colname = 'idprotocollorifkind' AND tablename = 'protocollorifkind'
ELSE
INSERT INTO [coldescr] (colname,tablename,col_len,col_precision,col_scale,description,kind,lt,lu,primarykey,sql_declaration,sql_type,system_type) VALUES ('idprotocollorifkind','protocollorifkind','4',null,null,null,'S',{ts '2018-07-18 16:07:01.217'},'assistenza','S','int','int','System.Int32')
GO

IF exists(SELECT * FROM [coldescr] WHERE colname = 'sortcode' AND tablename = 'protocollorifkind')
UPDATE [coldescr] SET col_len = '4',col_precision = null,col_scale = null,description = null,kind = 'S',lt = {ts '2018-07-18 16:07:01.217'},lu = 'assistenza',primarykey = 'N',sql_declaration = 'int',sql_type = 'int',system_type = 'System.Int32' WHERE colname = 'sortcode' AND tablename = 'protocollorifkind'
ELSE
INSERT INTO [coldescr] (colname,tablename,col_len,col_precision,col_scale,description,kind,lt,lu,primarykey,sql_declaration,sql_type,system_type) VALUES ('sortcode','protocollorifkind','4',null,null,null,'S',{ts '2018-07-18 16:07:01.217'},'assistenza','N','int','int','System.Int32')
GO

IF exists(SELECT * FROM [coldescr] WHERE colname = 'title' AND tablename = 'protocollorifkind')
UPDATE [coldescr] SET col_len = '50',col_precision = null,col_scale = null,description = null,kind = 'S',lt = {ts '2018-07-18 16:07:01.217'},lu = 'assistenza',primarykey = 'N',sql_declaration = 'varchar(50)',sql_type = 'varchar',system_type = 'System.String' WHERE colname = 'title' AND tablename = 'protocollorifkind'
ELSE
INSERT INTO [coldescr] (colname,tablename,col_len,col_precision,col_scale,description,kind,lt,lu,primarykey,sql_declaration,sql_type,system_type) VALUES ('title','protocollorifkind','50',null,null,null,'S',{ts '2018-07-18 16:07:01.217'},'assistenza','N','varchar(50)','varchar','System.String')
GO

-- FINE GENERAZIONE SCRIPT --


-- GENERAZIONE DATI PER relation --
IF exists(SELECT * FROM [relation] WHERE idrelation = '3229')
UPDATE [relation] SET childtable = 'protocollorifkind',description = 'protocollo che descrive',lt = {ts '2018-07-18 16:07:24.947'},lu = 'assistenza',parenttable = 'protocollo',title = null WHERE idrelation = '3229'
ELSE
INSERT INTO [relation] (idrelation,childtable,description,lt,lu,parenttable,title) VALUES ('3229','protocollorifkind','protocollo che descrive',{ts '2018-07-18 16:07:24.947'},'assistenza','protocollo',null)
GO

-- FINE GENERAZIONE SCRIPT --


-- GENERAZIONE DATI PER tabledescr --
IF exists(SELECT * FROM [tabledescr] WHERE tablename = 'prova')
UPDATE [tabledescr] SET description = '2.4.35 Prove d''esame',idapplication = '3',isdbo = 'S',lt = {ts '2021-02-19 13:07:07.507'},lu = 'assistenza',title = 'Prove d''esame' WHERE tablename = 'prova'
ELSE
INSERT INTO [tabledescr] (tablename,description,idapplication,isdbo,lt,lu,title) VALUES ('prova','2.4.35 Prove d''esame','3','S',{ts '2021-02-19 13:07:07.507'},'assistenza','Prove d''esame')
GO

-- FINE GENERAZIONE SCRIPT --


-- GENERAZIONE DATI PER coldescr --
IF exists(SELECT * FROM [coldescr] WHERE colname = 'ct' AND tablename = 'prova')
UPDATE [coldescr] SET col_len = '8',col_precision = null,col_scale = null,description = null,kind = 'S',lt = {ts '2019-01-28 11:23:40.757'},lu = 'assistenza',primarykey = 'N',sql_declaration = 'datetime',sql_type = 'datetime',system_type = 'System.DateTime' WHERE colname = 'ct' AND tablename = 'prova'
ELSE
INSERT INTO [coldescr] (colname,tablename,col_len,col_precision,col_scale,description,kind,lt,lu,primarykey,sql_declaration,sql_type,system_type) VALUES ('ct','prova','8',null,null,null,'S',{ts '2019-01-28 11:23:40.757'},'assistenza','N','datetime','datetime','System.DateTime')
GO

IF exists(SELECT * FROM [coldescr] WHERE colname = 'cu' AND tablename = 'prova')
UPDATE [coldescr] SET col_len = '64',col_precision = null,col_scale = null,description = null,kind = 'S',lt = {ts '2019-01-28 11:23:40.757'},lu = 'assistenza',primarykey = 'N',sql_declaration = 'varchar(64)',sql_type = 'varchar',system_type = 'System.String' WHERE colname = 'cu' AND tablename = 'prova'
ELSE
INSERT INTO [coldescr] (colname,tablename,col_len,col_precision,col_scale,description,kind,lt,lu,primarykey,sql_declaration,sql_type,system_type) VALUES ('cu','prova','64',null,null,null,'S',{ts '2019-01-28 11:23:40.757'},'assistenza','N','varchar(64)','varchar','System.String')
GO

IF exists(SELECT * FROM [coldescr] WHERE colname = 'idappello' AND tablename = 'prova')
UPDATE [coldescr] SET col_len = '4',col_precision = null,col_scale = null,description = 'Appello',kind = 'S',lt = {ts '2020-04-14 15:47:01.513'},lu = 'assistenza',primarykey = 'N',sql_declaration = 'int',sql_type = 'int',system_type = 'System.Int32' WHERE colname = 'idappello' AND tablename = 'prova'
ELSE
INSERT INTO [coldescr] (colname,tablename,col_len,col_precision,col_scale,description,kind,lt,lu,primarykey,sql_declaration,sql_type,system_type) VALUES ('idappello','prova','4',null,null,'Appello','S',{ts '2020-04-14 15:47:01.513'},'assistenza','N','int','int','System.Int32')
GO

IF exists(SELECT * FROM [coldescr] WHERE colname = 'idattivform' AND tablename = 'prova')
UPDATE [coldescr] SET col_len = '4',col_precision = null,col_scale = null,description = 'Attività formativa',kind = 'S',lt = {ts '2020-10-20 14:59:07.913'},lu = 'assistenza',primarykey = 'N',sql_declaration = 'int',sql_type = 'int',system_type = 'System.Int32' WHERE colname = 'idattivform' AND tablename = 'prova'
ELSE
INSERT INTO [coldescr] (colname,tablename,col_len,col_precision,col_scale,description,kind,lt,lu,primarykey,sql_declaration,sql_type,system_type) VALUES ('idattivform','prova','4',null,null,'Attività formativa','S',{ts '2020-10-20 14:59:07.913'},'assistenza','N','int','int','System.Int32')
GO

IF exists(SELECT * FROM [coldescr] WHERE colname = 'idcorsostudio' AND tablename = 'prova')
UPDATE [coldescr] SET col_len = '4',col_precision = null,col_scale = null,description = 'Corso di studi',kind = 'S',lt = {ts '2019-10-03 12:46:56.357'},lu = 'assistenza',primarykey = 'N',sql_declaration = 'int',sql_type = 'int',system_type = 'System.Int32' WHERE colname = 'idcorsostudio' AND tablename = 'prova'
ELSE
INSERT INTO [coldescr] (colname,tablename,col_len,col_precision,col_scale,description,kind,lt,lu,primarykey,sql_declaration,sql_type,system_type) VALUES ('idcorsostudio','prova','4',null,null,'Corso di studi','S',{ts '2019-10-03 12:46:56.357'},'assistenza','N','int','int','System.Int32')
GO

IF exists(SELECT * FROM [coldescr] WHERE colname = 'iddidprog' AND tablename = 'prova')
UPDATE [coldescr] SET col_len = '4',col_precision = null,col_scale = null,description = 'Didattica programmata',kind = 'S',lt = {ts '2019-01-28 11:25:36.660'},lu = 'assistenza',primarykey = 'N',sql_declaration = 'int',sql_type = 'int',system_type = 'System.Int32' WHERE colname = 'iddidprog' AND tablename = 'prova'
ELSE
INSERT INTO [coldescr] (colname,tablename,col_len,col_precision,col_scale,description,kind,lt,lu,primarykey,sql_declaration,sql_type,system_type) VALUES ('iddidprog','prova','4',null,null,'Didattica programmata','S',{ts '2019-01-28 11:25:36.660'},'assistenza','N','int','int','System.Int32')
GO

IF exists(SELECT * FROM [coldescr] WHERE colname = 'idprova' AND tablename = 'prova')
UPDATE [coldescr] SET col_len = '4',col_precision = null,col_scale = null,description = 'Codice',kind = 'S',lt = {ts '2019-01-28 11:25:36.660'},lu = 'assistenza',primarykey = 'S',sql_declaration = 'int',sql_type = 'int',system_type = 'System.Int32' WHERE colname = 'idprova' AND tablename = 'prova'
ELSE
INSERT INTO [coldescr] (colname,tablename,col_len,col_precision,col_scale,description,kind,lt,lu,primarykey,sql_declaration,sql_type,system_type) VALUES ('idprova','prova','4',null,null,'Codice','S',{ts '2019-01-28 11:25:36.660'},'assistenza','S','int','int','System.Int32')
GO

IF exists(SELECT * FROM [coldescr] WHERE colname = 'idquestionario' AND tablename = 'prova')
UPDATE [coldescr] SET col_len = '4',col_precision = null,col_scale = null,description = 'Questionario',kind = 'S',lt = {ts '2019-01-28 11:25:36.660'},lu = 'assistenza',primarykey = 'N',sql_declaration = 'int',sql_type = 'int',system_type = 'System.Int32' WHERE colname = 'idquestionario' AND tablename = 'prova'
ELSE
INSERT INTO [coldescr] (colname,tablename,col_len,col_precision,col_scale,description,kind,lt,lu,primarykey,sql_declaration,sql_type,system_type) VALUES ('idquestionario','prova','4',null,null,'Questionario','S',{ts '2019-01-28 11:25:36.660'},'assistenza','N','int','int','System.Int32')
GO

IF exists(SELECT * FROM [coldescr] WHERE colname = 'idvalutazionekind' AND tablename = 'prova')
UPDATE [coldescr] SET col_len = '4',col_precision = null,col_scale = null,description = 'Tipologia di valutazione',kind = 'S',lt = {ts '2019-01-28 11:25:36.660'},lu = 'assistenza',primarykey = 'N',sql_declaration = 'int',sql_type = 'int',system_type = 'System.Int32' WHERE colname = 'idvalutazionekind' AND tablename = 'prova'
ELSE
INSERT INTO [coldescr] (colname,tablename,col_len,col_precision,col_scale,description,kind,lt,lu,primarykey,sql_declaration,sql_type,system_type) VALUES ('idvalutazionekind','prova','4',null,null,'Tipologia di valutazione','S',{ts '2019-01-28 11:25:36.660'},'assistenza','N','int','int','System.Int32')
GO

IF exists(SELECT * FROM [coldescr] WHERE colname = 'lt' AND tablename = 'prova')
UPDATE [coldescr] SET col_len = '8',col_precision = null,col_scale = null,description = null,kind = 'S',lt = {ts '2019-01-28 11:23:40.757'},lu = 'assistenza',primarykey = 'N',sql_declaration = 'datetime',sql_type = 'datetime',system_type = 'System.DateTime' WHERE colname = 'lt' AND tablename = 'prova'
ELSE
INSERT INTO [coldescr] (colname,tablename,col_len,col_precision,col_scale,description,kind,lt,lu,primarykey,sql_declaration,sql_type,system_type) VALUES ('lt','prova','8',null,null,null,'S',{ts '2019-01-28 11:23:40.757'},'assistenza','N','datetime','datetime','System.DateTime')
GO

IF exists(SELECT * FROM [coldescr] WHERE colname = 'lu' AND tablename = 'prova')
UPDATE [coldescr] SET col_len = '64',col_precision = null,col_scale = null,description = null,kind = 'S',lt = {ts '2019-01-28 11:23:40.757'},lu = 'assistenza',primarykey = 'N',sql_declaration = 'varchar(64)',sql_type = 'varchar',system_type = 'System.String' WHERE colname = 'lu' AND tablename = 'prova'
ELSE
INSERT INTO [coldescr] (colname,tablename,col_len,col_precision,col_scale,description,kind,lt,lu,primarykey,sql_declaration,sql_type,system_type) VALUES ('lu','prova','64',null,null,null,'S',{ts '2019-01-28 11:23:40.757'},'assistenza','N','varchar(64)','varchar','System.String')
GO

IF exists(SELECT * FROM [coldescr] WHERE colname = 'programma' AND tablename = 'prova')
UPDATE [coldescr] SET col_len = '0',col_precision = null,col_scale = null,description = null,kind = 'S',lt = {ts '2019-01-28 11:23:40.757'},lu = 'assistenza',primarykey = 'N',sql_declaration = 'nvarchar(max)',sql_type = 'nvarchar',system_type = 'System.String' WHERE colname = 'programma' AND tablename = 'prova'
ELSE
INSERT INTO [coldescr] (colname,tablename,col_len,col_precision,col_scale,description,kind,lt,lu,primarykey,sql_declaration,sql_type,system_type) VALUES ('programma','prova','0',null,null,null,'S',{ts '2019-01-28 11:23:40.757'},'assistenza','N','nvarchar(max)','nvarchar','System.String')
GO

IF exists(SELECT * FROM [coldescr] WHERE colname = 'start' AND tablename = 'prova')
UPDATE [coldescr] SET col_len = '8',col_precision = null,col_scale = null,description = 'Data e ora inizio',kind = 'S',lt = {ts '2019-09-24 16:02:12.550'},lu = 'assistenza',primarykey = 'N',sql_declaration = 'datetime',sql_type = 'datetime',system_type = 'System.DateTime' WHERE colname = 'start' AND tablename = 'prova'
ELSE
INSERT INTO [coldescr] (colname,tablename,col_len,col_precision,col_scale,description,kind,lt,lu,primarykey,sql_declaration,sql_type,system_type) VALUES ('start','prova','8',null,null,'Data e ora inizio','S',{ts '2019-09-24 16:02:12.550'},'assistenza','N','datetime','datetime','System.DateTime')
GO

IF exists(SELECT * FROM [coldescr] WHERE colname = 'stop' AND tablename = 'prova')
UPDATE [coldescr] SET col_len = '8',col_precision = null,col_scale = null,description = 'Data e ora fine',kind = 'S',lt = {ts '2019-09-24 16:02:12.550'},lu = 'assistenza',primarykey = 'N',sql_declaration = 'datetime',sql_type = 'datetime',system_type = 'System.DateTime' WHERE colname = 'stop' AND tablename = 'prova'
ELSE
INSERT INTO [coldescr] (colname,tablename,col_len,col_precision,col_scale,description,kind,lt,lu,primarykey,sql_declaration,sql_type,system_type) VALUES ('stop','prova','8',null,null,'Data e ora fine','S',{ts '2019-09-24 16:02:12.550'},'assistenza','N','datetime','datetime','System.DateTime')
GO

IF exists(SELECT * FROM [coldescr] WHERE colname = 'title' AND tablename = 'prova')
UPDATE [coldescr] SET col_len = '50',col_precision = null,col_scale = null,description = 'Denominazione',kind = 'S',lt = {ts '2019-01-28 11:25:36.660'},lu = 'assistenza',primarykey = 'N',sql_declaration = 'varchar(50)',sql_type = 'varchar',system_type = 'System.String' WHERE colname = 'title' AND tablename = 'prova'
ELSE
INSERT INTO [coldescr] (colname,tablename,col_len,col_precision,col_scale,description,kind,lt,lu,primarykey,sql_declaration,sql_type,system_type) VALUES ('title','prova','50',null,null,'Denominazione','S',{ts '2019-01-28 11:25:36.660'},'assistenza','N','varchar(50)','varchar','System.String')
GO

-- FINE GENERAZIONE SCRIPT --


-- GENERAZIONE DATI PER tabledescr --
IF exists(SELECT * FROM [tabledescr] WHERE tablename = 'publicaz')
UPDATE [tabledescr] SET description = '2.4.27 pubblicazione',idapplication = '3',isdbo = 'S',lt = {ts '2021-02-19 11:06:51.257'},lu = 'assistenza',title = 'Pubblicazione' WHERE tablename = 'publicaz'
ELSE
INSERT INTO [tabledescr] (tablename,description,idapplication,isdbo,lt,lu,title) VALUES ('publicaz','2.4.27 pubblicazione','3','S',{ts '2021-02-19 11:06:51.257'},'assistenza','Pubblicazione')
GO

-- FINE GENERAZIONE SCRIPT --


-- GENERAZIONE DATI PER coldescr --
IF exists(SELECT * FROM [coldescr] WHERE colname = 'abstractstring' AND tablename = 'publicaz')
UPDATE [coldescr] SET col_len = '0',col_precision = null,col_scale = null,description = 'Abstract',kind = 'S',lt = {ts '2018-12-04 18:12:43.767'},lu = 'assistenza',primarykey = 'N',sql_declaration = 'nvarchar(max)',sql_type = 'nvarchar',system_type = 'System.String' WHERE colname = 'abstractstring' AND tablename = 'publicaz'
ELSE
INSERT INTO [coldescr] (colname,tablename,col_len,col_precision,col_scale,description,kind,lt,lu,primarykey,sql_declaration,sql_type,system_type) VALUES ('abstractstring','publicaz','0',null,null,'Abstract','S',{ts '2018-12-04 18:12:43.767'},'assistenza','N','nvarchar(max)','nvarchar','System.String')
GO

IF exists(SELECT * FROM [coldescr] WHERE colname = 'annocopyright' AND tablename = 'publicaz')
UPDATE [coldescr] SET col_len = '4',col_precision = null,col_scale = null,description = 'Anno Copyright',kind = 'S',lt = {ts '2018-11-21 18:33:45.263'},lu = 'assistenza',primarykey = 'N',sql_declaration = 'int',sql_type = 'int',system_type = 'System.Int32' WHERE colname = 'annocopyright' AND tablename = 'publicaz'
ELSE
INSERT INTO [coldescr] (colname,tablename,col_len,col_precision,col_scale,description,kind,lt,lu,primarykey,sql_declaration,sql_type,system_type) VALUES ('annocopyright','publicaz','4',null,null,'Anno Copyright','S',{ts '2018-11-21 18:33:45.263'},'assistenza','N','int','int','System.Int32')
GO

IF exists(SELECT * FROM [coldescr] WHERE colname = 'annopub' AND tablename = 'publicaz')
UPDATE [coldescr] SET col_len = '4',col_precision = null,col_scale = null,description = 'Anno pubblicazione',kind = 'S',lt = {ts '2018-11-21 18:33:45.267'},lu = 'assistenza',primarykey = 'N',sql_declaration = 'int',sql_type = 'int',system_type = 'System.Int32' WHERE colname = 'annopub' AND tablename = 'publicaz'
ELSE
INSERT INTO [coldescr] (colname,tablename,col_len,col_precision,col_scale,description,kind,lt,lu,primarykey,sql_declaration,sql_type,system_type) VALUES ('annopub','publicaz','4',null,null,'Anno pubblicazione','S',{ts '2018-11-21 18:33:45.267'},'assistenza','N','int','int','System.Int32')
GO

IF exists(SELECT * FROM [coldescr] WHERE colname = 'ct' AND tablename = 'publicaz')
UPDATE [coldescr] SET col_len = '8',col_precision = null,col_scale = null,description = null,kind = 'S',lt = {ts '2018-07-17 17:01:54.597'},lu = 'assistenza',primarykey = 'N',sql_declaration = 'datetime',sql_type = 'datetime',system_type = 'System.DateTime' WHERE colname = 'ct' AND tablename = 'publicaz'
ELSE
INSERT INTO [coldescr] (colname,tablename,col_len,col_precision,col_scale,description,kind,lt,lu,primarykey,sql_declaration,sql_type,system_type) VALUES ('ct','publicaz','8',null,null,null,'S',{ts '2018-07-17 17:01:54.597'},'assistenza','N','datetime','datetime','System.DateTime')
GO

IF exists(SELECT * FROM [coldescr] WHERE colname = 'cu' AND tablename = 'publicaz')
UPDATE [coldescr] SET col_len = '64',col_precision = null,col_scale = null,description = null,kind = 'S',lt = {ts '2018-07-17 17:01:54.597'},lu = 'assistenza',primarykey = 'N',sql_declaration = 'varchar(64)',sql_type = 'varchar',system_type = 'System.String' WHERE colname = 'cu' AND tablename = 'publicaz'
ELSE
INSERT INTO [coldescr] (colname,tablename,col_len,col_precision,col_scale,description,kind,lt,lu,primarykey,sql_declaration,sql_type,system_type) VALUES ('cu','publicaz','64',null,null,null,'S',{ts '2018-07-17 17:01:54.597'},'assistenza','N','varchar(64)','varchar','System.String')
GO

IF exists(SELECT * FROM [coldescr] WHERE colname = 'editore' AND tablename = 'publicaz')
UPDATE [coldescr] SET col_len = '150',col_precision = null,col_scale = null,description = null,kind = 'S',lt = {ts '2018-07-17 17:01:54.597'},lu = 'assistenza',primarykey = 'N',sql_declaration = 'varchar(150)',sql_type = 'varchar',system_type = 'System.String' WHERE colname = 'editore' AND tablename = 'publicaz'
ELSE
INSERT INTO [coldescr] (colname,tablename,col_len,col_precision,col_scale,description,kind,lt,lu,primarykey,sql_declaration,sql_type,system_type) VALUES ('editore','publicaz','150',null,null,null,'S',{ts '2018-07-17 17:01:54.597'},'assistenza','N','varchar(150)','varchar','System.String')
GO

IF exists(SELECT * FROM [coldescr] WHERE colname = 'fascicolo' AND tablename = 'publicaz')
UPDATE [coldescr] SET col_len = '150',col_precision = null,col_scale = null,description = null,kind = 'S',lt = {ts '2018-07-17 17:01:54.597'},lu = 'assistenza',primarykey = 'N',sql_declaration = 'varchar(150)',sql_type = 'varchar',system_type = 'System.String' WHERE colname = 'fascicolo' AND tablename = 'publicaz'
ELSE
INSERT INTO [coldescr] (colname,tablename,col_len,col_precision,col_scale,description,kind,lt,lu,primarykey,sql_declaration,sql_type,system_type) VALUES ('fascicolo','publicaz','150',null,null,null,'S',{ts '2018-07-17 17:01:54.597'},'assistenza','N','varchar(150)','varchar','System.String')
GO

IF exists(SELECT * FROM [coldescr] WHERE colname = 'idcity' AND tablename = 'publicaz')
UPDATE [coldescr] SET col_len = '4',col_precision = null,col_scale = null,description = 'Comune',kind = 'S',lt = {ts '2018-11-21 18:33:45.267'},lu = 'assistenza',primarykey = 'N',sql_declaration = 'int',sql_type = 'int',system_type = 'System.Int32' WHERE colname = 'idcity' AND tablename = 'publicaz'
ELSE
INSERT INTO [coldescr] (colname,tablename,col_len,col_precision,col_scale,description,kind,lt,lu,primarykey,sql_declaration,sql_type,system_type) VALUES ('idcity','publicaz','4',null,null,'Comune','S',{ts '2018-11-21 18:33:45.267'},'assistenza','N','int','int','System.Int32')
GO

IF exists(SELECT * FROM [coldescr] WHERE colname = 'idcity_ed' AND tablename = 'publicaz')
UPDATE [coldescr] SET col_len = '4',col_precision = null,col_scale = null,description = 'Comune editore',kind = 'S',lt = {ts '2018-11-21 18:33:45.267'},lu = 'assistenza',primarykey = 'N',sql_declaration = 'int',sql_type = 'int',system_type = 'System.Int32' WHERE colname = 'idcity_ed' AND tablename = 'publicaz'
ELSE
INSERT INTO [coldescr] (colname,tablename,col_len,col_precision,col_scale,description,kind,lt,lu,primarykey,sql_declaration,sql_type,system_type) VALUES ('idcity_ed','publicaz','4',null,null,'Comune editore','S',{ts '2018-11-21 18:33:45.267'},'assistenza','N','int','int','System.Int32')
GO

IF exists(SELECT * FROM [coldescr] WHERE colname = 'idnation_ed' AND tablename = 'publicaz')
UPDATE [coldescr] SET col_len = '4',col_precision = null,col_scale = null,description = 'Nazionalità editore',kind = 'S',lt = {ts '2018-11-21 18:33:45.267'},lu = 'assistenza',primarykey = 'N',sql_declaration = 'int',sql_type = 'int',system_type = 'System.Int32' WHERE colname = 'idnation_ed' AND tablename = 'publicaz'
ELSE
INSERT INTO [coldescr] (colname,tablename,col_len,col_precision,col_scale,description,kind,lt,lu,primarykey,sql_declaration,sql_type,system_type) VALUES ('idnation_ed','publicaz','4',null,null,'Nazionalità editore','S',{ts '2018-11-21 18:33:45.267'},'assistenza','N','int','int','System.Int32')
GO

IF exists(SELECT * FROM [coldescr] WHERE colname = 'idnation_lang' AND tablename = 'publicaz')
UPDATE [coldescr] SET col_len = '4',col_precision = null,col_scale = null,description = 'Lingua',kind = 'S',lt = {ts '2018-11-21 18:33:45.267'},lu = 'assistenza',primarykey = 'N',sql_declaration = 'int',sql_type = 'int',system_type = 'System.Int32' WHERE colname = 'idnation_lang' AND tablename = 'publicaz'
ELSE
INSERT INTO [coldescr] (colname,tablename,col_len,col_precision,col_scale,description,kind,lt,lu,primarykey,sql_declaration,sql_type,system_type) VALUES ('idnation_lang','publicaz','4',null,null,'Lingua','S',{ts '2018-11-21 18:33:45.267'},'assistenza','N','int','int','System.Int32')
GO

IF exists(SELECT * FROM [coldescr] WHERE colname = 'idpublicaz' AND tablename = 'publicaz')
UPDATE [coldescr] SET col_len = '4',col_precision = null,col_scale = null,description = 'Codice Istituto',kind = 'S',lt = {ts '2018-11-21 18:33:45.267'},lu = 'assistenza',primarykey = 'S',sql_declaration = 'int',sql_type = 'int',system_type = 'System.Int32' WHERE colname = 'idpublicaz' AND tablename = 'publicaz'
ELSE
INSERT INTO [coldescr] (colname,tablename,col_len,col_precision,col_scale,description,kind,lt,lu,primarykey,sql_declaration,sql_type,system_type) VALUES ('idpublicaz','publicaz','4',null,null,'Codice Istituto','S',{ts '2018-11-21 18:33:45.267'},'assistenza','S','int','int','System.Int32')
GO

IF exists(SELECT * FROM [coldescr] WHERE colname = 'isbn' AND tablename = 'publicaz')
UPDATE [coldescr] SET col_len = '50',col_precision = null,col_scale = null,description = 'ISBN',kind = 'S',lt = {ts '2018-11-21 18:33:45.267'},lu = 'assistenza',primarykey = 'N',sql_declaration = 'varchar(50)',sql_type = 'varchar',system_type = 'System.String' WHERE colname = 'isbn' AND tablename = 'publicaz'
ELSE
INSERT INTO [coldescr] (colname,tablename,col_len,col_precision,col_scale,description,kind,lt,lu,primarykey,sql_declaration,sql_type,system_type) VALUES ('isbn','publicaz','50',null,null,'ISBN','S',{ts '2018-11-21 18:33:45.267'},'assistenza','N','varchar(50)','varchar','System.String')
GO

IF exists(SELECT * FROM [coldescr] WHERE colname = 'lt' AND tablename = 'publicaz')
UPDATE [coldescr] SET col_len = '8',col_precision = null,col_scale = null,description = null,kind = 'S',lt = {ts '2018-07-17 17:01:54.600'},lu = 'assistenza',primarykey = 'N',sql_declaration = 'datetime',sql_type = 'datetime',system_type = 'System.DateTime' WHERE colname = 'lt' AND tablename = 'publicaz'
ELSE
INSERT INTO [coldescr] (colname,tablename,col_len,col_precision,col_scale,description,kind,lt,lu,primarykey,sql_declaration,sql_type,system_type) VALUES ('lt','publicaz','8',null,null,null,'S',{ts '2018-07-17 17:01:54.600'},'assistenza','N','datetime','datetime','System.DateTime')
GO

IF exists(SELECT * FROM [coldescr] WHERE colname = 'lu' AND tablename = 'publicaz')
UPDATE [coldescr] SET col_len = '64',col_precision = null,col_scale = null,description = null,kind = 'S',lt = {ts '2018-07-17 17:01:54.600'},lu = 'assistenza',primarykey = 'N',sql_declaration = 'varchar(64)',sql_type = 'varchar',system_type = 'System.String' WHERE colname = 'lu' AND tablename = 'publicaz'
ELSE
INSERT INTO [coldescr] (colname,tablename,col_len,col_precision,col_scale,description,kind,lt,lu,primarykey,sql_declaration,sql_type,system_type) VALUES ('lu','publicaz','64',null,null,null,'S',{ts '2018-07-17 17:01:54.600'},'assistenza','N','varchar(64)','varchar','System.String')
GO

IF exists(SELECT * FROM [coldescr] WHERE colname = 'numrivista' AND tablename = 'publicaz')
UPDATE [coldescr] SET col_len = '4',col_precision = null,col_scale = null,description = 'Numero Rivista',kind = 'S',lt = {ts '2018-11-21 18:33:45.267'},lu = 'assistenza',primarykey = 'N',sql_declaration = 'int',sql_type = 'int',system_type = 'System.Int32' WHERE colname = 'numrivista' AND tablename = 'publicaz'
ELSE
INSERT INTO [coldescr] (colname,tablename,col_len,col_precision,col_scale,description,kind,lt,lu,primarykey,sql_declaration,sql_type,system_type) VALUES ('numrivista','publicaz','4',null,null,'Numero Rivista','S',{ts '2018-11-21 18:33:45.267'},'assistenza','N','int','int','System.Int32')
GO

IF exists(SELECT * FROM [coldescr] WHERE colname = 'pagestart' AND tablename = 'publicaz')
UPDATE [coldescr] SET col_len = '4',col_precision = null,col_scale = null,description = 'Inizio a pagina',kind = 'S',lt = {ts '2018-11-21 18:33:45.267'},lu = 'assistenza',primarykey = 'N',sql_declaration = 'int',sql_type = 'int',system_type = 'System.Int32' WHERE colname = 'pagestart' AND tablename = 'publicaz'
ELSE
INSERT INTO [coldescr] (colname,tablename,col_len,col_precision,col_scale,description,kind,lt,lu,primarykey,sql_declaration,sql_type,system_type) VALUES ('pagestart','publicaz','4',null,null,'Inizio a pagina','S',{ts '2018-11-21 18:33:45.267'},'assistenza','N','int','int','System.Int32')
GO

IF exists(SELECT * FROM [coldescr] WHERE colname = 'pagestop' AND tablename = 'publicaz')
UPDATE [coldescr] SET col_len = '4',col_precision = null,col_scale = null,description = 'fine a pagina',kind = 'S',lt = {ts '2018-11-21 18:33:45.267'},lu = 'assistenza',primarykey = 'N',sql_declaration = 'int',sql_type = 'int',system_type = 'System.Int32' WHERE colname = 'pagestop' AND tablename = 'publicaz'
ELSE
INSERT INTO [coldescr] (colname,tablename,col_len,col_precision,col_scale,description,kind,lt,lu,primarykey,sql_declaration,sql_type,system_type) VALUES ('pagestop','publicaz','4',null,null,'fine a pagina','S',{ts '2018-11-21 18:33:45.267'},'assistenza','N','int','int','System.Int32')
GO

IF exists(SELECT * FROM [coldescr] WHERE colname = 'pagetot' AND tablename = 'publicaz')
UPDATE [coldescr] SET col_len = '4',col_precision = null,col_scale = null,description = 'Numero di pagine',kind = 'S',lt = {ts '2018-11-21 18:33:45.267'},lu = 'assistenza',primarykey = 'N',sql_declaration = 'int',sql_type = 'int',system_type = 'System.Int32' WHERE colname = 'pagetot' AND tablename = 'publicaz'
ELSE
INSERT INTO [coldescr] (colname,tablename,col_len,col_precision,col_scale,description,kind,lt,lu,primarykey,sql_declaration,sql_type,system_type) VALUES ('pagetot','publicaz','4',null,null,'Numero di pagine','S',{ts '2018-11-21 18:33:45.267'},'assistenza','N','int','int','System.Int32')
GO

IF exists(SELECT * FROM [coldescr] WHERE colname = 'title' AND tablename = 'publicaz')
UPDATE [coldescr] SET col_len = '512',col_precision = null,col_scale = null,description = 'Titolo',kind = 'S',lt = {ts '2018-11-21 18:33:45.267'},lu = 'assistenza',primarykey = 'N',sql_declaration = 'varchar(512)',sql_type = 'varchar',system_type = 'System.String' WHERE colname = 'title' AND tablename = 'publicaz'
ELSE
INSERT INTO [coldescr] (colname,tablename,col_len,col_precision,col_scale,description,kind,lt,lu,primarykey,sql_declaration,sql_type,system_type) VALUES ('title','publicaz','512',null,null,'Titolo','S',{ts '2018-11-21 18:33:45.267'},'assistenza','N','varchar(512)','varchar','System.String')
GO

IF exists(SELECT * FROM [coldescr] WHERE colname = 'title2' AND tablename = 'publicaz')
UPDATE [coldescr] SET col_len = '512',col_precision = null,col_scale = null,description = 'Sottotitolo',kind = 'S',lt = {ts '2018-11-21 18:33:45.267'},lu = 'assistenza',primarykey = 'N',sql_declaration = 'nvarchar(512)',sql_type = 'nvarchar',system_type = 'System.String' WHERE colname = 'title2' AND tablename = 'publicaz'
ELSE
INSERT INTO [coldescr] (colname,tablename,col_len,col_precision,col_scale,description,kind,lt,lu,primarykey,sql_declaration,sql_type,system_type) VALUES ('title2','publicaz','512',null,null,'Sottotitolo','S',{ts '2018-11-21 18:33:45.267'},'assistenza','N','nvarchar(512)','nvarchar','System.String')
GO

IF exists(SELECT * FROM [coldescr] WHERE colname = 'volume' AND tablename = 'publicaz')
UPDATE [coldescr] SET col_len = '150',col_precision = null,col_scale = null,description = null,kind = 'S',lt = {ts '2018-07-17 17:01:54.600'},lu = 'assistenza',primarykey = 'N',sql_declaration = 'varchar(150)',sql_type = 'varchar',system_type = 'System.String' WHERE colname = 'volume' AND tablename = 'publicaz'
ELSE
INSERT INTO [coldescr] (colname,tablename,col_len,col_precision,col_scale,description,kind,lt,lu,primarykey,sql_declaration,sql_type,system_type) VALUES ('volume','publicaz','150',null,null,null,'S',{ts '2018-07-17 17:01:54.600'},'assistenza','N','varchar(150)','varchar','System.String')
GO

-- FINE GENERAZIONE SCRIPT --


-- GENERAZIONE DATI PER tabledescr --
IF exists(SELECT * FROM [tabledescr] WHERE tablename = 'publicazkeyword')
UPDATE [tabledescr] SET description = 'Keyword della 2.4.27 pubblicazione',idapplication = '3',isdbo = 'S',lt = {ts '2021-02-19 12:49:17.187'},lu = 'assistenza',title = 'Keyword della pubblicazione' WHERE tablename = 'publicazkeyword'
ELSE
INSERT INTO [tabledescr] (tablename,description,idapplication,isdbo,lt,lu,title) VALUES ('publicazkeyword','Keyword della 2.4.27 pubblicazione','3','S',{ts '2021-02-19 12:49:17.187'},'assistenza','Keyword della pubblicazione')
GO

-- FINE GENERAZIONE SCRIPT --


-- GENERAZIONE DATI PER coldescr --
IF exists(SELECT * FROM [coldescr] WHERE colname = 'ct' AND tablename = 'publicazkeyword')
UPDATE [coldescr] SET col_len = '8',col_precision = null,col_scale = null,description = null,kind = 'S',lt = {ts '2018-07-17 17:04:39.603'},lu = 'assistenza',primarykey = 'N',sql_declaration = 'datetime',sql_type = 'datetime',system_type = 'System.DateTime' WHERE colname = 'ct' AND tablename = 'publicazkeyword'
ELSE
INSERT INTO [coldescr] (colname,tablename,col_len,col_precision,col_scale,description,kind,lt,lu,primarykey,sql_declaration,sql_type,system_type) VALUES ('ct','publicazkeyword','8',null,null,null,'S',{ts '2018-07-17 17:04:39.603'},'assistenza','N','datetime','datetime','System.DateTime')
GO

IF exists(SELECT * FROM [coldescr] WHERE colname = 'cu' AND tablename = 'publicazkeyword')
UPDATE [coldescr] SET col_len = '64',col_precision = null,col_scale = null,description = null,kind = 'S',lt = {ts '2018-07-17 17:04:39.603'},lu = 'assistenza',primarykey = 'N',sql_declaration = 'varchar(64)',sql_type = 'varchar',system_type = 'System.String' WHERE colname = 'cu' AND tablename = 'publicazkeyword'
ELSE
INSERT INTO [coldescr] (colname,tablename,col_len,col_precision,col_scale,description,kind,lt,lu,primarykey,sql_declaration,sql_type,system_type) VALUES ('cu','publicazkeyword','64',null,null,null,'S',{ts '2018-07-17 17:04:39.603'},'assistenza','N','varchar(64)','varchar','System.String')
GO

IF exists(SELECT * FROM [coldescr] WHERE colname = 'idpublicaz' AND tablename = 'publicazkeyword')
UPDATE [coldescr] SET col_len = '4',col_precision = null,col_scale = null,description = null,kind = 'S',lt = {ts '2018-07-17 17:04:39.603'},lu = 'assistenza',primarykey = 'N',sql_declaration = 'int',sql_type = 'int',system_type = 'System.Int32' WHERE colname = 'idpublicaz' AND tablename = 'publicazkeyword'
ELSE
INSERT INTO [coldescr] (colname,tablename,col_len,col_precision,col_scale,description,kind,lt,lu,primarykey,sql_declaration,sql_type,system_type) VALUES ('idpublicaz','publicazkeyword','4',null,null,null,'S',{ts '2018-07-17 17:04:39.603'},'assistenza','N','int','int','System.Int32')
GO

IF exists(SELECT * FROM [coldescr] WHERE colname = 'idpublicazkeyword' AND tablename = 'publicazkeyword')
UPDATE [coldescr] SET col_len = '4',col_precision = null,col_scale = null,description = null,kind = 'S',lt = {ts '2018-07-17 17:04:39.603'},lu = 'assistenza',primarykey = 'S',sql_declaration = 'int',sql_type = 'int',system_type = 'System.Int32' WHERE colname = 'idpublicazkeyword' AND tablename = 'publicazkeyword'
ELSE
INSERT INTO [coldescr] (colname,tablename,col_len,col_precision,col_scale,description,kind,lt,lu,primarykey,sql_declaration,sql_type,system_type) VALUES ('idpublicazkeyword','publicazkeyword','4',null,null,null,'S',{ts '2018-07-17 17:04:39.603'},'assistenza','S','int','int','System.Int32')
GO

IF exists(SELECT * FROM [coldescr] WHERE colname = 'keyword' AND tablename = 'publicazkeyword')
UPDATE [coldescr] SET col_len = '150',col_precision = null,col_scale = null,description = null,kind = 'S',lt = {ts '2018-07-17 17:04:39.603'},lu = 'assistenza',primarykey = 'N',sql_declaration = 'varchar(150)',sql_type = 'varchar',system_type = 'System.String' WHERE colname = 'keyword' AND tablename = 'publicazkeyword'
ELSE
INSERT INTO [coldescr] (colname,tablename,col_len,col_precision,col_scale,description,kind,lt,lu,primarykey,sql_declaration,sql_type,system_type) VALUES ('keyword','publicazkeyword','150',null,null,null,'S',{ts '2018-07-17 17:04:39.603'},'assistenza','N','varchar(150)','varchar','System.String')
GO

IF exists(SELECT * FROM [coldescr] WHERE colname = 'lt' AND tablename = 'publicazkeyword')
UPDATE [coldescr] SET col_len = '8',col_precision = null,col_scale = null,description = null,kind = 'S',lt = {ts '2018-07-17 17:04:39.603'},lu = 'assistenza',primarykey = 'N',sql_declaration = 'datetime',sql_type = 'datetime',system_type = 'System.DateTime' WHERE colname = 'lt' AND tablename = 'publicazkeyword'
ELSE
INSERT INTO [coldescr] (colname,tablename,col_len,col_precision,col_scale,description,kind,lt,lu,primarykey,sql_declaration,sql_type,system_type) VALUES ('lt','publicazkeyword','8',null,null,null,'S',{ts '2018-07-17 17:04:39.603'},'assistenza','N','datetime','datetime','System.DateTime')
GO

IF exists(SELECT * FROM [coldescr] WHERE colname = 'lu' AND tablename = 'publicazkeyword')
UPDATE [coldescr] SET col_len = '64',col_precision = null,col_scale = null,description = null,kind = 'S',lt = {ts '2018-07-17 17:04:39.603'},lu = 'assistenza',primarykey = 'N',sql_declaration = 'varchar(64)',sql_type = 'varchar',system_type = 'System.String' WHERE colname = 'lu' AND tablename = 'publicazkeyword'
ELSE
INSERT INTO [coldescr] (colname,tablename,col_len,col_precision,col_scale,description,kind,lt,lu,primarykey,sql_declaration,sql_type,system_type) VALUES ('lu','publicazkeyword','64',null,null,null,'S',{ts '2018-07-17 17:04:39.603'},'assistenza','N','varchar(64)','varchar','System.String')
GO

-- FINE GENERAZIONE SCRIPT --


-- GENERAZIONE DATI PER relation --
IF exists(SELECT * FROM [relation] WHERE idrelation = '3209')
UPDATE [relation] SET childtable = 'publicazkeyword',description = 'Keyword',lt = {ts '2018-12-07 18:46:01.757'},lu = 'assistenza',parenttable = 'publicaz',title = 'publicazkeyword' WHERE idrelation = '3209'
ELSE
INSERT INTO [relation] (idrelation,childtable,description,lt,lu,parenttable,title) VALUES ('3209','publicazkeyword','Keyword',{ts '2018-12-07 18:46:01.757'},'assistenza','publicaz','publicazkeyword')
GO

-- FINE GENERAZIONE SCRIPT --


-- GENERAZIONE DATI PER tabledescr --
IF exists(SELECT * FROM [tabledescr] WHERE tablename = 'publicazkind')
UPDATE [tabledescr] SET description = 'VOCABOLARIO modificabile dagli utenti delle tipologie di 2.4.27 pubblicazione ',idapplication = '3',isdbo = 'S',lt = {ts '2021-02-19 17:55:51.463'},lu = 'assistenza',title = 'Tipologie di pubblicazione ' WHERE tablename = 'publicazkind'
ELSE
INSERT INTO [tabledescr] (tablename,description,idapplication,isdbo,lt,lu,title) VALUES ('publicazkind','VOCABOLARIO modificabile dagli utenti delle tipologie di 2.4.27 pubblicazione ','3','S',{ts '2021-02-19 17:55:51.463'},'assistenza','Tipologie di pubblicazione ')
GO

-- FINE GENERAZIONE SCRIPT --


-- GENERAZIONE DATI PER coldescr --
IF exists(SELECT * FROM [coldescr] WHERE colname = 'active' AND tablename = 'publicazkind')
UPDATE [coldescr] SET col_len = '1',col_precision = null,col_scale = null,description = null,kind = 'S',lt = {ts '2018-07-17 17:09:45.727'},lu = 'assistenza',primarykey = 'N',sql_declaration = 'char(1)',sql_type = 'char',system_type = 'System.String' WHERE colname = 'active' AND tablename = 'publicazkind'
ELSE
INSERT INTO [coldescr] (colname,tablename,col_len,col_precision,col_scale,description,kind,lt,lu,primarykey,sql_declaration,sql_type,system_type) VALUES ('active','publicazkind','1',null,null,null,'S',{ts '2018-07-17 17:09:45.727'},'assistenza','N','char(1)','char','System.String')
GO

IF exists(SELECT * FROM [coldescr] WHERE colname = 'ct' AND tablename = 'publicazkind')
UPDATE [coldescr] SET col_len = '8',col_precision = null,col_scale = null,description = null,kind = 'S',lt = {ts '2018-07-17 17:09:45.727'},lu = 'assistenza',primarykey = 'N',sql_declaration = 'datetime',sql_type = 'datetime',system_type = 'System.DateTime' WHERE colname = 'ct' AND tablename = 'publicazkind'
ELSE
INSERT INTO [coldescr] (colname,tablename,col_len,col_precision,col_scale,description,kind,lt,lu,primarykey,sql_declaration,sql_type,system_type) VALUES ('ct','publicazkind','8',null,null,null,'S',{ts '2018-07-17 17:09:45.727'},'assistenza','N','datetime','datetime','System.DateTime')
GO

IF exists(SELECT * FROM [coldescr] WHERE colname = 'cu' AND tablename = 'publicazkind')
UPDATE [coldescr] SET col_len = '64',col_precision = null,col_scale = null,description = null,kind = 'S',lt = {ts '2018-07-17 17:09:45.727'},lu = 'assistenza',primarykey = 'N',sql_declaration = 'varchar(64)',sql_type = 'varchar',system_type = 'System.String' WHERE colname = 'cu' AND tablename = 'publicazkind'
ELSE
INSERT INTO [coldescr] (colname,tablename,col_len,col_precision,col_scale,description,kind,lt,lu,primarykey,sql_declaration,sql_type,system_type) VALUES ('cu','publicazkind','64',null,null,null,'S',{ts '2018-07-17 17:09:45.727'},'assistenza','N','varchar(64)','varchar','System.String')
GO

IF exists(SELECT * FROM [coldescr] WHERE colname = 'idpublicazkind' AND tablename = 'publicazkind')
UPDATE [coldescr] SET col_len = '4',col_precision = null,col_scale = null,description = null,kind = 'S',lt = {ts '2018-07-17 17:09:45.727'},lu = 'assistenza',primarykey = 'S',sql_declaration = 'int',sql_type = 'int',system_type = 'System.Int32' WHERE colname = 'idpublicazkind' AND tablename = 'publicazkind'
ELSE
INSERT INTO [coldescr] (colname,tablename,col_len,col_precision,col_scale,description,kind,lt,lu,primarykey,sql_declaration,sql_type,system_type) VALUES ('idpublicazkind','publicazkind','4',null,null,null,'S',{ts '2018-07-17 17:09:45.727'},'assistenza','S','int','int','System.Int32')
GO

IF exists(SELECT * FROM [coldescr] WHERE colname = 'lt' AND tablename = 'publicazkind')
UPDATE [coldescr] SET col_len = '8',col_precision = null,col_scale = null,description = null,kind = 'S',lt = {ts '2018-07-17 17:09:45.727'},lu = 'assistenza',primarykey = 'N',sql_declaration = 'datetime',sql_type = 'datetime',system_type = 'System.DateTime' WHERE colname = 'lt' AND tablename = 'publicazkind'
ELSE
INSERT INTO [coldescr] (colname,tablename,col_len,col_precision,col_scale,description,kind,lt,lu,primarykey,sql_declaration,sql_type,system_type) VALUES ('lt','publicazkind','8',null,null,null,'S',{ts '2018-07-17 17:09:45.727'},'assistenza','N','datetime','datetime','System.DateTime')
GO

IF exists(SELECT * FROM [coldescr] WHERE colname = 'lu' AND tablename = 'publicazkind')
UPDATE [coldescr] SET col_len = '64',col_precision = null,col_scale = null,description = null,kind = 'S',lt = {ts '2018-07-17 17:09:45.727'},lu = 'assistenza',primarykey = 'N',sql_declaration = 'varchar(64)',sql_type = 'varchar',system_type = 'System.String' WHERE colname = 'lu' AND tablename = 'publicazkind'
ELSE
INSERT INTO [coldescr] (colname,tablename,col_len,col_precision,col_scale,description,kind,lt,lu,primarykey,sql_declaration,sql_type,system_type) VALUES ('lu','publicazkind','64',null,null,null,'S',{ts '2018-07-17 17:09:45.727'},'assistenza','N','varchar(64)','varchar','System.String')
GO

IF exists(SELECT * FROM [coldescr] WHERE colname = 'sortcode' AND tablename = 'publicazkind')
UPDATE [coldescr] SET col_len = '4',col_precision = null,col_scale = null,description = null,kind = 'S',lt = {ts '2018-07-17 17:09:45.727'},lu = 'assistenza',primarykey = 'N',sql_declaration = 'int',sql_type = 'int',system_type = 'System.Int32' WHERE colname = 'sortcode' AND tablename = 'publicazkind'
ELSE
INSERT INTO [coldescr] (colname,tablename,col_len,col_precision,col_scale,description,kind,lt,lu,primarykey,sql_declaration,sql_type,system_type) VALUES ('sortcode','publicazkind','4',null,null,null,'S',{ts '2018-07-17 17:09:45.727'},'assistenza','N','int','int','System.Int32')
GO

IF exists(SELECT * FROM [coldescr] WHERE colname = 'subtitle' AND tablename = 'publicazkind')
UPDATE [coldescr] SET col_len = '50',col_precision = null,col_scale = null,description = 'Sotto-tipologia',kind = 'S',lt = {ts '2019-02-28 19:18:22.440'},lu = 'assistenza',primarykey = 'N',sql_declaration = 'varchar(50)',sql_type = 'varchar',system_type = 'System.String' WHERE colname = 'subtitle' AND tablename = 'publicazkind'
ELSE
INSERT INTO [coldescr] (colname,tablename,col_len,col_precision,col_scale,description,kind,lt,lu,primarykey,sql_declaration,sql_type,system_type) VALUES ('subtitle','publicazkind','50',null,null,'Sotto-tipologia','S',{ts '2019-02-28 19:18:22.440'},'assistenza','N','varchar(50)','varchar','System.String')
GO

IF exists(SELECT * FROM [coldescr] WHERE colname = 'title' AND tablename = 'publicazkind')
UPDATE [coldescr] SET col_len = '50',col_precision = null,col_scale = null,description = null,kind = 'S',lt = {ts '2018-07-17 17:09:45.727'},lu = 'assistenza',primarykey = 'N',sql_declaration = 'varchar(50)',sql_type = 'varchar',system_type = 'System.String' WHERE colname = 'title' AND tablename = 'publicazkind'
ELSE
INSERT INTO [coldescr] (colname,tablename,col_len,col_precision,col_scale,description,kind,lt,lu,primarykey,sql_declaration,sql_type,system_type) VALUES ('title','publicazkind','50',null,null,null,'S',{ts '2018-07-17 17:09:45.727'},'assistenza','N','varchar(50)','varchar','System.String')
GO

-- FINE GENERAZIONE SCRIPT --


-- GENERAZIONE DATI PER tabledescr --
IF exists(SELECT * FROM [tabledescr] WHERE tablename = 'publicazkindpublicaz')
UPDATE [tabledescr] SET description = 'collegamento tra le tipologie di pubblicazioni e la 2.4.27 pubblicazione (molti a molti)',idapplication = '2',isdbo = 'S',lt = {ts '2021-03-01 11:21:25.497'},lu = 'assistenza',title = 'collegamento tra le tipologie di pubblicazioni e la pubblicazione (molti a molti)' WHERE tablename = 'publicazkindpublicaz'
ELSE
INSERT INTO [tabledescr] (tablename,description,idapplication,isdbo,lt,lu,title) VALUES ('publicazkindpublicaz','collegamento tra le tipologie di pubblicazioni e la 2.4.27 pubblicazione (molti a molti)','2','S',{ts '2021-03-01 11:21:25.497'},'assistenza','collegamento tra le tipologie di pubblicazioni e la pubblicazione (molti a molti)')
GO

-- FINE GENERAZIONE SCRIPT --


-- GENERAZIONE DATI PER coldescr --
IF exists(SELECT * FROM [coldescr] WHERE colname = 'ct' AND tablename = 'publicazkindpublicaz')
UPDATE [coldescr] SET col_len = '8',col_precision = null,col_scale = null,description = null,kind = 'S',lt = {ts '2018-07-17 17:11:02.490'},lu = 'assistenza',primarykey = 'N',sql_declaration = 'datetime',sql_type = 'datetime',system_type = 'System.DateTime' WHERE colname = 'ct' AND tablename = 'publicazkindpublicaz'
ELSE
INSERT INTO [coldescr] (colname,tablename,col_len,col_precision,col_scale,description,kind,lt,lu,primarykey,sql_declaration,sql_type,system_type) VALUES ('ct','publicazkindpublicaz','8',null,null,null,'S',{ts '2018-07-17 17:11:02.490'},'assistenza','N','datetime','datetime','System.DateTime')
GO

IF exists(SELECT * FROM [coldescr] WHERE colname = 'cu' AND tablename = 'publicazkindpublicaz')
UPDATE [coldescr] SET col_len = '64',col_precision = null,col_scale = null,description = null,kind = 'S',lt = {ts '2018-07-17 17:11:02.490'},lu = 'assistenza',primarykey = 'N',sql_declaration = 'varchar(64)',sql_type = 'varchar',system_type = 'System.String' WHERE colname = 'cu' AND tablename = 'publicazkindpublicaz'
ELSE
INSERT INTO [coldescr] (colname,tablename,col_len,col_precision,col_scale,description,kind,lt,lu,primarykey,sql_declaration,sql_type,system_type) VALUES ('cu','publicazkindpublicaz','64',null,null,null,'S',{ts '2018-07-17 17:11:02.490'},'assistenza','N','varchar(64)','varchar','System.String')
GO

IF exists(SELECT * FROM [coldescr] WHERE colname = 'idpublicaz' AND tablename = 'publicazkindpublicaz')
UPDATE [coldescr] SET col_len = '4',col_precision = null,col_scale = null,description = null,kind = 'S',lt = {ts '2018-07-17 17:11:02.493'},lu = 'assistenza',primarykey = 'S',sql_declaration = 'int',sql_type = 'int',system_type = 'System.Int32' WHERE colname = 'idpublicaz' AND tablename = 'publicazkindpublicaz'
ELSE
INSERT INTO [coldescr] (colname,tablename,col_len,col_precision,col_scale,description,kind,lt,lu,primarykey,sql_declaration,sql_type,system_type) VALUES ('idpublicaz','publicazkindpublicaz','4',null,null,null,'S',{ts '2018-07-17 17:11:02.493'},'assistenza','S','int','int','System.Int32')
GO

IF exists(SELECT * FROM [coldescr] WHERE colname = 'idpublicazkind' AND tablename = 'publicazkindpublicaz')
UPDATE [coldescr] SET col_len = '4',col_precision = null,col_scale = null,description = null,kind = 'S',lt = {ts '2018-07-17 17:11:02.493'},lu = 'assistenza',primarykey = 'S',sql_declaration = 'int',sql_type = 'int',system_type = 'System.Int32' WHERE colname = 'idpublicazkind' AND tablename = 'publicazkindpublicaz'
ELSE
INSERT INTO [coldescr] (colname,tablename,col_len,col_precision,col_scale,description,kind,lt,lu,primarykey,sql_declaration,sql_type,system_type) VALUES ('idpublicazkind','publicazkindpublicaz','4',null,null,null,'S',{ts '2018-07-17 17:11:02.493'},'assistenza','S','int','int','System.Int32')
GO

IF exists(SELECT * FROM [coldescr] WHERE colname = 'lt' AND tablename = 'publicazkindpublicaz')
UPDATE [coldescr] SET col_len = '8',col_precision = null,col_scale = null,description = null,kind = 'S',lt = {ts '2018-07-17 17:11:02.493'},lu = 'assistenza',primarykey = 'N',sql_declaration = 'datetime',sql_type = 'datetime',system_type = 'System.DateTime' WHERE colname = 'lt' AND tablename = 'publicazkindpublicaz'
ELSE
INSERT INTO [coldescr] (colname,tablename,col_len,col_precision,col_scale,description,kind,lt,lu,primarykey,sql_declaration,sql_type,system_type) VALUES ('lt','publicazkindpublicaz','8',null,null,null,'S',{ts '2018-07-17 17:11:02.493'},'assistenza','N','datetime','datetime','System.DateTime')
GO

IF exists(SELECT * FROM [coldescr] WHERE colname = 'lu' AND tablename = 'publicazkindpublicaz')
UPDATE [coldescr] SET col_len = '64',col_precision = null,col_scale = null,description = null,kind = 'S',lt = {ts '2018-07-17 17:11:02.493'},lu = 'assistenza',primarykey = 'N',sql_declaration = 'varchar(64)',sql_type = 'varchar',system_type = 'System.String' WHERE colname = 'lu' AND tablename = 'publicazkindpublicaz'
ELSE
INSERT INTO [coldescr] (colname,tablename,col_len,col_precision,col_scale,description,kind,lt,lu,primarykey,sql_declaration,sql_type,system_type) VALUES ('lu','publicazkindpublicaz','64',null,null,null,'S',{ts '2018-07-17 17:11:02.493'},'assistenza','N','varchar(64)','varchar','System.String')
GO

-- FINE GENERAZIONE SCRIPT --


-- GENERAZIONE DATI PER relation --
IF exists(SELECT * FROM [relation] WHERE idrelation = '3210')
UPDATE [relation] SET childtable = 'publicazkindpublicaz',description = 'Tipologie',lt = {ts '2018-12-07 18:46:01.757'},lu = 'assistenza',parenttable = 'publicaz',title = 'publicazkindpublicaz' WHERE idrelation = '3210'
ELSE
INSERT INTO [relation] (idrelation,childtable,description,lt,lu,parenttable,title) VALUES ('3210','publicazkindpublicaz','Tipologie',{ts '2018-12-07 18:46:01.757'},'assistenza','publicaz','publicazkindpublicaz')
GO

IF exists(SELECT * FROM [relation] WHERE idrelation = '3211')
UPDATE [relation] SET childtable = 'publicazkindpublicaz',description = 'tipologie collegate alla pubblicazione',lt = {ts '2018-07-17 17:11:51.877'},lu = 'assistenza',parenttable = 'publicazkind',title = null WHERE idrelation = '3211'
ELSE
INSERT INTO [relation] (idrelation,childtable,description,lt,lu,parenttable,title) VALUES ('3211','publicazkindpublicaz','tipologie collegate alla pubblicazione',{ts '2018-07-17 17:11:51.877'},'assistenza','publicazkind',null)
GO

-- FINE GENERAZIONE SCRIPT --


-- GENERAZIONE DATI PER tabledescr --
IF exists(SELECT * FROM [tabledescr] WHERE tablename = 'publicazregistry_aziende')
UPDATE [tabledescr] SET description = '2.4.34 Enti promotori della 2.4.27 pubblicazione in caso si tratti di Atti',idapplication = '3',isdbo = 'S',lt = {ts '2021-02-26 11:57:42.717'},lu = 'assistenza',title = 'Enti promotori della pubblicazione in caso si tratti di Atti' WHERE tablename = 'publicazregistry_aziende'
ELSE
INSERT INTO [tabledescr] (tablename,description,idapplication,isdbo,lt,lu,title) VALUES ('publicazregistry_aziende','2.4.34 Enti promotori della 2.4.27 pubblicazione in caso si tratti di Atti','3','S',{ts '2021-02-26 11:57:42.717'},'assistenza','Enti promotori della pubblicazione in caso si tratti di Atti')
GO

-- FINE GENERAZIONE SCRIPT --


-- GENERAZIONE DATI PER coldescr --
IF exists(SELECT * FROM [coldescr] WHERE colname = 'ct' AND tablename = 'publicazregistry_aziende')
UPDATE [coldescr] SET col_len = '8',col_precision = null,col_scale = null,description = null,kind = 'S',lt = {ts '2018-07-17 17:18:30.373'},lu = 'assistenza',primarykey = 'N',sql_declaration = 'datetime',sql_type = 'datetime',system_type = 'System.DateTime' WHERE colname = 'ct' AND tablename = 'publicazregistry_aziende'
ELSE
INSERT INTO [coldescr] (colname,tablename,col_len,col_precision,col_scale,description,kind,lt,lu,primarykey,sql_declaration,sql_type,system_type) VALUES ('ct','publicazregistry_aziende','8',null,null,null,'S',{ts '2018-07-17 17:18:30.373'},'assistenza','N','datetime','datetime','System.DateTime')
GO

IF exists(SELECT * FROM [coldescr] WHERE colname = 'cu' AND tablename = 'publicazregistry_aziende')
UPDATE [coldescr] SET col_len = '64',col_precision = null,col_scale = null,description = null,kind = 'S',lt = {ts '2018-07-17 17:18:30.373'},lu = 'assistenza',primarykey = 'N',sql_declaration = 'varchar(64)',sql_type = 'varchar',system_type = 'System.String' WHERE colname = 'cu' AND tablename = 'publicazregistry_aziende'
ELSE
INSERT INTO [coldescr] (colname,tablename,col_len,col_precision,col_scale,description,kind,lt,lu,primarykey,sql_declaration,sql_type,system_type) VALUES ('cu','publicazregistry_aziende','64',null,null,null,'S',{ts '2018-07-17 17:18:30.373'},'assistenza','N','varchar(64)','varchar','System.String')
GO

IF exists(SELECT * FROM [coldescr] WHERE colname = 'idpublicaz' AND tablename = 'publicazregistry_aziende')
UPDATE [coldescr] SET col_len = '4',col_precision = null,col_scale = null,description = 'Publicazione',kind = 'S',lt = {ts '2019-02-22 17:13:43.287'},lu = 'assistenza',primarykey = 'S',sql_declaration = 'int',sql_type = 'int',system_type = 'System.Int32' WHERE colname = 'idpublicaz' AND tablename = 'publicazregistry_aziende'
ELSE
INSERT INTO [coldescr] (colname,tablename,col_len,col_precision,col_scale,description,kind,lt,lu,primarykey,sql_declaration,sql_type,system_type) VALUES ('idpublicaz','publicazregistry_aziende','4',null,null,'Publicazione','S',{ts '2019-02-22 17:13:43.287'},'assistenza','S','int','int','System.Int32')
GO

IF exists(SELECT * FROM [coldescr] WHERE colname = 'idreg_aziende' AND tablename = 'publicazregistry_aziende')
UPDATE [coldescr] SET col_len = '4',col_precision = null,col_scale = null,description = 'Ente promotore',kind = 'S',lt = {ts '2019-02-22 17:13:43.287'},lu = 'assistenza',primarykey = 'S',sql_declaration = 'int',sql_type = 'int',system_type = 'System.Int32' WHERE colname = 'idreg_aziende' AND tablename = 'publicazregistry_aziende'
ELSE
INSERT INTO [coldescr] (colname,tablename,col_len,col_precision,col_scale,description,kind,lt,lu,primarykey,sql_declaration,sql_type,system_type) VALUES ('idreg_aziende','publicazregistry_aziende','4',null,null,'Ente promotore','S',{ts '2019-02-22 17:13:43.287'},'assistenza','S','int','int','System.Int32')
GO

IF exists(SELECT * FROM [coldescr] WHERE colname = 'lt' AND tablename = 'publicazregistry_aziende')
UPDATE [coldescr] SET col_len = '8',col_precision = null,col_scale = null,description = null,kind = 'S',lt = {ts '2018-07-17 17:18:30.373'},lu = 'assistenza',primarykey = 'N',sql_declaration = 'datetime',sql_type = 'datetime',system_type = 'System.DateTime' WHERE colname = 'lt' AND tablename = 'publicazregistry_aziende'
ELSE
INSERT INTO [coldescr] (colname,tablename,col_len,col_precision,col_scale,description,kind,lt,lu,primarykey,sql_declaration,sql_type,system_type) VALUES ('lt','publicazregistry_aziende','8',null,null,null,'S',{ts '2018-07-17 17:18:30.373'},'assistenza','N','datetime','datetime','System.DateTime')
GO

IF exists(SELECT * FROM [coldescr] WHERE colname = 'lu' AND tablename = 'publicazregistry_aziende')
UPDATE [coldescr] SET col_len = '64',col_precision = null,col_scale = null,description = null,kind = 'S',lt = {ts '2018-07-17 17:18:30.373'},lu = 'assistenza',primarykey = 'N',sql_declaration = 'varchar(64)',sql_type = 'varchar',system_type = 'System.String' WHERE colname = 'lu' AND tablename = 'publicazregistry_aziende'
ELSE
INSERT INTO [coldescr] (colname,tablename,col_len,col_precision,col_scale,description,kind,lt,lu,primarykey,sql_declaration,sql_type,system_type) VALUES ('lu','publicazregistry_aziende','64',null,null,null,'S',{ts '2018-07-17 17:18:30.373'},'assistenza','N','varchar(64)','varchar','System.String')
GO

-- FINE GENERAZIONE SCRIPT --


-- GENERAZIONE DATI PER relation --
IF exists(SELECT * FROM [relation] WHERE idrelation = '3212')
UPDATE [relation] SET childtable = 'publicazregistry_aziende',description = 'Enti promotori',lt = {ts '2018-12-07 18:46:01.757'},lu = 'assistenza',parenttable = 'publicaz',title = 'publicazregistry_aziende' WHERE idrelation = '3212'
ELSE
INSERT INTO [relation] (idrelation,childtable,description,lt,lu,parenttable,title) VALUES ('3212','publicazregistry_aziende','Enti promotori',{ts '2018-12-07 18:46:01.757'},'assistenza','publicaz','publicazregistry_aziende')
GO

IF exists(SELECT * FROM [relation] WHERE idrelation = '3214')
UPDATE [relation] SET childtable = 'publicazregistry_aziende',description = 'Atti promossi',lt = {ts '2018-12-07 19:02:14.003'},lu = 'assistenza',parenttable = 'registry_aziende',title = 'publicazregistry_aziende' WHERE idrelation = '3214'
ELSE
INSERT INTO [relation] (idrelation,childtable,description,lt,lu,parenttable,title) VALUES ('3214','publicazregistry_aziende','Atti promossi',{ts '2018-12-07 19:02:14.003'},'assistenza','registry_aziende','publicazregistry_aziende')
GO

-- FINE GENERAZIONE SCRIPT --


-- GENERAZIONE DATI PER tabledescr --
IF exists(SELECT * FROM [tabledescr] WHERE tablename = 'publicazregistry_docenti')
UPDATE [tabledescr] SET description = 'autori della 2.4.27 pubblicazione',idapplication = '3',isdbo = 'S',lt = {ts '2021-02-19 11:05:10.110'},lu = 'assistenza',title = 'Autori della pubblicazione' WHERE tablename = 'publicazregistry_docenti'
ELSE
INSERT INTO [tabledescr] (tablename,description,idapplication,isdbo,lt,lu,title) VALUES ('publicazregistry_docenti','autori della 2.4.27 pubblicazione','3','S',{ts '2021-02-19 11:05:10.110'},'assistenza','Autori della pubblicazione')
GO

-- FINE GENERAZIONE SCRIPT --


-- GENERAZIONE DATI PER coldescr --
IF exists(SELECT * FROM [coldescr] WHERE colname = 'ct' AND tablename = 'publicazregistry_docenti')
UPDATE [coldescr] SET col_len = '8',col_precision = null,col_scale = null,description = null,kind = 'S',lt = {ts '2018-07-17 17:01:29.370'},lu = 'assistenza',primarykey = 'N',sql_declaration = 'datetime',sql_type = 'datetime',system_type = 'System.DateTime' WHERE colname = 'ct' AND tablename = 'publicazregistry_docenti'
ELSE
INSERT INTO [coldescr] (colname,tablename,col_len,col_precision,col_scale,description,kind,lt,lu,primarykey,sql_declaration,sql_type,system_type) VALUES ('ct','publicazregistry_docenti','8',null,null,null,'S',{ts '2018-07-17 17:01:29.370'},'assistenza','N','datetime','datetime','System.DateTime')
GO

IF exists(SELECT * FROM [coldescr] WHERE colname = 'cu' AND tablename = 'publicazregistry_docenti')
UPDATE [coldescr] SET col_len = '64',col_precision = null,col_scale = null,description = null,kind = 'S',lt = {ts '2018-07-17 17:01:29.370'},lu = 'assistenza',primarykey = 'N',sql_declaration = 'varchar(64)',sql_type = 'varchar',system_type = 'System.String' WHERE colname = 'cu' AND tablename = 'publicazregistry_docenti'
ELSE
INSERT INTO [coldescr] (colname,tablename,col_len,col_precision,col_scale,description,kind,lt,lu,primarykey,sql_declaration,sql_type,system_type) VALUES ('cu','publicazregistry_docenti','64',null,null,null,'S',{ts '2018-07-17 17:01:29.370'},'assistenza','N','varchar(64)','varchar','System.String')
GO

IF exists(SELECT * FROM [coldescr] WHERE colname = 'idpublicaz' AND tablename = 'publicazregistry_docenti')
UPDATE [coldescr] SET col_len = '4',col_precision = null,col_scale = null,description = 'Pubblicazione',kind = 'S',lt = {ts '2019-02-22 17:07:20.913'},lu = 'assistenza',primarykey = 'S',sql_declaration = 'int',sql_type = 'int',system_type = 'System.Int32' WHERE colname = 'idpublicaz' AND tablename = 'publicazregistry_docenti'
ELSE
INSERT INTO [coldescr] (colname,tablename,col_len,col_precision,col_scale,description,kind,lt,lu,primarykey,sql_declaration,sql_type,system_type) VALUES ('idpublicaz','publicazregistry_docenti','4',null,null,'Pubblicazione','S',{ts '2019-02-22 17:07:20.913'},'assistenza','S','int','int','System.Int32')
GO

IF exists(SELECT * FROM [coldescr] WHERE colname = 'idreg_docenti' AND tablename = 'publicazregistry_docenti')
UPDATE [coldescr] SET col_len = '4',col_precision = null,col_scale = null,description = 'Docente',kind = 'S',lt = {ts '2019-02-22 17:07:20.913'},lu = 'assistenza',primarykey = 'S',sql_declaration = 'int',sql_type = 'int',system_type = 'System.Int32' WHERE colname = 'idreg_docenti' AND tablename = 'publicazregistry_docenti'
ELSE
INSERT INTO [coldescr] (colname,tablename,col_len,col_precision,col_scale,description,kind,lt,lu,primarykey,sql_declaration,sql_type,system_type) VALUES ('idreg_docenti','publicazregistry_docenti','4',null,null,'Docente','S',{ts '2019-02-22 17:07:20.913'},'assistenza','S','int','int','System.Int32')
GO

IF exists(SELECT * FROM [coldescr] WHERE colname = 'lt' AND tablename = 'publicazregistry_docenti')
UPDATE [coldescr] SET col_len = '8',col_precision = null,col_scale = null,description = null,kind = 'S',lt = {ts '2018-07-17 17:01:29.373'},lu = 'assistenza',primarykey = 'N',sql_declaration = 'datetime',sql_type = 'datetime',system_type = 'System.DateTime' WHERE colname = 'lt' AND tablename = 'publicazregistry_docenti'
ELSE
INSERT INTO [coldescr] (colname,tablename,col_len,col_precision,col_scale,description,kind,lt,lu,primarykey,sql_declaration,sql_type,system_type) VALUES ('lt','publicazregistry_docenti','8',null,null,null,'S',{ts '2018-07-17 17:01:29.373'},'assistenza','N','datetime','datetime','System.DateTime')
GO

IF exists(SELECT * FROM [coldescr] WHERE colname = 'lu' AND tablename = 'publicazregistry_docenti')
UPDATE [coldescr] SET col_len = '64',col_precision = null,col_scale = null,description = null,kind = 'S',lt = {ts '2018-07-17 17:01:29.373'},lu = 'assistenza',primarykey = 'N',sql_declaration = 'varchar(64)',sql_type = 'varchar',system_type = 'System.String' WHERE colname = 'lu' AND tablename = 'publicazregistry_docenti'
ELSE
INSERT INTO [coldescr] (colname,tablename,col_len,col_precision,col_scale,description,kind,lt,lu,primarykey,sql_declaration,sql_type,system_type) VALUES ('lu','publicazregistry_docenti','64',null,null,null,'S',{ts '2018-07-17 17:01:29.373'},'assistenza','N','varchar(64)','varchar','System.String')
GO

-- FINE GENERAZIONE SCRIPT --


-- GENERAZIONE DATI PER tabledescr --
IF exists(SELECT * FROM [tabledescr] WHERE tablename = 'registryprogfin')
UPDATE [tabledescr] SET description = '2.7.14 Programmi di finanziamento di Aziende 2.5.19 e Enti 2.4.34',idapplication = '3',isdbo = 'S',lt = {ts '2021-02-19 16:13:51.697'},lu = 'assistenza',title = 'Programmi di finanziamento' WHERE tablename = 'registryprogfin'
ELSE
INSERT INTO [tabledescr] (tablename,description,idapplication,isdbo,lt,lu,title) VALUES ('registryprogfin','2.7.14 Programmi di finanziamento di Aziende 2.5.19 e Enti 2.4.34','3','S',{ts '2021-02-19 16:13:51.697'},'assistenza','Programmi di finanziamento')
GO

-- FINE GENERAZIONE SCRIPT --


-- GENERAZIONE DATI PER coldescr --
IF exists(SELECT * FROM [coldescr] WHERE colname = 'code' AND tablename = 'registryprogfin')
UPDATE [coldescr] SET col_len = '2048',col_precision = null,col_scale = null,description = 'Codice identificativo',kind = 'S',lt = {ts '2020-06-12 16:00:11.797'},lu = 'assistenza',primarykey = 'N',sql_declaration = 'nvarchar(2048)',sql_type = 'nvarchar',system_type = 'System.String' WHERE colname = 'code' AND tablename = 'registryprogfin'
ELSE
INSERT INTO [coldescr] (colname,tablename,col_len,col_precision,col_scale,description,kind,lt,lu,primarykey,sql_declaration,sql_type,system_type) VALUES ('code','registryprogfin','2048',null,null,'Codice identificativo','S',{ts '2020-06-12 16:00:11.797'},'assistenza','N','nvarchar(2048)','nvarchar','System.String')
GO

IF exists(SELECT * FROM [coldescr] WHERE colname = 'ct' AND tablename = 'registryprogfin')
UPDATE [coldescr] SET col_len = '8',col_precision = null,col_scale = null,description = null,kind = 'S',lt = {ts '2020-06-12 15:59:22.730'},lu = 'assistenza',primarykey = 'N',sql_declaration = 'datetime',sql_type = 'datetime',system_type = 'System.DateTime' WHERE colname = 'ct' AND tablename = 'registryprogfin'
ELSE
INSERT INTO [coldescr] (colname,tablename,col_len,col_precision,col_scale,description,kind,lt,lu,primarykey,sql_declaration,sql_type,system_type) VALUES ('ct','registryprogfin','8',null,null,null,'S',{ts '2020-06-12 15:59:22.730'},'assistenza','N','datetime','datetime','System.DateTime')
GO

IF exists(SELECT * FROM [coldescr] WHERE colname = 'cu' AND tablename = 'registryprogfin')
UPDATE [coldescr] SET col_len = '64',col_precision = null,col_scale = null,description = null,kind = 'S',lt = {ts '2020-06-12 15:59:22.730'},lu = 'assistenza',primarykey = 'N',sql_declaration = 'varchar(64)',sql_type = 'varchar',system_type = 'System.String' WHERE colname = 'cu' AND tablename = 'registryprogfin'
ELSE
INSERT INTO [coldescr] (colname,tablename,col_len,col_precision,col_scale,description,kind,lt,lu,primarykey,sql_declaration,sql_type,system_type) VALUES ('cu','registryprogfin','64',null,null,null,'S',{ts '2020-06-12 15:59:22.730'},'assistenza','N','varchar(64)','varchar','System.String')
GO

IF exists(SELECT * FROM [coldescr] WHERE colname = 'description' AND tablename = 'registryprogfin')
UPDATE [coldescr] SET col_len = '0',col_precision = null,col_scale = null,description = 'Descrizione',kind = 'S',lt = {ts '2020-06-12 16:00:11.797'},lu = 'assistenza',primarykey = 'N',sql_declaration = 'nvarchar(max)',sql_type = 'nvarchar',system_type = 'System.String' WHERE colname = 'description' AND tablename = 'registryprogfin'
ELSE
INSERT INTO [coldescr] (colname,tablename,col_len,col_precision,col_scale,description,kind,lt,lu,primarykey,sql_declaration,sql_type,system_type) VALUES ('description','registryprogfin','0',null,null,'Descrizione','S',{ts '2020-06-12 16:00:11.797'},'assistenza','N','nvarchar(max)','nvarchar','System.String')
GO

IF exists(SELECT * FROM [coldescr] WHERE colname = 'idreg' AND tablename = 'registryprogfin')
UPDATE [coldescr] SET col_len = '4',col_precision = null,col_scale = null,description = 'Ente o azienda',kind = 'S',lt = {ts '2020-06-12 16:00:11.797'},lu = 'assistenza',primarykey = 'S',sql_declaration = 'int',sql_type = 'int',system_type = 'System.Int32' WHERE colname = 'idreg' AND tablename = 'registryprogfin'
ELSE
INSERT INTO [coldescr] (colname,tablename,col_len,col_precision,col_scale,description,kind,lt,lu,primarykey,sql_declaration,sql_type,system_type) VALUES ('idreg','registryprogfin','4',null,null,'Ente o azienda','S',{ts '2020-06-12 16:00:11.797'},'assistenza','S','int','int','System.Int32')
GO

IF exists(SELECT * FROM [coldescr] WHERE colname = 'idregistryprogfin' AND tablename = 'registryprogfin')
UPDATE [coldescr] SET col_len = '4',col_precision = null,col_scale = null,description = null,kind = 'S',lt = {ts '2020-06-12 15:59:22.730'},lu = 'assistenza',primarykey = 'S',sql_declaration = 'int',sql_type = 'int',system_type = 'System.Int32' WHERE colname = 'idregistryprogfin' AND tablename = 'registryprogfin'
ELSE
INSERT INTO [coldescr] (colname,tablename,col_len,col_precision,col_scale,description,kind,lt,lu,primarykey,sql_declaration,sql_type,system_type) VALUES ('idregistryprogfin','registryprogfin','4',null,null,null,'S',{ts '2020-06-12 15:59:22.730'},'assistenza','S','int','int','System.Int32')
GO

IF exists(SELECT * FROM [coldescr] WHERE colname = 'lt' AND tablename = 'registryprogfin')
UPDATE [coldescr] SET col_len = '8',col_precision = null,col_scale = null,description = null,kind = 'S',lt = {ts '2020-06-12 15:59:22.733'},lu = 'assistenza',primarykey = 'N',sql_declaration = 'datetime',sql_type = 'datetime',system_type = 'System.DateTime' WHERE colname = 'lt' AND tablename = 'registryprogfin'
ELSE
INSERT INTO [coldescr] (colname,tablename,col_len,col_precision,col_scale,description,kind,lt,lu,primarykey,sql_declaration,sql_type,system_type) VALUES ('lt','registryprogfin','8',null,null,null,'S',{ts '2020-06-12 15:59:22.733'},'assistenza','N','datetime','datetime','System.DateTime')
GO

IF exists(SELECT * FROM [coldescr] WHERE colname = 'lu' AND tablename = 'registryprogfin')
UPDATE [coldescr] SET col_len = '64',col_precision = null,col_scale = null,description = null,kind = 'S',lt = {ts '2020-06-12 15:59:22.733'},lu = 'assistenza',primarykey = 'N',sql_declaration = 'varchar(64)',sql_type = 'varchar',system_type = 'System.String' WHERE colname = 'lu' AND tablename = 'registryprogfin'
ELSE
INSERT INTO [coldescr] (colname,tablename,col_len,col_precision,col_scale,description,kind,lt,lu,primarykey,sql_declaration,sql_type,system_type) VALUES ('lu','registryprogfin','64',null,null,null,'S',{ts '2020-06-12 15:59:22.733'},'assistenza','N','varchar(64)','varchar','System.String')
GO

IF exists(SELECT * FROM [coldescr] WHERE colname = 'title' AND tablename = 'registryprogfin')
UPDATE [coldescr] SET col_len = '2048',col_precision = null,col_scale = null,description = 'Titolo',kind = 'S',lt = {ts '2020-06-12 16:00:11.797'},lu = 'assistenza',primarykey = 'N',sql_declaration = 'nvarchar(2048)',sql_type = 'nvarchar',system_type = 'System.String' WHERE colname = 'title' AND tablename = 'registryprogfin'
ELSE
INSERT INTO [coldescr] (colname,tablename,col_len,col_precision,col_scale,description,kind,lt,lu,primarykey,sql_declaration,sql_type,system_type) VALUES ('title','registryprogfin','2048',null,null,'Titolo','S',{ts '2020-06-12 16:00:11.797'},'assistenza','N','nvarchar(2048)','nvarchar','System.String')
GO

-- FINE GENERAZIONE SCRIPT --


-- GENERAZIONE DATI PER tabledescr --
IF exists(SELECT * FROM [tabledescr] WHERE tablename = 'registryprogfinbando')
UPDATE [tabledescr] SET description = '2.7.15 Bandi dei programmi di finanziamento',idapplication = '3',isdbo = 'S',lt = {ts '2021-02-19 16:15:15.710'},lu = 'assistenza',title = 'Bandi dei programmi di finanziamento' WHERE tablename = 'registryprogfinbando'
ELSE
INSERT INTO [tabledescr] (tablename,description,idapplication,isdbo,lt,lu,title) VALUES ('registryprogfinbando','2.7.15 Bandi dei programmi di finanziamento','3','S',{ts '2021-02-19 16:15:15.710'},'assistenza','Bandi dei programmi di finanziamento')
GO

-- FINE GENERAZIONE SCRIPT --


-- GENERAZIONE DATI PER coldescr --
IF exists(SELECT * FROM [coldescr] WHERE colname = 'ct' AND tablename = 'registryprogfinbando')
UPDATE [coldescr] SET col_len = '8',col_precision = null,col_scale = null,description = null,kind = 'S',lt = {ts '2020-06-12 16:01:52.693'},lu = 'assistenza',primarykey = 'N',sql_declaration = 'datetime',sql_type = 'datetime',system_type = 'System.DateTime' WHERE colname = 'ct' AND tablename = 'registryprogfinbando'
ELSE
INSERT INTO [coldescr] (colname,tablename,col_len,col_precision,col_scale,description,kind,lt,lu,primarykey,sql_declaration,sql_type,system_type) VALUES ('ct','registryprogfinbando','8',null,null,null,'S',{ts '2020-06-12 16:01:52.693'},'assistenza','N','datetime','datetime','System.DateTime')
GO

IF exists(SELECT * FROM [coldescr] WHERE colname = 'cu' AND tablename = 'registryprogfinbando')
UPDATE [coldescr] SET col_len = '64',col_precision = null,col_scale = null,description = null,kind = 'S',lt = {ts '2020-06-12 16:01:52.697'},lu = 'assistenza',primarykey = 'N',sql_declaration = 'varchar(64)',sql_type = 'varchar',system_type = 'System.String' WHERE colname = 'cu' AND tablename = 'registryprogfinbando'
ELSE
INSERT INTO [coldescr] (colname,tablename,col_len,col_precision,col_scale,description,kind,lt,lu,primarykey,sql_declaration,sql_type,system_type) VALUES ('cu','registryprogfinbando','64',null,null,null,'S',{ts '2020-06-12 16:01:52.697'},'assistenza','N','varchar(64)','varchar','System.String')
GO

IF exists(SELECT * FROM [coldescr] WHERE colname = 'description' AND tablename = 'registryprogfinbando')
UPDATE [coldescr] SET col_len = '0',col_precision = null,col_scale = null,description = 'Descrizione',kind = 'S',lt = {ts '2020-06-12 16:02:33.583'},lu = 'assistenza',primarykey = 'N',sql_declaration = 'nvarchar(max)',sql_type = 'nvarchar',system_type = 'System.String' WHERE colname = 'description' AND tablename = 'registryprogfinbando'
ELSE
INSERT INTO [coldescr] (colname,tablename,col_len,col_precision,col_scale,description,kind,lt,lu,primarykey,sql_declaration,sql_type,system_type) VALUES ('description','registryprogfinbando','0',null,null,'Descrizione','S',{ts '2020-06-12 16:02:33.583'},'assistenza','N','nvarchar(max)','nvarchar','System.String')
GO

IF exists(SELECT * FROM [coldescr] WHERE colname = 'idreg' AND tablename = 'registryprogfinbando')
UPDATE [coldescr] SET col_len = '4',col_precision = null,col_scale = null,description = null,kind = 'S',lt = {ts '2020-06-12 16:01:52.697'},lu = 'assistenza',primarykey = 'S',sql_declaration = 'int',sql_type = 'int',system_type = 'System.Int32' WHERE colname = 'idreg' AND tablename = 'registryprogfinbando'
ELSE
INSERT INTO [coldescr] (colname,tablename,col_len,col_precision,col_scale,description,kind,lt,lu,primarykey,sql_declaration,sql_type,system_type) VALUES ('idreg','registryprogfinbando','4',null,null,null,'S',{ts '2020-06-12 16:01:52.697'},'assistenza','S','int','int','System.Int32')
GO

IF exists(SELECT * FROM [coldescr] WHERE colname = 'idregistryprogfin' AND tablename = 'registryprogfinbando')
UPDATE [coldescr] SET col_len = '4',col_precision = null,col_scale = null,description = null,kind = 'S',lt = {ts '2020-06-12 16:01:52.697'},lu = 'assistenza',primarykey = 'S',sql_declaration = 'int',sql_type = 'int',system_type = 'System.Int32' WHERE colname = 'idregistryprogfin' AND tablename = 'registryprogfinbando'
ELSE
INSERT INTO [coldescr] (colname,tablename,col_len,col_precision,col_scale,description,kind,lt,lu,primarykey,sql_declaration,sql_type,system_type) VALUES ('idregistryprogfin','registryprogfinbando','4',null,null,null,'S',{ts '2020-06-12 16:01:52.697'},'assistenza','S','int','int','System.Int32')
GO

IF exists(SELECT * FROM [coldescr] WHERE colname = 'idregistryprogfinbando' AND tablename = 'registryprogfinbando')
UPDATE [coldescr] SET col_len = '4',col_precision = null,col_scale = null,description = null,kind = 'S',lt = {ts '2020-06-12 16:01:52.697'},lu = 'assistenza',primarykey = 'S',sql_declaration = 'int',sql_type = 'int',system_type = 'System.Int32' WHERE colname = 'idregistryprogfinbando' AND tablename = 'registryprogfinbando'
ELSE
INSERT INTO [coldescr] (colname,tablename,col_len,col_precision,col_scale,description,kind,lt,lu,primarykey,sql_declaration,sql_type,system_type) VALUES ('idregistryprogfinbando','registryprogfinbando','4',null,null,null,'S',{ts '2020-06-12 16:01:52.697'},'assistenza','S','int','int','System.Int32')
GO

IF exists(SELECT * FROM [coldescr] WHERE colname = 'lt' AND tablename = 'registryprogfinbando')
UPDATE [coldescr] SET col_len = '8',col_precision = null,col_scale = null,description = null,kind = 'S',lt = {ts '2020-06-12 16:01:52.697'},lu = 'assistenza',primarykey = 'N',sql_declaration = 'datetime',sql_type = 'datetime',system_type = 'System.DateTime' WHERE colname = 'lt' AND tablename = 'registryprogfinbando'
ELSE
INSERT INTO [coldescr] (colname,tablename,col_len,col_precision,col_scale,description,kind,lt,lu,primarykey,sql_declaration,sql_type,system_type) VALUES ('lt','registryprogfinbando','8',null,null,null,'S',{ts '2020-06-12 16:01:52.697'},'assistenza','N','datetime','datetime','System.DateTime')
GO

IF exists(SELECT * FROM [coldescr] WHERE colname = 'lu' AND tablename = 'registryprogfinbando')
UPDATE [coldescr] SET col_len = '64',col_precision = null,col_scale = null,description = null,kind = 'S',lt = {ts '2020-06-12 16:01:52.697'},lu = 'assistenza',primarykey = 'N',sql_declaration = 'varchar(64)',sql_type = 'varchar',system_type = 'System.String' WHERE colname = 'lu' AND tablename = 'registryprogfinbando'
ELSE
INSERT INTO [coldescr] (colname,tablename,col_len,col_precision,col_scale,description,kind,lt,lu,primarykey,sql_declaration,sql_type,system_type) VALUES ('lu','registryprogfinbando','64',null,null,null,'S',{ts '2020-06-12 16:01:52.697'},'assistenza','N','varchar(64)','varchar','System.String')
GO

IF exists(SELECT * FROM [coldescr] WHERE colname = 'number' AND tablename = 'registryprogfinbando')
UPDATE [coldescr] SET col_len = '2048',col_precision = null,col_scale = null,description = 'Numero',kind = 'S',lt = {ts '2020-06-12 16:02:33.583'},lu = 'assistenza',primarykey = 'N',sql_declaration = 'nvarchar(2048)',sql_type = 'nvarchar',system_type = 'System.String' WHERE colname = 'number' AND tablename = 'registryprogfinbando'
ELSE
INSERT INTO [coldescr] (colname,tablename,col_len,col_precision,col_scale,description,kind,lt,lu,primarykey,sql_declaration,sql_type,system_type) VALUES ('number','registryprogfinbando','2048',null,null,'Numero','S',{ts '2020-06-12 16:02:33.583'},'assistenza','N','nvarchar(2048)','nvarchar','System.String')
GO

IF exists(SELECT * FROM [coldescr] WHERE colname = 'scadenza' AND tablename = 'registryprogfinbando')
UPDATE [coldescr] SET col_len = '3',col_precision = null,col_scale = null,description = 'Scadenza',kind = 'S',lt = {ts '2020-06-12 16:02:33.583'},lu = 'assistenza',primarykey = 'N',sql_declaration = 'date',sql_type = 'date',system_type = 'System.DateTime' WHERE colname = 'scadenza' AND tablename = 'registryprogfinbando'
ELSE
INSERT INTO [coldescr] (colname,tablename,col_len,col_precision,col_scale,description,kind,lt,lu,primarykey,sql_declaration,sql_type,system_type) VALUES ('scadenza','registryprogfinbando','3',null,null,'Scadenza','S',{ts '2020-06-12 16:02:33.583'},'assistenza','N','date','date','System.DateTime')
GO

IF exists(SELECT * FROM [coldescr] WHERE colname = 'title' AND tablename = 'registryprogfinbando')
UPDATE [coldescr] SET col_len = '2048',col_precision = null,col_scale = null,description = 'Titolo',kind = 'S',lt = {ts '2020-06-12 16:02:33.583'},lu = 'assistenza',primarykey = 'N',sql_declaration = 'nvarchar(2048)',sql_type = 'nvarchar',system_type = 'System.String' WHERE colname = 'title' AND tablename = 'registryprogfinbando'
ELSE
INSERT INTO [coldescr] (colname,tablename,col_len,col_precision,col_scale,description,kind,lt,lu,primarykey,sql_declaration,sql_type,system_type) VALUES ('title','registryprogfinbando','2048',null,null,'Titolo','S',{ts '2020-06-12 16:02:33.583'},'assistenza','N','nvarchar(2048)','nvarchar','System.String')
GO

-- FINE GENERAZIONE SCRIPT --


-- GENERAZIONE DATI PER tabledescr --
IF exists(SELECT * FROM [tabledescr] WHERE tablename = 'registryprogfinbandoattach')
UPDATE [tabledescr] SET description = 'Allegati ai 2.7.15 bandi dei programmi di finanziamento',idapplication = '3',isdbo = 'S',lt = {ts '2021-02-19 16:17:12.027'},lu = 'assistenza',title = 'Allegati' WHERE tablename = 'registryprogfinbandoattach'
ELSE
INSERT INTO [tabledescr] (tablename,description,idapplication,isdbo,lt,lu,title) VALUES ('registryprogfinbandoattach','Allegati ai 2.7.15 bandi dei programmi di finanziamento','3','S',{ts '2021-02-19 16:17:12.027'},'assistenza','Allegati')
GO

-- FINE GENERAZIONE SCRIPT --


-- GENERAZIONE DATI PER coldescr --
IF exists(SELECT * FROM [coldescr] WHERE colname = 'ct' AND tablename = 'registryprogfinbandoattach')
UPDATE [coldescr] SET col_len = '8',col_precision = null,col_scale = null,description = null,kind = 'S',lt = {ts '2020-06-12 16:05:54.130'},lu = 'assistenza',primarykey = 'N',sql_declaration = 'datetime',sql_type = 'datetime',system_type = 'System.DateTime' WHERE colname = 'ct' AND tablename = 'registryprogfinbandoattach'
ELSE
INSERT INTO [coldescr] (colname,tablename,col_len,col_precision,col_scale,description,kind,lt,lu,primarykey,sql_declaration,sql_type,system_type) VALUES ('ct','registryprogfinbandoattach','8',null,null,null,'S',{ts '2020-06-12 16:05:54.130'},'assistenza','N','datetime','datetime','System.DateTime')
GO

IF exists(SELECT * FROM [coldescr] WHERE colname = 'cu' AND tablename = 'registryprogfinbandoattach')
UPDATE [coldescr] SET col_len = '64',col_precision = null,col_scale = null,description = null,kind = 'S',lt = {ts '2020-06-12 16:05:54.130'},lu = 'assistenza',primarykey = 'N',sql_declaration = 'varchar(64)',sql_type = 'varchar',system_type = 'System.String' WHERE colname = 'cu' AND tablename = 'registryprogfinbandoattach'
ELSE
INSERT INTO [coldescr] (colname,tablename,col_len,col_precision,col_scale,description,kind,lt,lu,primarykey,sql_declaration,sql_type,system_type) VALUES ('cu','registryprogfinbandoattach','64',null,null,null,'S',{ts '2020-06-12 16:05:54.130'},'assistenza','N','varchar(64)','varchar','System.String')
GO

IF exists(SELECT * FROM [coldescr] WHERE colname = 'idattach' AND tablename = 'registryprogfinbandoattach')
UPDATE [coldescr] SET col_len = '4',col_precision = null,col_scale = null,description = 'Allegato',kind = 'S',lt = {ts '2020-06-12 16:06:05.767'},lu = 'assistenza',primarykey = 'S',sql_declaration = 'int',sql_type = 'int',system_type = 'System.Int32' WHERE colname = 'idattach' AND tablename = 'registryprogfinbandoattach'
ELSE
INSERT INTO [coldescr] (colname,tablename,col_len,col_precision,col_scale,description,kind,lt,lu,primarykey,sql_declaration,sql_type,system_type) VALUES ('idattach','registryprogfinbandoattach','4',null,null,'Allegato','S',{ts '2020-06-12 16:06:05.767'},'assistenza','S','int','int','System.Int32')
GO

IF exists(SELECT * FROM [coldescr] WHERE colname = 'idreg' AND tablename = 'registryprogfinbandoattach')
UPDATE [coldescr] SET col_len = '4',col_precision = null,col_scale = null,description = null,kind = 'S',lt = {ts '2020-06-12 16:05:54.130'},lu = 'assistenza',primarykey = 'S',sql_declaration = 'int',sql_type = 'int',system_type = 'System.Int32' WHERE colname = 'idreg' AND tablename = 'registryprogfinbandoattach'
ELSE
INSERT INTO [coldescr] (colname,tablename,col_len,col_precision,col_scale,description,kind,lt,lu,primarykey,sql_declaration,sql_type,system_type) VALUES ('idreg','registryprogfinbandoattach','4',null,null,null,'S',{ts '2020-06-12 16:05:54.130'},'assistenza','S','int','int','System.Int32')
GO

IF exists(SELECT * FROM [coldescr] WHERE colname = 'idregistryprogfin' AND tablename = 'registryprogfinbandoattach')
UPDATE [coldescr] SET col_len = '4',col_precision = null,col_scale = null,description = null,kind = 'S',lt = {ts '2020-06-12 16:05:54.130'},lu = 'assistenza',primarykey = 'S',sql_declaration = 'int',sql_type = 'int',system_type = 'System.Int32' WHERE colname = 'idregistryprogfin' AND tablename = 'registryprogfinbandoattach'
ELSE
INSERT INTO [coldescr] (colname,tablename,col_len,col_precision,col_scale,description,kind,lt,lu,primarykey,sql_declaration,sql_type,system_type) VALUES ('idregistryprogfin','registryprogfinbandoattach','4',null,null,null,'S',{ts '2020-06-12 16:05:54.130'},'assistenza','S','int','int','System.Int32')
GO

IF exists(SELECT * FROM [coldescr] WHERE colname = 'idregistryprogfinbando' AND tablename = 'registryprogfinbandoattach')
UPDATE [coldescr] SET col_len = '4',col_precision = null,col_scale = null,description = null,kind = 'S',lt = {ts '2020-06-12 16:05:54.130'},lu = 'assistenza',primarykey = 'S',sql_declaration = 'int',sql_type = 'int',system_type = 'System.Int32' WHERE colname = 'idregistryprogfinbando' AND tablename = 'registryprogfinbandoattach'
ELSE
INSERT INTO [coldescr] (colname,tablename,col_len,col_precision,col_scale,description,kind,lt,lu,primarykey,sql_declaration,sql_type,system_type) VALUES ('idregistryprogfinbando','registryprogfinbandoattach','4',null,null,null,'S',{ts '2020-06-12 16:05:54.130'},'assistenza','S','int','int','System.Int32')
GO

IF exists(SELECT * FROM [coldescr] WHERE colname = 'lt' AND tablename = 'registryprogfinbandoattach')
UPDATE [coldescr] SET col_len = '8',col_precision = null,col_scale = null,description = null,kind = 'S',lt = {ts '2020-06-12 16:05:54.130'},lu = 'assistenza',primarykey = 'N',sql_declaration = 'datetime',sql_type = 'datetime',system_type = 'System.DateTime' WHERE colname = 'lt' AND tablename = 'registryprogfinbandoattach'
ELSE
INSERT INTO [coldescr] (colname,tablename,col_len,col_precision,col_scale,description,kind,lt,lu,primarykey,sql_declaration,sql_type,system_type) VALUES ('lt','registryprogfinbandoattach','8',null,null,null,'S',{ts '2020-06-12 16:05:54.130'},'assistenza','N','datetime','datetime','System.DateTime')
GO

IF exists(SELECT * FROM [coldescr] WHERE colname = 'lu' AND tablename = 'registryprogfinbandoattach')
UPDATE [coldescr] SET col_len = '64',col_precision = null,col_scale = null,description = null,kind = 'S',lt = {ts '2020-06-12 16:05:54.130'},lu = 'assistenza',primarykey = 'N',sql_declaration = 'varchar(64)',sql_type = 'varchar',system_type = 'System.String' WHERE colname = 'lu' AND tablename = 'registryprogfinbandoattach'
ELSE
INSERT INTO [coldescr] (colname,tablename,col_len,col_precision,col_scale,description,kind,lt,lu,primarykey,sql_declaration,sql_type,system_type) VALUES ('lu','registryprogfinbandoattach','64',null,null,null,'S',{ts '2020-06-12 16:05:54.130'},'assistenza','N','varchar(64)','varchar','System.String')
GO

IF exists(SELECT * FROM [coldescr] WHERE colname = 'title' AND tablename = 'registryprogfinbandoattach')
UPDATE [coldescr] SET col_len = '2048',col_precision = null,col_scale = null,description = 'Titolo',kind = 'S',lt = {ts '2020-11-03 15:47:52.360'},lu = 'assistenza',primarykey = 'N',sql_declaration = 'varchar(2048)',sql_type = 'varchar',system_type = 'System.String' WHERE colname = 'title' AND tablename = 'registryprogfinbandoattach'
ELSE
INSERT INTO [coldescr] (colname,tablename,col_len,col_precision,col_scale,description,kind,lt,lu,primarykey,sql_declaration,sql_type,system_type) VALUES ('title','registryprogfinbandoattach','2048',null,null,'Titolo','S',{ts '2020-11-03 15:47:52.360'},'assistenza','N','varchar(2048)','varchar','System.String')
GO

-- FINE GENERAZIONE SCRIPT --


-- GENERAZIONE DATI PER tabledescr --
IF exists(SELECT * FROM [tabledescr] WHERE tablename = 'registry_amministrativi')
UPDATE [tabledescr] SET description = '2.7.8 Personale amministrativo',idapplication = '3',isdbo = 'S',lt = {ts '2021-02-19 16:25:35.940'},lu = 'assistenza',title = 'Personale amministrativo' WHERE tablename = 'registry_amministrativi'
ELSE
INSERT INTO [tabledescr] (tablename,description,idapplication,isdbo,lt,lu,title) VALUES ('registry_amministrativi','2.7.8 Personale amministrativo','3','S',{ts '2021-02-19 16:25:35.940'},'assistenza','Personale amministrativo')
GO

-- FINE GENERAZIONE SCRIPT --


-- GENERAZIONE DATI PER coldescr --
IF exists(SELECT * FROM [coldescr] WHERE colname = 'ct' AND tablename = 'registry_amministrativi')
UPDATE [coldescr] SET col_len = '8',col_precision = null,col_scale = null,description = null,kind = 'S',lt = {ts '2020-05-25 13:44:21.310'},lu = 'assistenza',primarykey = 'N',sql_declaration = 'datetime',sql_type = 'datetime',system_type = 'System.DateTime' WHERE colname = 'ct' AND tablename = 'registry_amministrativi'
ELSE
INSERT INTO [coldescr] (colname,tablename,col_len,col_precision,col_scale,description,kind,lt,lu,primarykey,sql_declaration,sql_type,system_type) VALUES ('ct','registry_amministrativi','8',null,null,null,'S',{ts '2020-05-25 13:44:21.310'},'assistenza','N','datetime','datetime','System.DateTime')
GO

IF exists(SELECT * FROM [coldescr] WHERE colname = 'cu' AND tablename = 'registry_amministrativi')
UPDATE [coldescr] SET col_len = '64',col_precision = null,col_scale = null,description = null,kind = 'S',lt = {ts '2020-05-25 13:44:21.310'},lu = 'assistenza',primarykey = 'N',sql_declaration = 'varchar(64)',sql_type = 'varchar',system_type = 'System.String' WHERE colname = 'cu' AND tablename = 'registry_amministrativi'
ELSE
INSERT INTO [coldescr] (colname,tablename,col_len,col_precision,col_scale,description,kind,lt,lu,primarykey,sql_declaration,sql_type,system_type) VALUES ('cu','registry_amministrativi','64',null,null,null,'S',{ts '2020-05-25 13:44:21.310'},'assistenza','N','varchar(64)','varchar','System.String')
GO

IF exists(SELECT * FROM [coldescr] WHERE colname = 'cv' AND tablename = 'registry_amministrativi')
UPDATE [coldescr] SET col_len = '0',col_precision = null,col_scale = null,description = 'Curriculum vitae',kind = 'S',lt = {ts '2020-05-25 13:44:54.460'},lu = 'assistenza',primarykey = 'N',sql_declaration = 'nvarchar(max)',sql_type = 'nvarchar',system_type = 'System.String' WHERE colname = 'cv' AND tablename = 'registry_amministrativi'
ELSE
INSERT INTO [coldescr] (colname,tablename,col_len,col_precision,col_scale,description,kind,lt,lu,primarykey,sql_declaration,sql_type,system_type) VALUES ('cv','registry_amministrativi','0',null,null,'Curriculum vitae','S',{ts '2020-05-25 13:44:54.460'},'assistenza','N','nvarchar(max)','nvarchar','System.String')
GO

IF exists(SELECT * FROM [coldescr] WHERE colname = 'idcontrattokind' AND tablename = 'registry_amministrativi')
UPDATE [coldescr] SET col_len = '4',col_precision = null,col_scale = null,description = 'Tipo',kind = 'S',lt = {ts '2020-05-25 13:44:54.460'},lu = 'assistenza',primarykey = 'N',sql_declaration = 'int',sql_type = 'int',system_type = 'System.Int32' WHERE colname = 'idcontrattokind' AND tablename = 'registry_amministrativi'
ELSE
INSERT INTO [coldescr] (colname,tablename,col_len,col_precision,col_scale,description,kind,lt,lu,primarykey,sql_declaration,sql_type,system_type) VALUES ('idcontrattokind','registry_amministrativi','4',null,null,'Tipo','S',{ts '2020-05-25 13:44:54.460'},'assistenza','N','int','int','System.Int32')
GO

IF exists(SELECT * FROM [coldescr] WHERE colname = 'idreg' AND tablename = 'registry_amministrativi')
UPDATE [coldescr] SET col_len = '4',col_precision = null,col_scale = null,description = null,kind = 'S',lt = {ts '2020-05-25 13:44:21.310'},lu = 'assistenza',primarykey = 'S',sql_declaration = 'int',sql_type = 'int',system_type = 'System.Int32' WHERE colname = 'idreg' AND tablename = 'registry_amministrativi'
ELSE
INSERT INTO [coldescr] (colname,tablename,col_len,col_precision,col_scale,description,kind,lt,lu,primarykey,sql_declaration,sql_type,system_type) VALUES ('idreg','registry_amministrativi','4',null,null,null,'S',{ts '2020-05-25 13:44:21.310'},'assistenza','S','int','int','System.Int32')
GO

IF exists(SELECT * FROM [coldescr] WHERE colname = 'lt' AND tablename = 'registry_amministrativi')
UPDATE [coldescr] SET col_len = '8',col_precision = null,col_scale = null,description = null,kind = 'S',lt = {ts '2020-05-25 13:44:21.310'},lu = 'assistenza',primarykey = 'N',sql_declaration = 'datetime',sql_type = 'datetime',system_type = 'System.DateTime' WHERE colname = 'lt' AND tablename = 'registry_amministrativi'
ELSE
INSERT INTO [coldescr] (colname,tablename,col_len,col_precision,col_scale,description,kind,lt,lu,primarykey,sql_declaration,sql_type,system_type) VALUES ('lt','registry_amministrativi','8',null,null,null,'S',{ts '2020-05-25 13:44:21.310'},'assistenza','N','datetime','datetime','System.DateTime')
GO

IF exists(SELECT * FROM [coldescr] WHERE colname = 'lu' AND tablename = 'registry_amministrativi')
UPDATE [coldescr] SET col_len = '64',col_precision = null,col_scale = null,description = null,kind = 'S',lt = {ts '2020-05-25 13:44:21.310'},lu = 'assistenza',primarykey = 'N',sql_declaration = 'varchar(64)',sql_type = 'varchar',system_type = 'System.String' WHERE colname = 'lu' AND tablename = 'registry_amministrativi'
ELSE
INSERT INTO [coldescr] (colname,tablename,col_len,col_precision,col_scale,description,kind,lt,lu,primarykey,sql_declaration,sql_type,system_type) VALUES ('lu','registry_amministrativi','64',null,null,null,'S',{ts '2020-05-25 13:44:21.310'},'assistenza','N','varchar(64)','varchar','System.String')
GO

-- FINE GENERAZIONE SCRIPT --


-- GENERAZIONE DATI PER tabledescr --
IF exists(SELECT * FROM [tabledescr] WHERE tablename = 'registry_aziende')
UPDATE [tabledescr] SET description = '2.4.34 2.5.19  Enti e Aziende',idapplication = '3',isdbo = 'S',lt = {ts '2021-02-19 16:03:20.957'},lu = 'assistenza',title = 'Enti e Aziende' WHERE tablename = 'registry_aziende'
ELSE
INSERT INTO [tabledescr] (tablename,description,idapplication,isdbo,lt,lu,title) VALUES ('registry_aziende','2.4.34 2.5.19  Enti e Aziende','3','S',{ts '2021-02-19 16:03:20.957'},'assistenza','Enti e Aziende')
GO

-- FINE GENERAZIONE SCRIPT --


-- GENERAZIONE DATI PER coldescr --
IF exists(SELECT * FROM [coldescr] WHERE colname = 'ct' AND tablename = 'registry_aziende')
UPDATE [coldescr] SET col_len = '8',col_precision = null,col_scale = null,description = null,kind = 'S',lt = {ts '2018-07-17 17:22:01.493'},lu = 'assistenza',primarykey = 'N',sql_declaration = 'datetime',sql_type = 'datetime',system_type = 'System.DateTime' WHERE colname = 'ct' AND tablename = 'registry_aziende'
ELSE
INSERT INTO [coldescr] (colname,tablename,col_len,col_precision,col_scale,description,kind,lt,lu,primarykey,sql_declaration,sql_type,system_type) VALUES ('ct','registry_aziende','8',null,null,null,'S',{ts '2018-07-17 17:22:01.493'},'assistenza','N','datetime','datetime','System.DateTime')
GO

IF exists(SELECT * FROM [coldescr] WHERE colname = 'cu' AND tablename = 'registry_aziende')
UPDATE [coldescr] SET col_len = '64',col_precision = null,col_scale = null,description = null,kind = 'S',lt = {ts '2018-07-17 17:22:01.493'},lu = 'assistenza',primarykey = 'N',sql_declaration = 'varchar(64)',sql_type = 'varchar',system_type = 'System.String' WHERE colname = 'cu' AND tablename = 'registry_aziende'
ELSE
INSERT INTO [coldescr] (colname,tablename,col_len,col_precision,col_scale,description,kind,lt,lu,primarykey,sql_declaration,sql_type,system_type) VALUES ('cu','registry_aziende','64',null,null,null,'S',{ts '2018-07-17 17:22:01.493'},'assistenza','N','varchar(64)','varchar','System.String')
GO

IF exists(SELECT * FROM [coldescr] WHERE colname = 'description' AND tablename = 'registry_aziende')
UPDATE [coldescr] SET col_len = '0',col_precision = null,col_scale = null,description = 'Descrizione',kind = 'S',lt = {ts '2018-11-26 12:48:13.000'},lu = 'Ferdinando',primarykey = 'N',sql_declaration = 'nvarchar(max)',sql_type = 'nvarchar',system_type = 'System.String' WHERE colname = 'description' AND tablename = 'registry_aziende'
ELSE
INSERT INTO [coldescr] (colname,tablename,col_len,col_precision,col_scale,description,kind,lt,lu,primarykey,sql_declaration,sql_type,system_type) VALUES ('description','registry_aziende','0',null,null,'Descrizione','S',{ts '2018-11-26 12:48:13.000'},'Ferdinando','N','nvarchar(max)','nvarchar','System.String')
GO

IF exists(SELECT * FROM [coldescr] WHERE colname = 'description_en' AND tablename = 'registry_aziende')
UPDATE [coldescr] SET col_len = '0',col_precision = null,col_scale = null,description = 'Descrizione (ENG)',kind = 'S',lt = {ts '2018-11-26 12:48:13.000'},lu = 'Ferdinando',primarykey = 'N',sql_declaration = 'nvarchar(max)',sql_type = 'nvarchar',system_type = 'System.String' WHERE colname = 'description_en' AND tablename = 'registry_aziende'
ELSE
INSERT INTO [coldescr] (colname,tablename,col_len,col_precision,col_scale,description,kind,lt,lu,primarykey,sql_declaration,sql_type,system_type) VALUES ('description_en','registry_aziende','0',null,null,'Descrizione (ENG)','S',{ts '2018-11-26 12:48:13.000'},'Ferdinando','N','nvarchar(max)','nvarchar','System.String')
GO

IF exists(SELECT * FROM [coldescr] WHERE colname = 'idateco' AND tablename = 'registry_aziende')
UPDATE [coldescr] SET col_len = '4',col_precision = null,col_scale = null,description = 'Classificazione Ateco',kind = 'S',lt = {ts '2018-12-05 17:05:15.717'},lu = 'assistenza',primarykey = 'N',sql_declaration = 'int',sql_type = 'int',system_type = 'System.Int32' WHERE colname = 'idateco' AND tablename = 'registry_aziende'
ELSE
INSERT INTO [coldescr] (colname,tablename,col_len,col_precision,col_scale,description,kind,lt,lu,primarykey,sql_declaration,sql_type,system_type) VALUES ('idateco','registry_aziende','4',null,null,'Classificazione Ateco','S',{ts '2018-12-05 17:05:15.717'},'assistenza','N','int','int','System.Int32')
GO

IF exists(SELECT * FROM [coldescr] WHERE colname = 'idnace' AND tablename = 'registry_aziende')
UPDATE [coldescr] SET col_len = '50',col_precision = null,col_scale = null,description = 'NACE',kind = 'S',lt = {ts '2020-11-04 17:59:36.110'},lu = 'assistenza',primarykey = 'N',sql_declaration = 'nvarchar(50)',sql_type = 'nvarchar',system_type = 'System.String' WHERE colname = 'idnace' AND tablename = 'registry_aziende'
ELSE
INSERT INTO [coldescr] (colname,tablename,col_len,col_precision,col_scale,description,kind,lt,lu,primarykey,sql_declaration,sql_type,system_type) VALUES ('idnace','registry_aziende','50',null,null,'NACE','S',{ts '2020-11-04 17:59:36.110'},'assistenza','N','nvarchar(50)','nvarchar','System.String')
GO

IF exists(SELECT * FROM [coldescr] WHERE colname = 'idnaturagiur' AND tablename = 'registry_aziende')
UPDATE [coldescr] SET col_len = '4',col_precision = null,col_scale = null,description = 'Natura Giuridica',kind = 'S',lt = {ts '2018-12-05 17:05:15.717'},lu = 'assistenza',primarykey = 'N',sql_declaration = 'int',sql_type = 'int',system_type = 'System.Int32' WHERE colname = 'idnaturagiur' AND tablename = 'registry_aziende'
ELSE
INSERT INTO [coldescr] (colname,tablename,col_len,col_precision,col_scale,description,kind,lt,lu,primarykey,sql_declaration,sql_type,system_type) VALUES ('idnaturagiur','registry_aziende','4',null,null,'Natura Giuridica','S',{ts '2018-12-05 17:05:15.717'},'assistenza','N','int','int','System.Int32')
GO

IF exists(SELECT * FROM [coldescr] WHERE colname = 'idnumerodip' AND tablename = 'registry_aziende')
UPDATE [coldescr] SET col_len = '4',col_precision = null,col_scale = null,description = 'Numero di dipendenti',kind = 'S',lt = {ts '2018-12-05 17:05:15.717'},lu = 'assistenza',primarykey = 'N',sql_declaration = 'int',sql_type = 'int',system_type = 'System.Int32' WHERE colname = 'idnumerodip' AND tablename = 'registry_aziende'
ELSE
INSERT INTO [coldescr] (colname,tablename,col_len,col_precision,col_scale,description,kind,lt,lu,primarykey,sql_declaration,sql_type,system_type) VALUES ('idnumerodip','registry_aziende','4',null,null,'Numero di dipendenti','S',{ts '2018-12-05 17:05:15.717'},'assistenza','N','int','int','System.Int32')
GO

IF exists(SELECT * FROM [coldescr] WHERE colname = 'idreg' AND tablename = 'registry_aziende')
UPDATE [coldescr] SET col_len = '4',col_precision = null,col_scale = null,description = 'Codice',kind = 'S',lt = {ts '2018-11-26 17:21:21.000'},lu = 'Ferdinando',primarykey = 'S',sql_declaration = 'int',sql_type = 'int',system_type = 'System.Int32' WHERE colname = 'idreg' AND tablename = 'registry_aziende'
ELSE
INSERT INTO [coldescr] (colname,tablename,col_len,col_precision,col_scale,description,kind,lt,lu,primarykey,sql_declaration,sql_type,system_type) VALUES ('idreg','registry_aziende','4',null,null,'Codice','S',{ts '2018-11-26 17:21:21.000'},'Ferdinando','S','int','int','System.Int32')
GO

IF exists(SELECT * FROM [coldescr] WHERE colname = 'lt' AND tablename = 'registry_aziende')
UPDATE [coldescr] SET col_len = '8',col_precision = null,col_scale = null,description = null,kind = 'S',lt = {ts '2018-07-17 17:22:01.493'},lu = 'assistenza',primarykey = 'N',sql_declaration = 'datetime',sql_type = 'datetime',system_type = 'System.DateTime' WHERE colname = 'lt' AND tablename = 'registry_aziende'
ELSE
INSERT INTO [coldescr] (colname,tablename,col_len,col_precision,col_scale,description,kind,lt,lu,primarykey,sql_declaration,sql_type,system_type) VALUES ('lt','registry_aziende','8',null,null,null,'S',{ts '2018-07-17 17:22:01.493'},'assistenza','N','datetime','datetime','System.DateTime')
GO

IF exists(SELECT * FROM [coldescr] WHERE colname = 'lu' AND tablename = 'registry_aziende')
UPDATE [coldescr] SET col_len = '64',col_precision = null,col_scale = null,description = null,kind = 'S',lt = {ts '2018-07-17 17:22:01.493'},lu = 'assistenza',primarykey = 'N',sql_declaration = 'varchar(64)',sql_type = 'varchar',system_type = 'System.String' WHERE colname = 'lu' AND tablename = 'registry_aziende'
ELSE
INSERT INTO [coldescr] (colname,tablename,col_len,col_precision,col_scale,description,kind,lt,lu,primarykey,sql_declaration,sql_type,system_type) VALUES ('lu','registry_aziende','64',null,null,null,'S',{ts '2018-07-17 17:22:01.493'},'assistenza','N','varchar(64)','varchar','System.String')
GO

IF exists(SELECT * FROM [coldescr] WHERE colname = 'pic' AND tablename = 'registry_aziende')
UPDATE [coldescr] SET col_len = '10',col_precision = null,col_scale = null,description = 'Participant Identification Code (PIC)',kind = 'S',lt = {ts '2020-11-03 16:05:51.590'},lu = 'assistenza',primarykey = 'N',sql_declaration = 'varchar(10)',sql_type = 'varchar',system_type = 'System.String' WHERE colname = 'pic' AND tablename = 'registry_aziende'
ELSE
INSERT INTO [coldescr] (colname,tablename,col_len,col_precision,col_scale,description,kind,lt,lu,primarykey,sql_declaration,sql_type,system_type) VALUES ('pic','registry_aziende','10',null,null,'Participant Identification Code (PIC)','S',{ts '2020-11-03 16:05:51.590'},'assistenza','N','varchar(10)','varchar','System.String')
GO

IF exists(SELECT * FROM [coldescr] WHERE colname = 'title_en' AND tablename = 'registry_aziende')
UPDATE [coldescr] SET col_len = '150',col_precision = null,col_scale = null,description = 'Denominazione (ENG)',kind = 'S',lt = {ts '2018-11-26 12:48:13.000'},lu = 'Ferdinando',primarykey = 'N',sql_declaration = 'varchar(150)',sql_type = 'varchar',system_type = 'System.String' WHERE colname = 'title_en' AND tablename = 'registry_aziende'
ELSE
INSERT INTO [coldescr] (colname,tablename,col_len,col_precision,col_scale,description,kind,lt,lu,primarykey,sql_declaration,sql_type,system_type) VALUES ('title_en','registry_aziende','150',null,null,'Denominazione (ENG)','S',{ts '2018-11-26 12:48:13.000'},'Ferdinando','N','varchar(150)','varchar','System.String')
GO

IF exists(SELECT * FROM [coldescr] WHERE colname = 'txt_en' AND tablename = 'registry_aziende')
UPDATE [coldescr] SET col_len = '0',col_precision = null,col_scale = null,description = null,kind = 'S',lt = {ts '2018-12-05 17:03:50.877'},lu = 'assistenza',primarykey = 'N',sql_declaration = 'nvarchar(max)',sql_type = 'nvarchar',system_type = 'System.String' WHERE colname = 'txt_en' AND tablename = 'registry_aziende'
ELSE
INSERT INTO [coldescr] (colname,tablename,col_len,col_precision,col_scale,description,kind,lt,lu,primarykey,sql_declaration,sql_type,system_type) VALUES ('txt_en','registry_aziende','0',null,null,null,'S',{ts '2018-12-05 17:03:50.877'},'assistenza','N','nvarchar(max)','nvarchar','System.String')
GO

-- FINE GENERAZIONE SCRIPT --


-- GENERAZIONE DATI PER relation --
IF exists(SELECT * FROM [relation] WHERE idrelation = '3213')
UPDATE [relation] SET childtable = 'registry_aziende',description = 'Campi comni alle aagrafiche di persone fisiche e giuridiche ',lt = {ts '2018-07-17 17:22:01.170'},lu = 'assistenza',parenttable = 'registry',title = null WHERE idrelation = '3213'
ELSE
INSERT INTO [relation] (idrelation,childtable,description,lt,lu,parenttable,title) VALUES ('3213','registry_aziende','Campi comni alle aagrafiche di persone fisiche e giuridiche ',{ts '2018-07-17 17:22:01.170'},'assistenza','registry',null)
GO

-- FINE GENERAZIONE SCRIPT --


-- GENERAZIONE DATI PER tabledescr --
IF exists(SELECT * FROM [tabledescr] WHERE tablename = 'registry_docenti')
UPDATE [tabledescr] SET description = '2.4.20 docenti',idapplication = '3',isdbo = 'S',lt = {ts '2021-02-19 10:33:23.860'},lu = 'assistenza',title = 'Docenti' WHERE tablename = 'registry_docenti'
ELSE
INSERT INTO [tabledescr] (tablename,description,idapplication,isdbo,lt,lu,title) VALUES ('registry_docenti','2.4.20 docenti','3','S',{ts '2021-02-19 10:33:23.860'},'assistenza','Docenti')
GO

-- FINE GENERAZIONE SCRIPT --


-- GENERAZIONE DATI PER coldescr --
IF exists(SELECT * FROM [coldescr] WHERE colname = 'ct' AND tablename = 'registry_docenti')
UPDATE [coldescr] SET col_len = '8',col_precision = null,col_scale = null,description = null,kind = 'S',lt = {ts '2018-07-17 16:12:08.277'},lu = 'assistenza',primarykey = 'N',sql_declaration = 'datetime',sql_type = 'datetime',system_type = 'System.DateTime' WHERE colname = 'ct' AND tablename = 'registry_docenti'
ELSE
INSERT INTO [coldescr] (colname,tablename,col_len,col_precision,col_scale,description,kind,lt,lu,primarykey,sql_declaration,sql_type,system_type) VALUES ('ct','registry_docenti','8',null,null,null,'S',{ts '2018-07-17 16:12:08.277'},'assistenza','N','datetime','datetime','System.DateTime')
GO

IF exists(SELECT * FROM [coldescr] WHERE colname = 'cu' AND tablename = 'registry_docenti')
UPDATE [coldescr] SET col_len = '64',col_precision = null,col_scale = null,description = null,kind = 'S',lt = {ts '2018-07-17 16:12:08.277'},lu = 'assistenza',primarykey = 'N',sql_declaration = 'varchar(64)',sql_type = 'varchar',system_type = 'System.String' WHERE colname = 'cu' AND tablename = 'registry_docenti'
ELSE
INSERT INTO [coldescr] (colname,tablename,col_len,col_precision,col_scale,description,kind,lt,lu,primarykey,sql_declaration,sql_type,system_type) VALUES ('cu','registry_docenti','64',null,null,null,'S',{ts '2018-07-17 16:12:08.277'},'assistenza','N','varchar(64)','varchar','System.String')
GO

IF exists(SELECT * FROM [coldescr] WHERE colname = 'cv' AND tablename = 'registry_docenti')
UPDATE [coldescr] SET col_len = '0',col_precision = null,col_scale = null,description = 'Curriculum Vitae',kind = 'S',lt = {ts '2018-11-27 13:37:14.000'},lu = 'Ferdinando',primarykey = 'N',sql_declaration = 'nvarchar(max)',sql_type = 'nvarchar',system_type = 'System.String' WHERE colname = 'cv' AND tablename = 'registry_docenti'
ELSE
INSERT INTO [coldescr] (colname,tablename,col_len,col_precision,col_scale,description,kind,lt,lu,primarykey,sql_declaration,sql_type,system_type) VALUES ('cv','registry_docenti','0',null,null,'Curriculum Vitae','S',{ts '2018-11-27 13:37:14.000'},'Ferdinando','N','nvarchar(max)','nvarchar','System.String')
GO

IF exists(SELECT * FROM [coldescr] WHERE colname = 'idclassconsorsuale' AND tablename = 'registry_docenti')
UPDATE [coldescr] SET col_len = '4',col_precision = null,col_scale = null,description = 'Classe consorsuale',kind = 'S',lt = {ts '2018-11-27 13:17:34.000'},lu = 'Ferdinando',primarykey = 'N',sql_declaration = 'int',sql_type = 'int',system_type = 'System.Int32' WHERE colname = 'idclassconsorsuale' AND tablename = 'registry_docenti'
ELSE
INSERT INTO [coldescr] (colname,tablename,col_len,col_precision,col_scale,description,kind,lt,lu,primarykey,sql_declaration,sql_type,system_type) VALUES ('idclassconsorsuale','registry_docenti','4',null,null,'Classe consorsuale','S',{ts '2018-11-27 13:17:34.000'},'Ferdinando','N','int','int','System.Int32')
GO

IF exists(SELECT * FROM [coldescr] WHERE colname = 'idcontrattokind' AND tablename = 'registry_docenti')
UPDATE [coldescr] SET col_len = '4',col_precision = null,col_scale = null,description = 'Tipo',kind = 'S',lt = {ts '2020-05-26 17:44:20.453'},lu = 'assistenza',primarykey = 'N',sql_declaration = 'int',sql_type = 'int',system_type = 'System.Int32' WHERE colname = 'idcontrattokind' AND tablename = 'registry_docenti'
ELSE
INSERT INTO [coldescr] (colname,tablename,col_len,col_precision,col_scale,description,kind,lt,lu,primarykey,sql_declaration,sql_type,system_type) VALUES ('idcontrattokind','registry_docenti','4',null,null,'Tipo','S',{ts '2020-05-26 17:44:20.453'},'assistenza','N','int','int','System.Int32')
GO

IF exists(SELECT * FROM [coldescr] WHERE colname = 'idfonteindicebibliometrico' AND tablename = 'registry_docenti')
UPDATE [coldescr] SET col_len = '4',col_precision = null,col_scale = null,description = 'Fonte',kind = 'S',lt = {ts '2020-05-25 13:46:28.367'},lu = 'assistenza',primarykey = 'N',sql_declaration = 'int',sql_type = 'int',system_type = 'System.Int32' WHERE colname = 'idfonteindicebibliometrico' AND tablename = 'registry_docenti'
ELSE
INSERT INTO [coldescr] (colname,tablename,col_len,col_precision,col_scale,description,kind,lt,lu,primarykey,sql_declaration,sql_type,system_type) VALUES ('idfonteindicebibliometrico','registry_docenti','4',null,null,'Fonte','S',{ts '2020-05-25 13:46:28.367'},'assistenza','N','int','int','System.Int32')
GO

IF exists(SELECT * FROM [coldescr] WHERE colname = 'idreg' AND tablename = 'registry_docenti')
UPDATE [coldescr] SET col_len = '4',col_precision = null,col_scale = null,description = 'Codice Istituto',kind = 'S',lt = {ts '2018-11-27 13:17:34.000'},lu = 'Ferdinando',primarykey = 'S',sql_declaration = 'int',sql_type = 'int',system_type = 'System.Int32' WHERE colname = 'idreg' AND tablename = 'registry_docenti'
ELSE
INSERT INTO [coldescr] (colname,tablename,col_len,col_precision,col_scale,description,kind,lt,lu,primarykey,sql_declaration,sql_type,system_type) VALUES ('idreg','registry_docenti','4',null,null,'Codice Istituto','S',{ts '2018-11-27 13:17:34.000'},'Ferdinando','S','int','int','System.Int32')
GO

IF exists(SELECT * FROM [coldescr] WHERE colname = 'idreg_istituti' AND tablename = 'registry_docenti')
UPDATE [coldescr] SET col_len = '4',col_precision = null,col_scale = null,description = 'Istituto, Ente o Azienda',kind = 'S',lt = {ts '2019-02-15 17:21:00.613'},lu = 'assistenza',primarykey = 'N',sql_declaration = 'int',sql_type = 'int',system_type = 'System.Int32' WHERE colname = 'idreg_istituti' AND tablename = 'registry_docenti'
ELSE
INSERT INTO [coldescr] (colname,tablename,col_len,col_precision,col_scale,description,kind,lt,lu,primarykey,sql_declaration,sql_type,system_type) VALUES ('idreg_istituti','registry_docenti','4',null,null,'Istituto, Ente o Azienda','S',{ts '2019-02-15 17:21:00.613'},'assistenza','N','int','int','System.Int32')
GO

IF exists(SELECT * FROM [coldescr] WHERE colname = 'idsasd' AND tablename = 'registry_docenti')
UPDATE [coldescr] SET col_len = '4',col_precision = null,col_scale = null,description = 'SASD',kind = 'S',lt = {ts '2018-11-27 13:17:34.000'},lu = 'Ferdinando',primarykey = 'N',sql_declaration = 'int',sql_type = 'int',system_type = 'System.Int32' WHERE colname = 'idsasd' AND tablename = 'registry_docenti'
ELSE
INSERT INTO [coldescr] (colname,tablename,col_len,col_precision,col_scale,description,kind,lt,lu,primarykey,sql_declaration,sql_type,system_type) VALUES ('idsasd','registry_docenti','4',null,null,'SASD','S',{ts '2018-11-27 13:17:34.000'},'Ferdinando','N','int','int','System.Int32')
GO

IF exists(SELECT * FROM [coldescr] WHERE colname = 'idstruttura' AND tablename = 'registry_docenti')
UPDATE [coldescr] SET col_len = '4',col_precision = null,col_scale = null,description = 'Struttura di afferenza',kind = 'S',lt = {ts '2019-09-09 18:32:55.953'},lu = 'assistenza',primarykey = 'N',sql_declaration = 'int',sql_type = 'int',system_type = 'System.Int32' WHERE colname = 'idstruttura' AND tablename = 'registry_docenti'
ELSE
INSERT INTO [coldescr] (colname,tablename,col_len,col_precision,col_scale,description,kind,lt,lu,primarykey,sql_declaration,sql_type,system_type) VALUES ('idstruttura','registry_docenti','4',null,null,'Struttura di afferenza','S',{ts '2019-09-09 18:32:55.953'},'assistenza','N','int','int','System.Int32')
GO

IF exists(SELECT * FROM [coldescr] WHERE colname = 'indicebibliometrico' AND tablename = 'registry_docenti')
UPDATE [coldescr] SET col_len = '4',col_precision = null,col_scale = null,description = 'Indice bibliometrico (H-Index)',kind = 'S',lt = {ts '2020-05-25 13:46:28.367'},lu = 'assistenza',primarykey = 'N',sql_declaration = 'int',sql_type = 'int',system_type = 'System.Int32' WHERE colname = 'indicebibliometrico' AND tablename = 'registry_docenti'
ELSE
INSERT INTO [coldescr] (colname,tablename,col_len,col_precision,col_scale,description,kind,lt,lu,primarykey,sql_declaration,sql_type,system_type) VALUES ('indicebibliometrico','registry_docenti','4',null,null,'Indice bibliometrico (H-Index)','S',{ts '2020-05-25 13:46:28.367'},'assistenza','N','int','int','System.Int32')
GO

IF exists(SELECT * FROM [coldescr] WHERE colname = 'lt' AND tablename = 'registry_docenti')
UPDATE [coldescr] SET col_len = '8',col_precision = null,col_scale = null,description = null,kind = 'S',lt = {ts '2018-07-17 16:12:08.277'},lu = 'assistenza',primarykey = 'N',sql_declaration = 'datetime',sql_type = 'datetime',system_type = 'System.DateTime' WHERE colname = 'lt' AND tablename = 'registry_docenti'
ELSE
INSERT INTO [coldescr] (colname,tablename,col_len,col_precision,col_scale,description,kind,lt,lu,primarykey,sql_declaration,sql_type,system_type) VALUES ('lt','registry_docenti','8',null,null,null,'S',{ts '2018-07-17 16:12:08.277'},'assistenza','N','datetime','datetime','System.DateTime')
GO

IF exists(SELECT * FROM [coldescr] WHERE colname = 'lu' AND tablename = 'registry_docenti')
UPDATE [coldescr] SET col_len = '64',col_precision = null,col_scale = null,description = null,kind = 'S',lt = {ts '2018-07-17 16:12:08.277'},lu = 'assistenza',primarykey = 'N',sql_declaration = 'varchar(64)',sql_type = 'varchar',system_type = 'System.String' WHERE colname = 'lu' AND tablename = 'registry_docenti'
ELSE
INSERT INTO [coldescr] (colname,tablename,col_len,col_precision,col_scale,description,kind,lt,lu,primarykey,sql_declaration,sql_type,system_type) VALUES ('lu','registry_docenti','64',null,null,null,'S',{ts '2018-07-17 16:12:08.277'},'assistenza','N','varchar(64)','varchar','System.String')
GO

IF exists(SELECT * FROM [coldescr] WHERE colname = 'matricola' AND tablename = 'registry_docenti')
UPDATE [coldescr] SET col_len = '50',col_precision = null,col_scale = null,description = 'Matricola',kind = 'S',lt = {ts '2018-11-27 13:17:34.000'},lu = 'Ferdinando',primarykey = 'N',sql_declaration = 'varchar(50)',sql_type = 'varchar',system_type = 'System.String' WHERE colname = 'matricola' AND tablename = 'registry_docenti'
ELSE
INSERT INTO [coldescr] (colname,tablename,col_len,col_precision,col_scale,description,kind,lt,lu,primarykey,sql_declaration,sql_type,system_type) VALUES ('matricola','registry_docenti','50',null,null,'Matricola','S',{ts '2018-11-27 13:17:34.000'},'Ferdinando','N','varchar(50)','varchar','System.String')
GO

IF exists(SELECT * FROM [coldescr] WHERE colname = 'ricevimento' AND tablename = 'registry_docenti')
UPDATE [coldescr] SET col_len = '0',col_precision = null,col_scale = null,description = 'Orari di ricevimento',kind = 'S',lt = {ts '2018-11-27 13:28:30.000'},lu = 'Ferdinando',primarykey = 'N',sql_declaration = 'nvarchar(max)',sql_type = 'nvarchar',system_type = 'System.String' WHERE colname = 'ricevimento' AND tablename = 'registry_docenti'
ELSE
INSERT INTO [coldescr] (colname,tablename,col_len,col_precision,col_scale,description,kind,lt,lu,primarykey,sql_declaration,sql_type,system_type) VALUES ('ricevimento','registry_docenti','0',null,null,'Orari di ricevimento','S',{ts '2018-11-27 13:28:30.000'},'Ferdinando','N','nvarchar(max)','nvarchar','System.String')
GO

IF exists(SELECT * FROM [coldescr] WHERE colname = 'soggiorno' AND tablename = 'registry_docenti')
UPDATE [coldescr] SET col_len = '255',col_precision = null,col_scale = null,description = 'Permesso di soggiorno',kind = 'S',lt = {ts '2018-11-27 13:17:34.000'},lu = 'Ferdinando',primarykey = 'N',sql_declaration = 'varchar(255)',sql_type = 'varchar',system_type = 'System.String' WHERE colname = 'soggiorno' AND tablename = 'registry_docenti'
ELSE
INSERT INTO [coldescr] (colname,tablename,col_len,col_precision,col_scale,description,kind,lt,lu,primarykey,sql_declaration,sql_type,system_type) VALUES ('soggiorno','registry_docenti','255',null,null,'Permesso di soggiorno','S',{ts '2018-11-27 13:17:34.000'},'Ferdinando','N','varchar(255)','varchar','System.String')
GO

-- FINE GENERAZIONE SCRIPT --


-- GENERAZIONE DATI PER tabledescr --
IF exists(SELECT * FROM [tabledescr] WHERE tablename = 'registry_istituti')
UPDATE [tabledescr] SET description = null,idapplication = '3',isdbo = 'S',lt = {ts '2021-02-19 15:49:32.603'},lu = 'assistenza',title = 'Istituti' WHERE tablename = 'registry_istituti'
ELSE
INSERT INTO [tabledescr] (tablename,description,idapplication,isdbo,lt,lu,title) VALUES ('registry_istituti',null,'3','S',{ts '2021-02-19 15:49:32.603'},'assistenza','Istituti')
GO

-- FINE GENERAZIONE SCRIPT --


-- GENERAZIONE DATI PER coldescr --
IF exists(SELECT * FROM [coldescr] WHERE colname = 'codicemiur' AND tablename = 'registry_istituti')
UPDATE [coldescr] SET col_len = '50',col_precision = null,col_scale = null,description = 'Codice MIUR',kind = 'S',lt = {ts '2018-12-05 17:21:56.627'},lu = 'assistenza',primarykey = 'N',sql_declaration = 'varchar(50)',sql_type = 'varchar',system_type = 'System.String' WHERE colname = 'codicemiur' AND tablename = 'registry_istituti'
ELSE
INSERT INTO [coldescr] (colname,tablename,col_len,col_precision,col_scale,description,kind,lt,lu,primarykey,sql_declaration,sql_type,system_type) VALUES ('codicemiur','registry_istituti','50',null,null,'Codice MIUR','S',{ts '2018-12-05 17:21:56.627'},'assistenza','N','varchar(50)','varchar','System.String')
GO

IF exists(SELECT * FROM [coldescr] WHERE colname = 'codiceustat' AND tablename = 'registry_istituti')
UPDATE [coldescr] SET col_len = '50',col_precision = null,col_scale = null,description = 'Codice USTAT',kind = 'S',lt = {ts '2018-12-05 17:21:56.627'},lu = 'assistenza',primarykey = 'N',sql_declaration = 'varchar(50)',sql_type = 'varchar',system_type = 'System.String' WHERE colname = 'codiceustat' AND tablename = 'registry_istituti'
ELSE
INSERT INTO [coldescr] (colname,tablename,col_len,col_precision,col_scale,description,kind,lt,lu,primarykey,sql_declaration,sql_type,system_type) VALUES ('codiceustat','registry_istituti','50',null,null,'Codice USTAT','S',{ts '2018-12-05 17:21:56.627'},'assistenza','N','varchar(50)','varchar','System.String')
GO

IF exists(SELECT * FROM [coldescr] WHERE colname = 'comune' AND tablename = 'registry_istituti')
UPDATE [coldescr] SET col_len = '64',col_precision = null,col_scale = null,description = 'Comune',kind = 'S',lt = {ts '2018-12-05 17:21:56.627'},lu = 'assistenza',primarykey = 'N',sql_declaration = 'varchar(64)',sql_type = 'varchar',system_type = 'System.String' WHERE colname = 'comune' AND tablename = 'registry_istituti'
ELSE
INSERT INTO [coldescr] (colname,tablename,col_len,col_precision,col_scale,description,kind,lt,lu,primarykey,sql_declaration,sql_type,system_type) VALUES ('comune','registry_istituti','64',null,null,'Comune','S',{ts '2018-12-05 17:21:56.627'},'assistenza','N','varchar(64)','varchar','System.String')
GO

IF exists(SELECT * FROM [coldescr] WHERE colname = 'ct' AND tablename = 'registry_istituti')
UPDATE [coldescr] SET col_len = '8',col_precision = null,col_scale = null,description = null,kind = 'S',lt = {ts '2018-12-05 17:21:56.627'},lu = 'assistenza',primarykey = 'N',sql_declaration = 'datetime',sql_type = 'datetime',system_type = 'System.DateTime' WHERE colname = 'ct' AND tablename = 'registry_istituti'
ELSE
INSERT INTO [coldescr] (colname,tablename,col_len,col_precision,col_scale,description,kind,lt,lu,primarykey,sql_declaration,sql_type,system_type) VALUES ('ct','registry_istituti','8',null,null,null,'S',{ts '2018-12-05 17:21:56.627'},'assistenza','N','datetime','datetime','System.DateTime')
GO

IF exists(SELECT * FROM [coldescr] WHERE colname = 'cu' AND tablename = 'registry_istituti')
UPDATE [coldescr] SET col_len = '64',col_precision = null,col_scale = null,description = null,kind = 'S',lt = {ts '2018-12-05 17:21:56.627'},lu = 'assistenza',primarykey = 'N',sql_declaration = 'varchar(64)',sql_type = 'varchar',system_type = 'System.String' WHERE colname = 'cu' AND tablename = 'registry_istituti'
ELSE
INSERT INTO [coldescr] (colname,tablename,col_len,col_precision,col_scale,description,kind,lt,lu,primarykey,sql_declaration,sql_type,system_type) VALUES ('cu','registry_istituti','64',null,null,null,'S',{ts '2018-12-05 17:21:56.627'},'assistenza','N','varchar(64)','varchar','System.String')
GO

IF exists(SELECT * FROM [coldescr] WHERE colname = 'idistitutokind' AND tablename = 'registry_istituti')
UPDATE [coldescr] SET col_len = '4',col_precision = null,col_scale = null,description = 'Tipologia',kind = 'S',lt = {ts '2018-12-05 17:22:18.527'},lu = 'assistenza',primarykey = 'N',sql_declaration = 'int',sql_type = 'int',system_type = 'System.Int32' WHERE colname = 'idistitutokind' AND tablename = 'registry_istituti'
ELSE
INSERT INTO [coldescr] (colname,tablename,col_len,col_precision,col_scale,description,kind,lt,lu,primarykey,sql_declaration,sql_type,system_type) VALUES ('idistitutokind','registry_istituti','4',null,null,'Tipologia','S',{ts '2018-12-05 17:22:18.527'},'assistenza','N','int','int','System.Int32')
GO

IF exists(SELECT * FROM [coldescr] WHERE colname = 'idistitutoustat' AND tablename = 'registry_istituti')
UPDATE [coldescr] SET col_len = '4',col_precision = null,col_scale = null,description = 'Codice USTAT',kind = 'S',lt = {ts '2018-12-05 17:21:56.627'},lu = 'assistenza',primarykey = 'N',sql_declaration = 'int',sql_type = 'int',system_type = 'System.Int32' WHERE colname = 'idistitutoustat' AND tablename = 'registry_istituti'
ELSE
INSERT INTO [coldescr] (colname,tablename,col_len,col_precision,col_scale,description,kind,lt,lu,primarykey,sql_declaration,sql_type,system_type) VALUES ('idistitutoustat','registry_istituti','4',null,null,'Codice USTAT','S',{ts '2018-12-05 17:21:56.627'},'assistenza','N','int','int','System.Int32')
GO

IF exists(SELECT * FROM [coldescr] WHERE colname = 'idreg' AND tablename = 'registry_istituti')
UPDATE [coldescr] SET col_len = '4',col_precision = null,col_scale = null,description = 'Codice',kind = 'S',lt = {ts '2018-12-05 17:21:56.627'},lu = 'assistenza',primarykey = 'S',sql_declaration = 'int',sql_type = 'int',system_type = 'System.Int32' WHERE colname = 'idreg' AND tablename = 'registry_istituti'
ELSE
INSERT INTO [coldescr] (colname,tablename,col_len,col_precision,col_scale,description,kind,lt,lu,primarykey,sql_declaration,sql_type,system_type) VALUES ('idreg','registry_istituti','4',null,null,'Codice','S',{ts '2018-12-05 17:21:56.627'},'assistenza','S','int','int','System.Int32')
GO

IF exists(SELECT * FROM [coldescr] WHERE colname = 'lt' AND tablename = 'registry_istituti')
UPDATE [coldescr] SET col_len = '8',col_precision = null,col_scale = null,description = null,kind = 'S',lt = {ts '2018-12-05 17:21:56.627'},lu = 'assistenza',primarykey = 'N',sql_declaration = 'datetime',sql_type = 'datetime',system_type = 'System.DateTime' WHERE colname = 'lt' AND tablename = 'registry_istituti'
ELSE
INSERT INTO [coldescr] (colname,tablename,col_len,col_precision,col_scale,description,kind,lt,lu,primarykey,sql_declaration,sql_type,system_type) VALUES ('lt','registry_istituti','8',null,null,null,'S',{ts '2018-12-05 17:21:56.627'},'assistenza','N','datetime','datetime','System.DateTime')
GO

IF exists(SELECT * FROM [coldescr] WHERE colname = 'lu' AND tablename = 'registry_istituti')
UPDATE [coldescr] SET col_len = '64',col_precision = null,col_scale = null,description = null,kind = 'S',lt = {ts '2018-12-05 17:21:56.627'},lu = 'assistenza',primarykey = 'N',sql_declaration = 'varchar(64)',sql_type = 'varchar',system_type = 'System.String' WHERE colname = 'lu' AND tablename = 'registry_istituti'
ELSE
INSERT INTO [coldescr] (colname,tablename,col_len,col_precision,col_scale,description,kind,lt,lu,primarykey,sql_declaration,sql_type,system_type) VALUES ('lu','registry_istituti','64',null,null,null,'S',{ts '2018-12-05 17:21:56.627'},'assistenza','N','varchar(64)','varchar','System.String')
GO

IF exists(SELECT * FROM [coldescr] WHERE colname = 'nome' AND tablename = 'registry_istituti')
UPDATE [coldescr] SET col_len = '128',col_precision = null,col_scale = null,description = 'Denominazione breve',kind = 'S',lt = {ts '2018-12-05 17:21:56.627'},lu = 'assistenza',primarykey = 'N',sql_declaration = 'nchar(128)',sql_type = 'nchar',system_type = 'System.String' WHERE colname = 'nome' AND tablename = 'registry_istituti'
ELSE
INSERT INTO [coldescr] (colname,tablename,col_len,col_precision,col_scale,description,kind,lt,lu,primarykey,sql_declaration,sql_type,system_type) VALUES ('nome','registry_istituti','128',null,null,'Denominazione breve','S',{ts '2018-12-05 17:21:56.627'},'assistenza','N','nchar(128)','nchar','System.String')
GO

IF exists(SELECT * FROM [coldescr] WHERE colname = 'sortcode' AND tablename = 'registry_istituti')
UPDATE [coldescr] SET col_len = '4',col_precision = null,col_scale = null,description = null,kind = 'S',lt = {ts '2018-12-05 17:21:56.627'},lu = 'assistenza',primarykey = 'N',sql_declaration = 'int',sql_type = 'int',system_type = 'System.Int32' WHERE colname = 'sortcode' AND tablename = 'registry_istituti'
ELSE
INSERT INTO [coldescr] (colname,tablename,col_len,col_precision,col_scale,description,kind,lt,lu,primarykey,sql_declaration,sql_type,system_type) VALUES ('sortcode','registry_istituti','4',null,null,null,'S',{ts '2018-12-05 17:21:56.627'},'assistenza','N','int','int','System.Int32')
GO

IF exists(SELECT * FROM [coldescr] WHERE colname = 'title_en' AND tablename = 'registry_istituti')
UPDATE [coldescr] SET col_len = '256',col_precision = null,col_scale = null,description = 'Denominazione (ENG)',kind = 'S',lt = {ts '2018-12-05 17:21:56.627'},lu = 'assistenza',primarykey = 'N',sql_declaration = 'varchar(256)',sql_type = 'varchar',system_type = 'System.String' WHERE colname = 'title_en' AND tablename = 'registry_istituti'
ELSE
INSERT INTO [coldescr] (colname,tablename,col_len,col_precision,col_scale,description,kind,lt,lu,primarykey,sql_declaration,sql_type,system_type) VALUES ('title_en','registry_istituti','256',null,null,'Denominazione (ENG)','S',{ts '2018-12-05 17:21:56.627'},'assistenza','N','varchar(256)','varchar','System.String')
GO

-- FINE GENERAZIONE SCRIPT --


-- GENERAZIONE DATI PER relation --
IF exists(SELECT * FROM [relation] WHERE idrelation = '3193')
UPDATE [relation] SET childtable = 'registry_istituti',description = 'Anagrafica di base degli istituti',lt = {ts '2018-07-17 11:07:00.377'},lu = 'assistenza',parenttable = 'registry',title = null WHERE idrelation = '3193'
ELSE
INSERT INTO [relation] (idrelation,childtable,description,lt,lu,parenttable,title) VALUES ('3193','registry_istituti','Anagrafica di base degli istituti',{ts '2018-07-17 11:07:00.377'},'assistenza','registry',null)
GO

-- FINE GENERAZIONE SCRIPT --


-- GENERAZIONE DATI PER tabledescr --
IF exists(SELECT * FROM [tabledescr] WHERE tablename = 'registry_istitutiesteri')
UPDATE [tabledescr] SET description = '2.4.30 Istituti esteri',idapplication = '3',isdbo = 'S',lt = {ts '2021-02-19 16:00:59.170'},lu = 'assistenza',title = 'Istituti esteri' WHERE tablename = 'registry_istitutiesteri'
ELSE
INSERT INTO [tabledescr] (tablename,description,idapplication,isdbo,lt,lu,title) VALUES ('registry_istitutiesteri','2.4.30 Istituti esteri','3','S',{ts '2021-02-19 16:00:59.170'},'assistenza','Istituti esteri')
GO

-- FINE GENERAZIONE SCRIPT --


-- GENERAZIONE DATI PER coldescr --
IF exists(SELECT * FROM [coldescr] WHERE colname = 'city' AND tablename = 'registry_istitutiesteri')
UPDATE [coldescr] SET col_len = '255',col_precision = null,col_scale = null,description = null,kind = 'S',lt = {ts '2018-11-26 12:57:22.000'},lu = 'Ferdinando',primarykey = 'N',sql_declaration = 'varchar(255)',sql_type = 'varchar',system_type = 'System.String' WHERE colname = 'city' AND tablename = 'registry_istitutiesteri'
ELSE
INSERT INTO [coldescr] (colname,tablename,col_len,col_precision,col_scale,description,kind,lt,lu,primarykey,sql_declaration,sql_type,system_type) VALUES ('city','registry_istitutiesteri','255',null,null,null,'S',{ts '2018-11-26 12:57:22.000'},'Ferdinando','N','varchar(255)','varchar','System.String')
GO

IF exists(SELECT * FROM [coldescr] WHERE colname = 'code' AND tablename = 'registry_istitutiesteri')
UPDATE [coldescr] SET col_len = '50',col_precision = null,col_scale = null,description = null,kind = 'S',lt = {ts '2018-11-26 12:57:22.000'},lu = 'Ferdinando',primarykey = 'N',sql_declaration = 'varchar(50)',sql_type = 'varchar',system_type = 'System.String' WHERE colname = 'code' AND tablename = 'registry_istitutiesteri'
ELSE
INSERT INTO [coldescr] (colname,tablename,col_len,col_precision,col_scale,description,kind,lt,lu,primarykey,sql_declaration,sql_type,system_type) VALUES ('code','registry_istitutiesteri','50',null,null,null,'S',{ts '2018-11-26 12:57:22.000'},'Ferdinando','N','varchar(50)','varchar','System.String')
GO

IF exists(SELECT * FROM [coldescr] WHERE colname = 'ct' AND tablename = 'registry_istitutiesteri')
UPDATE [coldescr] SET col_len = '8',col_precision = null,col_scale = null,description = null,kind = 'S',lt = {ts '2018-07-17 10:44:37.123'},lu = 'assistenza',primarykey = 'N',sql_declaration = 'datetime',sql_type = 'datetime',system_type = 'System.DateTime' WHERE colname = 'ct' AND tablename = 'registry_istitutiesteri'
ELSE
INSERT INTO [coldescr] (colname,tablename,col_len,col_precision,col_scale,description,kind,lt,lu,primarykey,sql_declaration,sql_type,system_type) VALUES ('ct','registry_istitutiesteri','8',null,null,null,'S',{ts '2018-07-17 10:44:37.123'},'assistenza','N','datetime','datetime','System.DateTime')
GO

IF exists(SELECT * FROM [coldescr] WHERE colname = 'cu' AND tablename = 'registry_istitutiesteri')
UPDATE [coldescr] SET col_len = '64',col_precision = null,col_scale = null,description = null,kind = 'S',lt = {ts '2018-07-17 10:44:37.123'},lu = 'assistenza',primarykey = 'N',sql_declaration = 'varchar(64)',sql_type = 'varchar',system_type = 'System.String' WHERE colname = 'cu' AND tablename = 'registry_istitutiesteri'
ELSE
INSERT INTO [coldescr] (colname,tablename,col_len,col_precision,col_scale,description,kind,lt,lu,primarykey,sql_declaration,sql_type,system_type) VALUES ('cu','registry_istitutiesteri','64',null,null,null,'S',{ts '2018-07-17 10:44:37.123'},'assistenza','N','varchar(64)','varchar','System.String')
GO

IF exists(SELECT * FROM [coldescr] WHERE colname = 'idnace' AND tablename = 'registry_istitutiesteri')
UPDATE [coldescr] SET col_len = '50',col_precision = null,col_scale = null,description = 'NACE code',kind = 'S',lt = {ts '2018-11-26 12:57:22.000'},lu = 'Ferdinando',primarykey = 'N',sql_declaration = 'nvarchar(50)',sql_type = 'nvarchar',system_type = 'System.String' WHERE colname = 'idnace' AND tablename = 'registry_istitutiesteri'
ELSE
INSERT INTO [coldescr] (colname,tablename,col_len,col_precision,col_scale,description,kind,lt,lu,primarykey,sql_declaration,sql_type,system_type) VALUES ('idnace','registry_istitutiesteri','50',null,null,'NACE code','S',{ts '2018-11-26 12:57:22.000'},'Ferdinando','N','nvarchar(50)','nvarchar','System.String')
GO

IF exists(SELECT * FROM [coldescr] WHERE colname = 'idreg' AND tablename = 'registry_istitutiesteri')
UPDATE [coldescr] SET col_len = '4',col_precision = null,col_scale = null,description = null,kind = 'S',lt = {ts '2018-11-26 12:57:22.000'},lu = 'Ferdinando',primarykey = 'S',sql_declaration = 'int',sql_type = 'int',system_type = 'System.Int32' WHERE colname = 'idreg' AND tablename = 'registry_istitutiesteri'
ELSE
INSERT INTO [coldescr] (colname,tablename,col_len,col_precision,col_scale,description,kind,lt,lu,primarykey,sql_declaration,sql_type,system_type) VALUES ('idreg','registry_istitutiesteri','4',null,null,null,'S',{ts '2018-11-26 12:57:22.000'},'Ferdinando','S','int','int','System.Int32')
GO

IF exists(SELECT * FROM [coldescr] WHERE colname = 'institutionalcode' AND tablename = 'registry_istitutiesteri')
UPDATE [coldescr] SET col_len = '50',col_precision = null,col_scale = null,description = 'Institutional code',kind = 'S',lt = {ts '2018-11-26 12:57:22.000'},lu = 'Ferdinando',primarykey = 'N',sql_declaration = 'varchar(50)',sql_type = 'varchar',system_type = 'System.String' WHERE colname = 'institutionalcode' AND tablename = 'registry_istitutiesteri'
ELSE
INSERT INTO [coldescr] (colname,tablename,col_len,col_precision,col_scale,description,kind,lt,lu,primarykey,sql_declaration,sql_type,system_type) VALUES ('institutionalcode','registry_istitutiesteri','50',null,null,'Institutional code','S',{ts '2018-11-26 12:57:22.000'},'Ferdinando','N','varchar(50)','varchar','System.String')
GO

IF exists(SELECT * FROM [coldescr] WHERE colname = 'lt' AND tablename = 'registry_istitutiesteri')
UPDATE [coldescr] SET col_len = '8',col_precision = null,col_scale = null,description = null,kind = 'S',lt = {ts '2018-07-17 10:44:37.123'},lu = 'assistenza',primarykey = 'N',sql_declaration = 'datetime',sql_type = 'datetime',system_type = 'System.DateTime' WHERE colname = 'lt' AND tablename = 'registry_istitutiesteri'
ELSE
INSERT INTO [coldescr] (colname,tablename,col_len,col_precision,col_scale,description,kind,lt,lu,primarykey,sql_declaration,sql_type,system_type) VALUES ('lt','registry_istitutiesteri','8',null,null,null,'S',{ts '2018-07-17 10:44:37.123'},'assistenza','N','datetime','datetime','System.DateTime')
GO

IF exists(SELECT * FROM [coldescr] WHERE colname = 'lu' AND tablename = 'registry_istitutiesteri')
UPDATE [coldescr] SET col_len = '64',col_precision = null,col_scale = null,description = null,kind = 'S',lt = {ts '2018-07-17 10:44:37.123'},lu = 'assistenza',primarykey = 'N',sql_declaration = 'varchar(64)',sql_type = 'varchar',system_type = 'System.String' WHERE colname = 'lu' AND tablename = 'registry_istitutiesteri'
ELSE
INSERT INTO [coldescr] (colname,tablename,col_len,col_precision,col_scale,description,kind,lt,lu,primarykey,sql_declaration,sql_type,system_type) VALUES ('lu','registry_istitutiesteri','64',null,null,null,'S',{ts '2018-07-17 10:44:37.123'},'assistenza','N','varchar(64)','varchar','System.String')
GO

IF exists(SELECT * FROM [coldescr] WHERE colname = 'name' AND tablename = 'registry_istitutiesteri')
UPDATE [coldescr] SET col_len = '1024',col_precision = null,col_scale = null,description = null,kind = 'S',lt = {ts '2018-11-26 12:57:22.000'},lu = 'Ferdinando',primarykey = 'N',sql_declaration = 'varchar(1024)',sql_type = 'varchar',system_type = 'System.String' WHERE colname = 'name' AND tablename = 'registry_istitutiesteri'
ELSE
INSERT INTO [coldescr] (colname,tablename,col_len,col_precision,col_scale,description,kind,lt,lu,primarykey,sql_declaration,sql_type,system_type) VALUES ('name','registry_istitutiesteri','1024',null,null,null,'S',{ts '2018-11-26 12:57:22.000'},'Ferdinando','N','varchar(1024)','varchar','System.String')
GO

IF exists(SELECT * FROM [coldescr] WHERE colname = 'referencenumber' AND tablename = 'registry_istitutiesteri')
UPDATE [coldescr] SET col_len = '50',col_precision = null,col_scale = null,description = 'Reference number',kind = 'S',lt = {ts '2018-11-26 12:57:22.000'},lu = 'Ferdinando',primarykey = 'N',sql_declaration = 'varchar(50)',sql_type = 'varchar',system_type = 'System.String' WHERE colname = 'referencenumber' AND tablename = 'registry_istitutiesteri'
ELSE
INSERT INTO [coldescr] (colname,tablename,col_len,col_precision,col_scale,description,kind,lt,lu,primarykey,sql_declaration,sql_type,system_type) VALUES ('referencenumber','registry_istitutiesteri','50',null,null,'Reference number','S',{ts '2018-11-26 12:57:22.000'},'Ferdinando','N','varchar(50)','varchar','System.String')
GO

-- FINE GENERAZIONE SCRIPT --


-- GENERAZIONE DATI PER relation --
IF exists(SELECT * FROM [relation] WHERE idrelation = '3189')
UPDATE [relation] SET childtable = 'registry_istitutiesteri',description = 'Anagrafica di base degli istituti esteri',lt = {ts '2018-07-17 11:06:13.873'},lu = 'assistenza',parenttable = 'registry',title = null WHERE idrelation = '3189'
ELSE
INSERT INTO [relation] (idrelation,childtable,description,lt,lu,parenttable,title) VALUES ('3189','registry_istitutiesteri','Anagrafica di base degli istituti esteri',{ts '2018-07-17 11:06:13.873'},'assistenza','registry',null)
GO

-- FINE GENERAZIONE SCRIPT --


-- GENERAZIONE DATI PER tabledescr --
IF exists(SELECT * FROM [tabledescr] WHERE tablename = 'registry_studenti')
UPDATE [tabledescr] SET description = 'Tabella di specifica per gli studenti, il resto della anagrafica è in registry',idapplication = '2',isdbo = 'S',lt = {ts '2021-02-26 11:57:58.183'},lu = 'assistenza',title = 'Studenti' WHERE tablename = 'registry_studenti'
ELSE
INSERT INTO [tabledescr] (tablename,description,idapplication,isdbo,lt,lu,title) VALUES ('registry_studenti','Tabella di specifica per gli studenti, il resto della anagrafica è in registry','2','S',{ts '2021-02-26 11:57:58.183'},'assistenza','Studenti')
GO

-- FINE GENERAZIONE SCRIPT --


-- GENERAZIONE DATI PER coldescr --
IF exists(SELECT * FROM [coldescr] WHERE colname = 'authinps' AND tablename = 'registry_studenti')
UPDATE [coldescr] SET col_len = '4',col_precision = null,col_scale = null,description = 'Autorizzazione all''istituto di accedere ai propri dati INPS',kind = 'S',lt = {ts '2018-11-19 18:05:16.010'},lu = 'assistenza',primarykey = 'N',sql_declaration = 'int',sql_type = 'int',system_type = 'System.Int32' WHERE colname = 'authinps' AND tablename = 'registry_studenti'
ELSE
INSERT INTO [coldescr] (colname,tablename,col_len,col_precision,col_scale,description,kind,lt,lu,primarykey,sql_declaration,sql_type,system_type) VALUES ('authinps','registry_studenti','4',null,null,'Autorizzazione all''istituto di accedere ai propri dati INPS','S',{ts '2018-11-19 18:05:16.010'},'assistenza','N','int','int','System.Int32')
GO

IF exists(SELECT * FROM [coldescr] WHERE colname = 'ct' AND tablename = 'registry_studenti')
UPDATE [coldescr] SET col_len = '8',col_precision = null,col_scale = null,description = null,kind = 'S',lt = {ts '2018-07-16 15:39:17.457'},lu = 'assistenza',primarykey = 'N',sql_declaration = 'datetime',sql_type = 'datetime',system_type = 'System.DateTime' WHERE colname = 'ct' AND tablename = 'registry_studenti'
ELSE
INSERT INTO [coldescr] (colname,tablename,col_len,col_precision,col_scale,description,kind,lt,lu,primarykey,sql_declaration,sql_type,system_type) VALUES ('ct','registry_studenti','8',null,null,null,'S',{ts '2018-07-16 15:39:17.457'},'assistenza','N','datetime','datetime','System.DateTime')
GO

IF exists(SELECT * FROM [coldescr] WHERE colname = 'cu' AND tablename = 'registry_studenti')
UPDATE [coldescr] SET col_len = '64',col_precision = null,col_scale = null,description = null,kind = 'S',lt = {ts '2018-07-16 15:39:17.457'},lu = 'assistenza',primarykey = 'N',sql_declaration = 'varchar(64)',sql_type = 'varchar',system_type = 'System.String' WHERE colname = 'cu' AND tablename = 'registry_studenti'
ELSE
INSERT INTO [coldescr] (colname,tablename,col_len,col_precision,col_scale,description,kind,lt,lu,primarykey,sql_declaration,sql_type,system_type) VALUES ('cu','registry_studenti','64',null,null,null,'S',{ts '2018-07-16 15:39:17.457'},'assistenza','N','varchar(64)','varchar','System.String')
GO

IF exists(SELECT * FROM [coldescr] WHERE colname = 'idreg' AND tablename = 'registry_studenti')
UPDATE [coldescr] SET col_len = '4',col_precision = null,col_scale = null,description = 'Codice Istituto',kind = 'S',lt = {ts '2018-12-10 18:54:34.000'},lu = 'Ferdinando',primarykey = 'S',sql_declaration = 'int',sql_type = 'int',system_type = 'System.Int32' WHERE colname = 'idreg' AND tablename = 'registry_studenti'
ELSE
INSERT INTO [coldescr] (colname,tablename,col_len,col_precision,col_scale,description,kind,lt,lu,primarykey,sql_declaration,sql_type,system_type) VALUES ('idreg','registry_studenti','4',null,null,'Codice Istituto','S',{ts '2018-12-10 18:54:34.000'},'Ferdinando','S','int','int','System.Int32')
GO

IF exists(SELECT * FROM [coldescr] WHERE colname = 'idstuddirittokind' AND tablename = 'registry_studenti')
UPDATE [coldescr] SET col_len = '4',col_precision = null,col_scale = null,description = 'Tipologia per il diritto allo studio',kind = 'S',lt = {ts '2018-11-19 18:06:26.860'},lu = 'assistenza',primarykey = 'N',sql_declaration = 'int',sql_type = 'int',system_type = 'System.Int32' WHERE colname = 'idstuddirittokind' AND tablename = 'registry_studenti'
ELSE
INSERT INTO [coldescr] (colname,tablename,col_len,col_precision,col_scale,description,kind,lt,lu,primarykey,sql_declaration,sql_type,system_type) VALUES ('idstuddirittokind','registry_studenti','4',null,null,'Tipologia per il diritto allo studio','S',{ts '2018-11-19 18:06:26.860'},'assistenza','N','int','int','System.Int32')
GO

IF exists(SELECT * FROM [coldescr] WHERE colname = 'idstudprenotkind' AND tablename = 'registry_studenti')
UPDATE [coldescr] SET col_len = '4',col_precision = null,col_scale = null,description = 'Tipologia per la prenotazione degli appelli',kind = 'S',lt = {ts '2018-11-19 18:05:16.010'},lu = 'assistenza',primarykey = 'N',sql_declaration = 'int',sql_type = 'int',system_type = 'System.Int32' WHERE colname = 'idstudprenotkind' AND tablename = 'registry_studenti'
ELSE
INSERT INTO [coldescr] (colname,tablename,col_len,col_precision,col_scale,description,kind,lt,lu,primarykey,sql_declaration,sql_type,system_type) VALUES ('idstudprenotkind','registry_studenti','4',null,null,'Tipologia per la prenotazione degli appelli','S',{ts '2018-11-19 18:05:16.010'},'assistenza','N','int','int','System.Int32')
GO

IF exists(SELECT * FROM [coldescr] WHERE colname = 'lt' AND tablename = 'registry_studenti')
UPDATE [coldescr] SET col_len = '8',col_precision = null,col_scale = null,description = null,kind = 'S',lt = {ts '2018-07-16 15:39:17.460'},lu = 'assistenza',primarykey = 'N',sql_declaration = 'datetime',sql_type = 'datetime',system_type = 'System.DateTime' WHERE colname = 'lt' AND tablename = 'registry_studenti'
ELSE
INSERT INTO [coldescr] (colname,tablename,col_len,col_precision,col_scale,description,kind,lt,lu,primarykey,sql_declaration,sql_type,system_type) VALUES ('lt','registry_studenti','8',null,null,null,'S',{ts '2018-07-16 15:39:17.460'},'assistenza','N','datetime','datetime','System.DateTime')
GO

IF exists(SELECT * FROM [coldescr] WHERE colname = 'lu' AND tablename = 'registry_studenti')
UPDATE [coldescr] SET col_len = '64',col_precision = null,col_scale = null,description = null,kind = 'S',lt = {ts '2018-07-16 15:39:17.460'},lu = 'assistenza',primarykey = 'N',sql_declaration = 'varchar(64)',sql_type = 'varchar',system_type = 'System.String' WHERE colname = 'lu' AND tablename = 'registry_studenti'
ELSE
INSERT INTO [coldescr] (colname,tablename,col_len,col_precision,col_scale,description,kind,lt,lu,primarykey,sql_declaration,sql_type,system_type) VALUES ('lu','registry_studenti','64',null,null,null,'S',{ts '2018-07-16 15:39:17.460'},'assistenza','N','varchar(64)','varchar','System.String')
GO

-- FINE GENERAZIONE SCRIPT --


-- GENERAZIONE DATI PER tabledescr --
IF exists(SELECT * FROM [tabledescr] WHERE tablename = 'rendicont')
UPDATE [tabledescr] SET description = '2.4.31 Scheda di rendicontazione / registro elettronico
',idapplication = '3',isdbo = 'S',lt = {ts '2021-02-19 11:41:54.540'},lu = 'assistenza',title = 'Scheda di rendicontazione / registro elettronico' WHERE tablename = 'rendicont'
ELSE
INSERT INTO [tabledescr] (tablename,description,idapplication,isdbo,lt,lu,title) VALUES ('rendicont','2.4.31 Scheda di rendicontazione / registro elettronico
','3','S',{ts '2021-02-19 11:41:54.540'},'assistenza','Scheda di rendicontazione / registro elettronico')
GO

-- FINE GENERAZIONE SCRIPT --


-- GENERAZIONE DATI PER coldescr --
IF exists(SELECT * FROM [coldescr] WHERE colname = 'aa' AND tablename = 'rendicont')
UPDATE [coldescr] SET col_len = '9',col_precision = null,col_scale = null,description = 'Anno accademico',kind = 'S',lt = {ts '2019-10-15 16:01:49.763'},lu = 'assistenza',primarykey = 'S',sql_declaration = 'varchar(9)',sql_type = 'varchar',system_type = 'System.String' WHERE colname = 'aa' AND tablename = 'rendicont'
ELSE
INSERT INTO [coldescr] (colname,tablename,col_len,col_precision,col_scale,description,kind,lt,lu,primarykey,sql_declaration,sql_type,system_type) VALUES ('aa','rendicont','9',null,null,'Anno accademico','S',{ts '2019-10-15 16:01:49.763'},'assistenza','S','varchar(9)','varchar','System.String')
GO

IF exists(SELECT * FROM [coldescr] WHERE colname = 'ct' AND tablename = 'rendicont')
UPDATE [coldescr] SET col_len = '8',col_precision = null,col_scale = null,description = null,kind = 'S',lt = {ts '2018-07-27 18:16:39.210'},lu = 'assistenza',primarykey = 'N',sql_declaration = 'datetime',sql_type = 'datetime',system_type = 'System.DateTime' WHERE colname = 'ct' AND tablename = 'rendicont'
ELSE
INSERT INTO [coldescr] (colname,tablename,col_len,col_precision,col_scale,description,kind,lt,lu,primarykey,sql_declaration,sql_type,system_type) VALUES ('ct','rendicont','8',null,null,null,'S',{ts '2018-07-27 18:16:39.210'},'assistenza','N','datetime','datetime','System.DateTime')
GO

IF exists(SELECT * FROM [coldescr] WHERE colname = 'cu' AND tablename = 'rendicont')
UPDATE [coldescr] SET col_len = '64',col_precision = null,col_scale = null,description = null,kind = 'S',lt = {ts '2018-07-27 18:16:39.213'},lu = 'assistenza',primarykey = 'N',sql_declaration = 'varchar(64)',sql_type = 'varchar',system_type = 'System.String' WHERE colname = 'cu' AND tablename = 'rendicont'
ELSE
INSERT INTO [coldescr] (colname,tablename,col_len,col_precision,col_scale,description,kind,lt,lu,primarykey,sql_declaration,sql_type,system_type) VALUES ('cu','rendicont','64',null,null,null,'S',{ts '2018-07-27 18:16:39.213'},'assistenza','N','varchar(64)','varchar','System.String')
GO

IF exists(SELECT * FROM [coldescr] WHERE colname = 'idreg_docenti' AND tablename = 'rendicont')
UPDATE [coldescr] SET col_len = '4',col_precision = null,col_scale = null,description = 'Docente',kind = 'S',lt = {ts '2019-04-24 17:25:10.743'},lu = 'assistenza',primarykey = 'S',sql_declaration = 'int',sql_type = 'int',system_type = 'System.Int32' WHERE colname = 'idreg_docenti' AND tablename = 'rendicont'
ELSE
INSERT INTO [coldescr] (colname,tablename,col_len,col_precision,col_scale,description,kind,lt,lu,primarykey,sql_declaration,sql_type,system_type) VALUES ('idreg_docenti','rendicont','4',null,null,'Docente','S',{ts '2019-04-24 17:25:10.743'},'assistenza','S','int','int','System.Int32')
GO

IF exists(SELECT * FROM [coldescr] WHERE colname = 'lt' AND tablename = 'rendicont')
UPDATE [coldescr] SET col_len = '8',col_precision = null,col_scale = null,description = null,kind = 'S',lt = {ts '2018-07-27 18:16:39.213'},lu = 'assistenza',primarykey = 'N',sql_declaration = 'datetime',sql_type = 'datetime',system_type = 'System.DateTime' WHERE colname = 'lt' AND tablename = 'rendicont'
ELSE
INSERT INTO [coldescr] (colname,tablename,col_len,col_precision,col_scale,description,kind,lt,lu,primarykey,sql_declaration,sql_type,system_type) VALUES ('lt','rendicont','8',null,null,null,'S',{ts '2018-07-27 18:16:39.213'},'assistenza','N','datetime','datetime','System.DateTime')
GO

IF exists(SELECT * FROM [coldescr] WHERE colname = 'lu' AND tablename = 'rendicont')
UPDATE [coldescr] SET col_len = '64',col_precision = null,col_scale = null,description = null,kind = 'S',lt = {ts '2018-07-27 18:16:39.217'},lu = 'assistenza',primarykey = 'N',sql_declaration = 'varchar(64)',sql_type = 'varchar',system_type = 'System.String' WHERE colname = 'lu' AND tablename = 'rendicont'
ELSE
INSERT INTO [coldescr] (colname,tablename,col_len,col_precision,col_scale,description,kind,lt,lu,primarykey,sql_declaration,sql_type,system_type) VALUES ('lu','rendicont','64',null,null,null,'S',{ts '2018-07-27 18:16:39.217'},'assistenza','N','varchar(64)','varchar','System.String')
GO

IF exists(SELECT * FROM [coldescr] WHERE colname = 'title' AND tablename = 'rendicont')
UPDATE [coldescr] SET col_len = '1024',col_precision = null,col_scale = null,description = 'Denominazione',kind = 'S',lt = {ts '2019-10-16 12:53:52.563'},lu = 'assistenza',primarykey = 'N',sql_declaration = 'varchar(1024)',sql_type = 'varchar',system_type = 'System.String' WHERE colname = 'title' AND tablename = 'rendicont'
ELSE
INSERT INTO [coldescr] (colname,tablename,col_len,col_precision,col_scale,description,kind,lt,lu,primarykey,sql_declaration,sql_type,system_type) VALUES ('title','rendicont','1024',null,null,'Denominazione','S',{ts '2019-10-16 12:53:52.563'},'assistenza','N','varchar(1024)','varchar','System.String')
GO

-- FINE GENERAZIONE SCRIPT --


-- GENERAZIONE DATI PER relation --
IF exists(SELECT * FROM [relation] WHERE idrelation = '3442')
UPDATE [relation] SET childtable = 'rendicont',description = 'Rendicontazioni annuali',lt = {ts '2018-12-07 18:37:51.957'},lu = 'assistenza',parenttable = 'docenti',title = '2.4.31 Scheda di rendicontazione / registro elettronico
' WHERE idrelation = '3442'
ELSE
INSERT INTO [relation] (idrelation,childtable,description,lt,lu,parenttable,title) VALUES ('3442','rendicont','Rendicontazioni annuali',{ts '2018-12-07 18:37:51.957'},'assistenza','docenti','2.4.31 Scheda di rendicontazione / registro elettronico
')
GO

-- FINE GENERAZIONE SCRIPT --


-- GENERAZIONE DATI PER tabledescr --
IF exists(SELECT * FROM [tabledescr] WHERE tablename = 'rendicontaltro')
UPDATE [tabledescr] SET description = 'Registro delle attività oltre le lezioni della 2.4.31 Scheda di rendicontazione / registro elettronico
',idapplication = '3',isdbo = 'S',lt = {ts '2021-02-19 11:42:07.003'},lu = 'assistenza',title = 'Registro delle attività oltre le lezioni della scheda di rendicontazione / registro elettroni' WHERE tablename = 'rendicontaltro'
ELSE
INSERT INTO [tabledescr] (tablename,description,idapplication,isdbo,lt,lu,title) VALUES ('rendicontaltro','Registro delle attività oltre le lezioni della 2.4.31 Scheda di rendicontazione / registro elettronico
','3','S',{ts '2021-02-19 11:42:07.003'},'assistenza','Registro delle attività oltre le lezioni della scheda di rendicontazione / registro elettroni')
GO

-- FINE GENERAZIONE SCRIPT --


-- GENERAZIONE DATI PER coldescr --
IF exists(SELECT * FROM [coldescr] WHERE colname = 'aa' AND tablename = 'rendicontaltro')
UPDATE [coldescr] SET col_len = '9',col_precision = null,col_scale = null,description = 'Anno accademico',kind = 'S',lt = {ts '2019-10-15 15:56:13.037'},lu = 'assistenza',primarykey = 'S',sql_declaration = 'varchar(9)',sql_type = 'varchar',system_type = 'System.String' WHERE colname = 'aa' AND tablename = 'rendicontaltro'
ELSE
INSERT INTO [coldescr] (colname,tablename,col_len,col_precision,col_scale,description,kind,lt,lu,primarykey,sql_declaration,sql_type,system_type) VALUES ('aa','rendicontaltro','9',null,null,'Anno accademico','S',{ts '2019-10-15 15:56:13.037'},'assistenza','S','varchar(9)','varchar','System.String')
GO

IF exists(SELECT * FROM [coldescr] WHERE colname = 'ct' AND tablename = 'rendicontaltro')
UPDATE [coldescr] SET col_len = '8',col_precision = null,col_scale = null,description = null,kind = 'S',lt = {ts '2018-07-27 18:17:44.543'},lu = 'assistenza',primarykey = 'N',sql_declaration = 'datetime',sql_type = 'datetime',system_type = 'System.DateTime' WHERE colname = 'ct' AND tablename = 'rendicontaltro'
ELSE
INSERT INTO [coldescr] (colname,tablename,col_len,col_precision,col_scale,description,kind,lt,lu,primarykey,sql_declaration,sql_type,system_type) VALUES ('ct','rendicontaltro','8',null,null,null,'S',{ts '2018-07-27 18:17:44.543'},'assistenza','N','datetime','datetime','System.DateTime')
GO

IF exists(SELECT * FROM [coldescr] WHERE colname = 'cu' AND tablename = 'rendicontaltro')
UPDATE [coldescr] SET col_len = '64',col_precision = null,col_scale = null,description = null,kind = 'S',lt = {ts '2018-07-27 18:17:44.547'},lu = 'assistenza',primarykey = 'N',sql_declaration = 'varchar(64)',sql_type = 'varchar',system_type = 'System.String' WHERE colname = 'cu' AND tablename = 'rendicontaltro'
ELSE
INSERT INTO [coldescr] (colname,tablename,col_len,col_precision,col_scale,description,kind,lt,lu,primarykey,sql_declaration,sql_type,system_type) VALUES ('cu','rendicontaltro','64',null,null,null,'S',{ts '2018-07-27 18:17:44.547'},'assistenza','N','varchar(64)','varchar','System.String')
GO

IF exists(SELECT * FROM [coldescr] WHERE colname = 'data' AND tablename = 'rendicontaltro')
UPDATE [coldescr] SET col_len = '3',col_precision = null,col_scale = null,description = null,kind = 'S',lt = {ts '2020-05-20 13:59:57.583'},lu = 'assistenza',primarykey = 'N',sql_declaration = 'date',sql_type = 'date',system_type = 'System.DateTime' WHERE colname = 'data' AND tablename = 'rendicontaltro'
ELSE
INSERT INTO [coldescr] (colname,tablename,col_len,col_precision,col_scale,description,kind,lt,lu,primarykey,sql_declaration,sql_type,system_type) VALUES ('data','rendicontaltro','3',null,null,null,'S',{ts '2020-05-20 13:59:57.583'},'assistenza','N','date','date','System.DateTime')
GO

IF exists(SELECT * FROM [coldescr] WHERE colname = 'idreg_docenti' AND tablename = 'rendicontaltro')
UPDATE [coldescr] SET col_len = '4',col_precision = null,col_scale = null,description = 'Docente',kind = 'S',lt = {ts '2019-10-15 15:56:13.037'},lu = 'assistenza',primarykey = 'S',sql_declaration = 'int',sql_type = 'int',system_type = 'System.Int32' WHERE colname = 'idreg_docenti' AND tablename = 'rendicontaltro'
ELSE
INSERT INTO [coldescr] (colname,tablename,col_len,col_precision,col_scale,description,kind,lt,lu,primarykey,sql_declaration,sql_type,system_type) VALUES ('idreg_docenti','rendicontaltro','4',null,null,'Docente','S',{ts '2019-10-15 15:56:13.037'},'assistenza','S','int','int','System.Int32')
GO

IF exists(SELECT * FROM [coldescr] WHERE colname = 'idrendicontaltro' AND tablename = 'rendicontaltro')
UPDATE [coldescr] SET col_len = '4',col_precision = null,col_scale = null,description = 'Codice',kind = 'S',lt = {ts '2018-11-21 18:41:08.290'},lu = 'assistenza',primarykey = 'S',sql_declaration = 'int',sql_type = 'int',system_type = 'System.Int32' WHERE colname = 'idrendicontaltro' AND tablename = 'rendicontaltro'
ELSE
INSERT INTO [coldescr] (colname,tablename,col_len,col_precision,col_scale,description,kind,lt,lu,primarykey,sql_declaration,sql_type,system_type) VALUES ('idrendicontaltro','rendicontaltro','4',null,null,'Codice','S',{ts '2018-11-21 18:41:08.290'},'assistenza','S','int','int','System.Int32')
GO

IF exists(SELECT * FROM [coldescr] WHERE colname = 'idrendicontaltrokind' AND tablename = 'rendicontaltro')
UPDATE [coldescr] SET col_len = '4',col_precision = null,col_scale = null,description = 'Tipologia',kind = 'S',lt = {ts '2018-11-21 18:41:08.290'},lu = 'assistenza',primarykey = 'N',sql_declaration = 'int',sql_type = 'int',system_type = 'System.Int32' WHERE colname = 'idrendicontaltrokind' AND tablename = 'rendicontaltro'
ELSE
INSERT INTO [coldescr] (colname,tablename,col_len,col_precision,col_scale,description,kind,lt,lu,primarykey,sql_declaration,sql_type,system_type) VALUES ('idrendicontaltrokind','rendicontaltro','4',null,null,'Tipologia','S',{ts '2018-11-21 18:41:08.290'},'assistenza','N','int','int','System.Int32')
GO

IF exists(SELECT * FROM [coldescr] WHERE colname = 'lt' AND tablename = 'rendicontaltro')
UPDATE [coldescr] SET col_len = '8',col_precision = null,col_scale = null,description = null,kind = 'S',lt = {ts '2018-07-27 18:17:44.547'},lu = 'assistenza',primarykey = 'N',sql_declaration = 'datetime',sql_type = 'datetime',system_type = 'System.DateTime' WHERE colname = 'lt' AND tablename = 'rendicontaltro'
ELSE
INSERT INTO [coldescr] (colname,tablename,col_len,col_precision,col_scale,description,kind,lt,lu,primarykey,sql_declaration,sql_type,system_type) VALUES ('lt','rendicontaltro','8',null,null,null,'S',{ts '2018-07-27 18:17:44.547'},'assistenza','N','datetime','datetime','System.DateTime')
GO

IF exists(SELECT * FROM [coldescr] WHERE colname = 'lu' AND tablename = 'rendicontaltro')
UPDATE [coldescr] SET col_len = '64',col_precision = null,col_scale = null,description = null,kind = 'S',lt = {ts '2018-07-27 18:17:44.547'},lu = 'assistenza',primarykey = 'N',sql_declaration = 'varchar(64)',sql_type = 'varchar',system_type = 'System.String' WHERE colname = 'lu' AND tablename = 'rendicontaltro'
ELSE
INSERT INTO [coldescr] (colname,tablename,col_len,col_precision,col_scale,description,kind,lt,lu,primarykey,sql_declaration,sql_type,system_type) VALUES ('lu','rendicontaltro','64',null,null,null,'S',{ts '2018-07-27 18:17:44.547'},'assistenza','N','varchar(64)','varchar','System.String')
GO

IF exists(SELECT * FROM [coldescr] WHERE colname = 'ore' AND tablename = 'rendicontaltro')
UPDATE [coldescr] SET col_len = '5',col_precision = '9',col_scale = '2',description = null,kind = 'S',lt = {ts '2018-07-27 18:17:44.547'},lu = 'assistenza',primarykey = 'N',sql_declaration = 'decimal(9,2)',sql_type = 'decimal',system_type = 'System.Decimal' WHERE colname = 'ore' AND tablename = 'rendicontaltro'
ELSE
INSERT INTO [coldescr] (colname,tablename,col_len,col_precision,col_scale,description,kind,lt,lu,primarykey,sql_declaration,sql_type,system_type) VALUES ('ore','rendicontaltro','5','9','2',null,'S',{ts '2018-07-27 18:17:44.547'},'assistenza','N','decimal(9,2)','decimal','System.Decimal')
GO

-- FINE GENERAZIONE SCRIPT --


-- GENERAZIONE DATI PER relation --
IF exists(SELECT * FROM [relation] WHERE idrelation = '3436')
UPDATE [relation] SET childtable = 'rendicontaltro',description = 'Altre attivit?',lt = {ts '2018-12-07 18:40:15.610'},lu = 'assistenza',parenttable = 'rendicont',title = 'rendicontaltro' WHERE idrelation = '3436'
ELSE
INSERT INTO [relation] (idrelation,childtable,description,lt,lu,parenttable,title) VALUES ('3436','rendicontaltro','Altre attivit?',{ts '2018-12-07 18:40:15.610'},'assistenza','rendicont','rendicontaltro')
GO

-- FINE GENERAZIONE SCRIPT --


-- GENERAZIONE DATI PER tabledescr --
IF exists(SELECT * FROM [tabledescr] WHERE tablename = 'rendicontattivitaprogetto')
UPDATE [tabledescr] SET description = '2.7.3 attività di progetto',idapplication = '3',isdbo = 'N',lt = {ts '2021-02-19 11:17:26.343'},lu = 'assistenza',title = 'attività di progetto' WHERE tablename = 'rendicontattivitaprogetto'
ELSE
INSERT INTO [tabledescr] (tablename,description,idapplication,isdbo,lt,lu,title) VALUES ('rendicontattivitaprogetto','2.7.3 attività di progetto','3','N',{ts '2021-02-19 11:17:26.343'},'assistenza','attività di progetto')
GO

-- FINE GENERAZIONE SCRIPT --


-- GENERAZIONE DATI PER coldescr --
IF exists(SELECT * FROM [coldescr] WHERE colname = 'ct' AND tablename = 'rendicontattivitaprogetto')
UPDATE [coldescr] SET col_len = '8',col_precision = null,col_scale = null,description = null,kind = 'S',lt = {ts '2020-05-20 14:06:42.277'},lu = 'assistenza',primarykey = 'N',sql_declaration = 'datetime',sql_type = 'datetime',system_type = 'System.DateTime' WHERE colname = 'ct' AND tablename = 'rendicontattivitaprogetto'
ELSE
INSERT INTO [coldescr] (colname,tablename,col_len,col_precision,col_scale,description,kind,lt,lu,primarykey,sql_declaration,sql_type,system_type) VALUES ('ct','rendicontattivitaprogetto','8',null,null,null,'S',{ts '2020-05-20 14:06:42.277'},'assistenza','N','datetime','datetime','System.DateTime')
GO

IF exists(SELECT * FROM [coldescr] WHERE colname = 'cu' AND tablename = 'rendicontattivitaprogetto')
UPDATE [coldescr] SET col_len = '64',col_precision = null,col_scale = null,description = null,kind = 'S',lt = {ts '2020-05-20 14:06:42.277'},lu = 'assistenza',primarykey = 'N',sql_declaration = 'varchar(64)',sql_type = 'varchar',system_type = 'System.String' WHERE colname = 'cu' AND tablename = 'rendicontattivitaprogetto'
ELSE
INSERT INTO [coldescr] (colname,tablename,col_len,col_precision,col_scale,description,kind,lt,lu,primarykey,sql_declaration,sql_type,system_type) VALUES ('cu','rendicontattivitaprogetto','64',null,null,null,'S',{ts '2020-05-20 14:06:42.277'},'assistenza','N','varchar(64)','varchar','System.String')
GO

IF exists(SELECT * FROM [coldescr] WHERE colname = 'datainizioprevista' AND tablename = 'rendicontattivitaprogetto')
UPDATE [coldescr] SET col_len = '3',col_precision = null,col_scale = null,description = 'Data inizio prevista',kind = 'S',lt = {ts '2020-06-23 10:48:50.413'},lu = 'assistenza',primarykey = 'N',sql_declaration = 'date',sql_type = 'date',system_type = 'System.DateTime' WHERE colname = 'datainizioprevista' AND tablename = 'rendicontattivitaprogetto'
ELSE
INSERT INTO [coldescr] (colname,tablename,col_len,col_precision,col_scale,description,kind,lt,lu,primarykey,sql_declaration,sql_type,system_type) VALUES ('datainizioprevista','rendicontattivitaprogetto','3',null,null,'Data inizio prevista','S',{ts '2020-06-23 10:48:50.413'},'assistenza','N','date','date','System.DateTime')
GO

IF exists(SELECT * FROM [coldescr] WHERE colname = 'description' AND tablename = 'rendicontattivitaprogetto')
UPDATE [coldescr] SET col_len = '-1',col_precision = null,col_scale = null,description = 'Descrizione',kind = 'S',lt = {ts '2020-06-23 10:47:33.167'},lu = 'assistenza',primarykey = 'N',sql_declaration = 'varchar(max)',sql_type = 'varchar',system_type = 'System.String' WHERE colname = 'description' AND tablename = 'rendicontattivitaprogetto'
ELSE
INSERT INTO [coldescr] (colname,tablename,col_len,col_precision,col_scale,description,kind,lt,lu,primarykey,sql_declaration,sql_type,system_type) VALUES ('description','rendicontattivitaprogetto','-1',null,null,'Descrizione','S',{ts '2020-06-23 10:47:33.167'},'assistenza','N','varchar(max)','varchar','System.String')
GO

IF exists(SELECT * FROM [coldescr] WHERE colname = 'iditineration' AND tablename = 'rendicontattivitaprogetto')
UPDATE [coldescr] SET col_len = '4',col_precision = null,col_scale = null,description = 'Missione',kind = 'S',lt = {ts '2020-06-23 10:48:50.413'},lu = 'assistenza',primarykey = 'N',sql_declaration = 'int',sql_type = 'int',system_type = 'System.Int32' WHERE colname = 'iditineration' AND tablename = 'rendicontattivitaprogetto'
ELSE
INSERT INTO [coldescr] (colname,tablename,col_len,col_precision,col_scale,description,kind,lt,lu,primarykey,sql_declaration,sql_type,system_type) VALUES ('iditineration','rendicontattivitaprogetto','4',null,null,'Missione','S',{ts '2020-06-23 10:48:50.413'},'assistenza','N','int','int','System.Int32')
GO

IF exists(SELECT * FROM [coldescr] WHERE colname = 'idprogetto' AND tablename = 'rendicontattivitaprogetto')
UPDATE [coldescr] SET col_len = '4',col_precision = null,col_scale = null,description = 'Progetto',kind = 'S',lt = {ts '2020-06-23 10:47:33.167'},lu = 'assistenza',primarykey = 'N',sql_declaration = 'int',sql_type = 'int',system_type = 'System.Int32' WHERE colname = 'idprogetto' AND tablename = 'rendicontattivitaprogetto'
ELSE
INSERT INTO [coldescr] (colname,tablename,col_len,col_precision,col_scale,description,kind,lt,lu,primarykey,sql_declaration,sql_type,system_type) VALUES ('idprogetto','rendicontattivitaprogetto','4',null,null,'Progetto','S',{ts '2020-06-23 10:47:33.167'},'assistenza','N','int','int','System.Int32')
GO

IF exists(SELECT * FROM [coldescr] WHERE colname = 'idreg' AND tablename = 'rendicontattivitaprogetto')
UPDATE [coldescr] SET col_len = '4',col_precision = null,col_scale = null,description = 'Partecipante',kind = 'S',lt = {ts '2020-06-23 10:47:33.167'},lu = 'assistenza',primarykey = 'N',sql_declaration = 'int',sql_type = 'int',system_type = 'System.Int32' WHERE colname = 'idreg' AND tablename = 'rendicontattivitaprogetto'
ELSE
INSERT INTO [coldescr] (colname,tablename,col_len,col_precision,col_scale,description,kind,lt,lu,primarykey,sql_declaration,sql_type,system_type) VALUES ('idreg','rendicontattivitaprogetto','4',null,null,'Partecipante','S',{ts '2020-06-23 10:47:33.167'},'assistenza','N','int','int','System.Int32')
GO

IF exists(SELECT * FROM [coldescr] WHERE colname = 'idrendicontattivitaprogetto' AND tablename = 'rendicontattivitaprogetto')
UPDATE [coldescr] SET col_len = '4',col_precision = null,col_scale = null,description = null,kind = 'S',lt = {ts '2020-05-20 14:06:42.277'},lu = 'assistenza',primarykey = 'S',sql_declaration = 'int',sql_type = 'int',system_type = 'System.Int32' WHERE colname = 'idrendicontattivitaprogetto' AND tablename = 'rendicontattivitaprogetto'
ELSE
INSERT INTO [coldescr] (colname,tablename,col_len,col_precision,col_scale,description,kind,lt,lu,primarykey,sql_declaration,sql_type,system_type) VALUES ('idrendicontattivitaprogetto','rendicontattivitaprogetto','4',null,null,null,'S',{ts '2020-05-20 14:06:42.277'},'assistenza','S','int','int','System.Int32')
GO

IF exists(SELECT * FROM [coldescr] WHERE colname = 'idworkpackage' AND tablename = 'rendicontattivitaprogetto')
UPDATE [coldescr] SET col_len = '4',col_precision = null,col_scale = null,description = 'Workpackage',kind = 'S',lt = {ts '2020-06-23 10:47:33.167'},lu = 'assistenza',primarykey = 'N',sql_declaration = 'int',sql_type = 'int',system_type = 'System.Int32' WHERE colname = 'idworkpackage' AND tablename = 'rendicontattivitaprogetto'
ELSE
INSERT INTO [coldescr] (colname,tablename,col_len,col_precision,col_scale,description,kind,lt,lu,primarykey,sql_declaration,sql_type,system_type) VALUES ('idworkpackage','rendicontattivitaprogetto','4',null,null,'Workpackage','S',{ts '2020-06-23 10:47:33.167'},'assistenza','N','int','int','System.Int32')
GO

IF exists(SELECT * FROM [coldescr] WHERE colname = 'lt' AND tablename = 'rendicontattivitaprogetto')
UPDATE [coldescr] SET col_len = '8',col_precision = null,col_scale = null,description = null,kind = 'S',lt = {ts '2020-05-20 14:06:42.277'},lu = 'assistenza',primarykey = 'N',sql_declaration = 'datetime',sql_type = 'datetime',system_type = 'System.DateTime' WHERE colname = 'lt' AND tablename = 'rendicontattivitaprogetto'
ELSE
INSERT INTO [coldescr] (colname,tablename,col_len,col_precision,col_scale,description,kind,lt,lu,primarykey,sql_declaration,sql_type,system_type) VALUES ('lt','rendicontattivitaprogetto','8',null,null,null,'S',{ts '2020-05-20 14:06:42.277'},'assistenza','N','datetime','datetime','System.DateTime')
GO

IF exists(SELECT * FROM [coldescr] WHERE colname = 'lu' AND tablename = 'rendicontattivitaprogetto')
UPDATE [coldescr] SET col_len = '64',col_precision = null,col_scale = null,description = null,kind = 'S',lt = {ts '2020-05-20 14:06:42.277'},lu = 'assistenza',primarykey = 'N',sql_declaration = 'varchar(64)',sql_type = 'varchar',system_type = 'System.String' WHERE colname = 'lu' AND tablename = 'rendicontattivitaprogetto'
ELSE
INSERT INTO [coldescr] (colname,tablename,col_len,col_precision,col_scale,description,kind,lt,lu,primarykey,sql_declaration,sql_type,system_type) VALUES ('lu','rendicontattivitaprogetto','64',null,null,null,'S',{ts '2020-05-20 14:06:42.277'},'assistenza','N','varchar(64)','varchar','System.String')
GO

IF exists(SELECT * FROM [coldescr] WHERE colname = 'orepreventivate' AND tablename = 'rendicontattivitaprogetto')
UPDATE [coldescr] SET col_len = '4',col_precision = null,col_scale = null,description = 'Numero di ore preventivate',kind = 'S',lt = {ts '2020-06-23 10:48:50.413'},lu = 'assistenza',primarykey = 'N',sql_declaration = 'int',sql_type = 'int',system_type = 'System.Int32' WHERE colname = 'orepreventivate' AND tablename = 'rendicontattivitaprogetto'
ELSE
INSERT INTO [coldescr] (colname,tablename,col_len,col_precision,col_scale,description,kind,lt,lu,primarykey,sql_declaration,sql_type,system_type) VALUES ('orepreventivate','rendicontattivitaprogetto','4',null,null,'Numero di ore preventivate','S',{ts '2020-06-23 10:48:50.413'},'assistenza','N','int','int','System.Int32')
GO

-- FINE GENERAZIONE SCRIPT --


-- GENERAZIONE DATI PER tabledescr --
IF exists(SELECT * FROM [tabledescr] WHERE tablename = 'rendicontattivitaprogettoora')
UPDATE [tabledescr] SET description = 'Dettaglio giornaliero della 2.7.3 rendicontazione delle attività di progetto',idapplication = '3',isdbo = 'N',lt = {ts '2021-02-19 11:22:56.850'},lu = 'assistenza',title = 'Dettaglio giornaliero della attività di progetto' WHERE tablename = 'rendicontattivitaprogettoora'
ELSE
INSERT INTO [tabledescr] (tablename,description,idapplication,isdbo,lt,lu,title) VALUES ('rendicontattivitaprogettoora','Dettaglio giornaliero della 2.7.3 rendicontazione delle attività di progetto','3','N',{ts '2021-02-19 11:22:56.850'},'assistenza','Dettaglio giornaliero della attività di progetto')
GO

-- FINE GENERAZIONE SCRIPT --


-- GENERAZIONE DATI PER coldescr --
IF exists(SELECT * FROM [coldescr] WHERE colname = 'ct' AND tablename = 'rendicontattivitaprogettoora')
UPDATE [coldescr] SET col_len = '8',col_precision = null,col_scale = null,description = null,kind = 'S',lt = {ts '2020-05-20 14:09:52.937'},lu = 'assistenza',primarykey = 'N',sql_declaration = 'datetime',sql_type = 'datetime',system_type = 'System.DateTime' WHERE colname = 'ct' AND tablename = 'rendicontattivitaprogettoora'
ELSE
INSERT INTO [coldescr] (colname,tablename,col_len,col_precision,col_scale,description,kind,lt,lu,primarykey,sql_declaration,sql_type,system_type) VALUES ('ct','rendicontattivitaprogettoora','8',null,null,null,'S',{ts '2020-05-20 14:09:52.937'},'assistenza','N','datetime','datetime','System.DateTime')
GO

IF exists(SELECT * FROM [coldescr] WHERE colname = 'cu' AND tablename = 'rendicontattivitaprogettoora')
UPDATE [coldescr] SET col_len = '64',col_precision = null,col_scale = null,description = null,kind = 'S',lt = {ts '2020-05-20 14:09:52.937'},lu = 'assistenza',primarykey = 'N',sql_declaration = 'varchar(64)',sql_type = 'varchar',system_type = 'System.String' WHERE colname = 'cu' AND tablename = 'rendicontattivitaprogettoora'
ELSE
INSERT INTO [coldescr] (colname,tablename,col_len,col_precision,col_scale,description,kind,lt,lu,primarykey,sql_declaration,sql_type,system_type) VALUES ('cu','rendicontattivitaprogettoora','64',null,null,null,'S',{ts '2020-05-20 14:09:52.937'},'assistenza','N','varchar(64)','varchar','System.String')
GO

IF exists(SELECT * FROM [coldescr] WHERE colname = 'data' AND tablename = 'rendicontattivitaprogettoora')
UPDATE [coldescr] SET col_len = '3',col_precision = null,col_scale = null,description = 'Data',kind = 'S',lt = {ts '2020-05-20 14:11:37.110'},lu = 'assistenza',primarykey = 'N',sql_declaration = 'date',sql_type = 'date',system_type = 'System.DateTime' WHERE colname = 'data' AND tablename = 'rendicontattivitaprogettoora'
ELSE
INSERT INTO [coldescr] (colname,tablename,col_len,col_precision,col_scale,description,kind,lt,lu,primarykey,sql_declaration,sql_type,system_type) VALUES ('data','rendicontattivitaprogettoora','3',null,null,'Data','S',{ts '2020-05-20 14:11:37.110'},'assistenza','N','date','date','System.DateTime')
GO

IF exists(SELECT * FROM [coldescr] WHERE colname = 'idrendicontattivitaprogetto' AND tablename = 'rendicontattivitaprogettoora')
UPDATE [coldescr] SET col_len = '4',col_precision = null,col_scale = null,description = 'attività di progetto',kind = 'S',lt = {ts '2020-05-20 14:11:37.110'},lu = 'assistenza',primarykey = 'S',sql_declaration = 'int',sql_type = 'int',system_type = 'System.Int32' WHERE colname = 'idrendicontattivitaprogetto' AND tablename = 'rendicontattivitaprogettoora'
ELSE
INSERT INTO [coldescr] (colname,tablename,col_len,col_precision,col_scale,description,kind,lt,lu,primarykey,sql_declaration,sql_type,system_type) VALUES ('idrendicontattivitaprogetto','rendicontattivitaprogettoora','4',null,null,'attività di progetto','S',{ts '2020-05-20 14:11:37.110'},'assistenza','S','int','int','System.Int32')
GO

IF exists(SELECT * FROM [coldescr] WHERE colname = 'idrendicontattivitaprogettoora' AND tablename = 'rendicontattivitaprogettoora')
UPDATE [coldescr] SET col_len = '4',col_precision = null,col_scale = null,description = null,kind = 'S',lt = {ts '2020-05-20 15:34:08.850'},lu = 'assistenza',primarykey = 'S',sql_declaration = 'int',sql_type = 'int',system_type = 'System.Int32' WHERE colname = 'idrendicontattivitaprogettoora' AND tablename = 'rendicontattivitaprogettoora'
ELSE
INSERT INTO [coldescr] (colname,tablename,col_len,col_precision,col_scale,description,kind,lt,lu,primarykey,sql_declaration,sql_type,system_type) VALUES ('idrendicontattivitaprogettoora','rendicontattivitaprogettoora','4',null,null,null,'S',{ts '2020-05-20 15:34:08.850'},'assistenza','S','int','int','System.Int32')
GO

IF exists(SELECT * FROM [coldescr] WHERE colname = 'lt' AND tablename = 'rendicontattivitaprogettoora')
UPDATE [coldescr] SET col_len = '8',col_precision = null,col_scale = null,description = null,kind = 'S',lt = {ts '2020-05-20 14:09:52.937'},lu = 'assistenza',primarykey = 'N',sql_declaration = 'datetime',sql_type = 'datetime',system_type = 'System.DateTime' WHERE colname = 'lt' AND tablename = 'rendicontattivitaprogettoora'
ELSE
INSERT INTO [coldescr] (colname,tablename,col_len,col_precision,col_scale,description,kind,lt,lu,primarykey,sql_declaration,sql_type,system_type) VALUES ('lt','rendicontattivitaprogettoora','8',null,null,null,'S',{ts '2020-05-20 14:09:52.937'},'assistenza','N','datetime','datetime','System.DateTime')
GO

IF exists(SELECT * FROM [coldescr] WHERE colname = 'lu' AND tablename = 'rendicontattivitaprogettoora')
UPDATE [coldescr] SET col_len = '64',col_precision = null,col_scale = null,description = null,kind = 'S',lt = {ts '2020-05-20 14:09:52.937'},lu = 'assistenza',primarykey = 'N',sql_declaration = 'varchar(64)',sql_type = 'varchar',system_type = 'System.String' WHERE colname = 'lu' AND tablename = 'rendicontattivitaprogettoora'
ELSE
INSERT INTO [coldescr] (colname,tablename,col_len,col_precision,col_scale,description,kind,lt,lu,primarykey,sql_declaration,sql_type,system_type) VALUES ('lu','rendicontattivitaprogettoora','64',null,null,null,'S',{ts '2020-05-20 14:09:52.937'},'assistenza','N','varchar(64)','varchar','System.String')
GO

IF exists(SELECT * FROM [coldescr] WHERE colname = 'ore' AND tablename = 'rendicontattivitaprogettoora')
UPDATE [coldescr] SET col_len = '4',col_precision = null,col_scale = null,description = 'Numero di ore',kind = 'S',lt = {ts '2020-05-20 14:11:57.517'},lu = 'assistenza',primarykey = 'N',sql_declaration = 'int',sql_type = 'int',system_type = 'System.Int32' WHERE colname = 'ore' AND tablename = 'rendicontattivitaprogettoora'
ELSE
INSERT INTO [coldescr] (colname,tablename,col_len,col_precision,col_scale,description,kind,lt,lu,primarykey,sql_declaration,sql_type,system_type) VALUES ('ore','rendicontattivitaprogettoora','4',null,null,'Numero di ore','S',{ts '2020-05-20 14:11:57.517'},'assistenza','N','int','int','System.Int32')
GO

-- FINE GENERAZIONE SCRIPT --


-- GENERAZIONE DATI PER tabledescr --
IF exists(SELECT * FROM [tabledescr] WHERE tablename = 'rendicontlezionestud')
UPDATE [tabledescr] SET description = 'descrive una riga del registro elettronico',idapplication = '2',isdbo = 'S',lt = {ts '2021-03-01 11:39:32.193'},lu = 'assistenza',title = 'Studenti della lezione' WHERE tablename = 'rendicontlezionestud'
ELSE
INSERT INTO [tabledescr] (tablename,description,idapplication,isdbo,lt,lu,title) VALUES ('rendicontlezionestud','descrive una riga del registro elettronico','2','S',{ts '2021-03-01 11:39:32.193'},'assistenza','Studenti della lezione')
GO

-- FINE GENERAZIONE SCRIPT --


-- GENERAZIONE DATI PER coldescr --
IF exists(SELECT * FROM [coldescr] WHERE colname = 'aa' AND tablename = 'rendicontlezionestud')
UPDATE [coldescr] SET col_len = '9',col_precision = null,col_scale = null,description = null,kind = 'S',lt = {ts '2019-10-15 15:56:31.823'},lu = 'assistenza',primarykey = 'S',sql_declaration = 'varchar(9)',sql_type = 'varchar',system_type = 'System.String' WHERE colname = 'aa' AND tablename = 'rendicontlezionestud'
ELSE
INSERT INTO [coldescr] (colname,tablename,col_len,col_precision,col_scale,description,kind,lt,lu,primarykey,sql_declaration,sql_type,system_type) VALUES ('aa','rendicontlezionestud','9',null,null,null,'S',{ts '2019-10-15 15:56:31.823'},'assistenza','S','varchar(9)','varchar','System.String')
GO

IF exists(SELECT * FROM [coldescr] WHERE colname = 'assente' AND tablename = 'rendicontlezionestud')
UPDATE [coldescr] SET col_len = '1',col_precision = null,col_scale = null,description = null,kind = 'S',lt = {ts '2018-12-07 18:42:16.820'},lu = 'assistenza',primarykey = 'N',sql_declaration = 'char(1)',sql_type = 'char',system_type = 'System.String' WHERE colname = 'assente' AND tablename = 'rendicontlezionestud'
ELSE
INSERT INTO [coldescr] (colname,tablename,col_len,col_precision,col_scale,description,kind,lt,lu,primarykey,sql_declaration,sql_type,system_type) VALUES ('assente','rendicontlezionestud','1',null,null,null,'S',{ts '2018-12-07 18:42:16.820'},'assistenza','N','char(1)','char','System.String')
GO

IF exists(SELECT * FROM [coldescr] WHERE colname = 'ct' AND tablename = 'rendicontlezionestud')
UPDATE [coldescr] SET col_len = '8',col_precision = null,col_scale = null,description = null,kind = 'S',lt = {ts '2018-12-07 18:42:16.820'},lu = 'assistenza',primarykey = 'N',sql_declaration = 'datetime',sql_type = 'datetime',system_type = 'System.DateTime' WHERE colname = 'ct' AND tablename = 'rendicontlezionestud'
ELSE
INSERT INTO [coldescr] (colname,tablename,col_len,col_precision,col_scale,description,kind,lt,lu,primarykey,sql_declaration,sql_type,system_type) VALUES ('ct','rendicontlezionestud','8',null,null,null,'S',{ts '2018-12-07 18:42:16.820'},'assistenza','N','datetime','datetime','System.DateTime')
GO

IF exists(SELECT * FROM [coldescr] WHERE colname = 'cu' AND tablename = 'rendicontlezionestud')
UPDATE [coldescr] SET col_len = '64',col_precision = null,col_scale = null,description = null,kind = 'S',lt = {ts '2018-12-07 18:42:16.820'},lu = 'assistenza',primarykey = 'N',sql_declaration = 'varchar(64)',sql_type = 'varchar',system_type = 'System.String' WHERE colname = 'cu' AND tablename = 'rendicontlezionestud'
ELSE
INSERT INTO [coldescr] (colname,tablename,col_len,col_precision,col_scale,description,kind,lt,lu,primarykey,sql_declaration,sql_type,system_type) VALUES ('cu','rendicontlezionestud','64',null,null,null,'S',{ts '2018-12-07 18:42:16.820'},'assistenza','N','varchar(64)','varchar','System.String')
GO

IF exists(SELECT * FROM [coldescr] WHERE colname = 'idaffidamento' AND tablename = 'rendicontlezionestud')
UPDATE [coldescr] SET col_len = '4',col_precision = null,col_scale = null,description = null,kind = 'S',lt = {ts '2019-10-16 11:58:58.250'},lu = 'assistenza',primarykey = 'S',sql_declaration = 'int',sql_type = 'int',system_type = 'System.Int32' WHERE colname = 'idaffidamento' AND tablename = 'rendicontlezionestud'
ELSE
INSERT INTO [coldescr] (colname,tablename,col_len,col_precision,col_scale,description,kind,lt,lu,primarykey,sql_declaration,sql_type,system_type) VALUES ('idaffidamento','rendicontlezionestud','4',null,null,null,'S',{ts '2019-10-16 11:58:58.250'},'assistenza','S','int','int','System.Int32')
GO

IF exists(SELECT * FROM [coldescr] WHERE colname = 'idattivform' AND tablename = 'rendicontlezionestud')
UPDATE [coldescr] SET col_len = '4',col_precision = null,col_scale = null,description = null,kind = 'S',lt = {ts '2019-10-16 11:58:58.250'},lu = 'assistenza',primarykey = 'S',sql_declaration = 'int',sql_type = 'int',system_type = 'System.Int32' WHERE colname = 'idattivform' AND tablename = 'rendicontlezionestud'
ELSE
INSERT INTO [coldescr] (colname,tablename,col_len,col_precision,col_scale,description,kind,lt,lu,primarykey,sql_declaration,sql_type,system_type) VALUES ('idattivform','rendicontlezionestud','4',null,null,null,'S',{ts '2019-10-16 11:58:58.250'},'assistenza','S','int','int','System.Int32')
GO

IF exists(SELECT * FROM [coldescr] WHERE colname = 'idaula' AND tablename = 'rendicontlezionestud')
UPDATE [coldescr] SET col_len = '4',col_precision = null,col_scale = null,description = null,kind = 'S',lt = {ts '2019-10-16 11:58:58.250'},lu = 'assistenza',primarykey = 'S',sql_declaration = 'int',sql_type = 'int',system_type = 'System.Int32' WHERE colname = 'idaula' AND tablename = 'rendicontlezionestud'
ELSE
INSERT INTO [coldescr] (colname,tablename,col_len,col_precision,col_scale,description,kind,lt,lu,primarykey,sql_declaration,sql_type,system_type) VALUES ('idaula','rendicontlezionestud','4',null,null,null,'S',{ts '2019-10-16 11:58:58.250'},'assistenza','S','int','int','System.Int32')
GO

IF exists(SELECT * FROM [coldescr] WHERE colname = 'idcanale' AND tablename = 'rendicontlezionestud')
UPDATE [coldescr] SET col_len = '4',col_precision = null,col_scale = null,description = null,kind = 'S',lt = {ts '2019-10-16 11:58:58.250'},lu = 'assistenza',primarykey = 'S',sql_declaration = 'int',sql_type = 'int',system_type = 'System.Int32' WHERE colname = 'idcanale' AND tablename = 'rendicontlezionestud'
ELSE
INSERT INTO [coldescr] (colname,tablename,col_len,col_precision,col_scale,description,kind,lt,lu,primarykey,sql_declaration,sql_type,system_type) VALUES ('idcanale','rendicontlezionestud','4',null,null,null,'S',{ts '2019-10-16 11:58:58.250'},'assistenza','S','int','int','System.Int32')
GO

IF exists(SELECT * FROM [coldescr] WHERE colname = 'idcorsostudio' AND tablename = 'rendicontlezionestud')
UPDATE [coldescr] SET col_len = '4',col_precision = null,col_scale = null,description = null,kind = 'S',lt = {ts '2019-10-16 11:58:58.250'},lu = 'assistenza',primarykey = 'S',sql_declaration = 'int',sql_type = 'int',system_type = 'System.Int32' WHERE colname = 'idcorsostudio' AND tablename = 'rendicontlezionestud'
ELSE
INSERT INTO [coldescr] (colname,tablename,col_len,col_precision,col_scale,description,kind,lt,lu,primarykey,sql_declaration,sql_type,system_type) VALUES ('idcorsostudio','rendicontlezionestud','4',null,null,null,'S',{ts '2019-10-16 11:58:58.250'},'assistenza','S','int','int','System.Int32')
GO

IF exists(SELECT * FROM [coldescr] WHERE colname = 'iddidprog' AND tablename = 'rendicontlezionestud')
UPDATE [coldescr] SET col_len = '4',col_precision = null,col_scale = null,description = null,kind = 'S',lt = {ts '2019-10-16 11:58:58.253'},lu = 'assistenza',primarykey = 'S',sql_declaration = 'int',sql_type = 'int',system_type = 'System.Int32' WHERE colname = 'iddidprog' AND tablename = 'rendicontlezionestud'
ELSE
INSERT INTO [coldescr] (colname,tablename,col_len,col_precision,col_scale,description,kind,lt,lu,primarykey,sql_declaration,sql_type,system_type) VALUES ('iddidprog','rendicontlezionestud','4',null,null,null,'S',{ts '2019-10-16 11:58:58.253'},'assistenza','S','int','int','System.Int32')
GO

IF exists(SELECT * FROM [coldescr] WHERE colname = 'iddidproganno' AND tablename = 'rendicontlezionestud')
UPDATE [coldescr] SET col_len = '4',col_precision = null,col_scale = null,description = null,kind = 'S',lt = {ts '2019-10-16 11:58:58.253'},lu = 'assistenza',primarykey = 'S',sql_declaration = 'int',sql_type = 'int',system_type = 'System.Int32' WHERE colname = 'iddidproganno' AND tablename = 'rendicontlezionestud'
ELSE
INSERT INTO [coldescr] (colname,tablename,col_len,col_precision,col_scale,description,kind,lt,lu,primarykey,sql_declaration,sql_type,system_type) VALUES ('iddidproganno','rendicontlezionestud','4',null,null,null,'S',{ts '2019-10-16 11:58:58.253'},'assistenza','S','int','int','System.Int32')
GO

IF exists(SELECT * FROM [coldescr] WHERE colname = 'iddidprogcurr' AND tablename = 'rendicontlezionestud')
UPDATE [coldescr] SET col_len = '4',col_precision = null,col_scale = null,description = null,kind = 'S',lt = {ts '2019-10-16 11:58:58.253'},lu = 'assistenza',primarykey = 'S',sql_declaration = 'int',sql_type = 'int',system_type = 'System.Int32' WHERE colname = 'iddidprogcurr' AND tablename = 'rendicontlezionestud'
ELSE
INSERT INTO [coldescr] (colname,tablename,col_len,col_precision,col_scale,description,kind,lt,lu,primarykey,sql_declaration,sql_type,system_type) VALUES ('iddidprogcurr','rendicontlezionestud','4',null,null,null,'S',{ts '2019-10-16 11:58:58.253'},'assistenza','S','int','int','System.Int32')
GO

IF exists(SELECT * FROM [coldescr] WHERE colname = 'iddidprogori' AND tablename = 'rendicontlezionestud')
UPDATE [coldescr] SET col_len = '4',col_precision = null,col_scale = null,description = null,kind = 'S',lt = {ts '2019-10-16 11:58:58.253'},lu = 'assistenza',primarykey = 'S',sql_declaration = 'int',sql_type = 'int',system_type = 'System.Int32' WHERE colname = 'iddidprogori' AND tablename = 'rendicontlezionestud'
ELSE
INSERT INTO [coldescr] (colname,tablename,col_len,col_precision,col_scale,description,kind,lt,lu,primarykey,sql_declaration,sql_type,system_type) VALUES ('iddidprogori','rendicontlezionestud','4',null,null,null,'S',{ts '2019-10-16 11:58:58.253'},'assistenza','S','int','int','System.Int32')
GO

IF exists(SELECT * FROM [coldescr] WHERE colname = 'iddidprogporzanno' AND tablename = 'rendicontlezionestud')
UPDATE [coldescr] SET col_len = '4',col_precision = null,col_scale = null,description = null,kind = 'S',lt = {ts '2019-10-16 11:58:58.253'},lu = 'assistenza',primarykey = 'S',sql_declaration = 'int',sql_type = 'int',system_type = 'System.Int32' WHERE colname = 'iddidprogporzanno' AND tablename = 'rendicontlezionestud'
ELSE
INSERT INTO [coldescr] (colname,tablename,col_len,col_precision,col_scale,description,kind,lt,lu,primarykey,sql_declaration,sql_type,system_type) VALUES ('iddidprogporzanno','rendicontlezionestud','4',null,null,null,'S',{ts '2019-10-16 11:58:58.253'},'assistenza','S','int','int','System.Int32')
GO

IF exists(SELECT * FROM [coldescr] WHERE colname = 'idedificio' AND tablename = 'rendicontlezionestud')
UPDATE [coldescr] SET col_len = '4',col_precision = null,col_scale = null,description = null,kind = 'S',lt = {ts '2019-10-16 11:58:58.253'},lu = 'assistenza',primarykey = 'S',sql_declaration = 'int',sql_type = 'int',system_type = 'System.Int32' WHERE colname = 'idedificio' AND tablename = 'rendicontlezionestud'
ELSE
INSERT INTO [coldescr] (colname,tablename,col_len,col_precision,col_scale,description,kind,lt,lu,primarykey,sql_declaration,sql_type,system_type) VALUES ('idedificio','rendicontlezionestud','4',null,null,null,'S',{ts '2019-10-16 11:58:58.253'},'assistenza','S','int','int','System.Int32')
GO

IF exists(SELECT * FROM [coldescr] WHERE colname = 'idlezione' AND tablename = 'rendicontlezionestud')
UPDATE [coldescr] SET col_len = '4',col_precision = null,col_scale = null,description = 'Lezione',kind = 'S',lt = {ts '2019-10-15 15:56:55.320'},lu = 'assistenza',primarykey = 'S',sql_declaration = 'int',sql_type = 'int',system_type = 'System.Int32' WHERE colname = 'idlezione' AND tablename = 'rendicontlezionestud'
ELSE
INSERT INTO [coldescr] (colname,tablename,col_len,col_precision,col_scale,description,kind,lt,lu,primarykey,sql_declaration,sql_type,system_type) VALUES ('idlezione','rendicontlezionestud','4',null,null,'Lezione','S',{ts '2019-10-15 15:56:55.320'},'assistenza','S','int','int','System.Int32')
GO

IF exists(SELECT * FROM [coldescr] WHERE colname = 'idreg_docenti' AND tablename = 'rendicontlezionestud')
UPDATE [coldescr] SET col_len = '4',col_precision = null,col_scale = null,description = 'Docente',kind = 'S',lt = {ts '2019-10-15 15:56:55.320'},lu = 'assistenza',primarykey = 'S',sql_declaration = 'int',sql_type = 'int',system_type = 'System.Int32' WHERE colname = 'idreg_docenti' AND tablename = 'rendicontlezionestud'
ELSE
INSERT INTO [coldescr] (colname,tablename,col_len,col_precision,col_scale,description,kind,lt,lu,primarykey,sql_declaration,sql_type,system_type) VALUES ('idreg_docenti','rendicontlezionestud','4',null,null,'Docente','S',{ts '2019-10-15 15:56:55.320'},'assistenza','S','int','int','System.Int32')
GO

IF exists(SELECT * FROM [coldescr] WHERE colname = 'idreg_studenti' AND tablename = 'rendicontlezionestud')
UPDATE [coldescr] SET col_len = '4',col_precision = null,col_scale = null,description = 'Studente',kind = 'S',lt = {ts '2019-02-25 15:46:06.467'},lu = 'assistenza',primarykey = 'S',sql_declaration = 'int',sql_type = 'int',system_type = 'System.Int32' WHERE colname = 'idreg_studenti' AND tablename = 'rendicontlezionestud'
ELSE
INSERT INTO [coldescr] (colname,tablename,col_len,col_precision,col_scale,description,kind,lt,lu,primarykey,sql_declaration,sql_type,system_type) VALUES ('idreg_studenti','rendicontlezionestud','4',null,null,'Studente','S',{ts '2019-02-25 15:46:06.467'},'assistenza','S','int','int','System.Int32')
GO

IF exists(SELECT * FROM [coldescr] WHERE colname = 'idrendicontlezione' AND tablename = 'rendicontlezionestud')
UPDATE [coldescr] SET col_len = '4',col_precision = null,col_scale = null,description = 'Registro della lezione',kind = 'S',lt = {ts '2019-02-25 15:46:06.467'},lu = 'assistenza',primarykey = 'S',sql_declaration = 'int',sql_type = 'int',system_type = 'System.Int32' WHERE colname = 'idrendicontlezione' AND tablename = 'rendicontlezionestud'
ELSE
INSERT INTO [coldescr] (colname,tablename,col_len,col_precision,col_scale,description,kind,lt,lu,primarykey,sql_declaration,sql_type,system_type) VALUES ('idrendicontlezione','rendicontlezionestud','4',null,null,'Registro della lezione','S',{ts '2019-02-25 15:46:06.467'},'assistenza','S','int','int','System.Int32')
GO

IF exists(SELECT * FROM [coldescr] WHERE colname = 'idsede' AND tablename = 'rendicontlezionestud')
UPDATE [coldescr] SET col_len = '4',col_precision = null,col_scale = null,description = null,kind = 'S',lt = {ts '2019-10-16 11:58:58.253'},lu = 'assistenza',primarykey = 'S',sql_declaration = 'int',sql_type = 'int',system_type = 'System.Int32' WHERE colname = 'idsede' AND tablename = 'rendicontlezionestud'
ELSE
INSERT INTO [coldescr] (colname,tablename,col_len,col_precision,col_scale,description,kind,lt,lu,primarykey,sql_declaration,sql_type,system_type) VALUES ('idsede','rendicontlezionestud','4',null,null,null,'S',{ts '2019-10-16 11:58:58.253'},'assistenza','S','int','int','System.Int32')
GO

IF exists(SELECT * FROM [coldescr] WHERE colname = 'lt' AND tablename = 'rendicontlezionestud')
UPDATE [coldescr] SET col_len = '8',col_precision = null,col_scale = null,description = null,kind = 'S',lt = {ts '2018-12-07 18:42:16.820'},lu = 'assistenza',primarykey = 'N',sql_declaration = 'datetime',sql_type = 'datetime',system_type = 'System.DateTime' WHERE colname = 'lt' AND tablename = 'rendicontlezionestud'
ELSE
INSERT INTO [coldescr] (colname,tablename,col_len,col_precision,col_scale,description,kind,lt,lu,primarykey,sql_declaration,sql_type,system_type) VALUES ('lt','rendicontlezionestud','8',null,null,null,'S',{ts '2018-12-07 18:42:16.820'},'assistenza','N','datetime','datetime','System.DateTime')
GO

IF exists(SELECT * FROM [coldescr] WHERE colname = 'lu' AND tablename = 'rendicontlezionestud')
UPDATE [coldescr] SET col_len = '64',col_precision = null,col_scale = null,description = null,kind = 'S',lt = {ts '2018-12-07 18:42:16.820'},lu = 'assistenza',primarykey = 'N',sql_declaration = 'varchar(64)',sql_type = 'varchar',system_type = 'System.String' WHERE colname = 'lu' AND tablename = 'rendicontlezionestud'
ELSE
INSERT INTO [coldescr] (colname,tablename,col_len,col_precision,col_scale,description,kind,lt,lu,primarykey,sql_declaration,sql_type,system_type) VALUES ('lu','rendicontlezionestud','64',null,null,null,'S',{ts '2018-12-07 18:42:16.820'},'assistenza','N','varchar(64)','varchar','System.String')
GO

IF exists(SELECT * FROM [coldescr] WHERE colname = 'notadisciplinare' AND tablename = 'rendicontlezionestud')
UPDATE [coldescr] SET col_len = '1024',col_precision = null,col_scale = null,description = 'Nota disciplinare',kind = 'S',lt = {ts '2019-02-25 15:46:06.467'},lu = 'assistenza',primarykey = 'N',sql_declaration = 'varchar(1024)',sql_type = 'varchar',system_type = 'System.String' WHERE colname = 'notadisciplinare' AND tablename = 'rendicontlezionestud'
ELSE
INSERT INTO [coldescr] (colname,tablename,col_len,col_precision,col_scale,description,kind,lt,lu,primarykey,sql_declaration,sql_type,system_type) VALUES ('notadisciplinare','rendicontlezionestud','1024',null,null,'Nota disciplinare','S',{ts '2019-02-25 15:46:06.467'},'assistenza','N','varchar(1024)','varchar','System.String')
GO

IF exists(SELECT * FROM [coldescr] WHERE colname = 'ritardo' AND tablename = 'rendicontlezionestud')
UPDATE [coldescr] SET col_len = '8',col_precision = null,col_scale = null,description = null,kind = 'S',lt = {ts '2018-12-07 18:42:16.820'},lu = 'assistenza',primarykey = 'N',sql_declaration = 'datetime',sql_type = 'datetime',system_type = 'System.DateTime' WHERE colname = 'ritardo' AND tablename = 'rendicontlezionestud'
ELSE
INSERT INTO [coldescr] (colname,tablename,col_len,col_precision,col_scale,description,kind,lt,lu,primarykey,sql_declaration,sql_type,system_type) VALUES ('ritardo','rendicontlezionestud','8',null,null,null,'S',{ts '2018-12-07 18:42:16.820'},'assistenza','N','datetime','datetime','System.DateTime')
GO

IF exists(SELECT * FROM [coldescr] WHERE colname = 'ritardogiustifica' AND tablename = 'rendicontlezionestud')
UPDATE [coldescr] SET col_len = '1024',col_precision = null,col_scale = null,description = 'Giustificazione del ritardo',kind = 'S',lt = {ts '2019-02-25 15:46:06.467'},lu = 'assistenza',primarykey = 'N',sql_declaration = 'varchar(1024)',sql_type = 'varchar',system_type = 'System.String' WHERE colname = 'ritardogiustifica' AND tablename = 'rendicontlezionestud'
ELSE
INSERT INTO [coldescr] (colname,tablename,col_len,col_precision,col_scale,description,kind,lt,lu,primarykey,sql_declaration,sql_type,system_type) VALUES ('ritardogiustifica','rendicontlezionestud','1024',null,null,'Giustificazione del ritardo','S',{ts '2019-02-25 15:46:06.467'},'assistenza','N','varchar(1024)','varchar','System.String')
GO

-- FINE GENERAZIONE SCRIPT --


-- GENERAZIONE DATI PER relation --
IF exists(SELECT * FROM [relation] WHERE idrelation = '3443')
UPDATE [relation] SET childtable = 'rendicontlezionestud',description = 'Studenti della lezione',lt = {ts '2018-12-07 18:44:24.347'},lu = 'assistenza',parenttable = 'rendicontlezione',title = 'descrive una riga del registro elettronico' WHERE idrelation = '3443'
ELSE
INSERT INTO [relation] (idrelation,childtable,description,lt,lu,parenttable,title) VALUES ('3443','rendicontlezionestud','Studenti della lezione',{ts '2018-12-07 18:44:24.347'},'assistenza','rendicontlezione','descrive una riga del registro elettronico')
GO

-- FINE GENERAZIONE SCRIPT --


-- GENERAZIONE DATI PER tabledescr --
IF exists(SELECT * FROM [tabledescr] WHERE tablename = 'sasd')
UPDATE [tabledescr] SET description = 'VOCABOLARIO MIUR dei settori artistico-scientifico disciplinari',idapplication = '3',isdbo = 'S',lt = {ts '2021-02-19 13:33:53.620'},lu = 'assistenza',title = 'Settori artistico-scientifico disciplinari' WHERE tablename = 'sasd'
ELSE
INSERT INTO [tabledescr] (tablename,description,idapplication,isdbo,lt,lu,title) VALUES ('sasd','VOCABOLARIO MIUR dei settori artistico-scientifico disciplinari','3','S',{ts '2021-02-19 13:33:53.620'},'assistenza','Settori artistico-scientifico disciplinari')
GO

-- FINE GENERAZIONE SCRIPT --


-- GENERAZIONE DATI PER coldescr --
IF exists(SELECT * FROM [coldescr] WHERE colname = 'codice' AND tablename = 'sasd')
UPDATE [coldescr] SET col_len = '50',col_precision = null,col_scale = null,description = null,kind = 'S',lt = {ts '2018-07-17 17:32:31.480'},lu = 'assistenza',primarykey = 'N',sql_declaration = 'varchar(50)',sql_type = 'varchar',system_type = 'System.String' WHERE colname = 'codice' AND tablename = 'sasd'
ELSE
INSERT INTO [coldescr] (colname,tablename,col_len,col_precision,col_scale,description,kind,lt,lu,primarykey,sql_declaration,sql_type,system_type) VALUES ('codice','sasd','50',null,null,null,'S',{ts '2018-07-17 17:32:31.480'},'assistenza','N','varchar(50)','varchar','System.String')
GO

IF exists(SELECT * FROM [coldescr] WHERE colname = 'codice_old' AND tablename = 'sasd')
UPDATE [coldescr] SET col_len = '4',col_precision = null,col_scale = null,description = 'Codice legge precedente',kind = 'S',lt = {ts '2019-01-25 17:43:28.590'},lu = 'assistenza',primarykey = 'N',sql_declaration = 'varchar(4)',sql_type = 'varchar',system_type = 'System.String' WHERE colname = 'codice_old' AND tablename = 'sasd'
ELSE
INSERT INTO [coldescr] (colname,tablename,col_len,col_precision,col_scale,description,kind,lt,lu,primarykey,sql_declaration,sql_type,system_type) VALUES ('codice_old','sasd','4',null,null,'Codice legge precedente','S',{ts '2019-01-25 17:43:28.590'},'assistenza','N','varchar(4)','varchar','System.String')
GO

IF exists(SELECT * FROM [coldescr] WHERE colname = 'idareadidattica' AND tablename = 'sasd')
UPDATE [coldescr] SET col_len = '4',col_precision = null,col_scale = null,description = 'Area o ambito disciplinare',kind = 'S',lt = {ts '2018-12-10 16:56:54.257'},lu = 'assistenza',primarykey = 'N',sql_declaration = 'int',sql_type = 'int',system_type = 'System.Int32' WHERE colname = 'idareadidattica' AND tablename = 'sasd'
ELSE
INSERT INTO [coldescr] (colname,tablename,col_len,col_precision,col_scale,description,kind,lt,lu,primarykey,sql_declaration,sql_type,system_type) VALUES ('idareadidattica','sasd','4',null,null,'Area o ambito disciplinare','S',{ts '2018-12-10 16:56:54.257'},'assistenza','N','int','int','System.Int32')
GO

IF exists(SELECT * FROM [coldescr] WHERE colname = 'idsasd' AND tablename = 'sasd')
UPDATE [coldescr] SET col_len = '4',col_precision = null,col_scale = null,description = 'Codice Istituto',kind = 'S',lt = {ts '2018-11-21 18:44:47.123'},lu = 'assistenza',primarykey = 'S',sql_declaration = 'int',sql_type = 'int',system_type = 'System.Int32' WHERE colname = 'idsasd' AND tablename = 'sasd'
ELSE
INSERT INTO [coldescr] (colname,tablename,col_len,col_precision,col_scale,description,kind,lt,lu,primarykey,sql_declaration,sql_type,system_type) VALUES ('idsasd','sasd','4',null,null,'Codice Istituto','S',{ts '2018-11-21 18:44:47.123'},'assistenza','S','int','int','System.Int32')
GO

IF exists(SELECT * FROM [coldescr] WHERE colname = 'lt' AND tablename = 'sasd')
UPDATE [coldescr] SET col_len = '8',col_precision = null,col_scale = null,description = null,kind = 'S',lt = {ts '2018-12-10 16:38:35.547'},lu = 'assistenza',primarykey = 'N',sql_declaration = 'datetime',sql_type = 'datetime',system_type = 'System.DateTime' WHERE colname = 'lt' AND tablename = 'sasd'
ELSE
INSERT INTO [coldescr] (colname,tablename,col_len,col_precision,col_scale,description,kind,lt,lu,primarykey,sql_declaration,sql_type,system_type) VALUES ('lt','sasd','8',null,null,null,'S',{ts '2018-12-10 16:38:35.547'},'assistenza','N','datetime','datetime','System.DateTime')
GO

IF exists(SELECT * FROM [coldescr] WHERE colname = 'lu' AND tablename = 'sasd')
UPDATE [coldescr] SET col_len = '64',col_precision = null,col_scale = null,description = null,kind = 'S',lt = {ts '2018-12-10 16:38:35.547'},lu = 'assistenza',primarykey = 'N',sql_declaration = 'varchar(64)',sql_type = 'varchar',system_type = 'System.String' WHERE colname = 'lu' AND tablename = 'sasd'
ELSE
INSERT INTO [coldescr] (colname,tablename,col_len,col_precision,col_scale,description,kind,lt,lu,primarykey,sql_declaration,sql_type,system_type) VALUES ('lu','sasd','64',null,null,null,'S',{ts '2018-12-10 16:38:35.547'},'assistenza','N','varchar(64)','varchar','System.String')
GO

IF exists(SELECT * FROM [coldescr] WHERE colname = 'title' AND tablename = 'sasd')
UPDATE [coldescr] SET col_len = '255',col_precision = null,col_scale = null,description = 'Settore Artistico Scientifico Disciplinare',kind = 'S',lt = {ts '2018-12-10 16:56:54.257'},lu = 'assistenza',primarykey = 'N',sql_declaration = 'varchar(255)',sql_type = 'varchar',system_type = 'System.String' WHERE colname = 'title' AND tablename = 'sasd'
ELSE
INSERT INTO [coldescr] (colname,tablename,col_len,col_precision,col_scale,description,kind,lt,lu,primarykey,sql_declaration,sql_type,system_type) VALUES ('title','sasd','255',null,null,'Settore Artistico Scientifico Disciplinare','S',{ts '2018-12-10 16:56:54.257'},'assistenza','N','varchar(255)','varchar','System.String')
GO

-- FINE GENERAZIONE SCRIPT --


-- GENERAZIONE DATI PER tabledescr --
IF exists(SELECT * FROM [tabledescr] WHERE tablename = 'sede')
UPDATE [tabledescr] SET description = '2.4.26 Sedi',idapplication = '3',isdbo = 'N',lt = {ts '2021-02-19 15:55:33.800'},lu = 'assistenza',title = 'Sedi' WHERE tablename = 'sede'
ELSE
INSERT INTO [tabledescr] (tablename,description,idapplication,isdbo,lt,lu,title) VALUES ('sede','2.4.26 Sedi','3','N',{ts '2021-02-19 15:55:33.800'},'assistenza','Sedi')
GO

-- FINE GENERAZIONE SCRIPT --


-- GENERAZIONE DATI PER coldescr --
IF exists(SELECT * FROM [coldescr] WHERE colname = 'address' AND tablename = 'sede')
UPDATE [coldescr] SET col_len = '100',col_precision = null,col_scale = null,description = 'Indirizzo',kind = 'S',lt = {ts '2019-08-30 12:52:02.833'},lu = 'assistenza',primarykey = 'N',sql_declaration = 'varchar(100)',sql_type = 'varchar',system_type = 'System.String' WHERE colname = 'address' AND tablename = 'sede'
ELSE
INSERT INTO [coldescr] (colname,tablename,col_len,col_precision,col_scale,description,kind,lt,lu,primarykey,sql_declaration,sql_type,system_type) VALUES ('address','sede','100',null,null,'Indirizzo','S',{ts '2019-08-30 12:52:02.833'},'assistenza','N','varchar(100)','varchar','System.String')
GO

IF exists(SELECT * FROM [coldescr] WHERE colname = 'annotations' AND tablename = 'sede')
UPDATE [coldescr] SET col_len = '400',col_precision = null,col_scale = null,description = 'Note',kind = 'S',lt = {ts '2019-08-30 12:52:02.837'},lu = 'assistenza',primarykey = 'N',sql_declaration = 'varchar(400)',sql_type = 'varchar',system_type = 'System.String' WHERE colname = 'annotations' AND tablename = 'sede'
ELSE
INSERT INTO [coldescr] (colname,tablename,col_len,col_precision,col_scale,description,kind,lt,lu,primarykey,sql_declaration,sql_type,system_type) VALUES ('annotations','sede','400',null,null,'Note','S',{ts '2019-08-30 12:52:02.837'},'assistenza','N','varchar(400)','varchar','System.String')
GO

IF exists(SELECT * FROM [coldescr] WHERE colname = 'cap' AND tablename = 'sede')
UPDATE [coldescr] SET col_len = '20',col_precision = null,col_scale = null,description = 'CAP',kind = 'S',lt = {ts '2019-08-30 12:52:02.837'},lu = 'assistenza',primarykey = 'N',sql_declaration = 'varchar(20)',sql_type = 'varchar',system_type = 'System.String' WHERE colname = 'cap' AND tablename = 'sede'
ELSE
INSERT INTO [coldescr] (colname,tablename,col_len,col_precision,col_scale,description,kind,lt,lu,primarykey,sql_declaration,sql_type,system_type) VALUES ('cap','sede','20',null,null,'CAP','S',{ts '2019-08-30 12:52:02.837'},'assistenza','N','varchar(20)','varchar','System.String')
GO

IF exists(SELECT * FROM [coldescr] WHERE colname = 'ct' AND tablename = 'sede')
UPDATE [coldescr] SET col_len = '8',col_precision = null,col_scale = null,description = null,kind = 'S',lt = {ts '2019-08-30 12:48:37.667'},lu = 'assistenza',primarykey = 'N',sql_declaration = 'datetime',sql_type = 'datetime',system_type = 'System.DateTime' WHERE colname = 'ct' AND tablename = 'sede'
ELSE
INSERT INTO [coldescr] (colname,tablename,col_len,col_precision,col_scale,description,kind,lt,lu,primarykey,sql_declaration,sql_type,system_type) VALUES ('ct','sede','8',null,null,null,'S',{ts '2019-08-30 12:48:37.667'},'assistenza','N','datetime','datetime','System.DateTime')
GO

IF exists(SELECT * FROM [coldescr] WHERE colname = 'cu' AND tablename = 'sede')
UPDATE [coldescr] SET col_len = '64',col_precision = null,col_scale = null,description = null,kind = 'S',lt = {ts '2019-08-30 12:48:37.667'},lu = 'assistenza',primarykey = 'N',sql_declaration = 'varchar(64)',sql_type = 'varchar',system_type = 'System.String' WHERE colname = 'cu' AND tablename = 'sede'
ELSE
INSERT INTO [coldescr] (colname,tablename,col_len,col_precision,col_scale,description,kind,lt,lu,primarykey,sql_declaration,sql_type,system_type) VALUES ('cu','sede','64',null,null,null,'S',{ts '2019-08-30 12:48:37.667'},'assistenza','N','varchar(64)','varchar','System.String')
GO

IF exists(SELECT * FROM [coldescr] WHERE colname = 'idcity' AND tablename = 'sede')
UPDATE [coldescr] SET col_len = '4',col_precision = null,col_scale = null,description = 'Comune',kind = 'S',lt = {ts '2019-08-30 12:52:02.837'},lu = 'assistenza',primarykey = 'N',sql_declaration = 'int',sql_type = 'int',system_type = 'System.Int32' WHERE colname = 'idcity' AND tablename = 'sede'
ELSE
INSERT INTO [coldescr] (colname,tablename,col_len,col_precision,col_scale,description,kind,lt,lu,primarykey,sql_declaration,sql_type,system_type) VALUES ('idcity','sede','4',null,null,'Comune','S',{ts '2019-08-30 12:52:02.837'},'assistenza','N','int','int','System.Int32')
GO

IF exists(SELECT * FROM [coldescr] WHERE colname = 'idnation' AND tablename = 'sede')
UPDATE [coldescr] SET col_len = '4',col_precision = null,col_scale = null,description = 'Nazione',kind = 'S',lt = {ts '2019-08-30 12:52:02.837'},lu = 'assistenza',primarykey = 'N',sql_declaration = 'int',sql_type = 'int',system_type = 'System.Int32' WHERE colname = 'idnation' AND tablename = 'sede'
ELSE
INSERT INTO [coldescr] (colname,tablename,col_len,col_precision,col_scale,description,kind,lt,lu,primarykey,sql_declaration,sql_type,system_type) VALUES ('idnation','sede','4',null,null,'Nazione','S',{ts '2019-08-30 12:52:02.837'},'assistenza','N','int','int','System.Int32')
GO

IF exists(SELECT * FROM [coldescr] WHERE colname = 'idreg' AND tablename = 'sede')
UPDATE [coldescr] SET col_len = '4',col_precision = null,col_scale = null,description = 'Istituto o Ente',kind = 'S',lt = {ts '2019-08-30 12:52:02.837'},lu = 'assistenza',primarykey = 'N',sql_declaration = 'int',sql_type = 'int',system_type = 'System.Int32' WHERE colname = 'idreg' AND tablename = 'sede'
ELSE
INSERT INTO [coldescr] (colname,tablename,col_len,col_precision,col_scale,description,kind,lt,lu,primarykey,sql_declaration,sql_type,system_type) VALUES ('idreg','sede','4',null,null,'Istituto o Ente','S',{ts '2019-08-30 12:52:02.837'},'assistenza','N','int','int','System.Int32')
GO

IF exists(SELECT * FROM [coldescr] WHERE colname = 'idsede' AND tablename = 'sede')
UPDATE [coldescr] SET col_len = '4',col_precision = null,col_scale = null,description = 'Codice',kind = 'S',lt = {ts '2019-08-30 12:52:02.837'},lu = 'assistenza',primarykey = 'S',sql_declaration = 'int',sql_type = 'int',system_type = 'System.Int32' WHERE colname = 'idsede' AND tablename = 'sede'
ELSE
INSERT INTO [coldescr] (colname,tablename,col_len,col_precision,col_scale,description,kind,lt,lu,primarykey,sql_declaration,sql_type,system_type) VALUES ('idsede','sede','4',null,null,'Codice','S',{ts '2019-08-30 12:52:02.837'},'assistenza','S','int','int','System.Int32')
GO

IF exists(SELECT * FROM [coldescr] WHERE colname = 'idsedemiur' AND tablename = 'sede')
UPDATE [coldescr] SET col_len = '4',col_precision = null,col_scale = null,description = 'Identificativo MIUR',kind = 'S',lt = {ts '2019-08-30 12:52:02.837'},lu = 'assistenza',primarykey = 'N',sql_declaration = 'int',sql_type = 'int',system_type = 'System.Int32' WHERE colname = 'idsedemiur' AND tablename = 'sede'
ELSE
INSERT INTO [coldescr] (colname,tablename,col_len,col_precision,col_scale,description,kind,lt,lu,primarykey,sql_declaration,sql_type,system_type) VALUES ('idsedemiur','sede','4',null,null,'Identificativo MIUR','S',{ts '2019-08-30 12:52:02.837'},'assistenza','N','int','int','System.Int32')
GO

IF exists(SELECT * FROM [coldescr] WHERE colname = 'latitude' AND tablename = 'sede')
UPDATE [coldescr] SET col_len = '8',col_precision = null,col_scale = null,description = 'Latitudine',kind = 'S',lt = {ts '2019-08-30 12:52:02.837'},lu = 'assistenza',primarykey = 'N',sql_declaration = 'float',sql_type = 'float',system_type = 'System.Double' WHERE colname = 'latitude' AND tablename = 'sede'
ELSE
INSERT INTO [coldescr] (colname,tablename,col_len,col_precision,col_scale,description,kind,lt,lu,primarykey,sql_declaration,sql_type,system_type) VALUES ('latitude','sede','8',null,null,'Latitudine','S',{ts '2019-08-30 12:52:02.837'},'assistenza','N','float','float','System.Double')
GO

IF exists(SELECT * FROM [coldescr] WHERE colname = 'longitude' AND tablename = 'sede')
UPDATE [coldescr] SET col_len = '8',col_precision = null,col_scale = null,description = 'Longitudine',kind = 'S',lt = {ts '2019-08-30 12:52:02.837'},lu = 'assistenza',primarykey = 'N',sql_declaration = 'float',sql_type = 'float',system_type = 'System.Double' WHERE colname = 'longitude' AND tablename = 'sede'
ELSE
INSERT INTO [coldescr] (colname,tablename,col_len,col_precision,col_scale,description,kind,lt,lu,primarykey,sql_declaration,sql_type,system_type) VALUES ('longitude','sede','8',null,null,'Longitudine','S',{ts '2019-08-30 12:52:02.837'},'assistenza','N','float','float','System.Double')
GO

IF exists(SELECT * FROM [coldescr] WHERE colname = 'lt' AND tablename = 'sede')
UPDATE [coldescr] SET col_len = '8',col_precision = null,col_scale = null,description = null,kind = 'S',lt = {ts '2019-08-30 12:48:37.667'},lu = 'assistenza',primarykey = 'N',sql_declaration = 'datetime',sql_type = 'datetime',system_type = 'System.DateTime' WHERE colname = 'lt' AND tablename = 'sede'
ELSE
INSERT INTO [coldescr] (colname,tablename,col_len,col_precision,col_scale,description,kind,lt,lu,primarykey,sql_declaration,sql_type,system_type) VALUES ('lt','sede','8',null,null,null,'S',{ts '2019-08-30 12:48:37.667'},'assistenza','N','datetime','datetime','System.DateTime')
GO

IF exists(SELECT * FROM [coldescr] WHERE colname = 'lu' AND tablename = 'sede')
UPDATE [coldescr] SET col_len = '64',col_precision = null,col_scale = null,description = null,kind = 'S',lt = {ts '2019-08-30 12:48:37.667'},lu = 'assistenza',primarykey = 'N',sql_declaration = 'varchar(64)',sql_type = 'varchar',system_type = 'System.String' WHERE colname = 'lu' AND tablename = 'sede'
ELSE
INSERT INTO [coldescr] (colname,tablename,col_len,col_precision,col_scale,description,kind,lt,lu,primarykey,sql_declaration,sql_type,system_type) VALUES ('lu','sede','64',null,null,null,'S',{ts '2019-08-30 12:48:37.667'},'assistenza','N','varchar(64)','varchar','System.String')
GO

IF exists(SELECT * FROM [coldescr] WHERE colname = 'title' AND tablename = 'sede')
UPDATE [coldescr] SET col_len = '1024',col_precision = null,col_scale = null,description = 'Denominazione',kind = 'S',lt = {ts '2019-08-30 12:52:02.840'},lu = 'assistenza',primarykey = 'N',sql_declaration = 'nvarchar(1024)',sql_type = 'nvarchar',system_type = 'System.String' WHERE colname = 'title' AND tablename = 'sede'
ELSE
INSERT INTO [coldescr] (colname,tablename,col_len,col_precision,col_scale,description,kind,lt,lu,primarykey,sql_declaration,sql_type,system_type) VALUES ('title','sede','1024',null,null,'Denominazione','S',{ts '2019-08-30 12:52:02.840'},'assistenza','N','nvarchar(1024)','nvarchar','System.String')
GO

-- FINE GENERAZIONE SCRIPT --


-- GENERAZIONE DATI PER tabledescr --
IF exists(SELECT * FROM [tabledescr] WHERE tablename = 'sessione')
UPDATE [tabledescr] SET description = '2.2.6 Sessione di esami',idapplication = '2',isdbo = 'S',lt = {ts '2021-02-19 15:12:24.617'},lu = 'assistenza',title = 'Sessione di esami' WHERE tablename = 'sessione'
ELSE
INSERT INTO [tabledescr] (tablename,description,idapplication,isdbo,lt,lu,title) VALUES ('sessione','2.2.6 Sessione di esami','2','S',{ts '2021-02-19 15:12:24.617'},'assistenza','Sessione di esami')
GO

-- FINE GENERAZIONE SCRIPT --


-- GENERAZIONE DATI PER coldescr --
IF exists(SELECT * FROM [coldescr] WHERE colname = 'ct' AND tablename = 'sessione')
UPDATE [coldescr] SET col_len = '8',col_precision = null,col_scale = null,description = null,kind = 'S',lt = {ts '2018-07-18 17:28:55.897'},lu = 'assistenza',primarykey = 'N',sql_declaration = 'datetime',sql_type = 'datetime',system_type = 'System.DateTime' WHERE colname = 'ct' AND tablename = 'sessione'
ELSE
INSERT INTO [coldescr] (colname,tablename,col_len,col_precision,col_scale,description,kind,lt,lu,primarykey,sql_declaration,sql_type,system_type) VALUES ('ct','sessione','8',null,null,null,'S',{ts '2018-07-18 17:28:55.897'},'assistenza','N','datetime','datetime','System.DateTime')
GO

IF exists(SELECT * FROM [coldescr] WHERE colname = 'cu' AND tablename = 'sessione')
UPDATE [coldescr] SET col_len = '64',col_precision = null,col_scale = null,description = null,kind = 'S',lt = {ts '2018-07-18 17:28:55.897'},lu = 'assistenza',primarykey = 'N',sql_declaration = 'varchar(64)',sql_type = 'varchar',system_type = 'System.String' WHERE colname = 'cu' AND tablename = 'sessione'
ELSE
INSERT INTO [coldescr] (colname,tablename,col_len,col_precision,col_scale,description,kind,lt,lu,primarykey,sql_declaration,sql_type,system_type) VALUES ('cu','sessione','64',null,null,null,'S',{ts '2018-07-18 17:28:55.897'},'assistenza','N','varchar(64)','varchar','System.String')
GO

IF exists(SELECT * FROM [coldescr] WHERE colname = 'idappellokind' AND tablename = 'sessione')
UPDATE [coldescr] SET col_len = '4',col_precision = null,col_scale = null,description = 'Tipologia di appello',kind = 'S',lt = {ts '2019-02-27 16:12:57.800'},lu = 'assistenza',primarykey = 'N',sql_declaration = 'int',sql_type = 'int',system_type = 'System.Int32' WHERE colname = 'idappellokind' AND tablename = 'sessione'
ELSE
INSERT INTO [coldescr] (colname,tablename,col_len,col_precision,col_scale,description,kind,lt,lu,primarykey,sql_declaration,sql_type,system_type) VALUES ('idappellokind','sessione','4',null,null,'Tipologia di appello','S',{ts '2019-02-27 16:12:57.800'},'assistenza','N','int','int','System.Int32')
GO

IF exists(SELECT * FROM [coldescr] WHERE colname = 'idsessione' AND tablename = 'sessione')
UPDATE [coldescr] SET col_len = '4',col_precision = null,col_scale = null,description = null,kind = 'S',lt = {ts '2018-07-18 17:28:55.897'},lu = 'assistenza',primarykey = 'S',sql_declaration = 'int',sql_type = 'int',system_type = 'System.Int32' WHERE colname = 'idsessione' AND tablename = 'sessione'
ELSE
INSERT INTO [coldescr] (colname,tablename,col_len,col_precision,col_scale,description,kind,lt,lu,primarykey,sql_declaration,sql_type,system_type) VALUES ('idsessione','sessione','4',null,null,null,'S',{ts '2018-07-18 17:28:55.897'},'assistenza','S','int','int','System.Int32')
GO

IF exists(SELECT * FROM [coldescr] WHERE colname = 'idsessionekind' AND tablename = 'sessione')
UPDATE [coldescr] SET col_len = '4',col_precision = null,col_scale = null,description = 'Tipologia',kind = 'S',lt = {ts '2020-01-22 12:13:38.133'},lu = 'assistenza',primarykey = 'N',sql_declaration = 'int',sql_type = 'int',system_type = 'System.Int32' WHERE colname = 'idsessionekind' AND tablename = 'sessione'
ELSE
INSERT INTO [coldescr] (colname,tablename,col_len,col_precision,col_scale,description,kind,lt,lu,primarykey,sql_declaration,sql_type,system_type) VALUES ('idsessionekind','sessione','4',null,null,'Tipologia','S',{ts '2020-01-22 12:13:38.133'},'assistenza','N','int','int','System.Int32')
GO

IF exists(SELECT * FROM [coldescr] WHERE colname = 'lt' AND tablename = 'sessione')
UPDATE [coldescr] SET col_len = '8',col_precision = null,col_scale = null,description = null,kind = 'S',lt = {ts '2018-07-18 17:28:55.897'},lu = 'assistenza',primarykey = 'N',sql_declaration = 'datetime',sql_type = 'datetime',system_type = 'System.DateTime' WHERE colname = 'lt' AND tablename = 'sessione'
ELSE
INSERT INTO [coldescr] (colname,tablename,col_len,col_precision,col_scale,description,kind,lt,lu,primarykey,sql_declaration,sql_type,system_type) VALUES ('lt','sessione','8',null,null,null,'S',{ts '2018-07-18 17:28:55.897'},'assistenza','N','datetime','datetime','System.DateTime')
GO

IF exists(SELECT * FROM [coldescr] WHERE colname = 'lu' AND tablename = 'sessione')
UPDATE [coldescr] SET col_len = '64',col_precision = null,col_scale = null,description = null,kind = 'S',lt = {ts '2018-07-18 17:28:55.897'},lu = 'assistenza',primarykey = 'N',sql_declaration = 'varchar(64)',sql_type = 'varchar',system_type = 'System.String' WHERE colname = 'lu' AND tablename = 'sessione'
ELSE
INSERT INTO [coldescr] (colname,tablename,col_len,col_precision,col_scale,description,kind,lt,lu,primarykey,sql_declaration,sql_type,system_type) VALUES ('lu','sessione','64',null,null,null,'S',{ts '2018-07-18 17:28:55.897'},'assistenza','N','varchar(64)','varchar','System.String')
GO

IF exists(SELECT * FROM [coldescr] WHERE colname = 'start' AND tablename = 'sessione')
UPDATE [coldescr] SET col_len = '3',col_precision = null,col_scale = null,description = 'Data di inizio',kind = 'S',lt = {ts '2019-02-27 16:12:57.800'},lu = 'assistenza',primarykey = 'N',sql_declaration = 'date',sql_type = 'date',system_type = 'System.DateTime' WHERE colname = 'start' AND tablename = 'sessione'
ELSE
INSERT INTO [coldescr] (colname,tablename,col_len,col_precision,col_scale,description,kind,lt,lu,primarykey,sql_declaration,sql_type,system_type) VALUES ('start','sessione','3',null,null,'Data di inizio','S',{ts '2019-02-27 16:12:57.800'},'assistenza','N','date','date','System.DateTime')
GO

IF exists(SELECT * FROM [coldescr] WHERE colname = 'stop' AND tablename = 'sessione')
UPDATE [coldescr] SET col_len = '3',col_precision = null,col_scale = null,description = 'Data di fine',kind = 'S',lt = {ts '2019-02-27 16:12:57.800'},lu = 'assistenza',primarykey = 'N',sql_declaration = 'date',sql_type = 'date',system_type = 'System.DateTime' WHERE colname = 'stop' AND tablename = 'sessione'
ELSE
INSERT INTO [coldescr] (colname,tablename,col_len,col_precision,col_scale,description,kind,lt,lu,primarykey,sql_declaration,sql_type,system_type) VALUES ('stop','sessione','3',null,null,'Data di fine','S',{ts '2019-02-27 16:12:57.800'},'assistenza','N','date','date','System.DateTime')
GO

-- FINE GENERAZIONE SCRIPT --


-- GENERAZIONE DATI PER tabledescr --
IF exists(SELECT * FROM [tabledescr] WHERE tablename = 'sessionekind')
UPDATE [tabledescr] SET description = 'VOCABOLARIO modificabile da loro delle tipologie delle 2.2.6 Sessione di esami',idapplication = '2',isdbo = 'S',lt = {ts '2018-07-20 16:28:42.553'},lu = 'assistenza',title = 'Tipologie delle Sessione di esami' WHERE tablename = 'sessionekind'
ELSE
INSERT INTO [tabledescr] (tablename,description,idapplication,isdbo,lt,lu,title) VALUES ('sessionekind','VOCABOLARIO modificabile da loro delle tipologie delle 2.2.6 Sessione di esami','2','S',{ts '2018-07-20 16:28:42.553'},'assistenza','Tipologie delle Sessione di esami')
GO

-- FINE GENERAZIONE SCRIPT --


-- GENERAZIONE DATI PER coldescr --
IF exists(SELECT * FROM [coldescr] WHERE colname = 'active' AND tablename = 'sessionekind')
UPDATE [coldescr] SET col_len = '1',col_precision = null,col_scale = null,description = null,kind = 'S',lt = {ts '2018-07-18 17:29:36.653'},lu = 'assistenza',primarykey = 'N',sql_declaration = 'char(1)',sql_type = 'char',system_type = 'System.String' WHERE colname = 'active' AND tablename = 'sessionekind'
ELSE
INSERT INTO [coldescr] (colname,tablename,col_len,col_precision,col_scale,description,kind,lt,lu,primarykey,sql_declaration,sql_type,system_type) VALUES ('active','sessionekind','1',null,null,null,'S',{ts '2018-07-18 17:29:36.653'},'assistenza','N','char(1)','char','System.String')
GO

IF exists(SELECT * FROM [coldescr] WHERE colname = 'ct' AND tablename = 'sessionekind')
UPDATE [coldescr] SET col_len = '8',col_precision = null,col_scale = null,description = null,kind = 'S',lt = {ts '2018-07-18 17:29:36.653'},lu = 'assistenza',primarykey = 'N',sql_declaration = 'datetime',sql_type = 'datetime',system_type = 'System.DateTime' WHERE colname = 'ct' AND tablename = 'sessionekind'
ELSE
INSERT INTO [coldescr] (colname,tablename,col_len,col_precision,col_scale,description,kind,lt,lu,primarykey,sql_declaration,sql_type,system_type) VALUES ('ct','sessionekind','8',null,null,null,'S',{ts '2018-07-18 17:29:36.653'},'assistenza','N','datetime','datetime','System.DateTime')
GO

IF exists(SELECT * FROM [coldescr] WHERE colname = 'cu' AND tablename = 'sessionekind')
UPDATE [coldescr] SET col_len = '64',col_precision = null,col_scale = null,description = null,kind = 'S',lt = {ts '2018-07-18 17:29:36.653'},lu = 'assistenza',primarykey = 'N',sql_declaration = 'varchar(64)',sql_type = 'varchar',system_type = 'System.String' WHERE colname = 'cu' AND tablename = 'sessionekind'
ELSE
INSERT INTO [coldescr] (colname,tablename,col_len,col_precision,col_scale,description,kind,lt,lu,primarykey,sql_declaration,sql_type,system_type) VALUES ('cu','sessionekind','64',null,null,null,'S',{ts '2018-07-18 17:29:36.653'},'assistenza','N','varchar(64)','varchar','System.String')
GO

IF exists(SELECT * FROM [coldescr] WHERE colname = 'description' AND tablename = 'sessionekind')
UPDATE [coldescr] SET col_len = '256',col_precision = null,col_scale = null,description = null,kind = 'S',lt = {ts '2018-07-18 17:29:36.653'},lu = 'assistenza',primarykey = 'N',sql_declaration = 'varchar(256)',sql_type = 'varchar',system_type = 'System.String' WHERE colname = 'description' AND tablename = 'sessionekind'
ELSE
INSERT INTO [coldescr] (colname,tablename,col_len,col_precision,col_scale,description,kind,lt,lu,primarykey,sql_declaration,sql_type,system_type) VALUES ('description','sessionekind','256',null,null,null,'S',{ts '2018-07-18 17:29:36.653'},'assistenza','N','varchar(256)','varchar','System.String')
GO

IF exists(SELECT * FROM [coldescr] WHERE colname = 'idsessionekind' AND tablename = 'sessionekind')
UPDATE [coldescr] SET col_len = '4',col_precision = null,col_scale = null,description = null,kind = 'S',lt = {ts '2018-07-18 17:29:36.653'},lu = 'assistenza',primarykey = 'S',sql_declaration = 'int',sql_type = 'int',system_type = 'System.Int32' WHERE colname = 'idsessionekind' AND tablename = 'sessionekind'
ELSE
INSERT INTO [coldescr] (colname,tablename,col_len,col_precision,col_scale,description,kind,lt,lu,primarykey,sql_declaration,sql_type,system_type) VALUES ('idsessionekind','sessionekind','4',null,null,null,'S',{ts '2018-07-18 17:29:36.653'},'assistenza','S','int','int','System.Int32')
GO

IF exists(SELECT * FROM [coldescr] WHERE colname = 'lt' AND tablename = 'sessionekind')
UPDATE [coldescr] SET col_len = '8',col_precision = null,col_scale = null,description = null,kind = 'S',lt = {ts '2018-07-18 17:29:36.653'},lu = 'assistenza',primarykey = 'N',sql_declaration = 'datetime',sql_type = 'datetime',system_type = 'System.DateTime' WHERE colname = 'lt' AND tablename = 'sessionekind'
ELSE
INSERT INTO [coldescr] (colname,tablename,col_len,col_precision,col_scale,description,kind,lt,lu,primarykey,sql_declaration,sql_type,system_type) VALUES ('lt','sessionekind','8',null,null,null,'S',{ts '2018-07-18 17:29:36.653'},'assistenza','N','datetime','datetime','System.DateTime')
GO

IF exists(SELECT * FROM [coldescr] WHERE colname = 'lu' AND tablename = 'sessionekind')
UPDATE [coldescr] SET col_len = '64',col_precision = null,col_scale = null,description = null,kind = 'S',lt = {ts '2018-07-18 17:29:36.653'},lu = 'assistenza',primarykey = 'N',sql_declaration = 'varchar(64)',sql_type = 'varchar',system_type = 'System.String' WHERE colname = 'lu' AND tablename = 'sessionekind'
ELSE
INSERT INTO [coldescr] (colname,tablename,col_len,col_precision,col_scale,description,kind,lt,lu,primarykey,sql_declaration,sql_type,system_type) VALUES ('lu','sessionekind','64',null,null,null,'S',{ts '2018-07-18 17:29:36.653'},'assistenza','N','varchar(64)','varchar','System.String')
GO

IF exists(SELECT * FROM [coldescr] WHERE colname = 'sortcode' AND tablename = 'sessionekind')
UPDATE [coldescr] SET col_len = '4',col_precision = null,col_scale = null,description = null,kind = 'S',lt = {ts '2018-07-18 17:29:36.653'},lu = 'assistenza',primarykey = 'N',sql_declaration = 'int',sql_type = 'int',system_type = 'System.Int32' WHERE colname = 'sortcode' AND tablename = 'sessionekind'
ELSE
INSERT INTO [coldescr] (colname,tablename,col_len,col_precision,col_scale,description,kind,lt,lu,primarykey,sql_declaration,sql_type,system_type) VALUES ('sortcode','sessionekind','4',null,null,null,'S',{ts '2018-07-18 17:29:36.653'},'assistenza','N','int','int','System.Int32')
GO

IF exists(SELECT * FROM [coldescr] WHERE colname = 'title' AND tablename = 'sessionekind')
UPDATE [coldescr] SET col_len = '50',col_precision = null,col_scale = null,description = null,kind = 'S',lt = {ts '2018-07-18 17:29:36.653'},lu = 'assistenza',primarykey = 'N',sql_declaration = 'varchar(50)',sql_type = 'varchar',system_type = 'System.String' WHERE colname = 'title' AND tablename = 'sessionekind'
ELSE
INSERT INTO [coldescr] (colname,tablename,col_len,col_precision,col_scale,description,kind,lt,lu,primarykey,sql_declaration,sql_type,system_type) VALUES ('title','sessionekind','50',null,null,null,'S',{ts '2018-07-18 17:29:36.653'},'assistenza','N','varchar(50)','varchar','System.String')
GO

-- FINE GENERAZIONE SCRIPT --


-- GENERAZIONE DATI PER relation --
IF exists(SELECT * FROM [relation] WHERE idrelation = '3249')
UPDATE [relation] SET childtable = 'sessionekind',description = 'sessione di cui descrive il tipo',lt = {ts '2018-07-18 17:30:02.780'},lu = 'assistenza',parenttable = 'sessione',title = null WHERE idrelation = '3249'
ELSE
INSERT INTO [relation] (idrelation,childtable,description,lt,lu,parenttable,title) VALUES ('3249','sessionekind','sessione di cui descrive il tipo',{ts '2018-07-18 17:30:02.780'},'assistenza','sessione',null)
GO

-- FINE GENERAZIONE SCRIPT --


-- GENERAZIONE DATI PER tabledescr --
IF exists(SELECT * FROM [tabledescr] WHERE tablename = 'settoreerc')
UPDATE [tabledescr] SET description = '2.7.6 Settori ERC',idapplication = '3',isdbo = 'S',lt = {ts '2021-02-19 17:35:09.647'},lu = 'assistenza',title = 'Settori ERC' WHERE tablename = 'settoreerc'
ELSE
INSERT INTO [tabledescr] (tablename,description,idapplication,isdbo,lt,lu,title) VALUES ('settoreerc','2.7.6 Settori ERC','3','S',{ts '2021-02-19 17:35:09.647'},'assistenza','Settori ERC')
GO

-- FINE GENERAZIONE SCRIPT --


-- GENERAZIONE DATI PER coldescr --
IF exists(SELECT * FROM [coldescr] WHERE colname = 'active' AND tablename = 'settoreerc')
UPDATE [coldescr] SET col_len = '1',col_precision = null,col_scale = null,description = null,kind = 'S',lt = {ts '2020-05-25 13:47:40.527'},lu = 'assistenza',primarykey = 'N',sql_declaration = 'char(1)',sql_type = 'char',system_type = 'System.String' WHERE colname = 'active' AND tablename = 'settoreerc'
ELSE
INSERT INTO [coldescr] (colname,tablename,col_len,col_precision,col_scale,description,kind,lt,lu,primarykey,sql_declaration,sql_type,system_type) VALUES ('active','settoreerc','1',null,null,null,'S',{ts '2020-05-25 13:47:40.527'},'assistenza','N','char(1)','char','System.String')
GO

IF exists(SELECT * FROM [coldescr] WHERE colname = 'ct' AND tablename = 'settoreerc')
UPDATE [coldescr] SET col_len = '8',col_precision = null,col_scale = null,description = null,kind = 'S',lt = {ts '2020-05-25 13:47:40.527'},lu = 'assistenza',primarykey = 'N',sql_declaration = 'datetime',sql_type = 'datetime',system_type = 'System.DateTime' WHERE colname = 'ct' AND tablename = 'settoreerc'
ELSE
INSERT INTO [coldescr] (colname,tablename,col_len,col_precision,col_scale,description,kind,lt,lu,primarykey,sql_declaration,sql_type,system_type) VALUES ('ct','settoreerc','8',null,null,null,'S',{ts '2020-05-25 13:47:40.527'},'assistenza','N','datetime','datetime','System.DateTime')
GO

IF exists(SELECT * FROM [coldescr] WHERE colname = 'cu' AND tablename = 'settoreerc')
UPDATE [coldescr] SET col_len = '64',col_precision = null,col_scale = null,description = null,kind = 'S',lt = {ts '2020-05-25 13:47:40.527'},lu = 'assistenza',primarykey = 'N',sql_declaration = 'varchar(64)',sql_type = 'varchar',system_type = 'System.String' WHERE colname = 'cu' AND tablename = 'settoreerc'
ELSE
INSERT INTO [coldescr] (colname,tablename,col_len,col_precision,col_scale,description,kind,lt,lu,primarykey,sql_declaration,sql_type,system_type) VALUES ('cu','settoreerc','64',null,null,null,'S',{ts '2020-05-25 13:47:40.527'},'assistenza','N','varchar(64)','varchar','System.String')
GO

IF exists(SELECT * FROM [coldescr] WHERE colname = 'description' AND tablename = 'settoreerc')
UPDATE [coldescr] SET col_len = '2048',col_precision = null,col_scale = null,description = null,kind = 'S',lt = {ts '2020-05-25 13:47:40.527'},lu = 'assistenza',primarykey = 'N',sql_declaration = 'nvarchar(2048)',sql_type = 'nvarchar',system_type = 'System.String' WHERE colname = 'description' AND tablename = 'settoreerc'
ELSE
INSERT INTO [coldescr] (colname,tablename,col_len,col_precision,col_scale,description,kind,lt,lu,primarykey,sql_declaration,sql_type,system_type) VALUES ('description','settoreerc','2048',null,null,null,'S',{ts '2020-05-25 13:47:40.527'},'assistenza','N','nvarchar(2048)','nvarchar','System.String')
GO

IF exists(SELECT * FROM [coldescr] WHERE colname = 'idsettoreerc' AND tablename = 'settoreerc')
UPDATE [coldescr] SET col_len = '4',col_precision = null,col_scale = null,description = null,kind = 'S',lt = {ts '2020-05-25 13:47:40.527'},lu = 'assistenza',primarykey = 'S',sql_declaration = 'int',sql_type = 'int',system_type = 'System.Int32' WHERE colname = 'idsettoreerc' AND tablename = 'settoreerc'
ELSE
INSERT INTO [coldescr] (colname,tablename,col_len,col_precision,col_scale,description,kind,lt,lu,primarykey,sql_declaration,sql_type,system_type) VALUES ('idsettoreerc','settoreerc','4',null,null,null,'S',{ts '2020-05-25 13:47:40.527'},'assistenza','S','int','int','System.Int32')
GO

IF exists(SELECT * FROM [coldescr] WHERE colname = 'lt' AND tablename = 'settoreerc')
UPDATE [coldescr] SET col_len = '8',col_precision = null,col_scale = null,description = null,kind = 'S',lt = {ts '2020-05-25 13:47:40.527'},lu = 'assistenza',primarykey = 'N',sql_declaration = 'datetime',sql_type = 'datetime',system_type = 'System.DateTime' WHERE colname = 'lt' AND tablename = 'settoreerc'
ELSE
INSERT INTO [coldescr] (colname,tablename,col_len,col_precision,col_scale,description,kind,lt,lu,primarykey,sql_declaration,sql_type,system_type) VALUES ('lt','settoreerc','8',null,null,null,'S',{ts '2020-05-25 13:47:40.527'},'assistenza','N','datetime','datetime','System.DateTime')
GO

IF exists(SELECT * FROM [coldescr] WHERE colname = 'lu' AND tablename = 'settoreerc')
UPDATE [coldescr] SET col_len = '64',col_precision = null,col_scale = null,description = null,kind = 'S',lt = {ts '2020-05-25 13:47:40.527'},lu = 'assistenza',primarykey = 'N',sql_declaration = 'varchar(64)',sql_type = 'varchar',system_type = 'System.String' WHERE colname = 'lu' AND tablename = 'settoreerc'
ELSE
INSERT INTO [coldescr] (colname,tablename,col_len,col_precision,col_scale,description,kind,lt,lu,primarykey,sql_declaration,sql_type,system_type) VALUES ('lu','settoreerc','64',null,null,null,'S',{ts '2020-05-25 13:47:40.527'},'assistenza','N','varchar(64)','varchar','System.String')
GO

IF exists(SELECT * FROM [coldescr] WHERE colname = 'sortcode' AND tablename = 'settoreerc')
UPDATE [coldescr] SET col_len = '4',col_precision = null,col_scale = null,description = null,kind = 'S',lt = {ts '2020-05-25 13:47:40.527'},lu = 'assistenza',primarykey = 'N',sql_declaration = 'int',sql_type = 'int',system_type = 'System.Int32' WHERE colname = 'sortcode' AND tablename = 'settoreerc'
ELSE
INSERT INTO [coldescr] (colname,tablename,col_len,col_precision,col_scale,description,kind,lt,lu,primarykey,sql_declaration,sql_type,system_type) VALUES ('sortcode','settoreerc','4',null,null,null,'S',{ts '2020-05-25 13:47:40.527'},'assistenza','N','int','int','System.Int32')
GO

IF exists(SELECT * FROM [coldescr] WHERE colname = 'title' AND tablename = 'settoreerc')
UPDATE [coldescr] SET col_len = '2048',col_precision = null,col_scale = null,description = null,kind = 'S',lt = {ts '2020-05-25 13:47:40.527'},lu = 'assistenza',primarykey = 'N',sql_declaration = 'nvarchar(2048)',sql_type = 'nvarchar',system_type = 'System.String' WHERE colname = 'title' AND tablename = 'settoreerc'
ELSE
INSERT INTO [coldescr] (colname,tablename,col_len,col_precision,col_scale,description,kind,lt,lu,primarykey,sql_declaration,sql_type,system_type) VALUES ('title','settoreerc','2048',null,null,null,'S',{ts '2020-05-25 13:47:40.527'},'assistenza','N','nvarchar(2048)','nvarchar','System.String')
GO

-- FINE GENERAZIONE SCRIPT --


-- GENERAZIONE DATI PER tabledescr --
IF exists(SELECT * FROM [tabledescr] WHERE tablename = 'sospensione')
UPDATE [tabledescr] SET description = 'sospenione di attività, che sia di una carriera, didattica del docente o di utilizzabilità di un''aula',idapplication = '3',isdbo = 'S',lt = {ts '2021-02-26 11:58:18.297'},lu = 'assistenza',title = 'Sospenione delle attività' WHERE tablename = 'sospensione'
ELSE
INSERT INTO [tabledescr] (tablename,description,idapplication,isdbo,lt,lu,title) VALUES ('sospensione','sospenione di attività, che sia di una carriera, didattica del docente o di utilizzabilità di un''aula','3','S',{ts '2021-02-26 11:58:18.297'},'assistenza','Sospenione delle attività')
GO

-- FINE GENERAZIONE SCRIPT --


-- GENERAZIONE DATI PER coldescr --
IF exists(SELECT * FROM [coldescr] WHERE colname = 'ct' AND tablename = 'sospensione')
UPDATE [coldescr] SET col_len = '8',col_precision = null,col_scale = null,description = null,kind = 'S',lt = {ts '2018-07-18 16:04:25.073'},lu = 'assistenza',primarykey = 'N',sql_declaration = 'datetime',sql_type = 'datetime',system_type = 'System.DateTime' WHERE colname = 'ct' AND tablename = 'sospensione'
ELSE
INSERT INTO [coldescr] (colname,tablename,col_len,col_precision,col_scale,description,kind,lt,lu,primarykey,sql_declaration,sql_type,system_type) VALUES ('ct','sospensione','8',null,null,null,'S',{ts '2018-07-18 16:04:25.073'},'assistenza','N','datetime','datetime','System.DateTime')
GO

IF exists(SELECT * FROM [coldescr] WHERE colname = 'cu' AND tablename = 'sospensione')
UPDATE [coldescr] SET col_len = '64',col_precision = null,col_scale = null,description = null,kind = 'S',lt = {ts '2018-07-18 16:04:25.073'},lu = 'assistenza',primarykey = 'N',sql_declaration = 'varchar(64)',sql_type = 'varchar',system_type = 'System.String' WHERE colname = 'cu' AND tablename = 'sospensione'
ELSE
INSERT INTO [coldescr] (colname,tablename,col_len,col_precision,col_scale,description,kind,lt,lu,primarykey,sql_declaration,sql_type,system_type) VALUES ('cu','sospensione','64',null,null,null,'S',{ts '2018-07-18 16:04:25.073'},'assistenza','N','varchar(64)','varchar','System.String')
GO

IF exists(SELECT * FROM [coldescr] WHERE colname = 'idaula' AND tablename = 'sospensione')
UPDATE [coldescr] SET col_len = '4',col_precision = null,col_scale = null,description = 'Aula',kind = 'S',lt = {ts '2019-09-24 16:29:12.827'},lu = 'assistenza',primarykey = 'N',sql_declaration = 'int',sql_type = 'int',system_type = 'System.Int32' WHERE colname = 'idaula' AND tablename = 'sospensione'
ELSE
INSERT INTO [coldescr] (colname,tablename,col_len,col_precision,col_scale,description,kind,lt,lu,primarykey,sql_declaration,sql_type,system_type) VALUES ('idaula','sospensione','4',null,null,'Aula','S',{ts '2019-09-24 16:29:12.827'},'assistenza','N','int','int','System.Int32')
GO

IF exists(SELECT * FROM [coldescr] WHERE colname = 'idedificio' AND tablename = 'sospensione')
UPDATE [coldescr] SET col_len = '4',col_precision = null,col_scale = null,description = 'Edificio',kind = 'S',lt = {ts '2019-09-24 16:29:12.827'},lu = 'assistenza',primarykey = 'N',sql_declaration = 'int',sql_type = 'int',system_type = 'System.Int32' WHERE colname = 'idedificio' AND tablename = 'sospensione'
ELSE
INSERT INTO [coldescr] (colname,tablename,col_len,col_precision,col_scale,description,kind,lt,lu,primarykey,sql_declaration,sql_type,system_type) VALUES ('idedificio','sospensione','4',null,null,'Edificio','S',{ts '2019-09-24 16:29:12.827'},'assistenza','N','int','int','System.Int32')
GO

IF exists(SELECT * FROM [coldescr] WHERE colname = 'idreg' AND tablename = 'sospensione')
UPDATE [coldescr] SET col_len = '4',col_precision = null,col_scale = null,description = 'Docente, Studente o Istituto',kind = 'S',lt = {ts '2018-12-05 16:13:14.753'},lu = 'assistenza',primarykey = 'N',sql_declaration = 'int',sql_type = 'int',system_type = 'System.Int32' WHERE colname = 'idreg' AND tablename = 'sospensione'
ELSE
INSERT INTO [coldescr] (colname,tablename,col_len,col_precision,col_scale,description,kind,lt,lu,primarykey,sql_declaration,sql_type,system_type) VALUES ('idreg','sospensione','4',null,null,'Docente, Studente o Istituto','S',{ts '2018-12-05 16:13:14.753'},'assistenza','N','int','int','System.Int32')
GO

IF exists(SELECT * FROM [coldescr] WHERE colname = 'idsede' AND tablename = 'sospensione')
UPDATE [coldescr] SET col_len = '4',col_precision = null,col_scale = null,description = 'Sede',kind = 'S',lt = {ts '2019-09-24 16:29:12.827'},lu = 'assistenza',primarykey = 'N',sql_declaration = 'int',sql_type = 'int',system_type = 'System.Int32' WHERE colname = 'idsede' AND tablename = 'sospensione'
ELSE
INSERT INTO [coldescr] (colname,tablename,col_len,col_precision,col_scale,description,kind,lt,lu,primarykey,sql_declaration,sql_type,system_type) VALUES ('idsede','sospensione','4',null,null,'Sede','S',{ts '2019-09-24 16:29:12.827'},'assistenza','N','int','int','System.Int32')
GO

IF exists(SELECT * FROM [coldescr] WHERE colname = 'idsospensione' AND tablename = 'sospensione')
UPDATE [coldescr] SET col_len = '4',col_precision = null,col_scale = null,description = 'Codice',kind = 'S',lt = {ts '2018-12-05 16:13:14.753'},lu = 'assistenza',primarykey = 'S',sql_declaration = 'int',sql_type = 'int',system_type = 'System.Int32' WHERE colname = 'idsospensione' AND tablename = 'sospensione'
ELSE
INSERT INTO [coldescr] (colname,tablename,col_len,col_precision,col_scale,description,kind,lt,lu,primarykey,sql_declaration,sql_type,system_type) VALUES ('idsospensione','sospensione','4',null,null,'Codice','S',{ts '2018-12-05 16:13:14.753'},'assistenza','S','int','int','System.Int32')
GO

IF exists(SELECT * FROM [coldescr] WHERE colname = 'lt' AND tablename = 'sospensione')
UPDATE [coldescr] SET col_len = '8',col_precision = null,col_scale = null,description = null,kind = 'S',lt = {ts '2018-07-18 16:04:25.073'},lu = 'assistenza',primarykey = 'N',sql_declaration = 'datetime',sql_type = 'datetime',system_type = 'System.DateTime' WHERE colname = 'lt' AND tablename = 'sospensione'
ELSE
INSERT INTO [coldescr] (colname,tablename,col_len,col_precision,col_scale,description,kind,lt,lu,primarykey,sql_declaration,sql_type,system_type) VALUES ('lt','sospensione','8',null,null,null,'S',{ts '2018-07-18 16:04:25.073'},'assistenza','N','datetime','datetime','System.DateTime')
GO

IF exists(SELECT * FROM [coldescr] WHERE colname = 'lu' AND tablename = 'sospensione')
UPDATE [coldescr] SET col_len = '64',col_precision = null,col_scale = null,description = null,kind = 'S',lt = {ts '2018-07-18 16:04:25.073'},lu = 'assistenza',primarykey = 'N',sql_declaration = 'varchar(64)',sql_type = 'varchar',system_type = 'System.String' WHERE colname = 'lu' AND tablename = 'sospensione'
ELSE
INSERT INTO [coldescr] (colname,tablename,col_len,col_precision,col_scale,description,kind,lt,lu,primarykey,sql_declaration,sql_type,system_type) VALUES ('lu','sospensione','64',null,null,null,'S',{ts '2018-07-18 16:04:25.073'},'assistenza','N','varchar(64)','varchar','System.String')
GO

IF exists(SELECT * FROM [coldescr] WHERE colname = 'motivo' AND tablename = 'sospensione')
UPDATE [coldescr] SET col_len = '1024',col_precision = null,col_scale = null,description = null,kind = 'S',lt = {ts '2018-11-21 18:47:07.023'},lu = 'assistenza',primarykey = 'N',sql_declaration = 'varchar(1024)',sql_type = 'varchar',system_type = 'System.String' WHERE colname = 'motivo' AND tablename = 'sospensione'
ELSE
INSERT INTO [coldescr] (colname,tablename,col_len,col_precision,col_scale,description,kind,lt,lu,primarykey,sql_declaration,sql_type,system_type) VALUES ('motivo','sospensione','1024',null,null,null,'S',{ts '2018-11-21 18:47:07.023'},'assistenza','N','varchar(1024)','varchar','System.String')
GO

IF exists(SELECT * FROM [coldescr] WHERE colname = 'start' AND tablename = 'sospensione')
UPDATE [coldescr] SET col_len = '8',col_precision = null,col_scale = null,description = 'Inizio',kind = 'S',lt = {ts '2018-11-21 16:08:40.527'},lu = 'assistenza',primarykey = 'N',sql_declaration = 'datetime',sql_type = 'datetime',system_type = 'System.DateTime' WHERE colname = 'start' AND tablename = 'sospensione'
ELSE
INSERT INTO [coldescr] (colname,tablename,col_len,col_precision,col_scale,description,kind,lt,lu,primarykey,sql_declaration,sql_type,system_type) VALUES ('start','sospensione','8',null,null,'Inizio','S',{ts '2018-11-21 16:08:40.527'},'assistenza','N','datetime','datetime','System.DateTime')
GO

IF exists(SELECT * FROM [coldescr] WHERE colname = 'stop' AND tablename = 'sospensione')
UPDATE [coldescr] SET col_len = '8',col_precision = null,col_scale = null,description = 'Fine',kind = 'S',lt = {ts '2019-01-23 11:25:48.820'},lu = 'assistenza',primarykey = 'N',sql_declaration = 'datetime',sql_type = 'datetime',system_type = 'System.DateTime' WHERE colname = 'stop' AND tablename = 'sospensione'
ELSE
INSERT INTO [coldescr] (colname,tablename,col_len,col_precision,col_scale,description,kind,lt,lu,primarykey,sql_declaration,sql_type,system_type) VALUES ('stop','sospensione','8',null,null,'Fine','S',{ts '2019-01-23 11:25:48.820'},'assistenza','N','datetime','datetime','System.DateTime')
GO

-- FINE GENERAZIONE SCRIPT --


-- GENERAZIONE DATI PER relation --
IF exists(SELECT * FROM [relation] WHERE idrelation = '3441')
UPDATE [relation] SET childtable = 'sospensione',description = 'Sospensioni',lt = {ts '2018-12-07 18:37:51.957'},lu = 'assistenza',parenttable = 'docenti',title = 'sospenione di attivit?, che sia di una carriera, didattica del docente o di utilizzabilit? di un?aula' WHERE idrelation = '3441'
ELSE
INSERT INTO [relation] (idrelation,childtable,description,lt,lu,parenttable,title) VALUES ('3441','sospensione','Sospensioni',{ts '2018-12-07 18:37:51.957'},'assistenza','docenti','sospenione di attivit?, che sia di una carriera, didattica del docente o di utilizzabilit? di un?aula')
GO

IF exists(SELECT * FROM [relation] WHERE idrelation = '3449')
UPDATE [relation] SET childtable = 'sospensione',description = 'Interruzioni delle attivit?',lt = {ts '2018-12-07 19:03:50.690'},lu = 'assistenza',parenttable = 'registry_istituti',title = 'sospenione di attivit?, che sia di una carriera, didattica del docente o di utilizzabilit? di un?aula' WHERE idrelation = '3449'
ELSE
INSERT INTO [relation] (idrelation,childtable,description,lt,lu,parenttable,title) VALUES ('3449','sospensione','Interruzioni delle attivit?',{ts '2018-12-07 19:03:50.690'},'assistenza','registry_istituti','sospenione di attivit?, che sia di una carriera, didattica del docente o di utilizzabilit? di un?aula')
GO

IF exists(SELECT * FROM [relation] WHERE idrelation = '3450')
UPDATE [relation] SET childtable = 'sospensione',description = 'Interruzioni delle attivit?',lt = {ts '2018-12-07 19:04:40.737'},lu = 'assistenza',parenttable = 'location_edifici',title = 'sospenione di attivit?, che sia di una carriera, didattica del docente o di utilizzabilit? di un?aula' WHERE idrelation = '3450'
ELSE
INSERT INTO [relation] (idrelation,childtable,description,lt,lu,parenttable,title) VALUES ('3450','sospensione','Interruzioni delle attivit?',{ts '2018-12-07 19:04:40.737'},'assistenza','location_edifici','sospenione di attivit?, che sia di una carriera, didattica del docente o di utilizzabilit? di un?aula')
GO

IF exists(SELECT * FROM [relation] WHERE idrelation = '3451')
UPDATE [relation] SET childtable = 'sospensione',description = 'Interruzioni delle attivit?',lt = {ts '2018-12-07 19:05:39.647'},lu = 'assistenza',parenttable = 'location_aula',title = 'sospenione di attivit?, che sia di una carriera, didattica del docente o di utilizzabilit? di un?aula' WHERE idrelation = '3451'
ELSE
INSERT INTO [relation] (idrelation,childtable,description,lt,lu,parenttable,title) VALUES ('3451','sospensione','Interruzioni delle attivit?',{ts '2018-12-07 19:05:39.647'},'assistenza','location_aula','sospenione di attivit?, che sia di una carriera, didattica del docente o di utilizzabilit? di un?aula')
GO

-- FINE GENERAZIONE SCRIPT --


-- GENERAZIONE DATI PER tabledescr --
IF exists(SELECT * FROM [tabledescr] WHERE tablename = 'statuskind')
UPDATE [tabledescr] SET description = 'VOCABOLARIO degli stati possibili di istanze, pratiche e delibere',idapplication = '2',isdbo = 'S',lt = {ts '2018-07-20 11:20:05.330'},lu = 'assistenza',title = 'Stati possibili di istanze, pratiche e delibere' WHERE tablename = 'statuskind'
ELSE
INSERT INTO [tabledescr] (tablename,description,idapplication,isdbo,lt,lu,title) VALUES ('statuskind','VOCABOLARIO degli stati possibili di istanze, pratiche e delibere','2','S',{ts '2018-07-20 11:20:05.330'},'assistenza','Stati possibili di istanze, pratiche e delibere')
GO

-- FINE GENERAZIONE SCRIPT --


-- GENERAZIONE DATI PER tabledescr --
IF exists(SELECT * FROM [tabledescr] WHERE tablename = 'stipendiokind')
UPDATE [tabledescr] SET description = 'Tabelle stipendiali',idapplication = '3',isdbo = 'S',lt = {ts '2021-02-19 17:46:08.613'},lu = 'assistenza',title = 'Tabelle stipendiali' WHERE tablename = 'stipendiokind'
ELSE
INSERT INTO [tabledescr] (tablename,description,idapplication,isdbo,lt,lu,title) VALUES ('stipendiokind','Tabelle stipendiali','3','S',{ts '2021-02-19 17:46:08.613'},'assistenza','Tabelle stipendiali')
GO

-- FINE GENERAZIONE SCRIPT --


-- GENERAZIONE DATI PER coldescr --
IF exists(SELECT * FROM [coldescr] WHERE colname = 'assegnoaggiuntivo' AND tablename = 'stipendiokind')
UPDATE [coldescr] SET col_len = '5',col_precision = '5',col_scale = '2',description = 'Assegno aggiuntivo',kind = 'S',lt = {ts '2020-07-14 15:52:25.330'},lu = 'assistenza',primarykey = 'N',sql_declaration = 'decimal(5,2)',sql_type = 'decimal',system_type = 'System.Decimal' WHERE colname = 'assegnoaggiuntivo' AND tablename = 'stipendiokind'
ELSE
INSERT INTO [coldescr] (colname,tablename,col_len,col_precision,col_scale,description,kind,lt,lu,primarykey,sql_declaration,sql_type,system_type) VALUES ('assegnoaggiuntivo','stipendiokind','5','5','2','Assegno aggiuntivo','S',{ts '2020-07-14 15:52:25.330'},'assistenza','N','decimal(5,2)','decimal','System.Decimal')
GO

IF exists(SELECT * FROM [coldescr] WHERE colname = 'ct' AND tablename = 'stipendiokind')
UPDATE [coldescr] SET col_len = '8',col_precision = null,col_scale = null,description = null,kind = 'S',lt = {ts '2020-07-14 15:51:21.663'},lu = 'assistenza',primarykey = 'N',sql_declaration = 'datetime',sql_type = 'datetime',system_type = 'System.DateTime' WHERE colname = 'ct' AND tablename = 'stipendiokind'
ELSE
INSERT INTO [coldescr] (colname,tablename,col_len,col_precision,col_scale,description,kind,lt,lu,primarykey,sql_declaration,sql_type,system_type) VALUES ('ct','stipendiokind','8',null,null,null,'S',{ts '2020-07-14 15:51:21.663'},'assistenza','N','datetime','datetime','System.DateTime')
GO

IF exists(SELECT * FROM [coldescr] WHERE colname = 'cu' AND tablename = 'stipendiokind')
UPDATE [coldescr] SET col_len = '64',col_precision = null,col_scale = null,description = null,kind = 'S',lt = {ts '2020-07-14 15:51:21.663'},lu = 'assistenza',primarykey = 'N',sql_declaration = 'varchar(64)',sql_type = 'varchar',system_type = 'System.String' WHERE colname = 'cu' AND tablename = 'stipendiokind'
ELSE
INSERT INTO [coldescr] (colname,tablename,col_len,col_precision,col_scale,description,kind,lt,lu,primarykey,sql_declaration,sql_type,system_type) VALUES ('cu','stipendiokind','64',null,null,null,'S',{ts '2020-07-14 15:51:21.663'},'assistenza','N','varchar(64)','varchar','System.String')
GO

IF exists(SELECT * FROM [coldescr] WHERE colname = 'elementoperequativo' AND tablename = 'stipendiokind')
UPDATE [coldescr] SET col_len = '5',col_precision = '5',col_scale = '2',description = 'Elemento perequativo',kind = 'S',lt = {ts '2020-07-14 15:52:25.330'},lu = 'assistenza',primarykey = 'N',sql_declaration = 'decimal(5,2)',sql_type = 'decimal',system_type = 'System.Decimal' WHERE colname = 'elementoperequativo' AND tablename = 'stipendiokind'
ELSE
INSERT INTO [coldescr] (colname,tablename,col_len,col_precision,col_scale,description,kind,lt,lu,primarykey,sql_declaration,sql_type,system_type) VALUES ('elementoperequativo','stipendiokind','5','5','2','Elemento perequativo','S',{ts '2020-07-14 15:52:25.330'},'assistenza','N','decimal(5,2)','decimal','System.Decimal')
GO

IF exists(SELECT * FROM [coldescr] WHERE colname = 'idcontrattokind' AND tablename = 'stipendiokind')
UPDATE [coldescr] SET col_len = '4',col_precision = null,col_scale = null,description = 'Ruolo',kind = 'S',lt = {ts '2020-07-14 15:52:25.330'},lu = 'assistenza',primarykey = 'N',sql_declaration = 'int',sql_type = 'int',system_type = 'System.Int32' WHERE colname = 'idcontrattokind' AND tablename = 'stipendiokind'
ELSE
INSERT INTO [coldescr] (colname,tablename,col_len,col_precision,col_scale,description,kind,lt,lu,primarykey,sql_declaration,sql_type,system_type) VALUES ('idcontrattokind','stipendiokind','4',null,null,'Ruolo','S',{ts '2020-07-14 15:52:25.330'},'assistenza','N','int','int','System.Int32')
GO

IF exists(SELECT * FROM [coldescr] WHERE colname = 'idinquadramento' AND tablename = 'stipendiokind')
UPDATE [coldescr] SET col_len = '4',col_precision = null,col_scale = null,description = 'Inquadramento',kind = 'S',lt = {ts '2020-07-14 15:52:25.330'},lu = 'assistenza',primarykey = 'N',sql_declaration = 'int',sql_type = 'int',system_type = 'System.Int32' WHERE colname = 'idinquadramento' AND tablename = 'stipendiokind'
ELSE
INSERT INTO [coldescr] (colname,tablename,col_len,col_precision,col_scale,description,kind,lt,lu,primarykey,sql_declaration,sql_type,system_type) VALUES ('idinquadramento','stipendiokind','4',null,null,'Inquadramento','S',{ts '2020-07-14 15:52:25.330'},'assistenza','N','int','int','System.Int32')
GO

IF exists(SELECT * FROM [coldescr] WHERE colname = 'idstipendiokind' AND tablename = 'stipendiokind')
UPDATE [coldescr] SET col_len = '4',col_precision = null,col_scale = null,description = null,kind = 'S',lt = {ts '2020-07-14 17:07:16.257'},lu = 'assistenza',primarykey = 'S',sql_declaration = 'int',sql_type = 'int',system_type = 'System.Int32' WHERE colname = 'idstipendiokind' AND tablename = 'stipendiokind'
ELSE
INSERT INTO [coldescr] (colname,tablename,col_len,col_precision,col_scale,description,kind,lt,lu,primarykey,sql_declaration,sql_type,system_type) VALUES ('idstipendiokind','stipendiokind','4',null,null,null,'S',{ts '2020-07-14 17:07:16.257'},'assistenza','S','int','int','System.Int32')
GO

IF exists(SELECT * FROM [coldescr] WHERE colname = 'indennitadiateneo' AND tablename = 'stipendiokind')
UPDATE [coldescr] SET col_len = '5',col_precision = '5',col_scale = '2',description = 'Indennità di ateneo',kind = 'S',lt = {ts '2020-10-16 10:54:15.587'},lu = 'assistenza',primarykey = 'N',sql_declaration = 'decimal(5,2)',sql_type = 'decimal',system_type = 'System.Decimal' WHERE colname = 'indennitadiateneo' AND tablename = 'stipendiokind'
ELSE
INSERT INTO [coldescr] (colname,tablename,col_len,col_precision,col_scale,description,kind,lt,lu,primarykey,sql_declaration,sql_type,system_type) VALUES ('indennitadiateneo','stipendiokind','5','5','2','Indennità di ateneo','S',{ts '2020-10-16 10:54:15.587'},'assistenza','N','decimal(5,2)','decimal','System.Decimal')
GO

IF exists(SELECT * FROM [coldescr] WHERE colname = 'indennitadiposizione' AND tablename = 'stipendiokind')
UPDATE [coldescr] SET col_len = '5',col_precision = '5',col_scale = '2',description = 'Indennità di posizione',kind = 'S',lt = {ts '2020-10-16 10:54:15.587'},lu = 'assistenza',primarykey = 'N',sql_declaration = 'decimal(5,2)',sql_type = 'decimal',system_type = 'System.Decimal' WHERE colname = 'indennitadiposizione' AND tablename = 'stipendiokind'
ELSE
INSERT INTO [coldescr] (colname,tablename,col_len,col_precision,col_scale,description,kind,lt,lu,primarykey,sql_declaration,sql_type,system_type) VALUES ('indennitadiposizione','stipendiokind','5','5','2','Indennità di posizione','S',{ts '2020-10-16 10:54:15.587'},'assistenza','N','decimal(5,2)','decimal','System.Decimal')
GO

IF exists(SELECT * FROM [coldescr] WHERE colname = 'indintegrativaspeciale' AND tablename = 'stipendiokind')
UPDATE [coldescr] SET col_len = '5',col_precision = '5',col_scale = '2',description = 'Indennità integrativa speciale',kind = 'S',lt = {ts '2020-10-16 10:54:15.587'},lu = 'assistenza',primarykey = 'N',sql_declaration = 'decimal(5,2)',sql_type = 'decimal',system_type = 'System.Decimal' WHERE colname = 'indintegrativaspeciale' AND tablename = 'stipendiokind'
ELSE
INSERT INTO [coldescr] (colname,tablename,col_len,col_precision,col_scale,description,kind,lt,lu,primarykey,sql_declaration,sql_type,system_type) VALUES ('indintegrativaspeciale','stipendiokind','5','5','2','Indennità integrativa speciale','S',{ts '2020-10-16 10:54:15.587'},'assistenza','N','decimal(5,2)','decimal','System.Decimal')
GO

IF exists(SELECT * FROM [coldescr] WHERE colname = 'indvacancacontrattuale' AND tablename = 'stipendiokind')
UPDATE [coldescr] SET col_len = '5',col_precision = '5',col_scale = '2',description = 'Indennità vacanca contrattuale',kind = 'S',lt = {ts '2020-10-16 10:54:15.587'},lu = 'assistenza',primarykey = 'N',sql_declaration = 'decimal(5,2)',sql_type = 'decimal',system_type = 'System.Decimal' WHERE colname = 'indvacancacontrattuale' AND tablename = 'stipendiokind'
ELSE
INSERT INTO [coldescr] (colname,tablename,col_len,col_precision,col_scale,description,kind,lt,lu,primarykey,sql_declaration,sql_type,system_type) VALUES ('indvacancacontrattuale','stipendiokind','5','5','2','Indennità vacanca contrattuale','S',{ts '2020-10-16 10:54:15.587'},'assistenza','N','decimal(5,2)','decimal','System.Decimal')
GO

IF exists(SELECT * FROM [coldescr] WHERE colname = 'irap' AND tablename = 'stipendiokind')
UPDATE [coldescr] SET col_len = '5',col_precision = '5',col_scale = '2',description = 'IRAP',kind = 'S',lt = {ts '2020-07-14 15:55:03.907'},lu = 'assistenza',primarykey = 'N',sql_declaration = 'decimal(5,2)',sql_type = 'decimal',system_type = 'System.Decimal' WHERE colname = 'irap' AND tablename = 'stipendiokind'
ELSE
INSERT INTO [coldescr] (colname,tablename,col_len,col_precision,col_scale,description,kind,lt,lu,primarykey,sql_declaration,sql_type,system_type) VALUES ('irap','stipendiokind','5','5','2','IRAP','S',{ts '2020-07-14 15:55:03.907'},'assistenza','N','decimal(5,2)','decimal','System.Decimal')
GO

IF exists(SELECT * FROM [coldescr] WHERE colname = 'lt' AND tablename = 'stipendiokind')
UPDATE [coldescr] SET col_len = '8',col_precision = null,col_scale = null,description = null,kind = 'S',lt = {ts '2020-07-14 15:51:21.663'},lu = 'assistenza',primarykey = 'N',sql_declaration = 'datetime',sql_type = 'datetime',system_type = 'System.DateTime' WHERE colname = 'lt' AND tablename = 'stipendiokind'
ELSE
INSERT INTO [coldescr] (colname,tablename,col_len,col_precision,col_scale,description,kind,lt,lu,primarykey,sql_declaration,sql_type,system_type) VALUES ('lt','stipendiokind','8',null,null,null,'S',{ts '2020-07-14 15:51:21.663'},'assistenza','N','datetime','datetime','System.DateTime')
GO

IF exists(SELECT * FROM [coldescr] WHERE colname = 'lu' AND tablename = 'stipendiokind')
UPDATE [coldescr] SET col_len = '64',col_precision = null,col_scale = null,description = null,kind = 'S',lt = {ts '2020-07-14 15:51:21.663'},lu = 'assistenza',primarykey = 'N',sql_declaration = 'varchar(64)',sql_type = 'varchar',system_type = 'System.String' WHERE colname = 'lu' AND tablename = 'stipendiokind'
ELSE
INSERT INTO [coldescr] (colname,tablename,col_len,col_precision,col_scale,description,kind,lt,lu,primarykey,sql_declaration,sql_type,system_type) VALUES ('lu','stipendiokind','64',null,null,null,'S',{ts '2020-07-14 15:51:21.663'},'assistenza','N','varchar(64)','varchar','System.String')
GO

IF exists(SELECT * FROM [coldescr] WHERE colname = 'oneriprevidenzialicaricoente' AND tablename = 'stipendiokind')
UPDATE [coldescr] SET col_len = '5',col_precision = '5',col_scale = '2',description = 'Oneri previdenziali a carico dell''ente',kind = 'S',lt = {ts '2020-07-14 15:55:03.907'},lu = 'assistenza',primarykey = 'N',sql_declaration = 'decimal(5,2)',sql_type = 'decimal',system_type = 'System.Decimal' WHERE colname = 'oneriprevidenzialicaricoente' AND tablename = 'stipendiokind'
ELSE
INSERT INTO [coldescr] (colname,tablename,col_len,col_precision,col_scale,description,kind,lt,lu,primarykey,sql_declaration,sql_type,system_type) VALUES ('oneriprevidenzialicaricoente','stipendiokind','5','5','2','Oneri previdenziali a carico dell''ente','S',{ts '2020-07-14 15:55:03.907'},'assistenza','N','decimal(5,2)','decimal','System.Decimal')
GO

IF exists(SELECT * FROM [coldescr] WHERE colname = 'retribuzione' AND tablename = 'stipendiokind')
UPDATE [coldescr] SET col_len = '5',col_precision = '5',col_scale = '2',description = null,kind = 'S',lt = {ts '2020-07-14 15:51:21.663'},lu = 'assistenza',primarykey = 'N',sql_declaration = 'decimal(5,2)',sql_type = 'decimal',system_type = 'System.Decimal' WHERE colname = 'retribuzione' AND tablename = 'stipendiokind'
ELSE
INSERT INTO [coldescr] (colname,tablename,col_len,col_precision,col_scale,description,kind,lt,lu,primarykey,sql_declaration,sql_type,system_type) VALUES ('retribuzione','stipendiokind','5','5','2',null,'S',{ts '2020-07-14 15:51:21.663'},'assistenza','N','decimal(5,2)','decimal','System.Decimal')
GO

IF exists(SELECT * FROM [coldescr] WHERE colname = 'scatto' AND tablename = 'stipendiokind')
UPDATE [coldescr] SET col_len = '10',col_precision = null,col_scale = null,description = null,kind = 'S',lt = {ts '2020-07-14 15:51:21.663'},lu = 'assistenza',primarykey = 'N',sql_declaration = 'nchar(10)',sql_type = 'nchar',system_type = 'System.String' WHERE colname = 'scatto' AND tablename = 'stipendiokind'
ELSE
INSERT INTO [coldescr] (colname,tablename,col_len,col_precision,col_scale,description,kind,lt,lu,primarykey,sql_declaration,sql_type,system_type) VALUES ('scatto','stipendiokind','10',null,null,null,'S',{ts '2020-07-14 15:51:21.663'},'assistenza','N','nchar(10)','nchar','System.String')
GO

IF exists(SELECT * FROM [coldescr] WHERE colname = 'tempdef' AND tablename = 'stipendiokind')
UPDATE [coldescr] SET col_len = '1',col_precision = null,col_scale = null,description = 'Tempo definito',kind = 'S',lt = {ts '2020-07-14 15:55:03.907'},lu = 'assistenza',primarykey = 'N',sql_declaration = 'char(1)',sql_type = 'char',system_type = 'System.String' WHERE colname = 'tempdef' AND tablename = 'stipendiokind'
ELSE
INSERT INTO [coldescr] (colname,tablename,col_len,col_precision,col_scale,description,kind,lt,lu,primarykey,sql_declaration,sql_type,system_type) VALUES ('tempdef','stipendiokind','1',null,null,'Tempo definito','S',{ts '2020-07-14 15:55:03.907'},'assistenza','N','char(1)','char','System.String')
GO

IF exists(SELECT * FROM [coldescr] WHERE colname = 'totaletredicesima' AND tablename = 'stipendiokind')
UPDATE [coldescr] SET col_len = '5',col_precision = '5',col_scale = '2',description = 'Totale tredicesima',kind = 'S',lt = {ts '2020-07-14 15:55:03.907'},lu = 'assistenza',primarykey = 'N',sql_declaration = 'decimal(5,2)',sql_type = 'decimal',system_type = 'System.Decimal' WHERE colname = 'totaletredicesima' AND tablename = 'stipendiokind'
ELSE
INSERT INTO [coldescr] (colname,tablename,col_len,col_precision,col_scale,description,kind,lt,lu,primarykey,sql_declaration,sql_type,system_type) VALUES ('totaletredicesima','stipendiokind','5','5','2','Totale tredicesima','S',{ts '2020-07-14 15:55:03.907'},'assistenza','N','decimal(5,2)','decimal','System.Decimal')
GO

IF exists(SELECT * FROM [coldescr] WHERE colname = 'tredicesimaindennitaintegrativaspeciale' AND tablename = 'stipendiokind')
UPDATE [coldescr] SET col_len = '5',col_precision = '5',col_scale = '2',description = 'Tredicesima indennità integrativa speciale',kind = 'S',lt = {ts '2020-10-16 10:54:15.587'},lu = 'assistenza',primarykey = 'N',sql_declaration = 'decimal(5,2)',sql_type = 'decimal',system_type = 'System.Decimal' WHERE colname = 'tredicesimaindennitaintegrativaspeciale' AND tablename = 'stipendiokind'
ELSE
INSERT INTO [coldescr] (colname,tablename,col_len,col_precision,col_scale,description,kind,lt,lu,primarykey,sql_declaration,sql_type,system_type) VALUES ('tredicesimaindennitaintegrativaspeciale','stipendiokind','5','5','2','Tredicesima indennità integrativa speciale','S',{ts '2020-10-16 10:54:15.587'},'assistenza','N','decimal(5,2)','decimal','System.Decimal')
GO

-- FINE GENERAZIONE SCRIPT --


-- GENERAZIONE DATI PER tabledescr --
IF exists(SELECT * FROM [tabledescr] WHERE tablename = 'struttura')
UPDATE [tabledescr] SET description = '2.4.11 Struttura / Unità organizzativa',idapplication = '3',isdbo = 'S',lt = {ts '2021-02-19 16:22:11.847'},lu = 'assistenza',title = 'Struttura / Unità organizzativa' WHERE tablename = 'struttura'
ELSE
INSERT INTO [tabledescr] (tablename,description,idapplication,isdbo,lt,lu,title) VALUES ('struttura','2.4.11 Struttura / Unità organizzativa','3','S',{ts '2021-02-19 16:22:11.847'},'assistenza','Struttura / Unità organizzativa')
GO

-- FINE GENERAZIONE SCRIPT --


-- GENERAZIONE DATI PER coldescr --
IF exists(SELECT * FROM [coldescr] WHERE colname = 'codice' AND tablename = 'struttura')
UPDATE [coldescr] SET col_len = '50',col_precision = null,col_scale = null,description = null,kind = 'S',lt = {ts '2019-09-09 18:11:03.260'},lu = 'assistenza',primarykey = 'N',sql_declaration = 'varchar(50)',sql_type = 'varchar',system_type = 'System.String' WHERE colname = 'codice' AND tablename = 'struttura'
ELSE
INSERT INTO [coldescr] (colname,tablename,col_len,col_precision,col_scale,description,kind,lt,lu,primarykey,sql_declaration,sql_type,system_type) VALUES ('codice','struttura','50',null,null,null,'S',{ts '2019-09-09 18:11:03.260'},'assistenza','N','varchar(50)','varchar','System.String')
GO

IF exists(SELECT * FROM [coldescr] WHERE colname = 'codiceipa' AND tablename = 'struttura')
UPDATE [coldescr] SET col_len = '10',col_precision = null,col_scale = null,description = 'Codice IPA',kind = 'S',lt = {ts '2019-09-09 18:12:28.350'},lu = 'assistenza',primarykey = 'N',sql_declaration = 'nchar(10)',sql_type = 'nchar',system_type = 'System.String' WHERE colname = 'codiceipa' AND tablename = 'struttura'
ELSE
INSERT INTO [coldescr] (colname,tablename,col_len,col_precision,col_scale,description,kind,lt,lu,primarykey,sql_declaration,sql_type,system_type) VALUES ('codiceipa','struttura','10',null,null,'Codice IPA','S',{ts '2019-09-09 18:12:28.350'},'assistenza','N','nchar(10)','nchar','System.String')
GO

IF exists(SELECT * FROM [coldescr] WHERE colname = 'ct' AND tablename = 'struttura')
UPDATE [coldescr] SET col_len = '8',col_precision = null,col_scale = null,description = null,kind = 'S',lt = {ts '2019-09-09 18:11:03.260'},lu = 'assistenza',primarykey = 'N',sql_declaration = 'datetime',sql_type = 'datetime',system_type = 'System.DateTime' WHERE colname = 'ct' AND tablename = 'struttura'
ELSE
INSERT INTO [coldescr] (colname,tablename,col_len,col_precision,col_scale,description,kind,lt,lu,primarykey,sql_declaration,sql_type,system_type) VALUES ('ct','struttura','8',null,null,null,'S',{ts '2019-09-09 18:11:03.260'},'assistenza','N','datetime','datetime','System.DateTime')
GO

IF exists(SELECT * FROM [coldescr] WHERE colname = 'cu' AND tablename = 'struttura')
UPDATE [coldescr] SET col_len = '64',col_precision = null,col_scale = null,description = null,kind = 'S',lt = {ts '2019-09-09 18:11:03.263'},lu = 'assistenza',primarykey = 'N',sql_declaration = 'varchar(64)',sql_type = 'varchar',system_type = 'System.String' WHERE colname = 'cu' AND tablename = 'struttura'
ELSE
INSERT INTO [coldescr] (colname,tablename,col_len,col_precision,col_scale,description,kind,lt,lu,primarykey,sql_declaration,sql_type,system_type) VALUES ('cu','struttura','64',null,null,null,'S',{ts '2019-09-09 18:11:03.263'},'assistenza','N','varchar(64)','varchar','System.String')
GO

IF exists(SELECT * FROM [coldescr] WHERE colname = 'email' AND tablename = 'struttura')
UPDATE [coldescr] SET col_len = '200',col_precision = null,col_scale = null,description = 'E-Mail',kind = 'S',lt = {ts '2019-09-09 18:12:28.353'},lu = 'assistenza',primarykey = 'N',sql_declaration = 'varchar(200)',sql_type = 'varchar',system_type = 'System.String' WHERE colname = 'email' AND tablename = 'struttura'
ELSE
INSERT INTO [coldescr] (colname,tablename,col_len,col_precision,col_scale,description,kind,lt,lu,primarykey,sql_declaration,sql_type,system_type) VALUES ('email','struttura','200',null,null,'E-Mail','S',{ts '2019-09-09 18:12:28.353'},'assistenza','N','varchar(200)','varchar','System.String')
GO

IF exists(SELECT * FROM [coldescr] WHERE colname = 'fax' AND tablename = 'struttura')
UPDATE [coldescr] SET col_len = '50',col_precision = null,col_scale = null,description = null,kind = 'S',lt = {ts '2019-09-09 18:11:03.263'},lu = 'assistenza',primarykey = 'N',sql_declaration = 'varchar(50)',sql_type = 'varchar',system_type = 'System.String' WHERE colname = 'fax' AND tablename = 'struttura'
ELSE
INSERT INTO [coldescr] (colname,tablename,col_len,col_precision,col_scale,description,kind,lt,lu,primarykey,sql_declaration,sql_type,system_type) VALUES ('fax','struttura','50',null,null,null,'S',{ts '2019-09-09 18:11:03.263'},'assistenza','N','varchar(50)','varchar','System.String')
GO

IF exists(SELECT * FROM [coldescr] WHERE colname = 'idaoo' AND tablename = 'struttura')
UPDATE [coldescr] SET col_len = '4',col_precision = null,col_scale = null,description = 'AOO',kind = 'S',lt = {ts '2019-09-09 18:12:28.353'},lu = 'assistenza',primarykey = 'N',sql_declaration = 'int',sql_type = 'int',system_type = 'System.Int32' WHERE colname = 'idaoo' AND tablename = 'struttura'
ELSE
INSERT INTO [coldescr] (colname,tablename,col_len,col_precision,col_scale,description,kind,lt,lu,primarykey,sql_declaration,sql_type,system_type) VALUES ('idaoo','struttura','4',null,null,'AOO','S',{ts '2019-09-09 18:12:28.353'},'assistenza','N','int','int','System.Int32')
GO

IF exists(SELECT * FROM [coldescr] WHERE colname = 'idreg' AND tablename = 'struttura')
UPDATE [coldescr] SET col_len = '4',col_precision = null,col_scale = null,description = 'Istituto o ente o azienda',kind = 'S',lt = {ts '2020-01-03 16:17:42.820'},lu = 'assistenza',primarykey = 'N',sql_declaration = 'int',sql_type = 'int',system_type = 'System.Int32' WHERE colname = 'idreg' AND tablename = 'struttura'
ELSE
INSERT INTO [coldescr] (colname,tablename,col_len,col_precision,col_scale,description,kind,lt,lu,primarykey,sql_declaration,sql_type,system_type) VALUES ('idreg','struttura','4',null,null,'Istituto o ente o azienda','S',{ts '2020-01-03 16:17:42.820'},'assistenza','N','int','int','System.Int32')
GO

IF exists(SELECT * FROM [coldescr] WHERE colname = 'idsede' AND tablename = 'struttura')
UPDATE [coldescr] SET col_len = '4',col_precision = null,col_scale = null,description = 'Sede',kind = 'S',lt = {ts '2019-09-09 18:12:28.353'},lu = 'assistenza',primarykey = 'N',sql_declaration = 'int',sql_type = 'int',system_type = 'System.Int32' WHERE colname = 'idsede' AND tablename = 'struttura'
ELSE
INSERT INTO [coldescr] (colname,tablename,col_len,col_precision,col_scale,description,kind,lt,lu,primarykey,sql_declaration,sql_type,system_type) VALUES ('idsede','struttura','4',null,null,'Sede','S',{ts '2019-09-09 18:12:28.353'},'assistenza','N','int','int','System.Int32')
GO

IF exists(SELECT * FROM [coldescr] WHERE colname = 'idstruttura' AND tablename = 'struttura')
UPDATE [coldescr] SET col_len = '4',col_precision = null,col_scale = null,description = null,kind = 'S',lt = {ts '2019-09-09 18:11:03.263'},lu = 'assistenza',primarykey = 'S',sql_declaration = 'int',sql_type = 'int',system_type = 'System.Int32' WHERE colname = 'idstruttura' AND tablename = 'struttura'
ELSE
INSERT INTO [coldescr] (colname,tablename,col_len,col_precision,col_scale,description,kind,lt,lu,primarykey,sql_declaration,sql_type,system_type) VALUES ('idstruttura','struttura','4',null,null,null,'S',{ts '2019-09-09 18:11:03.263'},'assistenza','S','int','int','System.Int32')
GO

IF exists(SELECT * FROM [coldescr] WHERE colname = 'idstrutturakind' AND tablename = 'struttura')
UPDATE [coldescr] SET col_len = '4',col_precision = null,col_scale = null,description = 'Tipologia',kind = 'S',lt = {ts '2019-09-09 18:12:28.353'},lu = 'assistenza',primarykey = 'N',sql_declaration = 'int',sql_type = 'int',system_type = 'System.Int32' WHERE colname = 'idstrutturakind' AND tablename = 'struttura'
ELSE
INSERT INTO [coldescr] (colname,tablename,col_len,col_precision,col_scale,description,kind,lt,lu,primarykey,sql_declaration,sql_type,system_type) VALUES ('idstrutturakind','struttura','4',null,null,'Tipologia','S',{ts '2019-09-09 18:12:28.353'},'assistenza','N','int','int','System.Int32')
GO

IF exists(SELECT * FROM [coldescr] WHERE colname = 'idupb' AND tablename = 'struttura')
UPDATE [coldescr] SET col_len = '36',col_precision = null,col_scale = null,description = 'UPB',kind = 'S',lt = {ts '2019-09-09 18:12:28.353'},lu = 'assistenza',primarykey = 'N',sql_declaration = 'varchar(36)',sql_type = 'varchar',system_type = 'System.String' WHERE colname = 'idupb' AND tablename = 'struttura'
ELSE
INSERT INTO [coldescr] (colname,tablename,col_len,col_precision,col_scale,description,kind,lt,lu,primarykey,sql_declaration,sql_type,system_type) VALUES ('idupb','struttura','36',null,null,'UPB','S',{ts '2019-09-09 18:12:28.353'},'assistenza','N','varchar(36)','varchar','System.String')
GO

IF exists(SELECT * FROM [coldescr] WHERE colname = 'lt' AND tablename = 'struttura')
UPDATE [coldescr] SET col_len = '8',col_precision = null,col_scale = null,description = null,kind = 'S',lt = {ts '2019-09-09 18:11:03.263'},lu = 'assistenza',primarykey = 'N',sql_declaration = 'datetime',sql_type = 'datetime',system_type = 'System.DateTime' WHERE colname = 'lt' AND tablename = 'struttura'
ELSE
INSERT INTO [coldescr] (colname,tablename,col_len,col_precision,col_scale,description,kind,lt,lu,primarykey,sql_declaration,sql_type,system_type) VALUES ('lt','struttura','8',null,null,null,'S',{ts '2019-09-09 18:11:03.263'},'assistenza','N','datetime','datetime','System.DateTime')
GO

IF exists(SELECT * FROM [coldescr] WHERE colname = 'lu' AND tablename = 'struttura')
UPDATE [coldescr] SET col_len = '64',col_precision = null,col_scale = null,description = null,kind = 'S',lt = {ts '2019-09-09 18:11:03.263'},lu = 'assistenza',primarykey = 'N',sql_declaration = 'varchar(64)',sql_type = 'varchar',system_type = 'System.String' WHERE colname = 'lu' AND tablename = 'struttura'
ELSE
INSERT INTO [coldescr] (colname,tablename,col_len,col_precision,col_scale,description,kind,lt,lu,primarykey,sql_declaration,sql_type,system_type) VALUES ('lu','struttura','64',null,null,null,'S',{ts '2019-09-09 18:11:03.263'},'assistenza','N','varchar(64)','varchar','System.String')
GO

IF exists(SELECT * FROM [coldescr] WHERE colname = 'telefono' AND tablename = 'struttura')
UPDATE [coldescr] SET col_len = '50',col_precision = null,col_scale = null,description = null,kind = 'S',lt = {ts '2019-09-09 18:11:03.263'},lu = 'assistenza',primarykey = 'N',sql_declaration = 'varchar(50)',sql_type = 'varchar',system_type = 'System.String' WHERE colname = 'telefono' AND tablename = 'struttura'
ELSE
INSERT INTO [coldescr] (colname,tablename,col_len,col_precision,col_scale,description,kind,lt,lu,primarykey,sql_declaration,sql_type,system_type) VALUES ('telefono','struttura','50',null,null,null,'S',{ts '2019-09-09 18:11:03.263'},'assistenza','N','varchar(50)','varchar','System.String')
GO

IF exists(SELECT * FROM [coldescr] WHERE colname = 'title' AND tablename = 'struttura')
UPDATE [coldescr] SET col_len = '1024',col_precision = null,col_scale = null,description = 'Denominazione',kind = 'S',lt = {ts '2019-09-09 18:12:28.353'},lu = 'assistenza',primarykey = 'N',sql_declaration = 'varchar(1024)',sql_type = 'varchar',system_type = 'System.String' WHERE colname = 'title' AND tablename = 'struttura'
ELSE
INSERT INTO [coldescr] (colname,tablename,col_len,col_precision,col_scale,description,kind,lt,lu,primarykey,sql_declaration,sql_type,system_type) VALUES ('title','struttura','1024',null,null,'Denominazione','S',{ts '2019-09-09 18:12:28.353'},'assistenza','N','varchar(1024)','varchar','System.String')
GO

IF exists(SELECT * FROM [coldescr] WHERE colname = 'title_en' AND tablename = 'struttura')
UPDATE [coldescr] SET col_len = '1024',col_precision = null,col_scale = null,description = 'Denominazione (ENG)',kind = 'S',lt = {ts '2019-09-09 18:12:28.353'},lu = 'assistenza',primarykey = 'N',sql_declaration = 'varchar(1024)',sql_type = 'varchar',system_type = 'System.String' WHERE colname = 'title_en' AND tablename = 'struttura'
ELSE
INSERT INTO [coldescr] (colname,tablename,col_len,col_precision,col_scale,description,kind,lt,lu,primarykey,sql_declaration,sql_type,system_type) VALUES ('title_en','struttura','1024',null,null,'Denominazione (ENG)','S',{ts '2019-09-09 18:12:28.353'},'assistenza','N','varchar(1024)','varchar','System.String')
GO

-- FINE GENERAZIONE SCRIPT --


-- GENERAZIONE DATI PER tabledescr --
IF exists(SELECT * FROM [tabledescr] WHERE tablename = 'strutturakind')
UPDATE [tabledescr] SET description = 'VOCABOLARIO delle tipologie di una 2.4.11 Struttura / Unità organizzativa',idapplication = '3',isdbo = 'S',lt = {ts '2021-02-19 18:04:50.383'},lu = 'assistenza',title = 'Tipologie di una Struttura / Unità organizzativa' WHERE tablename = 'strutturakind'
ELSE
INSERT INTO [tabledescr] (tablename,description,idapplication,isdbo,lt,lu,title) VALUES ('strutturakind','VOCABOLARIO delle tipologie di una 2.4.11 Struttura / Unità organizzativa','3','S',{ts '2021-02-19 18:04:50.383'},'assistenza','Tipologie di una Struttura / Unità organizzativa')
GO

-- FINE GENERAZIONE SCRIPT --


-- GENERAZIONE DATI PER coldescr --
IF exists(SELECT * FROM [coldescr] WHERE colname = 'active' AND tablename = 'strutturakind')
UPDATE [coldescr] SET col_len = '1',col_precision = null,col_scale = null,description = null,kind = 'S',lt = {ts '2018-07-17 18:19:14.903'},lu = 'assistenza',primarykey = 'N',sql_declaration = 'char(1)',sql_type = 'char',system_type = 'System.String' WHERE colname = 'active' AND tablename = 'strutturakind'
ELSE
INSERT INTO [coldescr] (colname,tablename,col_len,col_precision,col_scale,description,kind,lt,lu,primarykey,sql_declaration,sql_type,system_type) VALUES ('active','strutturakind','1',null,null,null,'S',{ts '2018-07-17 18:19:14.903'},'assistenza','N','char(1)','char','System.String')
GO

IF exists(SELECT * FROM [coldescr] WHERE colname = 'description' AND tablename = 'strutturakind')
UPDATE [coldescr] SET col_len = '256',col_precision = null,col_scale = null,description = null,kind = 'S',lt = {ts '2018-07-17 18:19:14.907'},lu = 'assistenza',primarykey = 'N',sql_declaration = 'varchar(256)',sql_type = 'varchar',system_type = 'System.String' WHERE colname = 'description' AND tablename = 'strutturakind'
ELSE
INSERT INTO [coldescr] (colname,tablename,col_len,col_precision,col_scale,description,kind,lt,lu,primarykey,sql_declaration,sql_type,system_type) VALUES ('description','strutturakind','256',null,null,null,'S',{ts '2018-07-17 18:19:14.907'},'assistenza','N','varchar(256)','varchar','System.String')
GO

IF exists(SELECT * FROM [coldescr] WHERE colname = 'idstrutturakind' AND tablename = 'strutturakind')
UPDATE [coldescr] SET col_len = '4',col_precision = null,col_scale = null,description = null,kind = 'S',lt = {ts '2018-12-05 16:44:57.167'},lu = 'assistenza',primarykey = 'S',sql_declaration = 'int',sql_type = 'int',system_type = 'System.Int32' WHERE colname = 'idstrutturakind' AND tablename = 'strutturakind'
ELSE
INSERT INTO [coldescr] (colname,tablename,col_len,col_precision,col_scale,description,kind,lt,lu,primarykey,sql_declaration,sql_type,system_type) VALUES ('idstrutturakind','strutturakind','4',null,null,null,'S',{ts '2018-12-05 16:44:57.167'},'assistenza','S','int','int','System.Int32')
GO

IF exists(SELECT * FROM [coldescr] WHERE colname = 'lt' AND tablename = 'strutturakind')
UPDATE [coldescr] SET col_len = '8',col_precision = null,col_scale = null,description = null,kind = 'S',lt = {ts '2018-12-05 16:44:57.167'},lu = 'assistenza',primarykey = 'N',sql_declaration = 'datetime',sql_type = 'datetime',system_type = 'System.DateTime' WHERE colname = 'lt' AND tablename = 'strutturakind'
ELSE
INSERT INTO [coldescr] (colname,tablename,col_len,col_precision,col_scale,description,kind,lt,lu,primarykey,sql_declaration,sql_type,system_type) VALUES ('lt','strutturakind','8',null,null,null,'S',{ts '2018-12-05 16:44:57.167'},'assistenza','N','datetime','datetime','System.DateTime')
GO

IF exists(SELECT * FROM [coldescr] WHERE colname = 'lu' AND tablename = 'strutturakind')
UPDATE [coldescr] SET col_len = '64',col_precision = null,col_scale = null,description = null,kind = 'S',lt = {ts '2018-12-05 16:44:57.167'},lu = 'assistenza',primarykey = 'N',sql_declaration = 'varchar(64)',sql_type = 'varchar',system_type = 'System.String' WHERE colname = 'lu' AND tablename = 'strutturakind'
ELSE
INSERT INTO [coldescr] (colname,tablename,col_len,col_precision,col_scale,description,kind,lt,lu,primarykey,sql_declaration,sql_type,system_type) VALUES ('lu','strutturakind','64',null,null,null,'S',{ts '2018-12-05 16:44:57.167'},'assistenza','N','varchar(64)','varchar','System.String')
GO

IF exists(SELECT * FROM [coldescr] WHERE colname = 'sortCode' AND tablename = 'strutturakind')
UPDATE [coldescr] SET col_len = '4',col_precision = null,col_scale = null,description = null,kind = 'S',lt = {ts '2018-07-17 18:19:14.907'},lu = 'assistenza',primarykey = 'N',sql_declaration = 'int',sql_type = 'int',system_type = 'System.Int32' WHERE colname = 'sortCode' AND tablename = 'strutturakind'
ELSE
INSERT INTO [coldescr] (colname,tablename,col_len,col_precision,col_scale,description,kind,lt,lu,primarykey,sql_declaration,sql_type,system_type) VALUES ('sortCode','strutturakind','4',null,null,null,'S',{ts '2018-07-17 18:19:14.907'},'assistenza','N','int','int','System.Int32')
GO

IF exists(SELECT * FROM [coldescr] WHERE colname = 'title' AND tablename = 'strutturakind')
UPDATE [coldescr] SET col_len = '50',col_precision = null,col_scale = null,description = null,kind = 'S',lt = {ts '2018-07-17 18:19:14.907'},lu = 'assistenza',primarykey = 'N',sql_declaration = 'varchar(50)',sql_type = 'varchar',system_type = 'System.String' WHERE colname = 'title' AND tablename = 'strutturakind'
ELSE
INSERT INTO [coldescr] (colname,tablename,col_len,col_precision,col_scale,description,kind,lt,lu,primarykey,sql_declaration,sql_type,system_type) VALUES ('title','strutturakind','50',null,null,null,'S',{ts '2018-07-17 18:19:14.907'},'assistenza','N','varchar(50)','varchar','System.String')
GO

-- FINE GENERAZIONE SCRIPT --


-- GENERAZIONE DATI PER tabledescr --
IF exists(SELECT * FROM [tabledescr] WHERE tablename = 'studdirittokind')
UPDATE [tabledescr] SET description = 'VOCABOLARIO descrive la categoria dello studente per il diritto allo studio',idapplication = '2',isdbo = 'S',lt = {ts '2018-07-17 10:34:13.100'},lu = 'assistenza',title = 'Categoria dello studente per il diritto allo studio' WHERE tablename = 'studdirittokind'
ELSE
INSERT INTO [tabledescr] (tablename,description,idapplication,isdbo,lt,lu,title) VALUES ('studdirittokind','VOCABOLARIO descrive la categoria dello studente per il diritto allo studio','2','S',{ts '2018-07-17 10:34:13.100'},'assistenza','Categoria dello studente per il diritto allo studio')
GO

-- FINE GENERAZIONE SCRIPT --


-- GENERAZIONE DATI PER coldescr --
IF exists(SELECT * FROM [coldescr] WHERE colname = 'active' AND tablename = 'studdirittokind')
UPDATE [coldescr] SET col_len = '1',col_precision = null,col_scale = null,description = null,kind = 'S',lt = {ts '2018-07-17 10:40:38.730'},lu = 'assistenza',primarykey = 'N',sql_declaration = 'char(1)',sql_type = 'char',system_type = 'System.String' WHERE colname = 'active' AND tablename = 'studdirittokind'
ELSE
INSERT INTO [coldescr] (colname,tablename,col_len,col_precision,col_scale,description,kind,lt,lu,primarykey,sql_declaration,sql_type,system_type) VALUES ('active','studdirittokind','1',null,null,null,'S',{ts '2018-07-17 10:40:38.730'},'assistenza','N','char(1)','char','System.String')
GO

IF exists(SELECT * FROM [coldescr] WHERE colname = 'description' AND tablename = 'studdirittokind')
UPDATE [coldescr] SET col_len = '512',col_precision = null,col_scale = null,description = null,kind = 'S',lt = {ts '2018-07-17 10:40:38.730'},lu = 'assistenza',primarykey = 'N',sql_declaration = 'varchar(512)',sql_type = 'varchar',system_type = 'System.String' WHERE colname = 'description' AND tablename = 'studdirittokind'
ELSE
INSERT INTO [coldescr] (colname,tablename,col_len,col_precision,col_scale,description,kind,lt,lu,primarykey,sql_declaration,sql_type,system_type) VALUES ('description','studdirittokind','512',null,null,null,'S',{ts '2018-07-17 10:40:38.730'},'assistenza','N','varchar(512)','varchar','System.String')
GO

IF exists(SELECT * FROM [coldescr] WHERE colname = 'idstuddirittokind' AND tablename = 'studdirittokind')
UPDATE [coldescr] SET col_len = '4',col_precision = null,col_scale = null,description = null,kind = 'S',lt = {ts '2018-07-17 10:40:38.730'},lu = 'assistenza',primarykey = 'S',sql_declaration = 'int',sql_type = 'int',system_type = 'System.Int32' WHERE colname = 'idstuddirittokind' AND tablename = 'studdirittokind'
ELSE
INSERT INTO [coldescr] (colname,tablename,col_len,col_precision,col_scale,description,kind,lt,lu,primarykey,sql_declaration,sql_type,system_type) VALUES ('idstuddirittokind','studdirittokind','4',null,null,null,'S',{ts '2018-07-17 10:40:38.730'},'assistenza','S','int','int','System.Int32')
GO

IF exists(SELECT * FROM [coldescr] WHERE colname = 'sortorder' AND tablename = 'studdirittokind')
UPDATE [coldescr] SET col_len = '4',col_precision = null,col_scale = null,description = 'Ordine',kind = 'S',lt = {ts '2019-02-28 19:25:08.640'},lu = 'assistenza',primarykey = 'N',sql_declaration = 'int',sql_type = 'int',system_type = 'System.Int32' WHERE colname = 'sortorder' AND tablename = 'studdirittokind'
ELSE
INSERT INTO [coldescr] (colname,tablename,col_len,col_precision,col_scale,description,kind,lt,lu,primarykey,sql_declaration,sql_type,system_type) VALUES ('sortorder','studdirittokind','4',null,null,'Ordine','S',{ts '2019-02-28 19:25:08.640'},'assistenza','N','int','int','System.Int32')
GO

IF exists(SELECT * FROM [coldescr] WHERE colname = 'title' AND tablename = 'studdirittokind')
UPDATE [coldescr] SET col_len = '50',col_precision = null,col_scale = null,description = null,kind = 'S',lt = {ts '2018-07-17 10:40:38.730'},lu = 'assistenza',primarykey = 'N',sql_declaration = 'varchar(50)',sql_type = 'varchar',system_type = 'System.String' WHERE colname = 'title' AND tablename = 'studdirittokind'
ELSE
INSERT INTO [coldescr] (colname,tablename,col_len,col_precision,col_scale,description,kind,lt,lu,primarykey,sql_declaration,sql_type,system_type) VALUES ('title','studdirittokind','50',null,null,null,'S',{ts '2018-07-17 10:40:38.730'},'assistenza','N','varchar(50)','varchar','System.String')
GO

-- FINE GENERAZIONE SCRIPT --


-- GENERAZIONE DATI PER tabledescr --
IF exists(SELECT * FROM [tabledescr] WHERE tablename = 'studprenotkind')
UPDATE [tabledescr] SET description = 'sede, fuorisede, ecc.',idapplication = '2',isdbo = 'S',lt = {ts '2018-12-18 18:48:24.000'},lu = 'Ferdinando',title = 'Tipologia di studente durante la prenotazione' WHERE tablename = 'studprenotkind'
ELSE
INSERT INTO [tabledescr] (tablename,description,idapplication,isdbo,lt,lu,title) VALUES ('studprenotkind','sede, fuorisede, ecc.','2','S',{ts '2018-12-18 18:48:24.000'},'Ferdinando','Tipologia di studente durante la prenotazione')
GO

-- FINE GENERAZIONE SCRIPT --


-- GENERAZIONE DATI PER coldescr --
IF exists(SELECT * FROM [coldescr] WHERE colname = 'active' AND tablename = 'studprenotkind')
UPDATE [coldescr] SET col_len = '1',col_precision = null,col_scale = null,description = null,kind = 'S',lt = {ts '2018-07-16 15:36:19.830'},lu = 'assistenza',primarykey = 'N',sql_declaration = 'char(1)',sql_type = 'char',system_type = 'System.String' WHERE colname = 'active' AND tablename = 'studprenotkind'
ELSE
INSERT INTO [coldescr] (colname,tablename,col_len,col_precision,col_scale,description,kind,lt,lu,primarykey,sql_declaration,sql_type,system_type) VALUES ('active','studprenotkind','1',null,null,null,'S',{ts '2018-07-16 15:36:19.830'},'assistenza','N','char(1)','char','System.String')
GO

IF exists(SELECT * FROM [coldescr] WHERE colname = 'description' AND tablename = 'studprenotkind')
UPDATE [coldescr] SET col_len = '512',col_precision = null,col_scale = null,description = 'Descrizione',kind = 'S',lt = {ts '2018-12-18 18:46:48.360'},lu = 'assistenza',primarykey = 'N',sql_declaration = 'varchar(512)',sql_type = 'varchar',system_type = 'System.String' WHERE colname = 'description' AND tablename = 'studprenotkind'
ELSE
INSERT INTO [coldescr] (colname,tablename,col_len,col_precision,col_scale,description,kind,lt,lu,primarykey,sql_declaration,sql_type,system_type) VALUES ('description','studprenotkind','512',null,null,'Descrizione','S',{ts '2018-12-18 18:46:48.360'},'assistenza','N','varchar(512)','varchar','System.String')
GO

IF exists(SELECT * FROM [coldescr] WHERE colname = 'idstudprenotkind' AND tablename = 'studprenotkind')
UPDATE [coldescr] SET col_len = '4',col_precision = null,col_scale = null,description = 'Codice',kind = 'S',lt = {ts '2018-12-18 18:58:23.000'},lu = 'Ferdinando',primarykey = 'S',sql_declaration = 'int',sql_type = 'int',system_type = 'System.Int32' WHERE colname = 'idstudprenotkind' AND tablename = 'studprenotkind'
ELSE
INSERT INTO [coldescr] (colname,tablename,col_len,col_precision,col_scale,description,kind,lt,lu,primarykey,sql_declaration,sql_type,system_type) VALUES ('idstudprenotkind','studprenotkind','4',null,null,'Codice','S',{ts '2018-12-18 18:58:23.000'},'Ferdinando','S','int','int','System.Int32')
GO

IF exists(SELECT * FROM [coldescr] WHERE colname = 'lt' AND tablename = 'studprenotkind')
UPDATE [coldescr] SET col_len = '8',col_precision = null,col_scale = null,description = null,kind = 'S',lt = {ts '2018-12-18 18:45:49.847'},lu = 'assistenza',primarykey = 'N',sql_declaration = 'datetime',sql_type = 'datetime',system_type = 'System.DateTime' WHERE colname = 'lt' AND tablename = 'studprenotkind'
ELSE
INSERT INTO [coldescr] (colname,tablename,col_len,col_precision,col_scale,description,kind,lt,lu,primarykey,sql_declaration,sql_type,system_type) VALUES ('lt','studprenotkind','8',null,null,null,'S',{ts '2018-12-18 18:45:49.847'},'assistenza','N','datetime','datetime','System.DateTime')
GO

IF exists(SELECT * FROM [coldescr] WHERE colname = 'lu' AND tablename = 'studprenotkind')
UPDATE [coldescr] SET col_len = '64',col_precision = null,col_scale = null,description = null,kind = 'S',lt = {ts '2018-12-18 18:45:49.847'},lu = 'assistenza',primarykey = 'N',sql_declaration = 'varchar(64)',sql_type = 'varchar',system_type = 'System.String' WHERE colname = 'lu' AND tablename = 'studprenotkind'
ELSE
INSERT INTO [coldescr] (colname,tablename,col_len,col_precision,col_scale,description,kind,lt,lu,primarykey,sql_declaration,sql_type,system_type) VALUES ('lu','studprenotkind','64',null,null,null,'S',{ts '2018-12-18 18:45:49.847'},'assistenza','N','varchar(64)','varchar','System.String')
GO

IF exists(SELECT * FROM [coldescr] WHERE colname = 'sortorder' AND tablename = 'studprenotkind')
UPDATE [coldescr] SET col_len = '4',col_precision = null,col_scale = null,description = 'Ordine',kind = 'S',lt = {ts '2018-12-18 18:46:48.363'},lu = 'assistenza',primarykey = 'N',sql_declaration = 'int',sql_type = 'int',system_type = 'System.Int32' WHERE colname = 'sortorder' AND tablename = 'studprenotkind'
ELSE
INSERT INTO [coldescr] (colname,tablename,col_len,col_precision,col_scale,description,kind,lt,lu,primarykey,sql_declaration,sql_type,system_type) VALUES ('sortorder','studprenotkind','4',null,null,'Ordine','S',{ts '2018-12-18 18:46:48.363'},'assistenza','N','int','int','System.Int32')
GO

IF exists(SELECT * FROM [coldescr] WHERE colname = 'title' AND tablename = 'studprenotkind')
UPDATE [coldescr] SET col_len = '50',col_precision = null,col_scale = null,description = 'Titolo',kind = 'S',lt = {ts '2018-12-18 18:46:48.363'},lu = 'assistenza',primarykey = 'N',sql_declaration = 'varchar(50)',sql_type = 'varchar',system_type = 'System.String' WHERE colname = 'title' AND tablename = 'studprenotkind'
ELSE
INSERT INTO [coldescr] (colname,tablename,col_len,col_precision,col_scale,description,kind,lt,lu,primarykey,sql_declaration,sql_type,system_type) VALUES ('title','studprenotkind','50',null,null,'Titolo','S',{ts '2018-12-18 18:46:48.363'},'assistenza','N','varchar(50)','varchar','System.String')
GO

-- FINE GENERAZIONE SCRIPT --


-- GENERAZIONE DATI PER tabledescr --
IF exists(SELECT * FROM [tabledescr] WHERE tablename = 'tax')
UPDATE [tabledescr] SET description = 'Tipi di ritenuta',idapplication = '3',isdbo = 'S',lt = {ts '2021-02-19 17:43:00.850'},lu = 'assistenza',title = 'Tipi di ritenuta' WHERE tablename = 'tax'
ELSE
INSERT INTO [tabledescr] (tablename,description,idapplication,isdbo,lt,lu,title) VALUES ('tax','Tipi di ritenuta','3','S',{ts '2021-02-19 17:43:00.850'},'assistenza','Tipi di ritenuta')
GO

-- FINE GENERAZIONE SCRIPT --


-- GENERAZIONE DATI PER coldescr --
IF exists(SELECT * FROM [coldescr] WHERE colname = 'active' AND tablename = 'tax')
UPDATE [coldescr] SET col_len = '1',col_precision = null,col_scale = null,description = 'attivo',kind = 'S',lt = {ts '1900-01-01 02:59:57.473'},lu = 'lu',primarykey = 'N',sql_declaration = 'char(1)',sql_type = 'char',system_type = 'System.String' WHERE colname = 'active' AND tablename = 'tax'
ELSE
INSERT INTO [coldescr] (colname,tablename,col_len,col_precision,col_scale,description,kind,lt,lu,primarykey,sql_declaration,sql_type,system_type) VALUES ('active','tax','1',null,null,'attivo','S',{ts '1900-01-01 02:59:57.473'},'lu','N','char(1)','char','System.String')
GO

IF exists(SELECT * FROM [coldescr] WHERE colname = 'appliancebasis' AND tablename = 'tax')
UPDATE [coldescr] SET col_len = '1',col_precision = null,col_scale = null,description = 'Principio di applicazione: C Competenza - A Cassa Allargato - S Cassa',kind = 'S',lt = {ts '1900-01-01 03:00:24.070'},lu = 'lu',primarykey = 'N',sql_declaration = 'char(1)',sql_type = 'char',system_type = 'System.String' WHERE colname = 'appliancebasis' AND tablename = 'tax'
ELSE
INSERT INTO [coldescr] (colname,tablename,col_len,col_precision,col_scale,description,kind,lt,lu,primarykey,sql_declaration,sql_type,system_type) VALUES ('appliancebasis','tax','1',null,null,'Principio di applicazione: C Competenza - A Cassa Allargato - S Cassa','S',{ts '1900-01-01 03:00:24.070'},'lu','N','char(1)','char','System.String')
GO

IF exists(SELECT * FROM [coldescr] WHERE colname = 'ct' AND tablename = 'tax')
UPDATE [coldescr] SET col_len = '8',col_precision = null,col_scale = null,description = 'data creazione',kind = 'S',lt = {ts '1900-01-01 02:59:48.470'},lu = 'lu',primarykey = 'N',sql_declaration = 'datetime',sql_type = 'datetime',system_type = 'System.DateTime' WHERE colname = 'ct' AND tablename = 'tax'
ELSE
INSERT INTO [coldescr] (colname,tablename,col_len,col_precision,col_scale,description,kind,lt,lu,primarykey,sql_declaration,sql_type,system_type) VALUES ('ct','tax','8',null,null,'data creazione','S',{ts '1900-01-01 02:59:48.470'},'lu','N','datetime','datetime','System.DateTime')
GO

IF exists(SELECT * FROM [coldescr] WHERE colname = 'cu' AND tablename = 'tax')
UPDATE [coldescr] SET col_len = '64',col_precision = null,col_scale = null,description = 'nome utente creazione',kind = 'S',lt = {ts '1900-01-01 02:59:45.903'},lu = 'lu',primarykey = 'N',sql_declaration = 'varchar(64)',sql_type = 'varchar',system_type = 'System.String' WHERE colname = 'cu' AND tablename = 'tax'
ELSE
INSERT INTO [coldescr] (colname,tablename,col_len,col_precision,col_scale,description,kind,lt,lu,primarykey,sql_declaration,sql_type,system_type) VALUES ('cu','tax','64',null,null,'nome utente creazione','S',{ts '1900-01-01 02:59:45.903'},'lu','N','varchar(64)','varchar','System.String')
GO

IF exists(SELECT * FROM [coldescr] WHERE colname = 'description' AND tablename = 'tax')
UPDATE [coldescr] SET col_len = '50',col_precision = null,col_scale = null,description = 'Descrizione',kind = 'S',lt = {ts '1900-01-01 02:59:51.823'},lu = 'lu',primarykey = 'N',sql_declaration = 'varchar(50)',sql_type = 'varchar',system_type = 'System.String' WHERE colname = 'description' AND tablename = 'tax'
ELSE
INSERT INTO [coldescr] (colname,tablename,col_len,col_precision,col_scale,description,kind,lt,lu,primarykey,sql_declaration,sql_type,system_type) VALUES ('description','tax','50',null,null,'Descrizione','S',{ts '1900-01-01 02:59:51.823'},'lu','N','varchar(50)','varchar','System.String')
GO

IF exists(SELECT * FROM [coldescr] WHERE colname = 'fiscaltaxcode' AND tablename = 'tax')
UPDATE [coldescr] SET col_len = '20',col_precision = null,col_scale = null,description = 'Codice tributo/Causale contributo',kind = 'S',lt = {ts '1900-01-01 03:00:24.073'},lu = 'lu',primarykey = 'N',sql_declaration = 'varchar(20)',sql_type = 'varchar',system_type = 'System.String' WHERE colname = 'fiscaltaxcode' AND tablename = 'tax'
ELSE
INSERT INTO [coldescr] (colname,tablename,col_len,col_precision,col_scale,description,kind,lt,lu,primarykey,sql_declaration,sql_type,system_type) VALUES ('fiscaltaxcode','tax','20',null,null,'Codice tributo/Causale contributo','S',{ts '1900-01-01 03:00:24.073'},'lu','N','varchar(20)','varchar','System.String')
GO

IF exists(SELECT * FROM [coldescr] WHERE colname = 'flagunabatable' AND tablename = 'tax')
UPDATE [coldescr] SET col_len = '1',col_precision = null,col_scale = null,description = 'Ritenuta indetraibile',kind = 'C',lt = {ts '2016-02-07 11:10:49.143'},lu = 'Nino',primarykey = 'N',sql_declaration = 'char(1)',sql_type = 'char',system_type = 'System.String' WHERE colname = 'flagunabatable' AND tablename = 'tax'
ELSE
INSERT INTO [coldescr] (colname,tablename,col_len,col_precision,col_scale,description,kind,lt,lu,primarykey,sql_declaration,sql_type,system_type) VALUES ('flagunabatable','tax','1',null,null,'Ritenuta indetraibile','C',{ts '2016-02-07 11:10:49.143'},'Nino','N','char(1)','char','System.String')
GO

IF exists(SELECT * FROM [coldescr] WHERE colname = 'geoappliance' AND tablename = 'tax')
UPDATE [coldescr] SET col_len = '1',col_precision = null,col_scale = null,description = 'Tipo applicazione geografica: N Nulla- R Regionale - P Provinciale - C comunale',kind = 'S',lt = {ts '1900-01-01 02:59:11.967'},lu = 'lu',primarykey = 'N',sql_declaration = 'char(1)',sql_type = 'char',system_type = 'System.String' WHERE colname = 'geoappliance' AND tablename = 'tax'
ELSE
INSERT INTO [coldescr] (colname,tablename,col_len,col_precision,col_scale,description,kind,lt,lu,primarykey,sql_declaration,sql_type,system_type) VALUES ('geoappliance','tax','1',null,null,'Tipo applicazione geografica: N Nulla- R Regionale - P Provinciale - C comunale','S',{ts '1900-01-01 02:59:11.967'},'lu','N','char(1)','char','System.String')
GO

IF exists(SELECT * FROM [coldescr] WHERE colname = 'idaccmotive_cost' AND tablename = 'tax')
UPDATE [coldescr] SET col_len = '36',col_precision = null,col_scale = null,description = 'ID Causale di Costo (tab. Accmotive)',kind = 'S',lt = {ts '1900-01-01 02:59:11.970'},lu = 'lu',primarykey = 'N',sql_declaration = 'varchar(36)',sql_type = 'varchar',system_type = 'System.String' WHERE colname = 'idaccmotive_cost' AND tablename = 'tax'
ELSE
INSERT INTO [coldescr] (colname,tablename,col_len,col_precision,col_scale,description,kind,lt,lu,primarykey,sql_declaration,sql_type,system_type) VALUES ('idaccmotive_cost','tax','36',null,null,'ID Causale di Costo (tab. Accmotive)','S',{ts '1900-01-01 02:59:11.970'},'lu','N','varchar(36)','varchar','System.String')
GO

IF exists(SELECT * FROM [coldescr] WHERE colname = 'idaccmotive_debit' AND tablename = 'tax')
UPDATE [coldescr] SET col_len = '36',col_precision = null,col_scale = null,description = 'ID Causale di Debito (tab. Accmotive)',kind = 'S',lt = {ts '1900-01-01 02:59:11.973'},lu = 'lu',primarykey = 'N',sql_declaration = 'varchar(36)',sql_type = 'varchar',system_type = 'System.String' WHERE colname = 'idaccmotive_debit' AND tablename = 'tax'
ELSE
INSERT INTO [coldescr] (colname,tablename,col_len,col_precision,col_scale,description,kind,lt,lu,primarykey,sql_declaration,sql_type,system_type) VALUES ('idaccmotive_debit','tax','36',null,null,'ID Causale di Debito (tab. Accmotive)','S',{ts '1900-01-01 02:59:11.973'},'lu','N','varchar(36)','varchar','System.String')
GO

IF exists(SELECT * FROM [coldescr] WHERE colname = 'idaccmotive_pay' AND tablename = 'tax')
UPDATE [coldescr] SET col_len = '36',col_precision = null,col_scale = null,description = 'ID Causale Liquidazione Ritenute (tab. Accmotive)',kind = 'S',lt = {ts '1900-01-01 02:59:11.977'},lu = 'lu',primarykey = 'N',sql_declaration = 'varchar(36)',sql_type = 'varchar',system_type = 'System.String' WHERE colname = 'idaccmotive_pay' AND tablename = 'tax'
ELSE
INSERT INTO [coldescr] (colname,tablename,col_len,col_precision,col_scale,description,kind,lt,lu,primarykey,sql_declaration,sql_type,system_type) VALUES ('idaccmotive_pay','tax','36',null,null,'ID Causale Liquidazione Ritenute (tab. Accmotive)','S',{ts '1900-01-01 02:59:11.977'},'lu','N','varchar(36)','varchar','System.String')
GO

IF exists(SELECT * FROM [coldescr] WHERE colname = 'insuranceagencycode' AND tablename = 'tax')
UPDATE [coldescr] SET col_len = '10',col_precision = null,col_scale = null,description = 'Codice istituto previdenziale DALIA',kind = 'S',lt = {ts '2016-10-09 11:14:16.233'},lu = 'nino',primarykey = 'N',sql_declaration = 'varchar(10)',sql_type = 'varchar',system_type = 'System.String' WHERE colname = 'insuranceagencycode' AND tablename = 'tax'
ELSE
INSERT INTO [coldescr] (colname,tablename,col_len,col_precision,col_scale,description,kind,lt,lu,primarykey,sql_declaration,sql_type,system_type) VALUES ('insuranceagencycode','tax','10',null,null,'Codice istituto previdenziale DALIA','S',{ts '2016-10-09 11:14:16.233'},'nino','N','varchar(10)','varchar','System.String')
GO

IF exists(SELECT * FROM [coldescr] WHERE colname = 'lt' AND tablename = 'tax')
UPDATE [coldescr] SET col_len = '8',col_precision = null,col_scale = null,description = 'data ultima modifica',kind = 'S',lt = {ts '1900-01-01 02:59:43.277'},lu = 'lu',primarykey = 'N',sql_declaration = 'datetime',sql_type = 'datetime',system_type = 'System.DateTime' WHERE colname = 'lt' AND tablename = 'tax'
ELSE
INSERT INTO [coldescr] (colname,tablename,col_len,col_precision,col_scale,description,kind,lt,lu,primarykey,sql_declaration,sql_type,system_type) VALUES ('lt','tax','8',null,null,'data ultima modifica','S',{ts '1900-01-01 02:59:43.277'},'lu','N','datetime','datetime','System.DateTime')
GO

IF exists(SELECT * FROM [coldescr] WHERE colname = 'lu' AND tablename = 'tax')
UPDATE [coldescr] SET col_len = '64',col_precision = null,col_scale = null,description = 'nome ultimo utente modifica',kind = 'S',lt = {ts '1900-01-01 02:59:40.307'},lu = 'lu',primarykey = 'N',sql_declaration = 'varchar(64)',sql_type = 'varchar',system_type = 'System.String' WHERE colname = 'lu' AND tablename = 'tax'
ELSE
INSERT INTO [coldescr] (colname,tablename,col_len,col_precision,col_scale,description,kind,lt,lu,primarykey,sql_declaration,sql_type,system_type) VALUES ('lu','tax','64',null,null,'nome ultimo utente modifica','S',{ts '1900-01-01 02:59:40.307'},'lu','N','varchar(64)','varchar','System.String')
GO

IF exists(SELECT * FROM [coldescr] WHERE colname = 'maintaxcode' AND tablename = 'tax')
UPDATE [coldescr] SET col_len = '4',col_precision = null,col_scale = null,description = 'ID Ritenuta per Liquidazione (tab. Tax)',kind = 'S',lt = {ts '1900-01-01 02:59:11.987'},lu = 'lu',primarykey = 'N',sql_declaration = 'int',sql_type = 'int',system_type = 'System.Int32' WHERE colname = 'maintaxcode' AND tablename = 'tax'
ELSE
INSERT INTO [coldescr] (colname,tablename,col_len,col_precision,col_scale,description,kind,lt,lu,primarykey,sql_declaration,sql_type,system_type) VALUES ('maintaxcode','tax','4',null,null,'ID Ritenuta per Liquidazione (tab. Tax)','S',{ts '1900-01-01 02:59:11.987'},'lu','N','int','int','System.Int32')
GO

IF exists(SELECT * FROM [coldescr] WHERE colname = 'taxablecode' AND tablename = 'tax')
UPDATE [coldescr] SET col_len = '20',col_precision = null,col_scale = null,description = 'ID Codice imponibile (tab . Taxablekind)',kind = 'S',lt = {ts '1900-01-01 03:00:27.693'},lu = 'lu',primarykey = 'N',sql_declaration = 'varchar(20)',sql_type = 'varchar',system_type = 'System.String' WHERE colname = 'taxablecode' AND tablename = 'tax'
ELSE
INSERT INTO [coldescr] (colname,tablename,col_len,col_precision,col_scale,description,kind,lt,lu,primarykey,sql_declaration,sql_type,system_type) VALUES ('taxablecode','tax','20',null,null,'ID Codice imponibile (tab . Taxablekind)','S',{ts '1900-01-01 03:00:27.693'},'lu','N','varchar(20)','varchar','System.String')
GO

IF exists(SELECT * FROM [coldescr] WHERE colname = 'taxcode' AND tablename = 'tax')
UPDATE [coldescr] SET col_len = '4',col_precision = null,col_scale = null,description = 'id ritenuta (tabella tax)',kind = 'S',lt = {ts '1900-01-01 03:00:02.403'},lu = 'lu',primarykey = 'S',sql_declaration = 'int',sql_type = 'int',system_type = 'System.Int32' WHERE colname = 'taxcode' AND tablename = 'tax'
ELSE
INSERT INTO [coldescr] (colname,tablename,col_len,col_precision,col_scale,description,kind,lt,lu,primarykey,sql_declaration,sql_type,system_type) VALUES ('taxcode','tax','4',null,null,'id ritenuta (tabella tax)','S',{ts '1900-01-01 03:00:02.403'},'lu','S','int','int','System.Int32')
GO

IF exists(SELECT * FROM [coldescr] WHERE colname = 'taxkind' AND tablename = 'tax')
UPDATE [coldescr] SET col_len = '2',col_precision = null,col_scale = null,description = 'Tipo ritenuta: 1 Fiscale- 2 Assistenziale - 3 Previdenziale - 4 Assicurativa - 5 Arretrati - 6 Altro',kind = 'C',lt = {ts '2016-03-10 12:38:52.233'},lu = 'nino',primarykey = 'N',sql_declaration = 'smallint',sql_type = 'smallint',system_type = 'System.Int16' WHERE colname = 'taxkind' AND tablename = 'tax'
ELSE
INSERT INTO [coldescr] (colname,tablename,col_len,col_precision,col_scale,description,kind,lt,lu,primarykey,sql_declaration,sql_type,system_type) VALUES ('taxkind','tax','2',null,null,'Tipo ritenuta: 1 Fiscale- 2 Assistenziale - 3 Previdenziale - 4 Assicurativa - 5 Arretrati - 6 Altro','C',{ts '2016-03-10 12:38:52.233'},'nino','N','smallint','smallint','System.Int16')
GO

IF exists(SELECT * FROM [coldescr] WHERE colname = 'taxref' AND tablename = 'tax')
UPDATE [coldescr] SET col_len = '20',col_precision = null,col_scale = null,description = 'codice riferimento imposta (tabella tax)',kind = 'S',lt = {ts '1900-01-01 03:00:07.363'},lu = 'lu',primarykey = 'N',sql_declaration = 'varchar(20)',sql_type = 'varchar',system_type = 'System.String' WHERE colname = 'taxref' AND tablename = 'tax'
ELSE
INSERT INTO [coldescr] (colname,tablename,col_len,col_precision,col_scale,description,kind,lt,lu,primarykey,sql_declaration,sql_type,system_type) VALUES ('taxref','tax','20',null,null,'codice riferimento imposta (tabella tax)','S',{ts '1900-01-01 03:00:07.363'},'lu','N','varchar(20)','varchar','System.String')
GO

-- FINE GENERAZIONE SCRIPT --


-- GENERAZIONE DATI PER colvalue --
IF exists(SELECT * FROM [colvalue] WHERE colname = 'flagunabatable' AND tablename = 'tax' AND value = 'N')
UPDATE [colvalue] SET description = null,lt = {ts '2016-02-07 11:10:49.143'},lu = 'Nino',title = 'Ritenuta detraibile' WHERE colname = 'flagunabatable' AND tablename = 'tax' AND value = 'N'
ELSE
INSERT INTO [colvalue] (colname,tablename,value,description,lt,lu,title) VALUES ('flagunabatable','tax','N',null,{ts '2016-02-07 11:10:49.143'},'Nino','Ritenuta detraibile')
GO

IF exists(SELECT * FROM [colvalue] WHERE colname = 'flagunabatable' AND tablename = 'tax' AND value = 'S')
UPDATE [colvalue] SET description = null,lt = {ts '2016-02-07 11:10:49.143'},lu = 'Nino',title = 'Ritenuta indetraibile' WHERE colname = 'flagunabatable' AND tablename = 'tax' AND value = 'S'
ELSE
INSERT INTO [colvalue] (colname,tablename,value,description,lt,lu,title) VALUES ('flagunabatable','tax','S',null,{ts '2016-02-07 11:10:49.143'},'Nino','Ritenuta indetraibile')
GO

IF exists(SELECT * FROM [colvalue] WHERE colname = 'taxkind' AND tablename = 'tax' AND value = '1')
UPDATE [colvalue] SET description = null,lt = {ts '2016-03-10 12:38:52.233'},lu = 'nino',title = 'Fiscale' WHERE colname = 'taxkind' AND tablename = 'tax' AND value = '1'
ELSE
INSERT INTO [colvalue] (colname,tablename,value,description,lt,lu,title) VALUES ('taxkind','tax','1',null,{ts '2016-03-10 12:38:52.233'},'nino','Fiscale')
GO

IF exists(SELECT * FROM [colvalue] WHERE colname = 'taxkind' AND tablename = 'tax' AND value = '2')
UPDATE [colvalue] SET description = null,lt = {ts '2016-03-10 12:38:52.233'},lu = 'nino',title = 'Assistenziale' WHERE colname = 'taxkind' AND tablename = 'tax' AND value = '2'
ELSE
INSERT INTO [colvalue] (colname,tablename,value,description,lt,lu,title) VALUES ('taxkind','tax','2',null,{ts '2016-03-10 12:38:52.233'},'nino','Assistenziale')
GO

IF exists(SELECT * FROM [colvalue] WHERE colname = 'taxkind' AND tablename = 'tax' AND value = '3')
UPDATE [colvalue] SET description = null,lt = {ts '2016-03-10 12:38:52.233'},lu = 'nino',title = 'Previdenziale' WHERE colname = 'taxkind' AND tablename = 'tax' AND value = '3'
ELSE
INSERT INTO [colvalue] (colname,tablename,value,description,lt,lu,title) VALUES ('taxkind','tax','3',null,{ts '2016-03-10 12:38:52.233'},'nino','Previdenziale')
GO

IF exists(SELECT * FROM [colvalue] WHERE colname = 'taxkind' AND tablename = 'tax' AND value = '4')
UPDATE [colvalue] SET description = null,lt = {ts '2016-03-10 12:38:52.233'},lu = 'nino',title = 'Assicurativa' WHERE colname = 'taxkind' AND tablename = 'tax' AND value = '4'
ELSE
INSERT INTO [colvalue] (colname,tablename,value,description,lt,lu,title) VALUES ('taxkind','tax','4',null,{ts '2016-03-10 12:38:52.233'},'nino','Assicurativa')
GO

IF exists(SELECT * FROM [colvalue] WHERE colname = 'taxkind' AND tablename = 'tax' AND value = '5')
UPDATE [colvalue] SET description = null,lt = {ts '2016-03-10 12:38:52.233'},lu = 'nino',title = 'Arretrati' WHERE colname = 'taxkind' AND tablename = 'tax' AND value = '5'
ELSE
INSERT INTO [colvalue] (colname,tablename,value,description,lt,lu,title) VALUES ('taxkind','tax','5',null,{ts '2016-03-10 12:38:52.233'},'nino','Arretrati')
GO

IF exists(SELECT * FROM [colvalue] WHERE colname = 'taxkind' AND tablename = 'tax' AND value = '6')
UPDATE [colvalue] SET description = null,lt = {ts '2016-03-10 12:38:52.233'},lu = 'nino',title = 'Altro' WHERE colname = 'taxkind' AND tablename = 'tax' AND value = '6'
ELSE
INSERT INTO [colvalue] (colname,tablename,value,description,lt,lu,title) VALUES ('taxkind','tax','6',null,{ts '2016-03-10 12:38:52.233'},'nino','Altro')
GO

-- FINE GENERAZIONE SCRIPT --


-- GENERAZIONE DATI PER relation --
IF exists(SELECT * FROM [relation] WHERE idrelation = '73')
UPDATE [relation] SET childtable = 'tax',description = 'ID Causale di Costo (tab. Accmotive)',lt = {ts '2017-05-20 09:19:36.140'},lu = 'lu',parenttable = 'accmotive',title = 'Tipi di ritenuta' WHERE idrelation = '73'
ELSE
INSERT INTO [relation] (idrelation,childtable,description,lt,lu,parenttable,title) VALUES ('73','tax','ID Causale di Costo (tab. Accmotive)',{ts '2017-05-20 09:19:36.140'},'lu','accmotive','Tipi di ritenuta')
GO

IF exists(SELECT * FROM [relation] WHERE idrelation = '74')
UPDATE [relation] SET childtable = 'tax',description = 'ID Causale di Debito (tab. Accmotive)',lt = {ts '2017-05-20 09:19:36.140'},lu = 'lu',parenttable = 'accmotive',title = 'Tipi di ritenuta' WHERE idrelation = '74'
ELSE
INSERT INTO [relation] (idrelation,childtable,description,lt,lu,parenttable,title) VALUES ('74','tax','ID Causale di Debito (tab. Accmotive)',{ts '2017-05-20 09:19:36.140'},'lu','accmotive','Tipi di ritenuta')
GO

IF exists(SELECT * FROM [relation] WHERE idrelation = '75')
UPDATE [relation] SET childtable = 'tax',description = 'ID Causale Liquidazione Ritenute (tab. Accmotive)',lt = {ts '2017-05-20 09:19:36.140'},lu = 'lu',parenttable = 'accmotive',title = 'Tipi di ritenuta' WHERE idrelation = '75'
ELSE
INSERT INTO [relation] (idrelation,childtable,description,lt,lu,parenttable,title) VALUES ('75','tax','ID Causale Liquidazione Ritenute (tab. Accmotive)',{ts '2017-05-20 09:19:36.140'},'lu','accmotive','Tipi di ritenuta')
GO

IF exists(SELECT * FROM [relation] WHERE idrelation = '3136')
UPDATE [relation] SET childtable = 'tax',description = 'ID Codice imponibile (tab . Taxablekind)',lt = {ts '2017-05-22 15:32:06.610'},lu = 'nino',parenttable = 'taxablekind',title = 'Tipi di ritenuta' WHERE idrelation = '3136'
ELSE
INSERT INTO [relation] (idrelation,childtable,description,lt,lu,parenttable,title) VALUES ('3136','tax','ID Codice imponibile (tab . Taxablekind)',{ts '2017-05-22 15:32:06.610'},'nino','taxablekind','Tipi di ritenuta')
GO

-- FINE GENERAZIONE SCRIPT --


-- GENERAZIONE DATI PER relationcol --
IF exists(SELECT * FROM [relationcol] WHERE idrelation = '73' AND parentcol = 'idaccmotive')
UPDATE [relationcol] SET childcol = 'idaccmotive_cost',lt = {ts '2017-05-20 09:19:36.287'},lu = 'lu' WHERE idrelation = '73' AND parentcol = 'idaccmotive'
ELSE
INSERT INTO [relationcol] (idrelation,parentcol,childcol,lt,lu) VALUES ('73','idaccmotive','idaccmotive_cost',{ts '2017-05-20 09:19:36.287'},'lu')
GO

-- FINE GENERAZIONE SCRIPT --


-- GENERAZIONE DATI PER tabledescr --
IF exists(SELECT * FROM [tabledescr] WHERE tablename = 'tipoattform')
UPDATE [tabledescr] SET description = 'VOCABOLARIO classificazione delle attività formative del MIUR',idapplication = '3',isdbo = 'S',lt = {ts '2021-02-19 15:38:37.880'},lu = 'assistenza',title = 'VOCABOLARIO classificazione delle attività formative del MIUR' WHERE tablename = 'tipoattform'
ELSE
INSERT INTO [tabledescr] (tablename,description,idapplication,isdbo,lt,lu,title) VALUES ('tipoattform','VOCABOLARIO classificazione delle attività formative del MIUR','3','S',{ts '2021-02-19 15:38:37.880'},'assistenza','VOCABOLARIO classificazione delle attività formative del MIUR')
GO

-- FINE GENERAZIONE SCRIPT --


-- GENERAZIONE DATI PER coldescr --
IF exists(SELECT * FROM [coldescr] WHERE colname = 'description' AND tablename = 'tipoattform')
UPDATE [coldescr] SET col_len = '256',col_precision = null,col_scale = null,description = 'Descrizione',kind = 'S',lt = {ts '2019-09-20 18:42:34.627'},lu = 'assistenza',primarykey = 'N',sql_declaration = 'varchar(256)',sql_type = 'varchar',system_type = 'System.String' WHERE colname = 'description' AND tablename = 'tipoattform'
ELSE
INSERT INTO [coldescr] (colname,tablename,col_len,col_precision,col_scale,description,kind,lt,lu,primarykey,sql_declaration,sql_type,system_type) VALUES ('description','tipoattform','256',null,null,'Descrizione','S',{ts '2019-09-20 18:42:34.627'},'assistenza','N','varchar(256)','varchar','System.String')
GO

IF exists(SELECT * FROM [coldescr] WHERE colname = 'idtipoattform' AND tablename = 'tipoattform')
UPDATE [coldescr] SET col_len = '4',col_precision = null,col_scale = null,description = null,kind = 'S',lt = {ts '2018-07-18 17:08:05.573'},lu = 'assistenza',primarykey = 'S',sql_declaration = 'int',sql_type = 'int',system_type = 'System.Int32' WHERE colname = 'idtipoattform' AND tablename = 'tipoattform'
ELSE
INSERT INTO [coldescr] (colname,tablename,col_len,col_precision,col_scale,description,kind,lt,lu,primarykey,sql_declaration,sql_type,system_type) VALUES ('idtipoattform','tipoattform','4',null,null,null,'S',{ts '2018-07-18 17:08:05.573'},'assistenza','S','int','int','System.Int32')
GO

IF exists(SELECT * FROM [coldescr] WHERE colname = 'lt' AND tablename = 'tipoattform')
UPDATE [coldescr] SET col_len = '8',col_precision = null,col_scale = null,description = null,kind = 'S',lt = {ts '2018-07-18 17:08:05.573'},lu = 'assistenza',primarykey = 'N',sql_declaration = 'datetime',sql_type = 'datetime',system_type = 'System.DateTime' WHERE colname = 'lt' AND tablename = 'tipoattform'
ELSE
INSERT INTO [coldescr] (colname,tablename,col_len,col_precision,col_scale,description,kind,lt,lu,primarykey,sql_declaration,sql_type,system_type) VALUES ('lt','tipoattform','8',null,null,null,'S',{ts '2018-07-18 17:08:05.573'},'assistenza','N','datetime','datetime','System.DateTime')
GO

IF exists(SELECT * FROM [coldescr] WHERE colname = 'lu' AND tablename = 'tipoattform')
UPDATE [coldescr] SET col_len = '64',col_precision = null,col_scale = null,description = null,kind = 'S',lt = {ts '2018-07-18 17:08:05.573'},lu = 'assistenza',primarykey = 'N',sql_declaration = 'varchar(64)',sql_type = 'varchar',system_type = 'System.String' WHERE colname = 'lu' AND tablename = 'tipoattform'
ELSE
INSERT INTO [coldescr] (colname,tablename,col_len,col_precision,col_scale,description,kind,lt,lu,primarykey,sql_declaration,sql_type,system_type) VALUES ('lu','tipoattform','64',null,null,null,'S',{ts '2018-07-18 17:08:05.573'},'assistenza','N','varchar(64)','varchar','System.String')
GO

IF exists(SELECT * FROM [coldescr] WHERE colname = 'title' AND tablename = 'tipoattform')
UPDATE [coldescr] SET col_len = '1',col_precision = null,col_scale = null,description = 'Denominazione',kind = 'S',lt = {ts '2019-09-20 18:42:34.630'},lu = 'assistenza',primarykey = 'N',sql_declaration = 'varchar(1)',sql_type = 'varchar',system_type = 'System.String' WHERE colname = 'title' AND tablename = 'tipoattform'
ELSE
INSERT INTO [coldescr] (colname,tablename,col_len,col_precision,col_scale,description,kind,lt,lu,primarykey,sql_declaration,sql_type,system_type) VALUES ('title','tipoattform','1',null,null,'Denominazione','S',{ts '2019-09-20 18:42:34.630'},'assistenza','N','varchar(1)','varchar','System.String')
GO

-- FINE GENERAZIONE SCRIPT --


-- GENERAZIONE DATI PER tabledescr --
IF exists(SELECT * FROM [tabledescr] WHERE tablename = 'titolokind')
UPDATE [tabledescr] SET description = 'VOCABOLARIO tipologia del titolo che si consegue (congiunto, doppio, ecc.)',idapplication = '2',isdbo = 'S',lt = {ts '2018-07-18 18:31:55.117'},lu = 'assistenza',title = 'VOCABOLARIO tipologia del titolo che si consegue (congiunto, doppio, ecc.)' WHERE tablename = 'titolokind'
ELSE
INSERT INTO [tabledescr] (tablename,description,idapplication,isdbo,lt,lu,title) VALUES ('titolokind','VOCABOLARIO tipologia del titolo che si consegue (congiunto, doppio, ecc.)','2','S',{ts '2018-07-18 18:31:55.117'},'assistenza','VOCABOLARIO tipologia del titolo che si consegue (congiunto, doppio, ecc.)')
GO

-- FINE GENERAZIONE SCRIPT --


-- GENERAZIONE DATI PER coldescr --
IF exists(SELECT * FROM [coldescr] WHERE colname = 'active' AND tablename = 'titolokind')
UPDATE [coldescr] SET col_len = '1',col_precision = null,col_scale = null,description = null,kind = 'S',lt = {ts '2018-07-18 18:30:46.340'},lu = 'assistenza',primarykey = 'N',sql_declaration = 'char(1)',sql_type = 'char',system_type = 'System.String' WHERE colname = 'active' AND tablename = 'titolokind'
ELSE
INSERT INTO [coldescr] (colname,tablename,col_len,col_precision,col_scale,description,kind,lt,lu,primarykey,sql_declaration,sql_type,system_type) VALUES ('active','titolokind','1',null,null,null,'S',{ts '2018-07-18 18:30:46.340'},'assistenza','N','char(1)','char','System.String')
GO

IF exists(SELECT * FROM [coldescr] WHERE colname = 'idtitolokind' AND tablename = 'titolokind')
UPDATE [coldescr] SET col_len = '4',col_precision = null,col_scale = null,description = null,kind = 'S',lt = {ts '2018-07-18 18:30:46.340'},lu = 'assistenza',primarykey = 'S',sql_declaration = 'int',sql_type = 'int',system_type = 'System.Int32' WHERE colname = 'idtitolokind' AND tablename = 'titolokind'
ELSE
INSERT INTO [coldescr] (colname,tablename,col_len,col_precision,col_scale,description,kind,lt,lu,primarykey,sql_declaration,sql_type,system_type) VALUES ('idtitolokind','titolokind','4',null,null,null,'S',{ts '2018-07-18 18:30:46.340'},'assistenza','S','int','int','System.Int32')
GO

IF exists(SELECT * FROM [coldescr] WHERE colname = 'lt' AND tablename = 'titolokind')
UPDATE [coldescr] SET col_len = '8',col_precision = null,col_scale = null,description = null,kind = 'S',lt = {ts '2018-07-18 18:30:46.340'},lu = 'assistenza',primarykey = 'N',sql_declaration = 'datetime',sql_type = 'datetime',system_type = 'System.DateTime' WHERE colname = 'lt' AND tablename = 'titolokind'
ELSE
INSERT INTO [coldescr] (colname,tablename,col_len,col_precision,col_scale,description,kind,lt,lu,primarykey,sql_declaration,sql_type,system_type) VALUES ('lt','titolokind','8',null,null,null,'S',{ts '2018-07-18 18:30:46.340'},'assistenza','N','datetime','datetime','System.DateTime')
GO

IF exists(SELECT * FROM [coldescr] WHERE colname = 'lu' AND tablename = 'titolokind')
UPDATE [coldescr] SET col_len = '64',col_precision = null,col_scale = null,description = null,kind = 'S',lt = {ts '2018-07-18 18:30:46.340'},lu = 'assistenza',primarykey = 'N',sql_declaration = 'varchar(64)',sql_type = 'varchar',system_type = 'System.String' WHERE colname = 'lu' AND tablename = 'titolokind'
ELSE
INSERT INTO [coldescr] (colname,tablename,col_len,col_precision,col_scale,description,kind,lt,lu,primarykey,sql_declaration,sql_type,system_type) VALUES ('lu','titolokind','64',null,null,null,'S',{ts '2018-07-18 18:30:46.340'},'assistenza','N','varchar(64)','varchar','System.String')
GO

IF exists(SELECT * FROM [coldescr] WHERE colname = 'sortcode' AND tablename = 'titolokind')
UPDATE [coldescr] SET col_len = '4',col_precision = null,col_scale = null,description = null,kind = 'S',lt = {ts '2018-07-18 18:30:46.340'},lu = 'assistenza',primarykey = 'N',sql_declaration = 'int',sql_type = 'int',system_type = 'System.Int32' WHERE colname = 'sortcode' AND tablename = 'titolokind'
ELSE
INSERT INTO [coldescr] (colname,tablename,col_len,col_precision,col_scale,description,kind,lt,lu,primarykey,sql_declaration,sql_type,system_type) VALUES ('sortcode','titolokind','4',null,null,null,'S',{ts '2018-07-18 18:30:46.340'},'assistenza','N','int','int','System.Int32')
GO

IF exists(SELECT * FROM [coldescr] WHERE colname = 'title' AND tablename = 'titolokind')
UPDATE [coldescr] SET col_len = '50',col_precision = null,col_scale = null,description = null,kind = 'S',lt = {ts '2018-07-18 18:30:46.340'},lu = 'assistenza',primarykey = 'N',sql_declaration = 'varchar(50)',sql_type = 'varchar',system_type = 'System.String' WHERE colname = 'title' AND tablename = 'titolokind'
ELSE
INSERT INTO [coldescr] (colname,tablename,col_len,col_precision,col_scale,description,kind,lt,lu,primarykey,sql_declaration,sql_type,system_type) VALUES ('title','titolokind','50',null,null,null,'S',{ts '2018-07-18 18:30:46.340'},'assistenza','N','varchar(50)','varchar','System.String')
GO

-- FINE GENERAZIONE SCRIPT --


-- GENERAZIONE DATI PER relation --
IF exists(SELECT * FROM [relation] WHERE idrelation = '3262')
UPDATE [relation] SET childtable = 'titolokind',description = 'didattica di cui descrive la tipologia del titolo',lt = {ts '2018-07-18 18:31:55.090'},lu = 'assistenza',parenttable = 'didprog',title = null WHERE idrelation = '3262'
ELSE
INSERT INTO [relation] (idrelation,childtable,description,lt,lu,parenttable,title) VALUES ('3262','titolokind','didattica di cui descrive la tipologia del titolo',{ts '2018-07-18 18:31:55.090'},'assistenza','didprog',null)
GO

-- FINE GENERAZIONE SCRIPT --


-- GENERAZIONE DATI PER tabledescr --
IF exists(SELECT * FROM [tabledescr] WHERE tablename = 'titolostudio')
UPDATE [tabledescr] SET description = '2.6.5 Titoli di Studio dello studente
',idapplication = '3',isdbo = 'S',lt = {ts '2021-02-19 12:15:35.340'},lu = 'assistenza',title = 'Titolo di studio' WHERE tablename = 'titolostudio'
ELSE
INSERT INTO [tabledescr] (tablename,description,idapplication,isdbo,lt,lu,title) VALUES ('titolostudio','2.6.5 Titoli di Studio dello studente
','3','S',{ts '2021-02-19 12:15:35.340'},'assistenza','Titolo di studio')
GO

-- FINE GENERAZIONE SCRIPT --


-- GENERAZIONE DATI PER coldescr --
IF exists(SELECT * FROM [coldescr] WHERE colname = 'aa' AND tablename = 'titolostudio')
UPDATE [coldescr] SET col_len = '9',col_precision = null,col_scale = null,description = 'Anno accademco',kind = 'S',lt = {ts '2019-02-26 18:47:22.793'},lu = 'assistenza',primarykey = 'N',sql_declaration = 'varchar(9)',sql_type = 'varchar',system_type = 'System.String' WHERE colname = 'aa' AND tablename = 'titolostudio'
ELSE
INSERT INTO [coldescr] (colname,tablename,col_len,col_precision,col_scale,description,kind,lt,lu,primarykey,sql_declaration,sql_type,system_type) VALUES ('aa','titolostudio','9',null,null,'Anno accademco','S',{ts '2019-02-26 18:47:22.793'},'assistenza','N','varchar(9)','varchar','System.String')
GO

IF exists(SELECT * FROM [coldescr] WHERE colname = 'conseguito' AND tablename = 'titolostudio')
UPDATE [coldescr] SET col_len = '1',col_precision = null,col_scale = null,description = null,kind = 'S',lt = {ts '2019-11-13 10:19:28.587'},lu = 'assistenza',primarykey = 'N',sql_declaration = 'char(1)',sql_type = 'char',system_type = 'System.String' WHERE colname = 'conseguito' AND tablename = 'titolostudio'
ELSE
INSERT INTO [coldescr] (colname,tablename,col_len,col_precision,col_scale,description,kind,lt,lu,primarykey,sql_declaration,sql_type,system_type) VALUES ('conseguito','titolostudio','1',null,null,null,'S',{ts '2019-11-13 10:19:28.587'},'assistenza','N','char(1)','char','System.String')
GO

IF exists(SELECT * FROM [coldescr] WHERE colname = 'ct' AND tablename = 'titolostudio')
UPDATE [coldescr] SET col_len = '8',col_precision = null,col_scale = null,description = null,kind = 'S',lt = {ts '2018-07-17 10:37:16.890'},lu = 'assistenza',primarykey = 'N',sql_declaration = 'datetime',sql_type = 'datetime',system_type = 'System.DateTime' WHERE colname = 'ct' AND tablename = 'titolostudio'
ELSE
INSERT INTO [coldescr] (colname,tablename,col_len,col_precision,col_scale,description,kind,lt,lu,primarykey,sql_declaration,sql_type,system_type) VALUES ('ct','titolostudio','8',null,null,null,'S',{ts '2018-07-17 10:37:16.890'},'assistenza','N','datetime','datetime','System.DateTime')
GO

IF exists(SELECT * FROM [coldescr] WHERE colname = 'cu' AND tablename = 'titolostudio')
UPDATE [coldescr] SET col_len = '64',col_precision = null,col_scale = null,description = null,kind = 'S',lt = {ts '2018-07-17 10:37:16.890'},lu = 'assistenza',primarykey = 'N',sql_declaration = 'varchar(64)',sql_type = 'varchar',system_type = 'System.String' WHERE colname = 'cu' AND tablename = 'titolostudio'
ELSE
INSERT INTO [coldescr] (colname,tablename,col_len,col_precision,col_scale,description,kind,lt,lu,primarykey,sql_declaration,sql_type,system_type) VALUES ('cu','titolostudio','64',null,null,null,'S',{ts '2018-07-17 10:37:16.890'},'assistenza','N','varchar(64)','varchar','System.String')
GO

IF exists(SELECT * FROM [coldescr] WHERE colname = 'data' AND tablename = 'titolostudio')
UPDATE [coldescr] SET col_len = '3',col_precision = null,col_scale = null,description = 'Data del conseguimento',kind = 'S',lt = {ts '2019-02-26 18:47:22.793'},lu = 'assistenza',primarykey = 'N',sql_declaration = 'date',sql_type = 'date',system_type = 'System.DateTime' WHERE colname = 'data' AND tablename = 'titolostudio'
ELSE
INSERT INTO [coldescr] (colname,tablename,col_len,col_precision,col_scale,description,kind,lt,lu,primarykey,sql_declaration,sql_type,system_type) VALUES ('data','titolostudio','3',null,null,'Data del conseguimento','S',{ts '2019-02-26 18:47:22.793'},'assistenza','N','date','date','System.DateTime')
GO

IF exists(SELECT * FROM [coldescr] WHERE colname = 'giudizio' AND tablename = 'titolostudio')
UPDATE [coldescr] SET col_len = '50',col_precision = null,col_scale = null,description = null,kind = 'S',lt = {ts '2018-07-17 10:37:16.890'},lu = 'assistenza',primarykey = 'N',sql_declaration = 'varchar(50)',sql_type = 'varchar',system_type = 'System.String' WHERE colname = 'giudizio' AND tablename = 'titolostudio'
ELSE
INSERT INTO [coldescr] (colname,tablename,col_len,col_precision,col_scale,description,kind,lt,lu,primarykey,sql_declaration,sql_type,system_type) VALUES ('giudizio','titolostudio','50',null,null,null,'S',{ts '2018-07-17 10:37:16.890'},'assistenza','N','varchar(50)','varchar','System.String')
GO

IF exists(SELECT * FROM [coldescr] WHERE colname = 'idattach' AND tablename = 'titolostudio')
UPDATE [coldescr] SET col_len = '4',col_precision = null,col_scale = null,description = 'Allegato',kind = 'S',lt = {ts '2019-02-26 18:47:22.793'},lu = 'assistenza',primarykey = 'N',sql_declaration = 'int',sql_type = 'int',system_type = 'System.Int32' WHERE colname = 'idattach' AND tablename = 'titolostudio'
ELSE
INSERT INTO [coldescr] (colname,tablename,col_len,col_precision,col_scale,description,kind,lt,lu,primarykey,sql_declaration,sql_type,system_type) VALUES ('idattach','titolostudio','4',null,null,'Allegato','S',{ts '2019-02-26 18:47:22.793'},'assistenza','N','int','int','System.Int32')
GO

IF exists(SELECT * FROM [coldescr] WHERE colname = 'idistattitolistudio' AND tablename = 'titolostudio')
UPDATE [coldescr] SET col_len = '4',col_precision = null,col_scale = null,description = 'Titolo ISTAT',kind = 'S',lt = {ts '2019-02-26 18:47:22.793'},lu = 'assistenza',primarykey = 'N',sql_declaration = 'int',sql_type = 'int',system_type = 'System.Int32' WHERE colname = 'idistattitolistudio' AND tablename = 'titolostudio'
ELSE
INSERT INTO [coldescr] (colname,tablename,col_len,col_precision,col_scale,description,kind,lt,lu,primarykey,sql_declaration,sql_type,system_type) VALUES ('idistattitolistudio','titolostudio','4',null,null,'Titolo ISTAT','S',{ts '2019-02-26 18:47:22.793'},'assistenza','N','int','int','System.Int32')
GO

IF exists(SELECT * FROM [coldescr] WHERE colname = 'idreg' AND tablename = 'titolostudio')
UPDATE [coldescr] SET col_len = '4',col_precision = null,col_scale = null,description = 'Studente',kind = 'S',lt = {ts '2019-12-09 12:26:23.810'},lu = 'assistenza',primarykey = 'S',sql_declaration = 'int',sql_type = 'int',system_type = 'System.Int32' WHERE colname = 'idreg' AND tablename = 'titolostudio'
ELSE
INSERT INTO [coldescr] (colname,tablename,col_len,col_precision,col_scale,description,kind,lt,lu,primarykey,sql_declaration,sql_type,system_type) VALUES ('idreg','titolostudio','4',null,null,'Studente','S',{ts '2019-12-09 12:26:23.810'},'assistenza','S','int','int','System.Int32')
GO

IF exists(SELECT * FROM [coldescr] WHERE colname = 'idreg_istituti' AND tablename = 'titolostudio')
UPDATE [coldescr] SET col_len = '4',col_precision = null,col_scale = null,description = 'Istituto',kind = 'S',lt = {ts '2019-02-26 18:47:22.793'},lu = 'assistenza',primarykey = 'N',sql_declaration = 'int',sql_type = 'int',system_type = 'System.Int32' WHERE colname = 'idreg_istituti' AND tablename = 'titolostudio'
ELSE
INSERT INTO [coldescr] (colname,tablename,col_len,col_precision,col_scale,description,kind,lt,lu,primarykey,sql_declaration,sql_type,system_type) VALUES ('idreg_istituti','titolostudio','4',null,null,'Istituto','S',{ts '2019-02-26 18:47:22.793'},'assistenza','N','int','int','System.Int32')
GO

IF exists(SELECT * FROM [coldescr] WHERE colname = 'idtitolostudio' AND tablename = 'titolostudio')
UPDATE [coldescr] SET col_len = '4',col_precision = null,col_scale = null,description = null,kind = 'S',lt = {ts '2019-11-13 10:19:28.590'},lu = 'assistenza',primarykey = 'S',sql_declaration = 'int',sql_type = 'int',system_type = 'System.Int32' WHERE colname = 'idtitolostudio' AND tablename = 'titolostudio'
ELSE
INSERT INTO [coldescr] (colname,tablename,col_len,col_precision,col_scale,description,kind,lt,lu,primarykey,sql_declaration,sql_type,system_type) VALUES ('idtitolostudio','titolostudio','4',null,null,null,'S',{ts '2019-11-13 10:19:28.590'},'assistenza','S','int','int','System.Int32')
GO

IF exists(SELECT * FROM [coldescr] WHERE colname = 'lt' AND tablename = 'titolostudio')
UPDATE [coldescr] SET col_len = '8',col_precision = null,col_scale = null,description = null,kind = 'S',lt = {ts '2018-07-17 10:37:16.893'},lu = 'assistenza',primarykey = 'N',sql_declaration = 'datetime',sql_type = 'datetime',system_type = 'System.DateTime' WHERE colname = 'lt' AND tablename = 'titolostudio'
ELSE
INSERT INTO [coldescr] (colname,tablename,col_len,col_precision,col_scale,description,kind,lt,lu,primarykey,sql_declaration,sql_type,system_type) VALUES ('lt','titolostudio','8',null,null,null,'S',{ts '2018-07-17 10:37:16.893'},'assistenza','N','datetime','datetime','System.DateTime')
GO

IF exists(SELECT * FROM [coldescr] WHERE colname = 'lu' AND tablename = 'titolostudio')
UPDATE [coldescr] SET col_len = '64',col_precision = null,col_scale = null,description = null,kind = 'S',lt = {ts '2018-07-17 10:37:16.893'},lu = 'assistenza',primarykey = 'N',sql_declaration = 'varchar(64)',sql_type = 'varchar',system_type = 'System.String' WHERE colname = 'lu' AND tablename = 'titolostudio'
ELSE
INSERT INTO [coldescr] (colname,tablename,col_len,col_precision,col_scale,description,kind,lt,lu,primarykey,sql_declaration,sql_type,system_type) VALUES ('lu','titolostudio','64',null,null,null,'S',{ts '2018-07-17 10:37:16.893'},'assistenza','N','varchar(64)','varchar','System.String')
GO

IF exists(SELECT * FROM [coldescr] WHERE colname = 'title' AND tablename = 'titolostudio')
UPDATE [coldescr] SET col_len = '1024',col_precision = null,col_scale = null,description = 'Denominazione',kind = 'S',lt = {ts '2019-02-26 18:47:22.793'},lu = 'assistenza',primarykey = 'N',sql_declaration = 'varchar(1024)',sql_type = 'varchar',system_type = 'System.String' WHERE colname = 'title' AND tablename = 'titolostudio'
ELSE
INSERT INTO [coldescr] (colname,tablename,col_len,col_precision,col_scale,description,kind,lt,lu,primarykey,sql_declaration,sql_type,system_type) VALUES ('title','titolostudio','1024',null,null,'Denominazione','S',{ts '2019-02-26 18:47:22.793'},'assistenza','N','varchar(1024)','varchar','System.String')
GO

IF exists(SELECT * FROM [coldescr] WHERE colname = 'voto' AND tablename = 'titolostudio')
UPDATE [coldescr] SET col_len = '4',col_precision = null,col_scale = null,description = null,kind = 'S',lt = {ts '2018-07-17 10:37:16.893'},lu = 'assistenza',primarykey = 'N',sql_declaration = 'int',sql_type = 'int',system_type = 'System.Int32' WHERE colname = 'voto' AND tablename = 'titolostudio'
ELSE
INSERT INTO [coldescr] (colname,tablename,col_len,col_precision,col_scale,description,kind,lt,lu,primarykey,sql_declaration,sql_type,system_type) VALUES ('voto','titolostudio','4',null,null,null,'S',{ts '2018-07-17 10:37:16.893'},'assistenza','N','int','int','System.Int32')
GO

IF exists(SELECT * FROM [coldescr] WHERE colname = 'votolode' AND tablename = 'titolostudio')
UPDATE [coldescr] SET col_len = '1',col_precision = null,col_scale = null,description = 'Lode',kind = 'S',lt = {ts '2019-11-13 10:19:28.590'},lu = 'assistenza',primarykey = 'N',sql_declaration = 'char(1)',sql_type = 'char',system_type = 'System.String' WHERE colname = 'votolode' AND tablename = 'titolostudio'
ELSE
INSERT INTO [coldescr] (colname,tablename,col_len,col_precision,col_scale,description,kind,lt,lu,primarykey,sql_declaration,sql_type,system_type) VALUES ('votolode','titolostudio','1',null,null,'Lode','S',{ts '2019-11-13 10:19:28.590'},'assistenza','N','char(1)','char','System.String')
GO

IF exists(SELECT * FROM [coldescr] WHERE colname = 'votosu' AND tablename = 'titolostudio')
UPDATE [coldescr] SET col_len = '4',col_precision = null,col_scale = null,description = 'Su',kind = 'S',lt = {ts '2019-02-26 18:47:22.793'},lu = 'assistenza',primarykey = 'N',sql_declaration = 'int',sql_type = 'int',system_type = 'System.Int32' WHERE colname = 'votosu' AND tablename = 'titolostudio'
ELSE
INSERT INTO [coldescr] (colname,tablename,col_len,col_precision,col_scale,description,kind,lt,lu,primarykey,sql_declaration,sql_type,system_type) VALUES ('votosu','titolostudio','4',null,null,'Su','S',{ts '2019-02-26 18:47:22.793'},'assistenza','N','int','int','System.Int32')
GO

-- FINE GENERAZIONE SCRIPT --


-- GENERAZIONE DATI PER tabledescr --
IF exists(SELECT * FROM [tabledescr] WHERE tablename = 'workpackage')
UPDATE [tabledescr] SET description = 'Workpackage',idapplication = '3',isdbo = 'N',lt = {ts '2021-02-19 16:41:27.513'},lu = 'assistenza',title = 'Workpackage' WHERE tablename = 'workpackage'
ELSE
INSERT INTO [tabledescr] (tablename,description,idapplication,isdbo,lt,lu,title) VALUES ('workpackage','Workpackage','3','N',{ts '2021-02-19 16:41:27.513'},'assistenza','Workpackage')
GO

-- FINE GENERAZIONE SCRIPT --


-- GENERAZIONE DATI PER coldescr --
IF exists(SELECT * FROM [coldescr] WHERE colname = 'acronimo' AND tablename = 'workpackage')
UPDATE [coldescr] SET col_len = '2048',col_precision = null,col_scale = null,description = null,kind = 'S',lt = {ts '2020-11-02 18:25:10.753'},lu = 'assistenza',primarykey = 'N',sql_declaration = 'nvarchar(2048)',sql_type = 'nvarchar',system_type = 'System.String' WHERE colname = 'acronimo' AND tablename = 'workpackage'
ELSE
INSERT INTO [coldescr] (colname,tablename,col_len,col_precision,col_scale,description,kind,lt,lu,primarykey,sql_declaration,sql_type,system_type) VALUES ('acronimo','workpackage','2048',null,null,null,'S',{ts '2020-11-02 18:25:10.753'},'assistenza','N','nvarchar(2048)','nvarchar','System.String')
GO

IF exists(SELECT * FROM [coldescr] WHERE colname = 'ct' AND tablename = 'workpackage')
UPDATE [coldescr] SET col_len = '8',col_precision = null,col_scale = null,description = null,kind = 'S',lt = {ts '2020-05-20 14:05:05.633'},lu = 'assistenza',primarykey = 'N',sql_declaration = 'datetime',sql_type = 'datetime',system_type = 'System.DateTime' WHERE colname = 'ct' AND tablename = 'workpackage'
ELSE
INSERT INTO [coldescr] (colname,tablename,col_len,col_precision,col_scale,description,kind,lt,lu,primarykey,sql_declaration,sql_type,system_type) VALUES ('ct','workpackage','8',null,null,null,'S',{ts '2020-05-20 14:05:05.633'},'assistenza','N','datetime','datetime','System.DateTime')
GO

IF exists(SELECT * FROM [coldescr] WHERE colname = 'cu' AND tablename = 'workpackage')
UPDATE [coldescr] SET col_len = '64',col_precision = null,col_scale = null,description = null,kind = 'S',lt = {ts '2020-05-20 14:05:05.633'},lu = 'assistenza',primarykey = 'N',sql_declaration = 'varchar(64)',sql_type = 'varchar',system_type = 'System.String' WHERE colname = 'cu' AND tablename = 'workpackage'
ELSE
INSERT INTO [coldescr] (colname,tablename,col_len,col_precision,col_scale,description,kind,lt,lu,primarykey,sql_declaration,sql_type,system_type) VALUES ('cu','workpackage','64',null,null,null,'S',{ts '2020-05-20 14:05:05.633'},'assistenza','N','varchar(64)','varchar','System.String')
GO

IF exists(SELECT * FROM [coldescr] WHERE colname = 'description' AND tablename = 'workpackage')
UPDATE [coldescr] SET col_len = '0',col_precision = null,col_scale = null,description = 'Descrizione',kind = 'S',lt = {ts '2020-05-20 14:05:52.450'},lu = 'assistenza',primarykey = 'N',sql_declaration = 'nvarchar(max)',sql_type = 'nvarchar',system_type = 'System.String' WHERE colname = 'description' AND tablename = 'workpackage'
ELSE
INSERT INTO [coldescr] (colname,tablename,col_len,col_precision,col_scale,description,kind,lt,lu,primarykey,sql_declaration,sql_type,system_type) VALUES ('description','workpackage','0',null,null,'Descrizione','S',{ts '2020-05-20 14:05:52.450'},'assistenza','N','nvarchar(max)','nvarchar','System.String')
GO

IF exists(SELECT * FROM [coldescr] WHERE colname = 'idprogetto' AND tablename = 'workpackage')
UPDATE [coldescr] SET col_len = '4',col_precision = null,col_scale = null,description = 'Progetto',kind = 'S',lt = {ts '2020-05-20 14:05:52.450'},lu = 'assistenza',primarykey = 'S',sql_declaration = 'int',sql_type = 'int',system_type = 'System.Int32' WHERE colname = 'idprogetto' AND tablename = 'workpackage'
ELSE
INSERT INTO [coldescr] (colname,tablename,col_len,col_precision,col_scale,description,kind,lt,lu,primarykey,sql_declaration,sql_type,system_type) VALUES ('idprogetto','workpackage','4',null,null,'Progetto','S',{ts '2020-05-20 14:05:52.450'},'assistenza','S','int','int','System.Int32')
GO

IF exists(SELECT * FROM [coldescr] WHERE colname = 'idstruttura' AND tablename = 'workpackage')
UPDATE [coldescr] SET col_len = '4',col_precision = null,col_scale = null,description = 'Dipartimento',kind = 'S',lt = {ts '2020-11-02 18:25:36.680'},lu = 'assistenza',primarykey = 'N',sql_declaration = 'int',sql_type = 'int',system_type = 'System.Int32' WHERE colname = 'idstruttura' AND tablename = 'workpackage'
ELSE
INSERT INTO [coldescr] (colname,tablename,col_len,col_precision,col_scale,description,kind,lt,lu,primarykey,sql_declaration,sql_type,system_type) VALUES ('idstruttura','workpackage','4',null,null,'Dipartimento','S',{ts '2020-11-02 18:25:36.680'},'assistenza','N','int','int','System.Int32')
GO

IF exists(SELECT * FROM [coldescr] WHERE colname = 'idupb' AND tablename = 'workpackage')
UPDATE [coldescr] SET col_len = '50',col_precision = null,col_scale = null,description = 'Unità previsionale di base (UPB)',kind = 'S',lt = {ts '2020-11-02 18:25:36.680'},lu = 'assistenza',primarykey = 'N',sql_declaration = 'varchar(50)',sql_type = 'varchar',system_type = 'System.String' WHERE colname = 'idupb' AND tablename = 'workpackage'
ELSE
INSERT INTO [coldescr] (colname,tablename,col_len,col_precision,col_scale,description,kind,lt,lu,primarykey,sql_declaration,sql_type,system_type) VALUES ('idupb','workpackage','50',null,null,'Unità previsionale di base (UPB)','S',{ts '2020-11-02 18:25:36.680'},'assistenza','N','varchar(50)','varchar','System.String')
GO

IF exists(SELECT * FROM [coldescr] WHERE colname = 'idworkpackage' AND tablename = 'workpackage')
UPDATE [coldescr] SET col_len = '4',col_precision = null,col_scale = null,description = null,kind = 'S',lt = {ts '2020-05-20 14:05:05.633'},lu = 'assistenza',primarykey = 'S',sql_declaration = 'int',sql_type = 'int',system_type = 'System.Int32' WHERE colname = 'idworkpackage' AND tablename = 'workpackage'
ELSE
INSERT INTO [coldescr] (colname,tablename,col_len,col_precision,col_scale,description,kind,lt,lu,primarykey,sql_declaration,sql_type,system_type) VALUES ('idworkpackage','workpackage','4',null,null,null,'S',{ts '2020-05-20 14:05:05.633'},'assistenza','S','int','int','System.Int32')
GO

IF exists(SELECT * FROM [coldescr] WHERE colname = 'lt' AND tablename = 'workpackage')
UPDATE [coldescr] SET col_len = '8',col_precision = null,col_scale = null,description = null,kind = 'S',lt = {ts '2020-05-20 14:05:05.637'},lu = 'assistenza',primarykey = 'N',sql_declaration = 'datetime',sql_type = 'datetime',system_type = 'System.DateTime' WHERE colname = 'lt' AND tablename = 'workpackage'
ELSE
INSERT INTO [coldescr] (colname,tablename,col_len,col_precision,col_scale,description,kind,lt,lu,primarykey,sql_declaration,sql_type,system_type) VALUES ('lt','workpackage','8',null,null,null,'S',{ts '2020-05-20 14:05:05.637'},'assistenza','N','datetime','datetime','System.DateTime')
GO

IF exists(SELECT * FROM [coldescr] WHERE colname = 'lu' AND tablename = 'workpackage')
UPDATE [coldescr] SET col_len = '64',col_precision = null,col_scale = null,description = null,kind = 'S',lt = {ts '2020-05-20 14:05:05.637'},lu = 'assistenza',primarykey = 'N',sql_declaration = 'varchar(64)',sql_type = 'varchar',system_type = 'System.String' WHERE colname = 'lu' AND tablename = 'workpackage'
ELSE
INSERT INTO [coldescr] (colname,tablename,col_len,col_precision,col_scale,description,kind,lt,lu,primarykey,sql_declaration,sql_type,system_type) VALUES ('lu','workpackage','64',null,null,null,'S',{ts '2020-05-20 14:05:05.637'},'assistenza','N','varchar(64)','varchar','System.String')
GO

IF exists(SELECT * FROM [coldescr] WHERE colname = 'raggruppamento' AND tablename = 'workpackage')
UPDATE [coldescr] SET col_len = '2048',col_precision = null,col_scale = null,description = null,kind = 'S',lt = {ts '2020-11-02 18:25:10.753'},lu = 'assistenza',primarykey = 'N',sql_declaration = 'nvarchar(2048)',sql_type = 'nvarchar',system_type = 'System.String' WHERE colname = 'raggruppamento' AND tablename = 'workpackage'
ELSE
INSERT INTO [coldescr] (colname,tablename,col_len,col_precision,col_scale,description,kind,lt,lu,primarykey,sql_declaration,sql_type,system_type) VALUES ('raggruppamento','workpackage','2048',null,null,null,'S',{ts '2020-11-02 18:25:10.753'},'assistenza','N','nvarchar(2048)','nvarchar','System.String')
GO

IF exists(SELECT * FROM [coldescr] WHERE colname = 'title' AND tablename = 'workpackage')
UPDATE [coldescr] SET col_len = '2048',col_precision = null,col_scale = null,description = 'Titolo',kind = 'S',lt = {ts '2020-05-20 14:05:52.450'},lu = 'assistenza',primarykey = 'N',sql_declaration = 'nvarchar(2048)',sql_type = 'nvarchar',system_type = 'System.String' WHERE colname = 'title' AND tablename = 'workpackage'
ELSE
INSERT INTO [coldescr] (colname,tablename,col_len,col_precision,col_scale,description,kind,lt,lu,primarykey,sql_declaration,sql_type,system_type) VALUES ('title','workpackage','2048',null,null,'Titolo','S',{ts '2020-05-20 14:05:52.450'},'assistenza','N','nvarchar(2048)','nvarchar','System.String')
GO

-- FINE GENERAZIONE SCRIPT --


-- GENERAZIONE DATI PER tabledescr --
IF exists(SELECT * FROM [tabledescr] WHERE tablename = 'workpackagekind')
UPDATE [tabledescr] SET description = 'Configurazione dei Workpackage',idapplication = '3',isdbo = 'S',lt = {ts '2021-02-19 17:10:57.317'},lu = 'assistenza',title = 'Workpackage' WHERE tablename = 'workpackagekind'
ELSE
INSERT INTO [tabledescr] (tablename,description,idapplication,isdbo,lt,lu,title) VALUES ('workpackagekind','Configurazione dei Workpackage','3','S',{ts '2021-02-19 17:10:57.317'},'assistenza','Workpackage')
GO

-- FINE GENERAZIONE SCRIPT --


-- GENERAZIONE DATI PER coldescr --
IF exists(SELECT * FROM [coldescr] WHERE colname = 'idprogettokind' AND tablename = 'workpackagekind')
UPDATE [coldescr] SET col_len = '4',col_precision = null,col_scale = null,description = null,kind = 'S',lt = {ts '2020-05-22 16:19:04.360'},lu = 'assistenza',primarykey = 'S',sql_declaration = 'int',sql_type = 'int',system_type = 'System.Int32' WHERE colname = 'idprogettokind' AND tablename = 'workpackagekind'
ELSE
INSERT INTO [coldescr] (colname,tablename,col_len,col_precision,col_scale,description,kind,lt,lu,primarykey,sql_declaration,sql_type,system_type) VALUES ('idprogettokind','workpackagekind','4',null,null,null,'S',{ts '2020-05-22 16:19:04.360'},'assistenza','S','int','int','System.Int32')
GO

IF exists(SELECT * FROM [coldescr] WHERE colname = 'idworkpackagekind' AND tablename = 'workpackagekind')
UPDATE [coldescr] SET col_len = '4',col_precision = null,col_scale = null,description = null,kind = 'S',lt = {ts '2020-05-22 16:19:04.360'},lu = 'assistenza',primarykey = 'S',sql_declaration = 'int',sql_type = 'int',system_type = 'System.Int32' WHERE colname = 'idworkpackagekind' AND tablename = 'workpackagekind'
ELSE
INSERT INTO [coldescr] (colname,tablename,col_len,col_precision,col_scale,description,kind,lt,lu,primarykey,sql_declaration,sql_type,system_type) VALUES ('idworkpackagekind','workpackagekind','4',null,null,null,'S',{ts '2020-05-22 16:19:04.360'},'assistenza','S','int','int','System.Int32')
GO

IF exists(SELECT * FROM [coldescr] WHERE colname = 'title' AND tablename = 'workpackagekind')
UPDATE [coldescr] SET col_len = '2048',col_precision = null,col_scale = null,description = 'Titolo',kind = 'S',lt = {ts '2020-05-22 16:19:27.437'},lu = 'assistenza',primarykey = 'N',sql_declaration = 'nvarchar(2048)',sql_type = 'nvarchar',system_type = 'System.String' WHERE colname = 'title' AND tablename = 'workpackagekind'
ELSE
INSERT INTO [coldescr] (colname,tablename,col_len,col_precision,col_scale,description,kind,lt,lu,primarykey,sql_declaration,sql_type,system_type) VALUES ('title','workpackagekind','2048',null,null,'Titolo','S',{ts '2020-05-22 16:19:27.437'},'assistenza','N','nvarchar(2048)','nvarchar','System.String')
GO

-- FINE GENERAZIONE SCRIPT --


-- GENERAZIONE DATI PER tabledescr --
IF exists(SELECT * FROM [tabledescr] WHERE tablename = 'workpackageupb')
UPDATE [tabledescr] SET description = 'Unità previsionali di base del workpackage',idapplication = '3',isdbo = 'N',lt = {ts '2021-02-19 16:42:20.870'},lu = 'assistenza',title = 'Unità previsionali di base' WHERE tablename = 'workpackageupb'
ELSE
INSERT INTO [tabledescr] (tablename,description,idapplication,isdbo,lt,lu,title) VALUES ('workpackageupb','Unità previsionali di base del workpackage','3','N',{ts '2021-02-19 16:42:20.870'},'assistenza','Unità previsionali di base')
GO

-- FINE GENERAZIONE SCRIPT --


-- GENERAZIONE DATI PER coldescr --
IF exists(SELECT * FROM [coldescr] WHERE colname = 'ct' AND tablename = 'workpackageupb')
UPDATE [coldescr] SET col_len = '8',col_precision = null,col_scale = null,description = null,kind = 'S',lt = {ts '2020-06-05 15:51:02.597'},lu = 'assistenza',primarykey = 'N',sql_declaration = 'datetime',sql_type = 'datetime',system_type = 'System.DateTime' WHERE colname = 'ct' AND tablename = 'workpackageupb'
ELSE
INSERT INTO [coldescr] (colname,tablename,col_len,col_precision,col_scale,description,kind,lt,lu,primarykey,sql_declaration,sql_type,system_type) VALUES ('ct','workpackageupb','8',null,null,null,'S',{ts '2020-06-05 15:51:02.597'},'assistenza','N','datetime','datetime','System.DateTime')
GO

IF exists(SELECT * FROM [coldescr] WHERE colname = 'cu' AND tablename = 'workpackageupb')
UPDATE [coldescr] SET col_len = '64',col_precision = null,col_scale = null,description = null,kind = 'S',lt = {ts '2020-06-05 15:51:02.597'},lu = 'assistenza',primarykey = 'N',sql_declaration = 'varchar(64)',sql_type = 'varchar',system_type = 'System.String' WHERE colname = 'cu' AND tablename = 'workpackageupb'
ELSE
INSERT INTO [coldescr] (colname,tablename,col_len,col_precision,col_scale,description,kind,lt,lu,primarykey,sql_declaration,sql_type,system_type) VALUES ('cu','workpackageupb','64',null,null,null,'S',{ts '2020-06-05 15:51:02.597'},'assistenza','N','varchar(64)','varchar','System.String')
GO

IF exists(SELECT * FROM [coldescr] WHERE colname = 'idprogetto' AND tablename = 'workpackageupb')
UPDATE [coldescr] SET col_len = '4',col_precision = null,col_scale = null,description = null,kind = 'S',lt = {ts '2020-06-05 15:51:02.597'},lu = 'assistenza',primarykey = 'S',sql_declaration = 'int',sql_type = 'int',system_type = 'System.Int32' WHERE colname = 'idprogetto' AND tablename = 'workpackageupb'
ELSE
INSERT INTO [coldescr] (colname,tablename,col_len,col_precision,col_scale,description,kind,lt,lu,primarykey,sql_declaration,sql_type,system_type) VALUES ('idprogetto','workpackageupb','4',null,null,null,'S',{ts '2020-06-05 15:51:02.597'},'assistenza','S','int','int','System.Int32')
GO

IF exists(SELECT * FROM [coldescr] WHERE colname = 'idupb' AND tablename = 'workpackageupb')
UPDATE [coldescr] SET col_len = '36',col_precision = null,col_scale = null,description = 'Unità previsionale di base',kind = 'S',lt = {ts '2020-11-04 18:01:40.077'},lu = 'assistenza',primarykey = 'S',sql_declaration = 'varchar(36)',sql_type = 'varchar',system_type = 'System.String' WHERE colname = 'idupb' AND tablename = 'workpackageupb'
ELSE
INSERT INTO [coldescr] (colname,tablename,col_len,col_precision,col_scale,description,kind,lt,lu,primarykey,sql_declaration,sql_type,system_type) VALUES ('idupb','workpackageupb','36',null,null,'Unità previsionale di base','S',{ts '2020-11-04 18:01:40.077'},'assistenza','S','varchar(36)','varchar','System.String')
GO

IF exists(SELECT * FROM [coldescr] WHERE colname = 'idworkpackage' AND tablename = 'workpackageupb')
UPDATE [coldescr] SET col_len = '4',col_precision = null,col_scale = null,description = null,kind = 'S',lt = {ts '2020-06-05 15:51:02.597'},lu = 'assistenza',primarykey = 'S',sql_declaration = 'int',sql_type = 'int',system_type = 'System.Int32' WHERE colname = 'idworkpackage' AND tablename = 'workpackageupb'
ELSE
INSERT INTO [coldescr] (colname,tablename,col_len,col_precision,col_scale,description,kind,lt,lu,primarykey,sql_declaration,sql_type,system_type) VALUES ('idworkpackage','workpackageupb','4',null,null,null,'S',{ts '2020-06-05 15:51:02.597'},'assistenza','S','int','int','System.Int32')
GO

IF exists(SELECT * FROM [coldescr] WHERE colname = 'lt' AND tablename = 'workpackageupb')
UPDATE [coldescr] SET col_len = '8',col_precision = null,col_scale = null,description = null,kind = 'S',lt = {ts '2020-06-05 15:51:02.597'},lu = 'assistenza',primarykey = 'N',sql_declaration = 'datetime',sql_type = 'datetime',system_type = 'System.DateTime' WHERE colname = 'lt' AND tablename = 'workpackageupb'
ELSE
INSERT INTO [coldescr] (colname,tablename,col_len,col_precision,col_scale,description,kind,lt,lu,primarykey,sql_declaration,sql_type,system_type) VALUES ('lt','workpackageupb','8',null,null,null,'S',{ts '2020-06-05 15:51:02.597'},'assistenza','N','datetime','datetime','System.DateTime')
GO

IF exists(SELECT * FROM [coldescr] WHERE colname = 'lu' AND tablename = 'workpackageupb')
UPDATE [coldescr] SET col_len = '64',col_precision = null,col_scale = null,description = null,kind = 'S',lt = {ts '2020-06-05 15:51:02.597'},lu = 'assistenza',primarykey = 'N',sql_declaration = 'varchar(64)',sql_type = 'varchar',system_type = 'System.String' WHERE colname = 'lu' AND tablename = 'workpackageupb'
ELSE
INSERT INTO [coldescr] (colname,tablename,col_len,col_precision,col_scale,description,kind,lt,lu,primarykey,sql_declaration,sql_type,system_type) VALUES ('lu','workpackageupb','64',null,null,null,'S',{ts '2020-06-05 15:51:02.597'},'assistenza','N','varchar(64)','varchar','System.String')
GO

-- FINE GENERAZIONE SCRIPT --

