
/*
Easy
Copyright (C) 2022 Università degli Studi di Catania (www.unict.it)
This program is free software: you can redistribute it and/or modify
it under the terms of the GNU General Public License as published by
the Free Software Foundation, either version 3 of the License, or
(at your option) any later version.
This program is distributed in the hope that it will be useful,
but WITHOUT ANY WARRANTY; without even the implied warranty of
MERCHANTABILITY or FITNESS FOR A PARTICULAR PURPOSE.  See the
GNU General Public License for more details.
You should have received a copy of the GNU General Public License
along with this program.  If not, see <http://www.gnu.org/licenses/>.
*/



-- GENERAZIONE DATI PER tabledescr --
IF exists(SELECT * FROM [tabledescr] WHERE tablename = 'classescuolakind')
UPDATE [tabledescr] SET description = 'Tipologia di scuola / classe di laurea',idapplication = null,isdbo = 'N',lt = {ts '2020-05-18 11:57:53.957'},lu = 'assistenza',title = 'Tipologia di scuola / classe di laurea' WHERE tablename = 'classescuolakind'
ELSE
INSERT INTO [tabledescr] (tablename,description,idapplication,isdbo,lt,lu,title) VALUES ('classescuolakind','Tipologia di scuola / classe di laurea',null,'N',{ts '2020-05-18 11:57:53.957'},'assistenza','Tipologia di scuola / classe di laurea')
GO

-- FINE GENERAZIONE SCRIPT --


-- GENERAZIONE DATI PER coldescr --
IF exists(SELECT * FROM [coldescr] WHERE colname = 'idclassescuolakind' AND tablename = 'classescuolakind')
UPDATE [coldescr] SET col_len = '50',col_precision = null,col_scale = null,description = null,kind = 'S',lt = {ts '2020-05-18 11:57:55.890'},lu = 'assistenza',primarykey = 'S',sql_declaration = 'nvarchar(50)',sql_type = 'nvarchar',system_type = 'System.String' WHERE colname = 'idclassescuolakind' AND tablename = 'classescuolakind'
ELSE
INSERT INTO [coldescr] (colname,tablename,col_len,col_precision,col_scale,description,kind,lt,lu,primarykey,sql_declaration,sql_type,system_type) VALUES ('idclassescuolakind','classescuolakind','50',null,null,null,'S',{ts '2020-05-18 11:57:55.890'},'assistenza','S','nvarchar(50)','nvarchar','System.String')
GO

IF exists(SELECT * FROM [coldescr] WHERE colname = 'idcorsostudiokind' AND tablename = 'classescuolakind')
UPDATE [coldescr] SET col_len = '4',col_precision = null,col_scale = null,description = 'Tipologia di corso',kind = 'S',lt = {ts '2020-05-18 11:58:53.933'},lu = 'assistenza',primarykey = 'N',sql_declaration = 'int',sql_type = 'int',system_type = 'System.Int32' WHERE colname = 'idcorsostudiokind' AND tablename = 'classescuolakind'
ELSE
INSERT INTO [coldescr] (colname,tablename,col_len,col_precision,col_scale,description,kind,lt,lu,primarykey,sql_declaration,sql_type,system_type) VALUES ('idcorsostudiokind','classescuolakind','4',null,null,'Tipologia di corso','S',{ts '2020-05-18 11:58:53.933'},'assistenza','N','int','int','System.Int32')
GO

IF exists(SELECT * FROM [coldescr] WHERE colname = 'idcorsostudiolivello' AND tablename = 'classescuolakind')
UPDATE [coldescr] SET col_len = '4',col_precision = null,col_scale = null,description = 'Livello del corso',kind = 'S',lt = {ts '2020-05-18 11:58:53.933'},lu = 'assistenza',primarykey = 'N',sql_declaration = 'int',sql_type = 'int',system_type = 'System.Int32' WHERE colname = 'idcorsostudiolivello' AND tablename = 'classescuolakind'
ELSE
INSERT INTO [coldescr] (colname,tablename,col_len,col_precision,col_scale,description,kind,lt,lu,primarykey,sql_declaration,sql_type,system_type) VALUES ('idcorsostudiolivello','classescuolakind','4',null,null,'Livello del corso','S',{ts '2020-05-18 11:58:53.933'},'assistenza','N','int','int','System.Int32')
GO

IF exists(SELECT * FROM [coldescr] WHERE colname = 'title' AND tablename = 'classescuolakind')
UPDATE [coldescr] SET col_len = '1024',col_precision = null,col_scale = null,description = 'Tipologia',kind = 'S',lt = {ts '2020-05-18 11:58:53.933'},lu = 'assistenza',primarykey = 'N',sql_declaration = 'nvarchar(1024)',sql_type = 'nvarchar',system_type = 'System.String' WHERE colname = 'title' AND tablename = 'classescuolakind'
ELSE
INSERT INTO [coldescr] (colname,tablename,col_len,col_precision,col_scale,description,kind,lt,lu,primarykey,sql_declaration,sql_type,system_type) VALUES ('title','classescuolakind','1024',null,null,'Tipologia','S',{ts '2020-05-18 11:58:53.933'},'assistenza','N','nvarchar(1024)','nvarchar','System.String')
GO

-- FINE GENERAZIONE SCRIPT --


-- GENERAZIONE DATI PER tabledescr --
IF exists(SELECT * FROM [tabledescr] WHERE tablename = 'appello')
UPDATE [tabledescr] SET description = '2.2.5 Appello d''esame',idapplication = '2',isdbo = 'S',lt = {ts '2021-05-27 12:30:31.257'},lu = 'assistenza',title = 'Appello d''esame' WHERE tablename = 'appello'
ELSE
INSERT INTO [tabledescr] (tablename,description,idapplication,isdbo,lt,lu,title) VALUES ('appello','2.2.5 Appello d''esame','2','S',{ts '2021-05-27 12:30:31.257'},'assistenza','Appello d''esame')
GO

-- FINE GENERAZIONE SCRIPT --


-- GENERAZIONE DATI PER coldescr --
IF exists(SELECT * FROM [coldescr] WHERE colname = 'aa' AND tablename = 'appello')
UPDATE [coldescr] SET col_len = '9',col_precision = null,col_scale = null,description = 'Anno accademico',kind = 'S',lt = {ts '2019-09-24 18:01:03.853'},lu = 'assistenza',primarykey = 'N',sql_declaration = 'varchar(9)',sql_type = 'varchar',system_type = 'System.String' WHERE colname = 'aa' AND tablename = 'appello'
ELSE
INSERT INTO [coldescr] (colname,tablename,col_len,col_precision,col_scale,description,kind,lt,lu,primarykey,sql_declaration,sql_type,system_type) VALUES ('aa','appello','9',null,null,'Anno accademico','S',{ts '2019-09-24 18:01:03.853'},'assistenza','N','varchar(9)','varchar','System.String')
GO

IF exists(SELECT * FROM [coldescr] WHERE colname = 'basevoto' AND tablename = 'appello')
UPDATE [coldescr] SET col_len = '4',col_precision = null,col_scale = null,description = 'Votazione di base',kind = 'S',lt = {ts '2019-09-24 18:01:03.853'},lu = 'assistenza',primarykey = 'N',sql_declaration = 'int',sql_type = 'int',system_type = 'System.Int32' WHERE colname = 'basevoto' AND tablename = 'appello'
ELSE
INSERT INTO [coldescr] (colname,tablename,col_len,col_precision,col_scale,description,kind,lt,lu,primarykey,sql_declaration,sql_type,system_type) VALUES ('basevoto','appello','4',null,null,'Votazione di base','S',{ts '2019-09-24 18:01:03.853'},'assistenza','N','int','int','System.Int32')
GO

IF exists(SELECT * FROM [coldescr] WHERE colname = 'cftoend' AND tablename = 'appello')
UPDATE [coldescr] SET col_len = '5',col_precision = '9',col_scale = '2',description = 'Numero di crediti mancanti alla conclusione della carriera',kind = 'S',lt = {ts '2019-09-24 18:04:47.763'},lu = 'assistenza',primarykey = 'N',sql_declaration = 'decimal(9,2)',sql_type = 'decimal',system_type = 'System.Decimal' WHERE colname = 'cftoend' AND tablename = 'appello'
ELSE
INSERT INTO [coldescr] (colname,tablename,col_len,col_precision,col_scale,description,kind,lt,lu,primarykey,sql_declaration,sql_type,system_type) VALUES ('cftoend','appello','5','9','2','Numero di crediti mancanti alla conclusione della carriera','S',{ts '2019-09-24 18:04:47.763'},'assistenza','N','decimal(9,2)','decimal','System.Decimal')
GO

IF exists(SELECT * FROM [coldescr] WHERE colname = 'ct' AND tablename = 'appello')
UPDATE [coldescr] SET col_len = '8',col_precision = null,col_scale = null,description = null,kind = 'S',lt = {ts '2019-09-24 17:49:43.557'},lu = 'assistenza',primarykey = 'N',sql_declaration = 'datetime',sql_type = 'datetime',system_type = 'System.DateTime' WHERE colname = 'ct' AND tablename = 'appello'
ELSE
INSERT INTO [coldescr] (colname,tablename,col_len,col_precision,col_scale,description,kind,lt,lu,primarykey,sql_declaration,sql_type,system_type) VALUES ('ct','appello','8',null,null,null,'S',{ts '2019-09-24 17:49:43.557'},'assistenza','N','datetime','datetime','System.DateTime')
GO

IF exists(SELECT * FROM [coldescr] WHERE colname = 'cu' AND tablename = 'appello')
UPDATE [coldescr] SET col_len = '64',col_precision = null,col_scale = null,description = null,kind = 'S',lt = {ts '2019-09-24 17:49:43.557'},lu = 'assistenza',primarykey = 'N',sql_declaration = 'varchar(64)',sql_type = 'varchar',system_type = 'System.String' WHERE colname = 'cu' AND tablename = 'appello'
ELSE
INSERT INTO [coldescr] (colname,tablename,col_len,col_precision,col_scale,description,kind,lt,lu,primarykey,sql_declaration,sql_type,system_type) VALUES ('cu','appello','64',null,null,null,'S',{ts '2019-09-24 17:49:43.557'},'assistenza','N','varchar(64)','varchar','System.String')
GO

IF exists(SELECT * FROM [coldescr] WHERE colname = 'description' AND tablename = 'appello')
UPDATE [coldescr] SET col_len = '1024',col_precision = null,col_scale = null,description = 'Descrizione',kind = 'S',lt = {ts '2019-09-24 18:01:03.853'},lu = 'assistenza',primarykey = 'N',sql_declaration = 'varchar(1024)',sql_type = 'varchar',system_type = 'System.String' WHERE colname = 'description' AND tablename = 'appello'
ELSE
INSERT INTO [coldescr] (colname,tablename,col_len,col_precision,col_scale,description,kind,lt,lu,primarykey,sql_declaration,sql_type,system_type) VALUES ('description','appello','1024',null,null,'Descrizione','S',{ts '2019-09-24 18:01:03.853'},'assistenza','N','varchar(1024)','varchar','System.String')
GO

IF exists(SELECT * FROM [coldescr] WHERE colname = 'esteroend' AND tablename = 'appello')
UPDATE [coldescr] SET col_len = '3',col_precision = null,col_scale = null,description = 'Data fine di permanenza dello studente all''estero ',kind = 'S',lt = {ts '2019-09-24 18:04:47.763'},lu = 'assistenza',primarykey = 'N',sql_declaration = 'date',sql_type = 'date',system_type = 'System.DateTime' WHERE colname = 'esteroend' AND tablename = 'appello'
ELSE
INSERT INTO [coldescr] (colname,tablename,col_len,col_precision,col_scale,description,kind,lt,lu,primarykey,sql_declaration,sql_type,system_type) VALUES ('esteroend','appello','3',null,null,'Data fine di permanenza dello studente all''estero ','S',{ts '2019-09-24 18:04:47.763'},'assistenza','N','date','date','System.DateTime')
GO

IF exists(SELECT * FROM [coldescr] WHERE colname = 'esterostart' AND tablename = 'appello')
UPDATE [coldescr] SET col_len = '3',col_precision = null,col_scale = null,description = 'Data inizio di permanenza dello studente all''estero ',kind = 'S',lt = {ts '2019-09-24 18:04:47.763'},lu = 'assistenza',primarykey = 'N',sql_declaration = 'date',sql_type = 'date',system_type = 'System.DateTime' WHERE colname = 'esterostart' AND tablename = 'appello'
ELSE
INSERT INTO [coldescr] (colname,tablename,col_len,col_precision,col_scale,description,kind,lt,lu,primarykey,sql_declaration,sql_type,system_type) VALUES ('esterostart','appello','3',null,null,'Data inizio di permanenza dello studente all''estero ','S',{ts '2019-09-24 18:04:47.763'},'assistenza','N','date','date','System.DateTime')
GO

IF exists(SELECT * FROM [coldescr] WHERE colname = 'idappello' AND tablename = 'appello')
UPDATE [coldescr] SET col_len = '4',col_precision = null,col_scale = null,description = null,kind = 'S',lt = {ts '2018-07-18 17:31:17.383'},lu = 'assistenza',primarykey = 'S',sql_declaration = 'int',sql_type = 'int',system_type = 'System.Int32' WHERE colname = 'idappello' AND tablename = 'appello'
ELSE
INSERT INTO [coldescr] (colname,tablename,col_len,col_precision,col_scale,description,kind,lt,lu,primarykey,sql_declaration,sql_type,system_type) VALUES ('idappello','appello','4',null,null,null,'S',{ts '2018-07-18 17:31:17.383'},'assistenza','S','int','int','System.Int32')
GO

IF exists(SELECT * FROM [coldescr] WHERE colname = 'idappelloazionekind' AND tablename = 'appello')
UPDATE [coldescr] SET col_len = '4',col_precision = null,col_scale = null,description = 'Ordinario/Correttivo/Integrativo',kind = 'S',lt = {ts '2019-09-24 18:06:57.100'},lu = 'assistenza',primarykey = 'N',sql_declaration = 'int',sql_type = 'int',system_type = 'System.Int32' WHERE colname = 'idappelloazionekind' AND tablename = 'appello'
ELSE
INSERT INTO [coldescr] (colname,tablename,col_len,col_precision,col_scale,description,kind,lt,lu,primarykey,sql_declaration,sql_type,system_type) VALUES ('idappelloazionekind','appello','4',null,null,'Ordinario/Correttivo/Integrativo','S',{ts '2019-09-24 18:06:57.100'},'assistenza','N','int','int','System.Int32')
GO

IF exists(SELECT * FROM [coldescr] WHERE colname = 'idappellokind' AND tablename = 'appello')
UPDATE [coldescr] SET col_len = '4',col_precision = null,col_scale = null,description = 'Tipologia',kind = 'S',lt = {ts '2019-09-24 18:01:03.853'},lu = 'assistenza',primarykey = 'N',sql_declaration = 'int',sql_type = 'int',system_type = 'System.Int32' WHERE colname = 'idappellokind' AND tablename = 'appello'
ELSE
INSERT INTO [coldescr] (colname,tablename,col_len,col_precision,col_scale,description,kind,lt,lu,primarykey,sql_declaration,sql_type,system_type) VALUES ('idappellokind','appello','4',null,null,'Tipologia','S',{ts '2019-09-24 18:01:03.853'},'assistenza','N','int','int','System.Int32')
GO

IF exists(SELECT * FROM [coldescr] WHERE colname = 'idsessione' AND tablename = 'appello')
UPDATE [coldescr] SET col_len = '4',col_precision = null,col_scale = null,description = 'Sessione',kind = 'S',lt = {ts '2019-09-24 18:01:03.853'},lu = 'assistenza',primarykey = 'N',sql_declaration = 'int',sql_type = 'int',system_type = 'System.Int32' WHERE colname = 'idsessione' AND tablename = 'appello'
ELSE
INSERT INTO [coldescr] (colname,tablename,col_len,col_precision,col_scale,description,kind,lt,lu,primarykey,sql_declaration,sql_type,system_type) VALUES ('idsessione','appello','4',null,null,'Sessione','S',{ts '2019-09-24 18:01:03.853'},'assistenza','N','int','int','System.Int32')
GO

IF exists(SELECT * FROM [coldescr] WHERE colname = 'idstudprenotkind' AND tablename = 'appello')
UPDATE [coldescr] SET col_len = '4',col_precision = null,col_scale = null,description = 'Tipologia di studenti per la prenotazione',kind = 'S',lt = {ts '2019-09-24 18:04:47.763'},lu = 'assistenza',primarykey = 'N',sql_declaration = 'int',sql_type = 'int',system_type = 'System.Int32' WHERE colname = 'idstudprenotkind' AND tablename = 'appello'
ELSE
INSERT INTO [coldescr] (colname,tablename,col_len,col_precision,col_scale,description,kind,lt,lu,primarykey,sql_declaration,sql_type,system_type) VALUES ('idstudprenotkind','appello','4',null,null,'Tipologia di studenti per la prenotazione','S',{ts '2019-09-24 18:04:47.763'},'assistenza','N','int','int','System.Int32')
GO

IF exists(SELECT * FROM [coldescr] WHERE colname = 'lavoratori' AND tablename = 'appello')
UPDATE [coldescr] SET col_len = '1',col_precision = null,col_scale = null,description = 'Studenti lavoratori',kind = 'S',lt = {ts '2019-09-24 18:04:47.763'},lu = 'assistenza',primarykey = 'N',sql_declaration = 'char(1)',sql_type = 'char',system_type = 'System.String' WHERE colname = 'lavoratori' AND tablename = 'appello'
ELSE
INSERT INTO [coldescr] (colname,tablename,col_len,col_precision,col_scale,description,kind,lt,lu,primarykey,sql_declaration,sql_type,system_type) VALUES ('lavoratori','appello','1',null,null,'Studenti lavoratori','S',{ts '2019-09-24 18:04:47.763'},'assistenza','N','char(1)','char','System.String')
GO

IF exists(SELECT * FROM [coldescr] WHERE colname = 'lt' AND tablename = 'appello')
UPDATE [coldescr] SET col_len = '8',col_precision = null,col_scale = null,description = null,kind = 'S',lt = {ts '2019-09-24 17:49:43.557'},lu = 'assistenza',primarykey = 'N',sql_declaration = 'datetime',sql_type = 'datetime',system_type = 'System.DateTime' WHERE colname = 'lt' AND tablename = 'appello'
ELSE
INSERT INTO [coldescr] (colname,tablename,col_len,col_precision,col_scale,description,kind,lt,lu,primarykey,sql_declaration,sql_type,system_type) VALUES ('lt','appello','8',null,null,null,'S',{ts '2019-09-24 17:49:43.557'},'assistenza','N','datetime','datetime','System.DateTime')
GO

IF exists(SELECT * FROM [coldescr] WHERE colname = 'lu' AND tablename = 'appello')
UPDATE [coldescr] SET col_len = '64',col_precision = null,col_scale = null,description = null,kind = 'S',lt = {ts '2019-09-24 17:49:43.557'},lu = 'assistenza',primarykey = 'N',sql_declaration = 'varchar(64)',sql_type = 'varchar',system_type = 'System.String' WHERE colname = 'lu' AND tablename = 'appello'
ELSE
INSERT INTO [coldescr] (colname,tablename,col_len,col_precision,col_scale,description,kind,lt,lu,primarykey,sql_declaration,sql_type,system_type) VALUES ('lu','appello','64',null,null,null,'S',{ts '2019-09-24 17:49:43.557'},'assistenza','N','varchar(64)','varchar','System.String')
GO

IF exists(SELECT * FROM [coldescr] WHERE colname = 'minanniiscr' AND tablename = 'appello')
UPDATE [coldescr] SET col_len = '4',col_precision = null,col_scale = null,description = 'Numero minimo di anni di iscrizione',kind = 'S',lt = {ts '2019-09-24 18:01:03.853'},lu = 'assistenza',primarykey = 'N',sql_declaration = 'int',sql_type = 'int',system_type = 'System.Int32' WHERE colname = 'minanniiscr' AND tablename = 'appello'
ELSE
INSERT INTO [coldescr] (colname,tablename,col_len,col_precision,col_scale,description,kind,lt,lu,primarykey,sql_declaration,sql_type,system_type) VALUES ('minanniiscr','appello','4',null,null,'Numero minimo di anni di iscrizione','S',{ts '2019-09-24 18:01:03.853'},'assistenza','N','int','int','System.Int32')
GO

IF exists(SELECT * FROM [coldescr] WHERE colname = 'minvoto' AND tablename = 'appello')
UPDATE [coldescr] SET col_len = '4',col_precision = null,col_scale = null,description = 'Voto minimo',kind = 'S',lt = {ts '2019-09-24 18:01:03.853'},lu = 'assistenza',primarykey = 'N',sql_declaration = 'int',sql_type = 'int',system_type = 'System.Int32' WHERE colname = 'minvoto' AND tablename = 'appello'
ELSE
INSERT INTO [coldescr] (colname,tablename,col_len,col_precision,col_scale,description,kind,lt,lu,primarykey,sql_declaration,sql_type,system_type) VALUES ('minvoto','appello','4',null,null,'Voto minimo','S',{ts '2019-09-24 18:01:03.853'},'assistenza','N','int','int','System.Int32')
GO

IF exists(SELECT * FROM [coldescr] WHERE colname = 'passaggio' AND tablename = 'appello')
UPDATE [coldescr] SET col_len = '1',col_precision = null,col_scale = null,description = 'Studenti che hanno eseguito un passaggio di corso',kind = 'S',lt = {ts '2019-09-24 18:06:57.100'},lu = 'assistenza',primarykey = 'N',sql_declaration = 'char(1)',sql_type = 'char',system_type = 'System.String' WHERE colname = 'passaggio' AND tablename = 'appello'
ELSE
INSERT INTO [coldescr] (colname,tablename,col_len,col_precision,col_scale,description,kind,lt,lu,primarykey,sql_declaration,sql_type,system_type) VALUES ('passaggio','appello','1',null,null,'Studenti che hanno eseguito un passaggio di corso','S',{ts '2019-09-24 18:06:57.100'},'assistenza','N','char(1)','char','System.String')
GO

IF exists(SELECT * FROM [coldescr] WHERE colname = 'penotend' AND tablename = 'appello')
UPDATE [coldescr] SET col_len = '8',col_precision = null,col_scale = null,description = 'Data fine delle prenotazioni',kind = 'S',lt = {ts '2019-09-24 18:01:03.853'},lu = 'assistenza',primarykey = 'N',sql_declaration = 'datetime',sql_type = 'datetime',system_type = 'System.DateTime' WHERE colname = 'penotend' AND tablename = 'appello'
ELSE
INSERT INTO [coldescr] (colname,tablename,col_len,col_precision,col_scale,description,kind,lt,lu,primarykey,sql_declaration,sql_type,system_type) VALUES ('penotend','appello','8',null,null,'Data fine delle prenotazioni','S',{ts '2019-09-24 18:01:03.853'},'assistenza','N','datetime','datetime','System.DateTime')
GO

IF exists(SELECT * FROM [coldescr] WHERE colname = 'posti' AND tablename = 'appello')
UPDATE [coldescr] SET col_len = '4',col_precision = null,col_scale = null,description = 'Numero massimo di posti',kind = 'S',lt = {ts '2019-09-24 18:06:57.100'},lu = 'assistenza',primarykey = 'N',sql_declaration = 'int',sql_type = 'int',system_type = 'System.Int32' WHERE colname = 'posti' AND tablename = 'appello'
ELSE
INSERT INTO [coldescr] (colname,tablename,col_len,col_precision,col_scale,description,kind,lt,lu,primarykey,sql_declaration,sql_type,system_type) VALUES ('posti','appello','4',null,null,'Numero massimo di posti','S',{ts '2019-09-24 18:06:57.100'},'assistenza','N','int','int','System.Int32')
GO

IF exists(SELECT * FROM [coldescr] WHERE colname = 'prenotstart' AND tablename = 'appello')
UPDATE [coldescr] SET col_len = '8',col_precision = null,col_scale = null,description = 'Data di inizio prenotazioni',kind = 'S',lt = {ts '2019-09-24 18:01:03.853'},lu = 'assistenza',primarykey = 'N',sql_declaration = 'datetime',sql_type = 'datetime',system_type = 'System.DateTime' WHERE colname = 'prenotstart' AND tablename = 'appello'
ELSE
INSERT INTO [coldescr] (colname,tablename,col_len,col_precision,col_scale,description,kind,lt,lu,primarykey,sql_declaration,sql_type,system_type) VALUES ('prenotstart','appello','8',null,null,'Data di inizio prenotazioni','S',{ts '2019-09-24 18:01:03.853'},'assistenza','N','datetime','datetime','System.DateTime')
GO

IF exists(SELECT * FROM [coldescr] WHERE colname = 'prointermedia' AND tablename = 'appello')
UPDATE [coldescr] SET col_len = '1',col_precision = null,col_scale = null,description = 'Prova intermedia',kind = 'S',lt = {ts '2019-09-24 18:01:03.853'},lu = 'assistenza',primarykey = 'N',sql_declaration = 'char(1)',sql_type = 'char',system_type = 'System.String' WHERE colname = 'prointermedia' AND tablename = 'appello'
ELSE
INSERT INTO [coldescr] (colname,tablename,col_len,col_precision,col_scale,description,kind,lt,lu,primarykey,sql_declaration,sql_type,system_type) VALUES ('prointermedia','appello','1',null,null,'Prova intermedia','S',{ts '2019-09-24 18:01:03.853'},'assistenza','N','char(1)','char','System.String')
GO

IF exists(SELECT * FROM [coldescr] WHERE colname = 'publicato' AND tablename = 'appello')
UPDATE [coldescr] SET col_len = '1',col_precision = null,col_scale = null,description = null,kind = 'S',lt = {ts '2019-09-24 17:49:43.557'},lu = 'assistenza',primarykey = 'N',sql_declaration = 'char(1)',sql_type = 'char',system_type = 'System.String' WHERE colname = 'publicato' AND tablename = 'appello'
ELSE
INSERT INTO [coldescr] (colname,tablename,col_len,col_precision,col_scale,description,kind,lt,lu,primarykey,sql_declaration,sql_type,system_type) VALUES ('publicato','appello','1',null,null,null,'S',{ts '2019-09-24 17:49:43.557'},'assistenza','N','char(1)','char','System.String')
GO

IF exists(SELECT * FROM [coldescr] WHERE colname = 'surmanestop' AND tablename = 'appello')
UPDATE [coldescr] SET col_len = '50',col_precision = null,col_scale = null,description = 'Iniziali cognome fine',kind = 'S',lt = {ts '2019-09-24 18:01:03.853'},lu = 'assistenza',primarykey = 'N',sql_declaration = 'varchar(50)',sql_type = 'varchar',system_type = 'System.String' WHERE colname = 'surmanestop' AND tablename = 'appello'
ELSE
INSERT INTO [coldescr] (colname,tablename,col_len,col_precision,col_scale,description,kind,lt,lu,primarykey,sql_declaration,sql_type,system_type) VALUES ('surmanestop','appello','50',null,null,'Iniziali cognome fine','S',{ts '2019-09-24 18:01:03.853'},'assistenza','N','varchar(50)','varchar','System.String')
GO

IF exists(SELECT * FROM [coldescr] WHERE colname = 'surnamestart' AND tablename = 'appello')
UPDATE [coldescr] SET col_len = '50',col_precision = null,col_scale = null,description = 'Iniziali cognome inizio',kind = 'S',lt = {ts '2019-09-24 18:01:03.853'},lu = 'assistenza',primarykey = 'N',sql_declaration = 'varchar(50)',sql_type = 'varchar',system_type = 'System.String' WHERE colname = 'surnamestart' AND tablename = 'appello'
ELSE
INSERT INTO [coldescr] (colname,tablename,col_len,col_precision,col_scale,description,kind,lt,lu,primarykey,sql_declaration,sql_type,system_type) VALUES ('surnamestart','appello','50',null,null,'Iniziali cognome inizio','S',{ts '2019-09-24 18:01:03.853'},'assistenza','N','varchar(50)','varchar','System.String')
GO

-- FINE GENERAZIONE SCRIPT --


-- GENERAZIONE DATI PER tabledescr --
IF exists(SELECT * FROM [tabledescr] WHERE tablename = 'appelloazionekind')
UPDATE [tabledescr] SET description = 'VOCABOLARIO dei motivi per aprire un 2.2.5 Appello d''esame',idapplication = '2',isdbo = 'S',lt = {ts '2021-05-27 12:30:56.157'},lu = 'assistenza',title = 'Motivi per aprire un appello d''esame' WHERE tablename = 'appelloazionekind'
ELSE
INSERT INTO [tabledescr] (tablename,description,idapplication,isdbo,lt,lu,title) VALUES ('appelloazionekind','VOCABOLARIO dei motivi per aprire un 2.2.5 Appello d''esame','2','S',{ts '2021-05-27 12:30:56.157'},'assistenza','Motivi per aprire un appello d''esame')
GO

-- FINE GENERAZIONE SCRIPT --


-- GENERAZIONE DATI PER coldescr --
IF exists(SELECT * FROM [coldescr] WHERE colname = 'active' AND tablename = 'appelloazionekind')
UPDATE [coldescr] SET col_len = '10',col_precision = null,col_scale = null,description = null,kind = 'S',lt = {ts '2018-07-20 15:51:05.577'},lu = 'assistenza',primarykey = 'N',sql_declaration = 'nchar(10)',sql_type = 'nchar',system_type = 'System.String' WHERE colname = 'active' AND tablename = 'appelloazionekind'
ELSE
INSERT INTO [coldescr] (colname,tablename,col_len,col_precision,col_scale,description,kind,lt,lu,primarykey,sql_declaration,sql_type,system_type) VALUES ('active','appelloazionekind','10',null,null,null,'S',{ts '2018-07-20 15:51:05.577'},'assistenza','N','nchar(10)','nchar','System.String')
GO

IF exists(SELECT * FROM [coldescr] WHERE colname = 'ct' AND tablename = 'appelloazionekind')
UPDATE [coldescr] SET col_len = '8',col_precision = null,col_scale = null,description = null,kind = 'S',lt = {ts '2018-07-20 15:51:05.577'},lu = 'assistenza',primarykey = 'N',sql_declaration = 'datetime',sql_type = 'datetime',system_type = 'System.DateTime' WHERE colname = 'ct' AND tablename = 'appelloazionekind'
ELSE
INSERT INTO [coldescr] (colname,tablename,col_len,col_precision,col_scale,description,kind,lt,lu,primarykey,sql_declaration,sql_type,system_type) VALUES ('ct','appelloazionekind','8',null,null,null,'S',{ts '2018-07-20 15:51:05.577'},'assistenza','N','datetime','datetime','System.DateTime')
GO

IF exists(SELECT * FROM [coldescr] WHERE colname = 'cu' AND tablename = 'appelloazionekind')
UPDATE [coldescr] SET col_len = '64',col_precision = null,col_scale = null,description = null,kind = 'S',lt = {ts '2018-07-20 15:51:05.577'},lu = 'assistenza',primarykey = 'N',sql_declaration = 'varchar(64)',sql_type = 'varchar',system_type = 'System.String' WHERE colname = 'cu' AND tablename = 'appelloazionekind'
ELSE
INSERT INTO [coldescr] (colname,tablename,col_len,col_precision,col_scale,description,kind,lt,lu,primarykey,sql_declaration,sql_type,system_type) VALUES ('cu','appelloazionekind','64',null,null,null,'S',{ts '2018-07-20 15:51:05.577'},'assistenza','N','varchar(64)','varchar','System.String')
GO

IF exists(SELECT * FROM [coldescr] WHERE colname = 'description' AND tablename = 'appelloazionekind')
UPDATE [coldescr] SET col_len = '250',col_precision = null,col_scale = null,description = null,kind = 'S',lt = {ts '2018-07-20 15:51:05.577'},lu = 'assistenza',primarykey = 'N',sql_declaration = 'varchar(250)',sql_type = 'varchar',system_type = 'System.String' WHERE colname = 'description' AND tablename = 'appelloazionekind'
ELSE
INSERT INTO [coldescr] (colname,tablename,col_len,col_precision,col_scale,description,kind,lt,lu,primarykey,sql_declaration,sql_type,system_type) VALUES ('description','appelloazionekind','250',null,null,null,'S',{ts '2018-07-20 15:51:05.577'},'assistenza','N','varchar(250)','varchar','System.String')
GO

IF exists(SELECT * FROM [coldescr] WHERE colname = 'idappelloazionekind' AND tablename = 'appelloazionekind')
UPDATE [coldescr] SET col_len = '4',col_precision = null,col_scale = null,description = null,kind = 'S',lt = {ts '2018-07-20 15:51:05.577'},lu = 'assistenza',primarykey = 'S',sql_declaration = 'int',sql_type = 'int',system_type = 'System.Int32' WHERE colname = 'idappelloazionekind' AND tablename = 'appelloazionekind'
ELSE
INSERT INTO [coldescr] (colname,tablename,col_len,col_precision,col_scale,description,kind,lt,lu,primarykey,sql_declaration,sql_type,system_type) VALUES ('idappelloazionekind','appelloazionekind','4',null,null,null,'S',{ts '2018-07-20 15:51:05.577'},'assistenza','S','int','int','System.Int32')
GO

IF exists(SELECT * FROM [coldescr] WHERE colname = 'lt' AND tablename = 'appelloazionekind')
UPDATE [coldescr] SET col_len = '8',col_precision = null,col_scale = null,description = null,kind = 'S',lt = {ts '2018-07-20 15:51:05.577'},lu = 'assistenza',primarykey = 'N',sql_declaration = 'datetime',sql_type = 'datetime',system_type = 'System.DateTime' WHERE colname = 'lt' AND tablename = 'appelloazionekind'
ELSE
INSERT INTO [coldescr] (colname,tablename,col_len,col_precision,col_scale,description,kind,lt,lu,primarykey,sql_declaration,sql_type,system_type) VALUES ('lt','appelloazionekind','8',null,null,null,'S',{ts '2018-07-20 15:51:05.577'},'assistenza','N','datetime','datetime','System.DateTime')
GO

IF exists(SELECT * FROM [coldescr] WHERE colname = 'lu' AND tablename = 'appelloazionekind')
UPDATE [coldescr] SET col_len = '64',col_precision = null,col_scale = null,description = null,kind = 'S',lt = {ts '2018-07-20 15:51:05.577'},lu = 'assistenza',primarykey = 'N',sql_declaration = 'varchar(64)',sql_type = 'varchar',system_type = 'System.String' WHERE colname = 'lu' AND tablename = 'appelloazionekind'
ELSE
INSERT INTO [coldescr] (colname,tablename,col_len,col_precision,col_scale,description,kind,lt,lu,primarykey,sql_declaration,sql_type,system_type) VALUES ('lu','appelloazionekind','64',null,null,null,'S',{ts '2018-07-20 15:51:05.577'},'assistenza','N','varchar(64)','varchar','System.String')
GO

IF exists(SELECT * FROM [coldescr] WHERE colname = 'sortcode' AND tablename = 'appelloazionekind')
UPDATE [coldescr] SET col_len = '4',col_precision = null,col_scale = null,description = null,kind = 'S',lt = {ts '2018-07-20 15:51:05.577'},lu = 'assistenza',primarykey = 'N',sql_declaration = 'int',sql_type = 'int',system_type = 'System.Int32' WHERE colname = 'sortcode' AND tablename = 'appelloazionekind'
ELSE
INSERT INTO [coldescr] (colname,tablename,col_len,col_precision,col_scale,description,kind,lt,lu,primarykey,sql_declaration,sql_type,system_type) VALUES ('sortcode','appelloazionekind','4',null,null,null,'S',{ts '2018-07-20 15:51:05.577'},'assistenza','N','int','int','System.Int32')
GO

IF exists(SELECT * FROM [coldescr] WHERE colname = 'title' AND tablename = 'appelloazionekind')
UPDATE [coldescr] SET col_len = '50',col_precision = null,col_scale = null,description = null,kind = 'S',lt = {ts '2018-07-20 15:51:05.577'},lu = 'assistenza',primarykey = 'N',sql_declaration = 'varchar(50)',sql_type = 'varchar',system_type = 'System.String' WHERE colname = 'title' AND tablename = 'appelloazionekind'
ELSE
INSERT INTO [coldescr] (colname,tablename,col_len,col_precision,col_scale,description,kind,lt,lu,primarykey,sql_declaration,sql_type,system_type) VALUES ('title','appelloazionekind','50',null,null,null,'S',{ts '2018-07-20 15:51:05.577'},'assistenza','N','varchar(50)','varchar','System.String')
GO

-- FINE GENERAZIONE SCRIPT --


-- GENERAZIONE DATI PER relation --
IF exists(SELECT * FROM [relation] WHERE idrelation = '3341')
UPDATE [relation] SET childtable = 'appelloazionekind',description = 'appelo di cui si descrive il motivo per aprirlo',lt = {ts '2018-07-20 15:51:05.217'},lu = 'assistenza',parenttable = 'appello',title = null WHERE idrelation = '3341'
ELSE
INSERT INTO [relation] (idrelation,childtable,description,lt,lu,parenttable,title) VALUES ('3341','appelloazionekind','appelo di cui si descrive il motivo per aprirlo',{ts '2018-07-20 15:51:05.217'},'assistenza','appello',null)
GO

-- FINE GENERAZIONE SCRIPT --


-- GENERAZIONE DATI PER tabledescr --
IF exists(SELECT * FROM [tabledescr] WHERE tablename = 'appellokind')
UPDATE [tabledescr] SET description = 'VOCABOLARIO delle tipologie degli 2.2.5 Appello d''esame',idapplication = '2',isdbo = 'S',lt = {ts '2021-05-27 12:31:08.633'},lu = 'assistenza',title = 'Tipologie degli appelli d''esame' WHERE tablename = 'appellokind'
ELSE
INSERT INTO [tabledescr] (tablename,description,idapplication,isdbo,lt,lu,title) VALUES ('appellokind','VOCABOLARIO delle tipologie degli 2.2.5 Appello d''esame','2','S',{ts '2021-05-27 12:31:08.633'},'assistenza','Tipologie degli appelli d''esame')
GO

-- FINE GENERAZIONE SCRIPT --


-- GENERAZIONE DATI PER coldescr --
IF exists(SELECT * FROM [coldescr] WHERE colname = 'active' AND tablename = 'appellokind')
UPDATE [coldescr] SET col_len = '1',col_precision = null,col_scale = null,description = 'Attivo',kind = 'S',lt = {ts '2018-07-18 17:32:38.643'},lu = 'assistenza',primarykey = 'N',sql_declaration = 'char(1)',sql_type = 'char',system_type = 'System.String' WHERE colname = 'active' AND tablename = 'appellokind'
ELSE
INSERT INTO [coldescr] (colname,tablename,col_len,col_precision,col_scale,description,kind,lt,lu,primarykey,sql_declaration,sql_type,system_type) VALUES ('active','appellokind','1',null,null,'Attivo','S',{ts '2018-07-18 17:32:38.643'},'assistenza','N','char(1)','char','System.String')
GO

IF exists(SELECT * FROM [coldescr] WHERE colname = 'description' AND tablename = 'appellokind')
UPDATE [coldescr] SET col_len = '256',col_precision = null,col_scale = null,description = 'Descrizione',kind = 'S',lt = {ts '2018-07-18 17:32:38.647'},lu = 'assistenza',primarykey = 'N',sql_declaration = 'varchar(256)',sql_type = 'varchar',system_type = 'System.String' WHERE colname = 'description' AND tablename = 'appellokind'
ELSE
INSERT INTO [coldescr] (colname,tablename,col_len,col_precision,col_scale,description,kind,lt,lu,primarykey,sql_declaration,sql_type,system_type) VALUES ('description','appellokind','256',null,null,'Descrizione','S',{ts '2018-07-18 17:32:38.647'},'assistenza','N','varchar(256)','varchar','System.String')
GO

IF exists(SELECT * FROM [coldescr] WHERE colname = 'idappellokind' AND tablename = 'appellokind')
UPDATE [coldescr] SET col_len = '4',col_precision = null,col_scale = null,description = 'Codice',kind = 'S',lt = {ts '2018-07-18 17:32:38.647'},lu = 'assistenza',primarykey = 'S',sql_declaration = 'int',sql_type = 'int',system_type = 'System.Int32' WHERE colname = 'idappellokind' AND tablename = 'appellokind'
ELSE
INSERT INTO [coldescr] (colname,tablename,col_len,col_precision,col_scale,description,kind,lt,lu,primarykey,sql_declaration,sql_type,system_type) VALUES ('idappellokind','appellokind','4',null,null,'Codice','S',{ts '2018-07-18 17:32:38.647'},'assistenza','S','int','int','System.Int32')
GO

IF exists(SELECT * FROM [coldescr] WHERE colname = 'lt' AND tablename = 'appellokind')
UPDATE [coldescr] SET col_len = '8',col_precision = null,col_scale = null,description = null,kind = 'S',lt = {ts '2018-07-18 17:32:38.647'},lu = 'assistenza',primarykey = 'N',sql_declaration = 'datetime',sql_type = 'datetime',system_type = 'System.DateTime' WHERE colname = 'lt' AND tablename = 'appellokind'
ELSE
INSERT INTO [coldescr] (colname,tablename,col_len,col_precision,col_scale,description,kind,lt,lu,primarykey,sql_declaration,sql_type,system_type) VALUES ('lt','appellokind','8',null,null,null,'S',{ts '2018-07-18 17:32:38.647'},'assistenza','N','datetime','datetime','System.DateTime')
GO

IF exists(SELECT * FROM [coldescr] WHERE colname = 'lu' AND tablename = 'appellokind')
UPDATE [coldescr] SET col_len = '64',col_precision = null,col_scale = null,description = null,kind = 'S',lt = {ts '2018-07-18 17:32:38.647'},lu = 'assistenza',primarykey = 'N',sql_declaration = 'varchar(64)',sql_type = 'varchar',system_type = 'System.String' WHERE colname = 'lu' AND tablename = 'appellokind'
ELSE
INSERT INTO [coldescr] (colname,tablename,col_len,col_precision,col_scale,description,kind,lt,lu,primarykey,sql_declaration,sql_type,system_type) VALUES ('lu','appellokind','64',null,null,null,'S',{ts '2018-07-18 17:32:38.647'},'assistenza','N','varchar(64)','varchar','System.String')
GO

IF exists(SELECT * FROM [coldescr] WHERE colname = 'sortcode' AND tablename = 'appellokind')
UPDATE [coldescr] SET col_len = '4',col_precision = null,col_scale = null,description = 'Ordinamento',kind = 'S',lt = {ts '2018-07-18 17:32:38.647'},lu = 'assistenza',primarykey = 'N',sql_declaration = 'int',sql_type = 'int',system_type = 'System.Int32' WHERE colname = 'sortcode' AND tablename = 'appellokind'
ELSE
INSERT INTO [coldescr] (colname,tablename,col_len,col_precision,col_scale,description,kind,lt,lu,primarykey,sql_declaration,sql_type,system_type) VALUES ('sortcode','appellokind','4',null,null,'Ordinamento','S',{ts '2018-07-18 17:32:38.647'},'assistenza','N','int','int','System.Int32')
GO

IF exists(SELECT * FROM [coldescr] WHERE colname = 'title' AND tablename = 'appellokind')
UPDATE [coldescr] SET col_len = '50',col_precision = null,col_scale = null,description = 'Titolo',kind = 'S',lt = {ts '2018-07-18 17:32:38.647'},lu = 'assistenza',primarykey = 'N',sql_declaration = 'varchar(50)',sql_type = 'varchar',system_type = 'System.String' WHERE colname = 'title' AND tablename = 'appellokind'
ELSE
INSERT INTO [coldescr] (colname,tablename,col_len,col_precision,col_scale,description,kind,lt,lu,primarykey,sql_declaration,sql_type,system_type) VALUES ('title','appellokind','50',null,null,'Titolo','S',{ts '2018-07-18 17:32:38.647'},'assistenza','N','varchar(50)','varchar','System.String')
GO

-- FINE GENERAZIONE SCRIPT --


-- GENERAZIONE DATI PER relation --
IF exists(SELECT * FROM [relation] WHERE idrelation = '3250')
UPDATE [relation] SET childtable = 'appellokind',description = 'appello di cui descrive il tipo',lt = {ts '2018-07-18 17:33:00.913'},lu = 'assistenza',parenttable = 'appello',title = null WHERE idrelation = '3250'
ELSE
INSERT INTO [relation] (idrelation,childtable,description,lt,lu,parenttable,title) VALUES ('3250','appellokind','appello di cui descrive il tipo',{ts '2018-07-18 17:33:00.913'},'assistenza','appello',null)
GO

IF exists(SELECT * FROM [relation] WHERE idrelation = '3251')
UPDATE [relation] SET childtable = 'appellokind',description = 'sessione di cui descrive il tipo di appelli contenuti',lt = {ts '2018-07-18 17:33:50.133'},lu = 'assistenza',parenttable = 'sessione',title = null WHERE idrelation = '3251'
ELSE
INSERT INTO [relation] (idrelation,childtable,description,lt,lu,parenttable,title) VALUES ('3251','appellokind','sessione di cui descrive il tipo di appelli contenuti',{ts '2018-07-18 17:33:50.133'},'assistenza','sessione',null)
GO

-- FINE GENERAZIONE SCRIPT --


-- GENERAZIONE DATI PER tabledescr --
IF exists(SELECT * FROM [tabledescr] WHERE tablename = 'sasdgruppo')
UPDATE [tabledescr] SET description = 'Gruppi di SASD negli ambiti disciplinari',idapplication = null,isdbo = 'N',lt = {ts '2020-05-15 11:22:51.043'},lu = 'assistenza',title = 'Gruppi di SASD negli ambiti disciplinari' WHERE tablename = 'sasdgruppo'
ELSE
INSERT INTO [tabledescr] (tablename,description,idapplication,isdbo,lt,lu,title) VALUES ('sasdgruppo','Gruppi di SASD negli ambiti disciplinari',null,'N',{ts '2020-05-15 11:22:51.043'},'assistenza','Gruppi di SASD negli ambiti disciplinari')
GO

-- FINE GENERAZIONE SCRIPT --


-- GENERAZIONE DATI PER coldescr --
IF exists(SELECT * FROM [coldescr] WHERE colname = 'ct' AND tablename = 'sasdgruppo')
UPDATE [coldescr] SET col_len = '8',col_precision = null,col_scale = null,description = null,kind = 'S',lt = {ts '2020-05-15 11:22:53.410'},lu = 'assistenza',primarykey = 'N',sql_declaration = 'datetime',sql_type = 'datetime',system_type = 'System.DateTime' WHERE colname = 'ct' AND tablename = 'sasdgruppo'
ELSE
INSERT INTO [coldescr] (colname,tablename,col_len,col_precision,col_scale,description,kind,lt,lu,primarykey,sql_declaration,sql_type,system_type) VALUES ('ct','sasdgruppo','8',null,null,null,'S',{ts '2020-05-15 11:22:53.410'},'assistenza','N','datetime','datetime','System.DateTime')
GO

IF exists(SELECT * FROM [coldescr] WHERE colname = 'cu' AND tablename = 'sasdgruppo')
UPDATE [coldescr] SET col_len = '64',col_precision = null,col_scale = null,description = null,kind = 'S',lt = {ts '2020-05-15 11:22:53.410'},lu = 'assistenza',primarykey = 'N',sql_declaration = 'varchar(64)',sql_type = 'varchar',system_type = 'System.String' WHERE colname = 'cu' AND tablename = 'sasdgruppo'
ELSE
INSERT INTO [coldescr] (colname,tablename,col_len,col_precision,col_scale,description,kind,lt,lu,primarykey,sql_declaration,sql_type,system_type) VALUES ('cu','sasdgruppo','64',null,null,null,'S',{ts '2020-05-15 11:22:53.410'},'assistenza','N','varchar(64)','varchar','System.String')
GO

IF exists(SELECT * FROM [coldescr] WHERE colname = 'idsasdgruppo' AND tablename = 'sasdgruppo')
UPDATE [coldescr] SET col_len = '4',col_precision = null,col_scale = null,description = null,kind = 'S',lt = {ts '2020-05-15 11:22:53.410'},lu = 'assistenza',primarykey = 'S',sql_declaration = 'int',sql_type = 'int',system_type = 'System.Int32' WHERE colname = 'idsasdgruppo' AND tablename = 'sasdgruppo'
ELSE
INSERT INTO [coldescr] (colname,tablename,col_len,col_precision,col_scale,description,kind,lt,lu,primarykey,sql_declaration,sql_type,system_type) VALUES ('idsasdgruppo','sasdgruppo','4',null,null,null,'S',{ts '2020-05-15 11:22:53.410'},'assistenza','S','int','int','System.Int32')
GO

IF exists(SELECT * FROM [coldescr] WHERE colname = 'idtipoattform' AND tablename = 'sasdgruppo')
UPDATE [coldescr] SET col_len = '4',col_precision = null,col_scale = null,description = 'Tipo di attività formativa',kind = 'S',lt = {ts '2020-05-15 11:23:29.987'},lu = 'assistenza',primarykey = 'N',sql_declaration = 'int',sql_type = 'int',system_type = 'System.Int32' WHERE colname = 'idtipoattform' AND tablename = 'sasdgruppo'
ELSE
INSERT INTO [coldescr] (colname,tablename,col_len,col_precision,col_scale,description,kind,lt,lu,primarykey,sql_declaration,sql_type,system_type) VALUES ('idtipoattform','sasdgruppo','4',null,null,'Tipo di attività formativa','S',{ts '2020-05-15 11:23:29.987'},'assistenza','N','int','int','System.Int32')
GO

IF exists(SELECT * FROM [coldescr] WHERE colname = 'lt' AND tablename = 'sasdgruppo')
UPDATE [coldescr] SET col_len = '8',col_precision = null,col_scale = null,description = null,kind = 'S',lt = {ts '2020-05-15 11:22:53.410'},lu = 'assistenza',primarykey = 'N',sql_declaration = 'datetime',sql_type = 'datetime',system_type = 'System.DateTime' WHERE colname = 'lt' AND tablename = 'sasdgruppo'
ELSE
INSERT INTO [coldescr] (colname,tablename,col_len,col_precision,col_scale,description,kind,lt,lu,primarykey,sql_declaration,sql_type,system_type) VALUES ('lt','sasdgruppo','8',null,null,null,'S',{ts '2020-05-15 11:22:53.410'},'assistenza','N','datetime','datetime','System.DateTime')
GO

IF exists(SELECT * FROM [coldescr] WHERE colname = 'lu' AND tablename = 'sasdgruppo')
UPDATE [coldescr] SET col_len = '64',col_precision = null,col_scale = null,description = null,kind = 'S',lt = {ts '2020-05-15 11:22:53.413'},lu = 'assistenza',primarykey = 'N',sql_declaration = 'varchar(64)',sql_type = 'varchar',system_type = 'System.String' WHERE colname = 'lu' AND tablename = 'sasdgruppo'
ELSE
INSERT INTO [coldescr] (colname,tablename,col_len,col_precision,col_scale,description,kind,lt,lu,primarykey,sql_declaration,sql_type,system_type) VALUES ('lu','sasdgruppo','64',null,null,null,'S',{ts '2020-05-15 11:22:53.413'},'assistenza','N','varchar(64)','varchar','System.String')
GO

IF exists(SELECT * FROM [coldescr] WHERE colname = 'title' AND tablename = 'sasdgruppo')
UPDATE [coldescr] SET col_len = '50',col_precision = null,col_scale = null,description = 'Gruppo',kind = 'S',lt = {ts '2020-05-15 11:23:29.997'},lu = 'assistenza',primarykey = 'N',sql_declaration = 'varchar(50)',sql_type = 'varchar',system_type = 'System.String' WHERE colname = 'title' AND tablename = 'sasdgruppo'
ELSE
INSERT INTO [coldescr] (colname,tablename,col_len,col_precision,col_scale,description,kind,lt,lu,primarykey,sql_declaration,sql_type,system_type) VALUES ('title','sasdgruppo','50',null,null,'Gruppo','S',{ts '2020-05-15 11:23:29.997'},'assistenza','N','varchar(50)','varchar','System.String')
GO

-- FINE GENERAZIONE SCRIPT --


-- GENERAZIONE DATI PER tabledescr --
IF exists(SELECT * FROM [tabledescr] WHERE tablename = 'progettotipocosto')
UPDATE [tabledescr] SET description = '2.7.4 Voce di costo',idapplication = '2',isdbo = 'N',lt = {ts '2021-12-02 15:34:55.193'},lu = 'Generator',title = 'Voce di costo' WHERE tablename = 'progettotipocosto'
ELSE
INSERT INTO [tabledescr] (tablename,description,idapplication,isdbo,lt,lu,title) VALUES ('progettotipocosto','2.7.4 Voce di costo','2','N',{ts '2021-12-02 15:34:55.193'},'Generator','Voce di costo')
GO

-- FINE GENERAZIONE SCRIPT --


-- GENERAZIONE DATI PER coldescr --
IF exists(SELECT * FROM [coldescr] WHERE colname = 'ammissibilita' AND tablename = 'progettotipocosto')
UPDATE [coldescr] SET col_len = '5',col_precision = '5',col_scale = '2',description = 'Ammissibilità (%)',kind = 'S',lt = {ts '2020-11-02 18:41:54.357'},lu = 'assistenza',primarykey = 'N',sql_declaration = 'decimal(5,2)',sql_type = 'decimal',system_type = 'System.Decimal' WHERE colname = 'ammissibilita' AND tablename = 'progettotipocosto'
ELSE
INSERT INTO [coldescr] (colname,tablename,col_len,col_precision,col_scale,description,kind,lt,lu,primarykey,sql_declaration,sql_type,system_type) VALUES ('ammissibilita','progettotipocosto','5','5','2','Ammissibilità (%)','S',{ts '2020-11-02 18:41:54.357'},'assistenza','N','decimal(5,2)','decimal','System.Decimal')
GO

IF exists(SELECT * FROM [coldescr] WHERE colname = 'budgetrichiesto' AND tablename = 'progettotipocosto')
UPDATE [coldescr] SET col_len = '9',col_precision = '19',col_scale = '2',description = '',kind = 'S',lt = {ts '2021-12-02 15:34:55.343'},lu = 'Generator',primarykey = 'N',sql_declaration = 'decimal(19,2)',sql_type = 'decimal',system_type = 'System.Decimal' WHERE colname = 'budgetrichiesto' AND tablename = 'progettotipocosto'
ELSE
INSERT INTO [coldescr] (colname,tablename,col_len,col_precision,col_scale,description,kind,lt,lu,primarykey,sql_declaration,sql_type,system_type) VALUES ('budgetrichiesto','progettotipocosto','9','19','2','','S',{ts '2021-12-02 15:34:55.343'},'Generator','N','decimal(19,2)','decimal','System.Decimal')
GO

IF exists(SELECT * FROM [coldescr] WHERE colname = 'ct' AND tablename = 'progettotipocosto')
UPDATE [coldescr] SET col_len = '8',col_precision = null,col_scale = null,description = null,kind = 'S',lt = {ts '2020-06-18 12:04:28.390'},lu = 'assistenza',primarykey = 'N',sql_declaration = 'datetime',sql_type = 'datetime',system_type = 'System.DateTime' WHERE colname = 'ct' AND tablename = 'progettotipocosto'
ELSE
INSERT INTO [coldescr] (colname,tablename,col_len,col_precision,col_scale,description,kind,lt,lu,primarykey,sql_declaration,sql_type,system_type) VALUES ('ct','progettotipocosto','8',null,null,null,'S',{ts '2020-06-18 12:04:28.390'},'assistenza','N','datetime','datetime','System.DateTime')
GO

IF exists(SELECT * FROM [coldescr] WHERE colname = 'cu' AND tablename = 'progettotipocosto')
UPDATE [coldescr] SET col_len = '64',col_precision = null,col_scale = null,description = null,kind = 'S',lt = {ts '2020-06-18 12:04:28.390'},lu = 'assistenza',primarykey = 'N',sql_declaration = 'varchar(64)',sql_type = 'varchar',system_type = 'System.String' WHERE colname = 'cu' AND tablename = 'progettotipocosto'
ELSE
INSERT INTO [coldescr] (colname,tablename,col_len,col_precision,col_scale,description,kind,lt,lu,primarykey,sql_declaration,sql_type,system_type) VALUES ('cu','progettotipocosto','64',null,null,null,'S',{ts '2020-06-18 12:04:28.390'},'assistenza','N','varchar(64)','varchar','System.String')
GO

IF exists(SELECT * FROM [coldescr] WHERE colname = 'idprogetto' AND tablename = 'progettotipocosto')
UPDATE [coldescr] SET col_len = '4',col_precision = null,col_scale = null,description = null,kind = 'S',lt = {ts '2020-06-18 12:04:28.390'},lu = 'assistenza',primarykey = 'S',sql_declaration = 'int',sql_type = 'int',system_type = 'System.Int32' WHERE colname = 'idprogetto' AND tablename = 'progettotipocosto'
ELSE
INSERT INTO [coldescr] (colname,tablename,col_len,col_precision,col_scale,description,kind,lt,lu,primarykey,sql_declaration,sql_type,system_type) VALUES ('idprogetto','progettotipocosto','4',null,null,null,'S',{ts '2020-06-18 12:04:28.390'},'assistenza','S','int','int','System.Int32')
GO

IF exists(SELECT * FROM [coldescr] WHERE colname = 'idprogettotipocosto' AND tablename = 'progettotipocosto')
UPDATE [coldescr] SET col_len = '4',col_precision = null,col_scale = null,description = null,kind = 'S',lt = {ts '2020-06-18 12:04:28.393'},lu = 'assistenza',primarykey = 'S',sql_declaration = 'int',sql_type = 'int',system_type = 'System.Int32' WHERE colname = 'idprogettotipocosto' AND tablename = 'progettotipocosto'
ELSE
INSERT INTO [coldescr] (colname,tablename,col_len,col_precision,col_scale,description,kind,lt,lu,primarykey,sql_declaration,sql_type,system_type) VALUES ('idprogettotipocosto','progettotipocosto','4',null,null,null,'S',{ts '2020-06-18 12:04:28.393'},'assistenza','S','int','int','System.Int32')
GO

IF exists(SELECT * FROM [coldescr] WHERE colname = 'idprogettotipocostokind' AND tablename = 'progettotipocosto')
UPDATE [coldescr] SET col_len = '4',col_precision = null,col_scale = null,description = 'Voce di costo',kind = 'S',lt = {ts '2020-06-18 12:07:21.417'},lu = 'assistenza',primarykey = 'N',sql_declaration = 'int',sql_type = 'int',system_type = 'System.Int32' WHERE colname = 'idprogettotipocostokind' AND tablename = 'progettotipocosto'
ELSE
INSERT INTO [coldescr] (colname,tablename,col_len,col_precision,col_scale,description,kind,lt,lu,primarykey,sql_declaration,sql_type,system_type) VALUES ('idprogettotipocostokind','progettotipocosto','4',null,null,'Voce di costo','S',{ts '2020-06-18 12:07:21.417'},'assistenza','N','int','int','System.Int32')
GO

IF exists(SELECT * FROM [coldescr] WHERE colname = 'lt' AND tablename = 'progettotipocosto')
UPDATE [coldescr] SET col_len = '8',col_precision = null,col_scale = null,description = null,kind = 'S',lt = {ts '2020-06-18 12:04:28.393'},lu = 'assistenza',primarykey = 'N',sql_declaration = 'datetime',sql_type = 'datetime',system_type = 'System.DateTime' WHERE colname = 'lt' AND tablename = 'progettotipocosto'
ELSE
INSERT INTO [coldescr] (colname,tablename,col_len,col_precision,col_scale,description,kind,lt,lu,primarykey,sql_declaration,sql_type,system_type) VALUES ('lt','progettotipocosto','8',null,null,null,'S',{ts '2020-06-18 12:04:28.393'},'assistenza','N','datetime','datetime','System.DateTime')
GO

IF exists(SELECT * FROM [coldescr] WHERE colname = 'lu' AND tablename = 'progettotipocosto')
UPDATE [coldescr] SET col_len = '64',col_precision = null,col_scale = null,description = null,kind = 'S',lt = {ts '2020-06-18 12:04:28.393'},lu = 'assistenza',primarykey = 'N',sql_declaration = 'varchar(64)',sql_type = 'varchar',system_type = 'System.String' WHERE colname = 'lu' AND tablename = 'progettotipocosto'
ELSE
INSERT INTO [coldescr] (colname,tablename,col_len,col_precision,col_scale,description,kind,lt,lu,primarykey,sql_declaration,sql_type,system_type) VALUES ('lu','progettotipocosto','64',null,null,null,'S',{ts '2020-06-18 12:04:28.393'},'assistenza','N','varchar(64)','varchar','System.String')
GO

IF exists(SELECT * FROM [coldescr] WHERE colname = 'sortcode' AND tablename = 'progettotipocosto')
UPDATE [coldescr] SET col_len = '4',col_precision = null,col_scale = null,description = 'Ordinamento',kind = 'S',lt = {ts '2020-06-18 12:07:21.420'},lu = 'assistenza',primarykey = 'N',sql_declaration = 'int',sql_type = 'int',system_type = 'System.Int32' WHERE colname = 'sortcode' AND tablename = 'progettotipocosto'
ELSE
INSERT INTO [coldescr] (colname,tablename,col_len,col_precision,col_scale,description,kind,lt,lu,primarykey,sql_declaration,sql_type,system_type) VALUES ('sortcode','progettotipocosto','4',null,null,'Ordinamento','S',{ts '2020-06-18 12:07:21.420'},'assistenza','N','int','int','System.Int32')
GO

IF exists(SELECT * FROM [coldescr] WHERE colname = 'title' AND tablename = 'progettotipocosto')
UPDATE [coldescr] SET col_len = '2048',col_precision = null,col_scale = null,description = 'Voce',kind = 'S',lt = {ts '2020-11-04 17:14:46.367'},lu = 'assistenza',primarykey = 'N',sql_declaration = 'varchar(2048)',sql_type = 'varchar',system_type = 'System.String' WHERE colname = 'title' AND tablename = 'progettotipocosto'
ELSE
INSERT INTO [coldescr] (colname,tablename,col_len,col_precision,col_scale,description,kind,lt,lu,primarykey,sql_declaration,sql_type,system_type) VALUES ('title','progettotipocosto','2048',null,null,'Voce','S',{ts '2020-11-04 17:14:46.367'},'assistenza','N','varchar(2048)','varchar','System.String')
GO

-- FINE GENERAZIONE SCRIPT --


-- GENERAZIONE DATI PER tabledescr --
IF exists(SELECT * FROM [tabledescr] WHERE tablename = 'progetto')
UPDATE [tabledescr] SET description = 'Progetto di ricerca',idapplication = '2',isdbo = 'N',lt = {ts '2021-12-01 17:46:41.067'},lu = 'Generator',title = 'Progetto di ricerca' WHERE tablename = 'progetto'
ELSE
INSERT INTO [tabledescr] (tablename,description,idapplication,isdbo,lt,lu,title) VALUES ('progetto','Progetto di ricerca','2','N',{ts '2021-12-01 17:46:41.067'},'Generator','Progetto di ricerca')
GO

-- FINE GENERAZIONE SCRIPT --


-- GENERAZIONE DATI PER coldescr --
IF exists(SELECT * FROM [coldescr] WHERE colname = 'bandoriferimentotxt' AND tablename = 'progetto')
UPDATE [coldescr] SET col_len = '2048',col_precision = null,col_scale = null,description = 'Bando di riferimento non censito',kind = 'S',lt = {ts '2021-08-30 09:37:43.893'},lu = 'assistenza',primarykey = 'N',sql_declaration = 'nvarchar(2048)',sql_type = 'nvarchar',system_type = 'System.String' WHERE colname = 'bandoriferimentotxt' AND tablename = 'progetto'
ELSE
INSERT INTO [coldescr] (colname,tablename,col_len,col_precision,col_scale,description,kind,lt,lu,primarykey,sql_declaration,sql_type,system_type) VALUES ('bandoriferimentotxt','progetto','2048',null,null,'Bando di riferimento non censito','S',{ts '2021-08-30 09:37:43.893'},'assistenza','N','nvarchar(2048)','nvarchar','System.String')
GO

IF exists(SELECT * FROM [coldescr] WHERE colname = 'budget' AND tablename = 'progetto')
UPDATE [coldescr] SET col_len = '9',col_precision = '14',col_scale = '2',description = 'Costo totale per l''ateneo',kind = 'S',lt = {ts '2020-10-30 08:32:49.150'},lu = 'assistenza',primarykey = 'N',sql_declaration = 'decimal(14,2)',sql_type = 'decimal',system_type = 'System.Decimal' WHERE colname = 'budget' AND tablename = 'progetto'
ELSE
INSERT INTO [coldescr] (colname,tablename,col_len,col_precision,col_scale,description,kind,lt,lu,primarykey,sql_declaration,sql_type,system_type) VALUES ('budget','progetto','9','14','2','Costo totale per l''ateneo','S',{ts '2020-10-30 08:32:49.150'},'assistenza','N','decimal(14,2)','decimal','System.Decimal')
GO

IF exists(SELECT * FROM [coldescr] WHERE colname = 'budgetcalcolato' AND tablename = 'progetto')
UPDATE [coldescr] SET col_len = '9',col_precision = '14',col_scale = '2',description = 'Costo totale effettivo per l''ateneo',kind = 'S',lt = {ts '2020-10-30 08:32:49.150'},lu = 'assistenza',primarykey = 'N',sql_declaration = 'decimal(14,2)',sql_type = 'decimal',system_type = 'System.Decimal' WHERE colname = 'budgetcalcolato' AND tablename = 'progetto'
ELSE
INSERT INTO [coldescr] (colname,tablename,col_len,col_precision,col_scale,description,kind,lt,lu,primarykey,sql_declaration,sql_type,system_type) VALUES ('budgetcalcolato','progetto','9','14','2','Costo totale effettivo per l''ateneo','S',{ts '2020-10-30 08:32:49.150'},'assistenza','N','decimal(14,2)','decimal','System.Decimal')
GO

IF exists(SELECT * FROM [coldescr] WHERE colname = 'budgetcalcolatodate' AND tablename = 'progetto')
UPDATE [coldescr] SET col_len = '8',col_precision = null,col_scale = null,description = 'Calcolato il',kind = 'S',lt = {ts '2020-10-26 10:44:21.677'},lu = 'assistenza',primarykey = 'N',sql_declaration = 'datetime',sql_type = 'datetime',system_type = 'System.DateTime' WHERE colname = 'budgetcalcolatodate' AND tablename = 'progetto'
ELSE
INSERT INTO [coldescr] (colname,tablename,col_len,col_precision,col_scale,description,kind,lt,lu,primarykey,sql_declaration,sql_type,system_type) VALUES ('budgetcalcolatodate','progetto','8',null,null,'Calcolato il','S',{ts '2020-10-26 10:44:21.677'},'assistenza','N','datetime','datetime','System.DateTime')
GO

IF exists(SELECT * FROM [coldescr] WHERE colname = 'capofilatxt' AND tablename = 'progetto')
UPDATE [coldescr] SET col_len = '2048',col_precision = null,col_scale = null,description = 'Ente capofila non censito',kind = 'S',lt = {ts '2020-10-26 10:22:18.617'},lu = 'assistenza',primarykey = 'N',sql_declaration = 'nvarchar(2048)',sql_type = 'nvarchar',system_type = 'System.String' WHERE colname = 'capofilatxt' AND tablename = 'progetto'
ELSE
INSERT INTO [coldescr] (colname,tablename,col_len,col_precision,col_scale,description,kind,lt,lu,primarykey,sql_declaration,sql_type,system_type) VALUES ('capofilatxt','progetto','2048',null,null,'Ente capofila non censito','S',{ts '2020-10-26 10:22:18.617'},'assistenza','N','nvarchar(2048)','nvarchar','System.String')
GO

IF exists(SELECT * FROM [coldescr] WHERE colname = 'codiceidentificativo' AND tablename = 'progetto')
UPDATE [coldescr] SET col_len = '2048',col_precision = null,col_scale = null,description = 'Codice identificativo',kind = 'S',lt = {ts '2020-10-30 08:33:43.240'},lu = 'assistenza',primarykey = 'N',sql_declaration = 'varchar(2048)',sql_type = 'varchar',system_type = 'System.String' WHERE colname = 'codiceidentificativo' AND tablename = 'progetto'
ELSE
INSERT INTO [coldescr] (colname,tablename,col_len,col_precision,col_scale,description,kind,lt,lu,primarykey,sql_declaration,sql_type,system_type) VALUES ('codiceidentificativo','progetto','2048',null,null,'Codice identificativo','S',{ts '2020-10-30 08:33:43.240'},'assistenza','N','varchar(2048)','varchar','System.String')
GO

IF exists(SELECT * FROM [coldescr] WHERE colname = 'contributo' AND tablename = 'progetto')
UPDATE [coldescr] SET col_len = '9',col_precision = '14',col_scale = '2',description = 'Cofinanziamento richiesto all''ateneo',kind = 'S',lt = {ts '2020-10-30 08:32:49.150'},lu = 'assistenza',primarykey = 'N',sql_declaration = 'decimal(14,2)',sql_type = 'decimal',system_type = 'System.Decimal' WHERE colname = 'contributo' AND tablename = 'progetto'
ELSE
INSERT INTO [coldescr] (colname,tablename,col_len,col_precision,col_scale,description,kind,lt,lu,primarykey,sql_declaration,sql_type,system_type) VALUES ('contributo','progetto','9','14','2','Cofinanziamento richiesto all''ateneo','S',{ts '2020-10-30 08:32:49.150'},'assistenza','N','decimal(14,2)','decimal','System.Decimal')
GO

IF exists(SELECT * FROM [coldescr] WHERE colname = 'contributoente' AND tablename = 'progetto')
UPDATE [coldescr] SET col_len = '9',col_precision = '14',col_scale = '2',description = 'Contributo totale richiesto dall''ateneo allente finanziatore',kind = 'S',lt = {ts '2020-11-04 16:51:02.247'},lu = 'assistenza',primarykey = 'N',sql_declaration = 'decimal(14,2)',sql_type = 'decimal',system_type = 'System.Decimal' WHERE colname = 'contributoente' AND tablename = 'progetto'
ELSE
INSERT INTO [coldescr] (colname,tablename,col_len,col_precision,col_scale,description,kind,lt,lu,primarykey,sql_declaration,sql_type,system_type) VALUES ('contributoente','progetto','9','14','2','Contributo totale richiesto dall''ateneo allente finanziatore','S',{ts '2020-11-04 16:51:02.247'},'assistenza','N','decimal(14,2)','decimal','System.Decimal')
GO

IF exists(SELECT * FROM [coldescr] WHERE colname = 'ct' AND tablename = 'progetto')
UPDATE [coldescr] SET col_len = '8',col_precision = null,col_scale = null,description = null,kind = 'S',lt = {ts '2020-05-20 14:00:40.020'},lu = 'assistenza',primarykey = 'N',sql_declaration = 'datetime',sql_type = 'datetime',system_type = 'System.DateTime' WHERE colname = 'ct' AND tablename = 'progetto'
ELSE
INSERT INTO [coldescr] (colname,tablename,col_len,col_precision,col_scale,description,kind,lt,lu,primarykey,sql_declaration,sql_type,system_type) VALUES ('ct','progetto','8',null,null,null,'S',{ts '2020-05-20 14:00:40.020'},'assistenza','N','datetime','datetime','System.DateTime')
GO

IF exists(SELECT * FROM [coldescr] WHERE colname = 'cu' AND tablename = 'progetto')
UPDATE [coldescr] SET col_len = '64',col_precision = null,col_scale = null,description = null,kind = 'S',lt = {ts '2020-05-20 14:00:40.020'},lu = 'assistenza',primarykey = 'N',sql_declaration = 'varchar(64)',sql_type = 'varchar',system_type = 'System.String' WHERE colname = 'cu' AND tablename = 'progetto'
ELSE
INSERT INTO [coldescr] (colname,tablename,col_len,col_precision,col_scale,description,kind,lt,lu,primarykey,sql_declaration,sql_type,system_type) VALUES ('cu','progetto','64',null,null,null,'S',{ts '2020-05-20 14:00:40.020'},'assistenza','N','varchar(64)','varchar','System.String')
GO

IF exists(SELECT * FROM [coldescr] WHERE colname = 'cup' AND tablename = 'progetto')
UPDATE [coldescr] SET col_len = '15',col_precision = null,col_scale = null,description = 'Codice univoco progetto (CUP)',kind = 'S',lt = {ts '2020-10-30 17:51:30.213'},lu = 'assistenza',primarykey = 'N',sql_declaration = 'varchar(15)',sql_type = 'varchar',system_type = 'System.String' WHERE colname = 'cup' AND tablename = 'progetto'
ELSE
INSERT INTO [coldescr] (colname,tablename,col_len,col_precision,col_scale,description,kind,lt,lu,primarykey,sql_declaration,sql_type,system_type) VALUES ('cup','progetto','15',null,null,'Codice univoco progetto (CUP)','S',{ts '2020-10-30 17:51:30.213'},'assistenza','N','varchar(15)','varchar','System.String')
GO

IF exists(SELECT * FROM [coldescr] WHERE colname = 'data' AND tablename = 'progetto')
UPDATE [coldescr] SET col_len = '3',col_precision = null,col_scale = null,description = 'Data di presentazione',kind = 'S',lt = {ts '2020-05-25 13:14:10.947'},lu = 'assistenza',primarykey = 'N',sql_declaration = 'date',sql_type = 'date',system_type = 'System.DateTime' WHERE colname = 'data' AND tablename = 'progetto'
ELSE
INSERT INTO [coldescr] (colname,tablename,col_len,col_precision,col_scale,description,kind,lt,lu,primarykey,sql_declaration,sql_type,system_type) VALUES ('data','progetto','3',null,null,'Data di presentazione','S',{ts '2020-05-25 13:14:10.947'},'assistenza','N','date','date','System.DateTime')
GO

IF exists(SELECT * FROM [coldescr] WHERE colname = 'datacontabile' AND tablename = 'progetto')
UPDATE [coldescr] SET col_len = '3',col_precision = null,col_scale = null,description = 'Data chiusura contablile',kind = 'S',lt = {ts '2020-12-09 12:56:24.963'},lu = 'assistenza',primarykey = 'N',sql_declaration = 'date',sql_type = 'date',system_type = 'System.DateTime' WHERE colname = 'datacontabile' AND tablename = 'progetto'
ELSE
INSERT INTO [coldescr] (colname,tablename,col_len,col_precision,col_scale,description,kind,lt,lu,primarykey,sql_declaration,sql_type,system_type) VALUES ('datacontabile','progetto','3',null,null,'Data chiusura contablile','S',{ts '2020-12-09 12:56:24.963'},'assistenza','N','date','date','System.DateTime')
GO

IF exists(SELECT * FROM [coldescr] WHERE colname = 'dataesito' AND tablename = 'progetto')
UPDATE [coldescr] SET col_len = '3',col_precision = null,col_scale = null,description = 'Data dellesito di valutazione',kind = 'S',lt = {ts '2021-06-17 16:46:51.427'},lu = 'assistenza',primarykey = 'N',sql_declaration = 'date',sql_type = 'date',system_type = 'System.DateTime' WHERE colname = 'dataesito' AND tablename = 'progetto'
ELSE
INSERT INTO [coldescr] (colname,tablename,col_len,col_precision,col_scale,description,kind,lt,lu,primarykey,sql_declaration,sql_type,system_type) VALUES ('dataesito','progetto','3',null,null,'Data dellesito di valutazione','S',{ts '2021-06-17 16:46:51.427'},'assistenza','N','date','date','System.DateTime')
GO

IF exists(SELECT * FROM [coldescr] WHERE colname = 'description' AND tablename = 'progetto')
UPDATE [coldescr] SET col_len = '0',col_precision = null,col_scale = null,description = 'Descrizione',kind = 'S',lt = {ts '2020-05-20 14:03:58.150'},lu = 'assistenza',primarykey = 'N',sql_declaration = 'nvarchar(max)',sql_type = 'nvarchar',system_type = 'System.String' WHERE colname = 'description' AND tablename = 'progetto'
ELSE
INSERT INTO [coldescr] (colname,tablename,col_len,col_precision,col_scale,description,kind,lt,lu,primarykey,sql_declaration,sql_type,system_type) VALUES ('description','progetto','0',null,null,'Descrizione','S',{ts '2020-05-20 14:03:58.150'},'assistenza','N','nvarchar(max)','nvarchar','System.String')
GO

IF exists(SELECT * FROM [coldescr] WHERE colname = 'durata' AND tablename = 'progetto')
UPDATE [coldescr] SET col_len = '4',col_precision = null,col_scale = null,description = null,kind = 'S',lt = {ts '2020-05-25 13:11:44.723'},lu = 'assistenza',primarykey = 'N',sql_declaration = 'int',sql_type = 'int',system_type = 'System.Int32' WHERE colname = 'durata' AND tablename = 'progetto'
ELSE
INSERT INTO [coldescr] (colname,tablename,col_len,col_precision,col_scale,description,kind,lt,lu,primarykey,sql_declaration,sql_type,system_type) VALUES ('durata','progetto','4',null,null,null,'S',{ts '2020-05-25 13:11:44.723'},'assistenza','N','int','int','System.Int32')
GO

IF exists(SELECT * FROM [coldescr] WHERE colname = 'finanziamento' AND tablename = 'progetto')
UPDATE [coldescr] SET col_len = '0',col_precision = null,col_scale = null,description = 'Riferimenti del finanziamento',kind = 'S',lt = {ts '2021-06-17 16:46:51.433'},lu = 'assistenza',primarykey = 'N',sql_declaration = 'nvarchar(max)',sql_type = 'nvarchar',system_type = 'System.String' WHERE colname = 'finanziamento' AND tablename = 'progetto'
ELSE
INSERT INTO [coldescr] (colname,tablename,col_len,col_precision,col_scale,description,kind,lt,lu,primarykey,sql_declaration,sql_type,system_type) VALUES ('finanziamento','progetto','0',null,null,'Riferimenti del finanziamento','S',{ts '2021-06-17 16:46:51.433'},'assistenza','N','nvarchar(max)','nvarchar','System.String')
GO

IF exists(SELECT * FROM [coldescr] WHERE colname = 'finanziatoretxt' AND tablename = 'progetto')
UPDATE [coldescr] SET col_len = '2048',col_precision = null,col_scale = null,description = 'Ente finanziatore non censito',kind = 'S',lt = {ts '2020-10-26 10:22:18.617'},lu = 'assistenza',primarykey = 'N',sql_declaration = 'nvarchar(2048)',sql_type = 'nvarchar',system_type = 'System.String' WHERE colname = 'finanziatoretxt' AND tablename = 'progetto'
ELSE
INSERT INTO [coldescr] (colname,tablename,col_len,col_precision,col_scale,description,kind,lt,lu,primarykey,sql_declaration,sql_type,system_type) VALUES ('finanziatoretxt','progetto','2048',null,null,'Ente finanziatore non censito','S',{ts '2020-10-26 10:22:18.617'},'assistenza','N','nvarchar(2048)','nvarchar','System.String')
GO

IF exists(SELECT * FROM [coldescr] WHERE colname = 'idcorsostudio' AND tablename = 'progetto')
UPDATE [coldescr] SET col_len = '4',col_precision = null,col_scale = null,description = 'Didattica',kind = 'S',lt = {ts '2020-06-05 15:48:03.440'},lu = 'assistenza',primarykey = 'N',sql_declaration = 'int',sql_type = 'int',system_type = 'System.Int32' WHERE colname = 'idcorsostudio' AND tablename = 'progetto'
ELSE
INSERT INTO [coldescr] (colname,tablename,col_len,col_precision,col_scale,description,kind,lt,lu,primarykey,sql_declaration,sql_type,system_type) VALUES ('idcorsostudio','progetto','4',null,null,'Didattica','S',{ts '2020-06-05 15:48:03.440'},'assistenza','N','int','int','System.Int32')
GO

IF exists(SELECT * FROM [coldescr] WHERE colname = 'idcurrency' AND tablename = 'progetto')
UPDATE [coldescr] SET col_len = '4',col_precision = null,col_scale = null,description = 'Codice valuta',kind = 'S',lt = {ts '2020-11-02 18:34:42.180'},lu = 'assistenza',primarykey = 'N',sql_declaration = 'int',sql_type = 'int',system_type = 'System.Int32' WHERE colname = 'idcurrency' AND tablename = 'progetto'
ELSE
INSERT INTO [coldescr] (colname,tablename,col_len,col_precision,col_scale,description,kind,lt,lu,primarykey,sql_declaration,sql_type,system_type) VALUES ('idcurrency','progetto','4',null,null,'Codice valuta','S',{ts '2020-11-02 18:34:42.180'},'assistenza','N','int','int','System.Int32')
GO

IF exists(SELECT * FROM [coldescr] WHERE colname = 'idduratakind' AND tablename = 'progetto')
UPDATE [coldescr] SET col_len = '4',col_precision = null,col_scale = null,description = 'Espressa in',kind = 'S',lt = {ts '2020-05-25 13:14:10.947'},lu = 'assistenza',primarykey = 'N',sql_declaration = 'int',sql_type = 'int',system_type = 'System.Int32' WHERE colname = 'idduratakind' AND tablename = 'progetto'
ELSE
INSERT INTO [coldescr] (colname,tablename,col_len,col_precision,col_scale,description,kind,lt,lu,primarykey,sql_declaration,sql_type,system_type) VALUES ('idduratakind','progetto','4',null,null,'Espressa in','S',{ts '2020-05-25 13:14:10.947'},'assistenza','N','int','int','System.Int32')
GO

IF exists(SELECT * FROM [coldescr] WHERE colname = 'idpartnerkind' AND tablename = 'progetto')
UPDATE [coldescr] SET col_len = '4',col_precision = null,col_scale = null,description = '',kind = 'S',lt = {ts '2021-12-01 17:46:41.217'},lu = 'Generator',primarykey = 'N',sql_declaration = 'int',sql_type = 'int',system_type = 'System.Int32' WHERE colname = 'idpartnerkind' AND tablename = 'progetto'
ELSE
INSERT INTO [coldescr] (colname,tablename,col_len,col_precision,col_scale,description,kind,lt,lu,primarykey,sql_declaration,sql_type,system_type) VALUES ('idpartnerkind','progetto','4',null,null,'','S',{ts '2021-12-01 17:46:41.217'},'Generator','N','int','int','System.Int32')
GO

IF exists(SELECT * FROM [coldescr] WHERE colname = 'idprogetto' AND tablename = 'progetto')
UPDATE [coldescr] SET col_len = '4',col_precision = null,col_scale = null,description = 'Codice interno',kind = 'S',lt = {ts '2020-10-30 08:33:16.517'},lu = 'assistenza',primarykey = 'S',sql_declaration = 'int',sql_type = 'int',system_type = 'System.Int32' WHERE colname = 'idprogetto' AND tablename = 'progetto'
ELSE
INSERT INTO [coldescr] (colname,tablename,col_len,col_precision,col_scale,description,kind,lt,lu,primarykey,sql_declaration,sql_type,system_type) VALUES ('idprogetto','progetto','4',null,null,'Codice interno','S',{ts '2020-10-30 08:33:16.517'},'assistenza','S','int','int','System.Int32')
GO

IF exists(SELECT * FROM [coldescr] WHERE colname = 'idprogettokind' AND tablename = 'progetto')
UPDATE [coldescr] SET col_len = '4',col_precision = null,col_scale = null,description = 'Tipo di progetto o attività',kind = 'S',lt = {ts '2020-11-04 16:52:57.667'},lu = 'assistenza',primarykey = 'N',sql_declaration = 'int',sql_type = 'int',system_type = 'System.Int32' WHERE colname = 'idprogettokind' AND tablename = 'progetto'
ELSE
INSERT INTO [coldescr] (colname,tablename,col_len,col_precision,col_scale,description,kind,lt,lu,primarykey,sql_declaration,sql_type,system_type) VALUES ('idprogettokind','progetto','4',null,null,'Tipo di progetto o attività','S',{ts '2020-11-04 16:52:57.667'},'assistenza','N','int','int','System.Int32')
GO

IF exists(SELECT * FROM [coldescr] WHERE colname = 'idprogettostatuskind' AND tablename = 'progetto')
UPDATE [coldescr] SET col_len = '4',col_precision = null,col_scale = null,description = 'Stato del progetto o attività',kind = 'S',lt = {ts '2020-09-30 16:14:37.087'},lu = 'assistenza',primarykey = 'N',sql_declaration = 'int',sql_type = 'int',system_type = 'System.Int32' WHERE colname = 'idprogettostatuskind' AND tablename = 'progetto'
ELSE
INSERT INTO [coldescr] (colname,tablename,col_len,col_precision,col_scale,description,kind,lt,lu,primarykey,sql_declaration,sql_type,system_type) VALUES ('idprogettostatuskind','progetto','4',null,null,'Stato del progetto o attività','S',{ts '2020-09-30 16:14:37.087'},'assistenza','N','int','int','System.Int32')
GO

IF exists(SELECT * FROM [coldescr] WHERE colname = 'idreg' AND tablename = 'progetto')
UPDATE [coldescr] SET col_len = '4',col_precision = null,col_scale = null,description = 'Principal investigator / Responsabile di progetto ',kind = 'S',lt = {ts '2020-07-15 17:09:18.147'},lu = 'assistenza',primarykey = 'N',sql_declaration = 'int',sql_type = 'int',system_type = 'System.Int32' WHERE colname = 'idreg' AND tablename = 'progetto'
ELSE
INSERT INTO [coldescr] (colname,tablename,col_len,col_precision,col_scale,description,kind,lt,lu,primarykey,sql_declaration,sql_type,system_type) VALUES ('idreg','progetto','4',null,null,'Principal investigator / Responsabile di progetto ','S',{ts '2020-07-15 17:09:18.147'},'assistenza','N','int','int','System.Int32')
GO

IF exists(SELECT * FROM [coldescr] WHERE colname = 'idreg_amm' AND tablename = 'progetto')
UPDATE [coldescr] SET col_len = '4',col_precision = null,col_scale = null,description = '',kind = 'S',lt = {ts '2021-12-01 17:46:41.217'},lu = 'Generator',primarykey = 'N',sql_declaration = 'int',sql_type = 'int',system_type = 'System.Int32' WHERE colname = 'idreg_amm' AND tablename = 'progetto'
ELSE
INSERT INTO [coldescr] (colname,tablename,col_len,col_precision,col_scale,description,kind,lt,lu,primarykey,sql_declaration,sql_type,system_type) VALUES ('idreg_amm','progetto','4',null,null,'','S',{ts '2021-12-01 17:46:41.217'},'Generator','N','int','int','System.Int32')
GO

IF exists(SELECT * FROM [coldescr] WHERE colname = 'idreg_aziende' AND tablename = 'progetto')
UPDATE [coldescr] SET col_len = '4',col_precision = null,col_scale = null,description = 'Ente capofila',kind = 'S',lt = {ts '2020-06-12 15:56:06.547'},lu = 'assistenza',primarykey = 'N',sql_declaration = 'int',sql_type = 'int',system_type = 'System.Int32' WHERE colname = 'idreg_aziende' AND tablename = 'progetto'
ELSE
INSERT INTO [coldescr] (colname,tablename,col_len,col_precision,col_scale,description,kind,lt,lu,primarykey,sql_declaration,sql_type,system_type) VALUES ('idreg_aziende','progetto','4',null,null,'Ente capofila','S',{ts '2020-06-12 15:56:06.547'},'assistenza','N','int','int','System.Int32')
GO

IF exists(SELECT * FROM [coldescr] WHERE colname = 'idreg_aziende_fin' AND tablename = 'progetto')
UPDATE [coldescr] SET col_len = '4',col_precision = null,col_scale = null,description = 'Ente finanziatore',kind = 'S',lt = {ts '2020-06-12 15:56:06.547'},lu = 'assistenza',primarykey = 'N',sql_declaration = 'int',sql_type = 'int',system_type = 'System.Int32' WHERE colname = 'idreg_aziende_fin' AND tablename = 'progetto'
ELSE
INSERT INTO [coldescr] (colname,tablename,col_len,col_precision,col_scale,description,kind,lt,lu,primarykey,sql_declaration,sql_type,system_type) VALUES ('idreg_aziende_fin','progetto','4',null,null,'Ente finanziatore','S',{ts '2020-06-12 15:56:06.547'},'assistenza','N','int','int','System.Int32')
GO

IF exists(SELECT * FROM [coldescr] WHERE colname = 'idregistryprogfin' AND tablename = 'progetto')
UPDATE [coldescr] SET col_len = '4',col_precision = null,col_scale = null,description = 'Programma di finanziamento',kind = 'S',lt = {ts '2020-06-12 15:56:06.547'},lu = 'assistenza',primarykey = 'N',sql_declaration = 'int',sql_type = 'int',system_type = 'System.Int32' WHERE colname = 'idregistryprogfin' AND tablename = 'progetto'
ELSE
INSERT INTO [coldescr] (colname,tablename,col_len,col_precision,col_scale,description,kind,lt,lu,primarykey,sql_declaration,sql_type,system_type) VALUES ('idregistryprogfin','progetto','4',null,null,'Programma di finanziamento','S',{ts '2020-06-12 15:56:06.547'},'assistenza','N','int','int','System.Int32')
GO

IF exists(SELECT * FROM [coldescr] WHERE colname = 'idregistryprogfinbando' AND tablename = 'progetto')
UPDATE [coldescr] SET col_len = '4',col_precision = null,col_scale = null,description = 'Bando di riferimento',kind = 'S',lt = {ts '2020-06-12 18:11:47.253'},lu = 'assistenza',primarykey = 'N',sql_declaration = 'int',sql_type = 'int',system_type = 'System.Int32' WHERE colname = 'idregistryprogfinbando' AND tablename = 'progetto'
ELSE
INSERT INTO [coldescr] (colname,tablename,col_len,col_precision,col_scale,description,kind,lt,lu,primarykey,sql_declaration,sql_type,system_type) VALUES ('idregistryprogfinbando','progetto','4',null,null,'Bando di riferimento','S',{ts '2020-06-12 18:11:47.253'},'assistenza','N','int','int','System.Int32')
GO

IF exists(SELECT * FROM [coldescr] WHERE colname = 'idstrumentofin' AND tablename = 'progetto')
UPDATE [coldescr] SET col_len = '4',col_precision = null,col_scale = null,description = 'Strumento di finanziamento',kind = 'S',lt = {ts '2021-06-17 16:46:51.433'},lu = 'assistenza',primarykey = 'N',sql_declaration = 'int',sql_type = 'int',system_type = 'System.Int32' WHERE colname = 'idstrumentofin' AND tablename = 'progetto'
ELSE
INSERT INTO [coldescr] (colname,tablename,col_len,col_precision,col_scale,description,kind,lt,lu,primarykey,sql_declaration,sql_type,system_type) VALUES ('idstrumentofin','progetto','4',null,null,'Strumento di finanziamento','S',{ts '2021-06-17 16:46:51.433'},'assistenza','N','int','int','System.Int32')
GO

IF exists(SELECT * FROM [coldescr] WHERE colname = 'lt' AND tablename = 'progetto')
UPDATE [coldescr] SET col_len = '8',col_precision = null,col_scale = null,description = null,kind = 'S',lt = {ts '2020-05-20 14:00:40.020'},lu = 'assistenza',primarykey = 'N',sql_declaration = 'datetime',sql_type = 'datetime',system_type = 'System.DateTime' WHERE colname = 'lt' AND tablename = 'progetto'
ELSE
INSERT INTO [coldescr] (colname,tablename,col_len,col_precision,col_scale,description,kind,lt,lu,primarykey,sql_declaration,sql_type,system_type) VALUES ('lt','progetto','8',null,null,null,'S',{ts '2020-05-20 14:00:40.020'},'assistenza','N','datetime','datetime','System.DateTime')
GO

IF exists(SELECT * FROM [coldescr] WHERE colname = 'lu' AND tablename = 'progetto')
UPDATE [coldescr] SET col_len = '64',col_precision = null,col_scale = null,description = null,kind = 'S',lt = {ts '2020-05-20 14:00:40.020'},lu = 'assistenza',primarykey = 'N',sql_declaration = 'varchar(64)',sql_type = 'varchar',system_type = 'System.String' WHERE colname = 'lu' AND tablename = 'progetto'
ELSE
INSERT INTO [coldescr] (colname,tablename,col_len,col_precision,col_scale,description,kind,lt,lu,primarykey,sql_declaration,sql_type,system_type) VALUES ('lu','progetto','64',null,null,null,'S',{ts '2020-05-20 14:00:40.020'},'assistenza','N','varchar(64)','varchar','System.String')
GO

IF exists(SELECT * FROM [coldescr] WHERE colname = 'progfinanziamentotxt' AND tablename = 'progetto')
UPDATE [coldescr] SET col_len = '2048',col_precision = null,col_scale = null,description = 'Programma di riferimento non censito',kind = 'S',lt = {ts '2021-08-30 09:37:43.893'},lu = 'assistenza',primarykey = 'N',sql_declaration = 'nvarchar(2048)',sql_type = 'nvarchar',system_type = 'System.String' WHERE colname = 'progfinanziamentotxt' AND tablename = 'progetto'
ELSE
INSERT INTO [coldescr] (colname,tablename,col_len,col_precision,col_scale,description,kind,lt,lu,primarykey,sql_declaration,sql_type,system_type) VALUES ('progfinanziamentotxt','progetto','2048',null,null,'Programma di riferimento non censito','S',{ts '2021-08-30 09:37:43.893'},'assistenza','N','nvarchar(2048)','nvarchar','System.String')
GO

IF exists(SELECT * FROM [coldescr] WHERE colname = 'start' AND tablename = 'progetto')
UPDATE [coldescr] SET col_len = '3',col_precision = null,col_scale = null,description = 'Data di inizio',kind = 'S',lt = {ts '2020-06-05 15:48:03.440'},lu = 'assistenza',primarykey = 'N',sql_declaration = 'date',sql_type = 'date',system_type = 'System.DateTime' WHERE colname = 'start' AND tablename = 'progetto'
ELSE
INSERT INTO [coldescr] (colname,tablename,col_len,col_precision,col_scale,description,kind,lt,lu,primarykey,sql_declaration,sql_type,system_type) VALUES ('start','progetto','3',null,null,'Data di inizio','S',{ts '2020-06-05 15:48:03.440'},'assistenza','N','date','date','System.DateTime')
GO

IF exists(SELECT * FROM [coldescr] WHERE colname = 'stop' AND tablename = 'progetto')
UPDATE [coldescr] SET col_len = '3',col_precision = null,col_scale = null,description = 'Data di fine',kind = 'S',lt = {ts '2020-06-05 15:48:03.440'},lu = 'assistenza',primarykey = 'N',sql_declaration = 'date',sql_type = 'date',system_type = 'System.DateTime' WHERE colname = 'stop' AND tablename = 'progetto'
ELSE
INSERT INTO [coldescr] (colname,tablename,col_len,col_precision,col_scale,description,kind,lt,lu,primarykey,sql_declaration,sql_type,system_type) VALUES ('stop','progetto','3',null,null,'Data di fine','S',{ts '2020-06-05 15:48:03.440'},'assistenza','N','date','date','System.DateTime')
GO

IF exists(SELECT * FROM [coldescr] WHERE colname = 'title' AND tablename = 'progetto')
UPDATE [coldescr] SET col_len = '4000',col_precision = null,col_scale = null,description = 'Titolo',kind = 'S',lt = {ts '2020-10-30 08:32:49.150'},lu = 'assistenza',primarykey = 'N',sql_declaration = 'nvarchar(4000)',sql_type = 'nvarchar',system_type = 'System.String' WHERE colname = 'title' AND tablename = 'progetto'
ELSE
INSERT INTO [coldescr] (colname,tablename,col_len,col_precision,col_scale,description,kind,lt,lu,primarykey,sql_declaration,sql_type,system_type) VALUES ('title','progetto','4000',null,null,'Titolo','S',{ts '2020-10-30 08:32:49.150'},'assistenza','N','nvarchar(4000)','nvarchar','System.String')
GO

IF exists(SELECT * FROM [coldescr] WHERE colname = 'title_en' AND tablename = 'progetto')
UPDATE [coldescr] SET col_len = '8000',col_precision = null,col_scale = null,description = '',kind = 'S',lt = {ts '2021-12-01 17:46:41.217'},lu = 'Generator',primarykey = 'N',sql_declaration = 'nvarchar(4000)',sql_type = 'nvarchar',system_type = 'System.String' WHERE colname = 'title_en' AND tablename = 'progetto'
ELSE
INSERT INTO [coldescr] (colname,tablename,col_len,col_precision,col_scale,description,kind,lt,lu,primarykey,sql_declaration,sql_type,system_type) VALUES ('title_en','progetto','8000',null,null,'','S',{ts '2021-12-01 17:46:41.217'},'Generator','N','nvarchar(4000)','nvarchar','System.String')
GO

IF exists(SELECT * FROM [coldescr] WHERE colname = 'titolobreve' AND tablename = 'progetto')
UPDATE [coldescr] SET col_len = '2048',col_precision = null,col_scale = null,description = 'Titolo breve o acronimo',kind = 'S',lt = {ts '2020-05-20 14:03:58.153'},lu = 'assistenza',primarykey = 'N',sql_declaration = 'nvarchar(2048)',sql_type = 'nvarchar',system_type = 'System.String' WHERE colname = 'titolobreve' AND tablename = 'progetto'
ELSE
INSERT INTO [coldescr] (colname,tablename,col_len,col_precision,col_scale,description,kind,lt,lu,primarykey,sql_declaration,sql_type,system_type) VALUES ('titolobreve','progetto','2048',null,null,'Titolo breve o acronimo','S',{ts '2020-05-20 14:03:58.153'},'assistenza','N','nvarchar(2048)','nvarchar','System.String')
GO

IF exists(SELECT * FROM [coldescr] WHERE colname = 'totalbudget' AND tablename = 'progetto')
UPDATE [coldescr] SET col_len = '9',col_precision = '14',col_scale = '2',description = 'Costo globale del progetto per tutto il partenariato',kind = 'S',lt = {ts '2020-10-30 08:32:49.150'},lu = 'assistenza',primarykey = 'N',sql_declaration = 'decimal(14,2)',sql_type = 'decimal',system_type = 'System.Decimal' WHERE colname = 'totalbudget' AND tablename = 'progetto'
ELSE
INSERT INTO [coldescr] (colname,tablename,col_len,col_precision,col_scale,description,kind,lt,lu,primarykey,sql_declaration,sql_type,system_type) VALUES ('totalbudget','progetto','9','14','2','Costo globale del progetto per tutto il partenariato','S',{ts '2020-10-30 08:32:49.150'},'assistenza','N','decimal(14,2)','decimal','System.Decimal')
GO

IF exists(SELECT * FROM [coldescr] WHERE colname = 'totalcontributo' AND tablename = 'progetto')
UPDATE [coldescr] SET col_len = '9',col_precision = '14',col_scale = '2',description = 'Contributo globale del progetto per tutto il partenariato',kind = 'S',lt = {ts '2020-10-30 08:32:49.150'},lu = 'assistenza',primarykey = 'N',sql_declaration = 'decimal(14,2)',sql_type = 'decimal',system_type = 'System.Decimal' WHERE colname = 'totalcontributo' AND tablename = 'progetto'
ELSE
INSERT INTO [coldescr] (colname,tablename,col_len,col_precision,col_scale,description,kind,lt,lu,primarykey,sql_declaration,sql_type,system_type) VALUES ('totalcontributo','progetto','9','14','2','Contributo globale del progetto per tutto il partenariato','S',{ts '2020-10-30 08:32:49.150'},'assistenza','N','decimal(14,2)','decimal','System.Decimal')
GO

IF exists(SELECT * FROM [coldescr] WHERE colname = 'url' AND tablename = 'progetto')
UPDATE [coldescr] SET col_len = '1024',col_precision = null,col_scale = null,description = 'URL del sito del progetto',kind = 'S',lt = {ts '2020-11-02 18:28:26.997'},lu = 'assistenza',primarykey = 'N',sql_declaration = 'varchar(1024)',sql_type = 'varchar',system_type = 'System.String' WHERE colname = 'url' AND tablename = 'progetto'
ELSE
INSERT INTO [coldescr] (colname,tablename,col_len,col_precision,col_scale,description,kind,lt,lu,primarykey,sql_declaration,sql_type,system_type) VALUES ('url','progetto','1024',null,null,'URL del sito del progetto','S',{ts '2020-11-02 18:28:26.997'},'assistenza','N','varchar(1024)','varchar','System.String')
GO

-- FINE GENERAZIONE SCRIPT --


-- GENERAZIONE DATI PER tabledescr --
IF exists(SELECT * FROM [tabledescr] WHERE tablename = 'stipendioannuo')
UPDATE [tabledescr] SET description = 'Stipendio annuo',idapplication = '2',isdbo = 'S',lt = {ts '2021-12-01 10:07:53.070'},lu = 'Generator',title = 'Stipendio annuo' WHERE tablename = 'stipendioannuo'
ELSE
INSERT INTO [tabledescr] (tablename,description,idapplication,isdbo,lt,lu,title) VALUES ('stipendioannuo','Stipendio annuo','2','S',{ts '2021-12-01 10:07:53.070'},'Generator','Stipendio annuo')
GO

-- FINE GENERAZIONE SCRIPT --


-- GENERAZIONE DATI PER coldescr --
IF exists(SELECT * FROM [coldescr] WHERE colname = 'caricoente' AND tablename = 'stipendioannuo')
UPDATE [coldescr] SET col_len = '9',col_precision = '19',col_scale = '2',description = null,kind = 'S',lt = {ts '2021-12-01 10:06:59.533'},lu = 'assistenza',primarykey = 'N',sql_declaration = 'decimal(19,2)',sql_type = 'decimal',system_type = 'System.Decimal' WHERE colname = 'caricoente' AND tablename = 'stipendioannuo'
ELSE
INSERT INTO [coldescr] (colname,tablename,col_len,col_precision,col_scale,description,kind,lt,lu,primarykey,sql_declaration,sql_type,system_type) VALUES ('caricoente','stipendioannuo','9','19','2',null,'S',{ts '2021-12-01 10:06:59.533'},'assistenza','N','decimal(19,2)','decimal','System.Decimal')
GO

IF exists(SELECT * FROM [coldescr] WHERE colname = 'ct' AND tablename = 'stipendioannuo')
UPDATE [coldescr] SET col_len = '8',col_precision = null,col_scale = null,description = '',kind = 'S',lt = {ts '2021-10-14 16:53:10.867'},lu = 'Generator',primarykey = 'N',sql_declaration = 'datetime',sql_type = 'datetime',system_type = 'System.DateTime' WHERE colname = 'ct' AND tablename = 'stipendioannuo'
ELSE
INSERT INTO [coldescr] (colname,tablename,col_len,col_precision,col_scale,description,kind,lt,lu,primarykey,sql_declaration,sql_type,system_type) VALUES ('ct','stipendioannuo','8',null,null,'','S',{ts '2021-10-14 16:53:10.867'},'Generator','N','datetime','datetime','System.DateTime')
GO

IF exists(SELECT * FROM [coldescr] WHERE colname = 'cu' AND tablename = 'stipendioannuo')
UPDATE [coldescr] SET col_len = '64',col_precision = null,col_scale = null,description = '',kind = 'S',lt = {ts '2021-10-14 16:53:10.867'},lu = 'Generator',primarykey = 'N',sql_declaration = 'varchar(64)',sql_type = 'varchar',system_type = 'System.String' WHERE colname = 'cu' AND tablename = 'stipendioannuo'
ELSE
INSERT INTO [coldescr] (colname,tablename,col_len,col_precision,col_scale,description,kind,lt,lu,primarykey,sql_declaration,sql_type,system_type) VALUES ('cu','stipendioannuo','64',null,null,'','S',{ts '2021-10-14 16:53:10.867'},'Generator','N','varchar(64)','varchar','System.String')
GO

IF exists(SELECT * FROM [coldescr] WHERE colname = 'idcontratto' AND tablename = 'stipendioannuo')
UPDATE [coldescr] SET col_len = '4',col_precision = null,col_scale = null,description = '',kind = 'S',lt = {ts '2021-12-01 10:06:59.537'},lu = 'assistenza',primarykey = 'S',sql_declaration = 'int',sql_type = 'int',system_type = 'System.Int32' WHERE colname = 'idcontratto' AND tablename = 'stipendioannuo'
ELSE
INSERT INTO [coldescr] (colname,tablename,col_len,col_precision,col_scale,description,kind,lt,lu,primarykey,sql_declaration,sql_type,system_type) VALUES ('idcontratto','stipendioannuo','4',null,null,'','S',{ts '2021-12-01 10:06:59.537'},'assistenza','S','int','int','System.Int32')
GO

IF exists(SELECT * FROM [coldescr] WHERE colname = 'idreg' AND tablename = 'stipendioannuo')
UPDATE [coldescr] SET col_len = '4',col_precision = null,col_scale = null,description = '',kind = 'S',lt = {ts '2021-12-01 10:06:59.537'},lu = 'assistenza',primarykey = 'S',sql_declaration = 'int',sql_type = 'int',system_type = 'System.Int32' WHERE colname = 'idreg' AND tablename = 'stipendioannuo'
ELSE
INSERT INTO [coldescr] (colname,tablename,col_len,col_precision,col_scale,description,kind,lt,lu,primarykey,sql_declaration,sql_type,system_type) VALUES ('idreg','stipendioannuo','4',null,null,'','S',{ts '2021-12-01 10:06:59.537'},'assistenza','S','int','int','System.Int32')
GO

IF exists(SELECT * FROM [coldescr] WHERE colname = 'idstipendioannuo' AND tablename = 'stipendioannuo')
UPDATE [coldescr] SET col_len = '4',col_precision = null,col_scale = null,description = '',kind = 'S',lt = {ts '2021-10-14 16:53:10.867'},lu = 'Generator',primarykey = 'S',sql_declaration = 'int',sql_type = 'int',system_type = 'System.Int32' WHERE colname = 'idstipendioannuo' AND tablename = 'stipendioannuo'
ELSE
INSERT INTO [coldescr] (colname,tablename,col_len,col_precision,col_scale,description,kind,lt,lu,primarykey,sql_declaration,sql_type,system_type) VALUES ('idstipendioannuo','stipendioannuo','4',null,null,'','S',{ts '2021-10-14 16:53:10.867'},'Generator','S','int','int','System.Int32')
GO

IF exists(SELECT * FROM [coldescr] WHERE colname = 'irap' AND tablename = 'stipendioannuo')
UPDATE [coldescr] SET col_len = '9',col_precision = '19',col_scale = '2',description = '',kind = 'S',lt = {ts '2021-10-14 16:53:10.867'},lu = 'Generator',primarykey = 'N',sql_declaration = 'decimal(19,2)',sql_type = 'decimal',system_type = 'System.Decimal' WHERE colname = 'irap' AND tablename = 'stipendioannuo'
ELSE
INSERT INTO [coldescr] (colname,tablename,col_len,col_precision,col_scale,description,kind,lt,lu,primarykey,sql_declaration,sql_type,system_type) VALUES ('irap','stipendioannuo','9','19','2','','S',{ts '2021-10-14 16:53:10.867'},'Generator','N','decimal(19,2)','decimal','System.Decimal')
GO

IF exists(SELECT * FROM [coldescr] WHERE colname = 'lordo' AND tablename = 'stipendioannuo')
UPDATE [coldescr] SET col_len = '9',col_precision = '19',col_scale = '2',description = '',kind = 'S',lt = {ts '2021-10-14 16:53:10.867'},lu = 'Generator',primarykey = 'N',sql_declaration = 'decimal(19,2)',sql_type = 'decimal',system_type = 'System.Decimal' WHERE colname = 'lordo' AND tablename = 'stipendioannuo'
ELSE
INSERT INTO [coldescr] (colname,tablename,col_len,col_precision,col_scale,description,kind,lt,lu,primarykey,sql_declaration,sql_type,system_type) VALUES ('lordo','stipendioannuo','9','19','2','','S',{ts '2021-10-14 16:53:10.867'},'Generator','N','decimal(19,2)','decimal','System.Decimal')
GO

IF exists(SELECT * FROM [coldescr] WHERE colname = 'lt' AND tablename = 'stipendioannuo')
UPDATE [coldescr] SET col_len = '8',col_precision = null,col_scale = null,description = '',kind = 'S',lt = {ts '2021-10-14 16:53:10.867'},lu = 'Generator',primarykey = 'N',sql_declaration = 'datetime',sql_type = 'datetime',system_type = 'System.DateTime' WHERE colname = 'lt' AND tablename = 'stipendioannuo'
ELSE
INSERT INTO [coldescr] (colname,tablename,col_len,col_precision,col_scale,description,kind,lt,lu,primarykey,sql_declaration,sql_type,system_type) VALUES ('lt','stipendioannuo','8',null,null,'','S',{ts '2021-10-14 16:53:10.867'},'Generator','N','datetime','datetime','System.DateTime')
GO

IF exists(SELECT * FROM [coldescr] WHERE colname = 'lu' AND tablename = 'stipendioannuo')
UPDATE [coldescr] SET col_len = '64',col_precision = null,col_scale = null,description = '',kind = 'S',lt = {ts '2021-10-14 16:53:10.867'},lu = 'Generator',primarykey = 'N',sql_declaration = 'varchar(64)',sql_type = 'varchar',system_type = 'System.String' WHERE colname = 'lu' AND tablename = 'stipendioannuo'
ELSE
INSERT INTO [coldescr] (colname,tablename,col_len,col_precision,col_scale,description,kind,lt,lu,primarykey,sql_declaration,sql_type,system_type) VALUES ('lu','stipendioannuo','64',null,null,'','S',{ts '2021-10-14 16:53:10.867'},'Generator','N','varchar(64)','varchar','System.String')
GO

IF exists(SELECT * FROM [coldescr] WHERE colname = 'percentualesufondiateneo' AND tablename = 'stipendioannuo')
UPDATE [coldescr] SET col_len = '9',col_precision = '19',col_scale = '6',description = '',kind = 'S',lt = {ts '2021-11-29 12:58:49.857'},lu = 'Generator',primarykey = 'N',sql_declaration = 'decimal(19,6)',sql_type = 'decimal',system_type = 'System.Decimal' WHERE colname = 'percentualesufondiateneo' AND tablename = 'stipendioannuo'
ELSE
INSERT INTO [coldescr] (colname,tablename,col_len,col_precision,col_scale,description,kind,lt,lu,primarykey,sql_declaration,sql_type,system_type) VALUES ('percentualesufondiateneo','stipendioannuo','9','19','6','','S',{ts '2021-11-29 12:58:49.857'},'Generator','N','decimal(19,6)','decimal','System.Decimal')
GO

IF exists(SELECT * FROM [coldescr] WHERE colname = 'totale' AND tablename = 'stipendioannuo')
UPDATE [coldescr] SET col_len = '9',col_precision = '19',col_scale = '2',description = '',kind = 'S',lt = {ts '2021-10-14 16:53:10.867'},lu = 'Generator',primarykey = 'N',sql_declaration = 'decimal(19,2)',sql_type = 'decimal',system_type = 'System.Decimal' WHERE colname = 'totale' AND tablename = 'stipendioannuo'
ELSE
INSERT INTO [coldescr] (colname,tablename,col_len,col_precision,col_scale,description,kind,lt,lu,primarykey,sql_declaration,sql_type,system_type) VALUES ('totale','stipendioannuo','9','19','2','','S',{ts '2021-10-14 16:53:10.867'},'Generator','N','decimal(19,2)','decimal','System.Decimal')
GO

IF exists(SELECT * FROM [coldescr] WHERE colname = 'year' AND tablename = 'stipendioannuo')
UPDATE [coldescr] SET col_len = '4',col_precision = null,col_scale = null,description = '',kind = 'S',lt = {ts '2021-10-15 09:59:29.537'},lu = 'assistenza',primarykey = 'S',sql_declaration = 'int',sql_type = 'int',system_type = 'System.Int32' WHERE colname = 'year' AND tablename = 'stipendioannuo'
ELSE
INSERT INTO [coldescr] (colname,tablename,col_len,col_precision,col_scale,description,kind,lt,lu,primarykey,sql_declaration,sql_type,system_type) VALUES ('year','stipendioannuo','4',null,null,'','S',{ts '2021-10-15 09:59:29.537'},'assistenza','S','int','int','System.Int32')
GO

-- FINE GENERAZIONE SCRIPT --


-- GENERAZIONE DATI PER tabledescr --
IF exists(SELECT * FROM [tabledescr] WHERE tablename = 'contratto')
UPDATE [tabledescr] SET description = '2.4.21 Contratto',idapplication = '2',isdbo = 'S',lt = {ts '2021-12-01 10:13:46.620'},lu = 'Generator',title = 'Contratto' WHERE tablename = 'contratto'
ELSE
INSERT INTO [tabledescr] (tablename,description,idapplication,isdbo,lt,lu,title) VALUES ('contratto','2.4.21 Contratto','2','S',{ts '2021-12-01 10:13:46.620'},'Generator','Contratto')
GO

-- FINE GENERAZIONE SCRIPT --


-- GENERAZIONE DATI PER coldescr --
IF exists(SELECT * FROM [coldescr] WHERE colname = 'classe' AND tablename = 'contratto')
UPDATE [coldescr] SET col_len = '4',col_precision = null,col_scale = null,description = '',kind = 'S',lt = {ts '2021-11-10 18:04:07.237'},lu = 'Generator',primarykey = 'N',sql_declaration = 'int',sql_type = 'int',system_type = 'System.Int32' WHERE colname = 'classe' AND tablename = 'contratto'
ELSE
INSERT INTO [coldescr] (colname,tablename,col_len,col_precision,col_scale,description,kind,lt,lu,primarykey,sql_declaration,sql_type,system_type) VALUES ('classe','contratto','4',null,null,'','S',{ts '2021-11-10 18:04:07.237'},'Generator','N','int','int','System.Int32')
GO

IF exists(SELECT * FROM [coldescr] WHERE colname = 'ct' AND tablename = 'contratto')
UPDATE [coldescr] SET col_len = '8',col_precision = null,col_scale = null,description = null,kind = 'S',lt = {ts '2018-07-17 16:15:43.843'},lu = 'assistenza',primarykey = 'N',sql_declaration = 'datetime',sql_type = 'datetime',system_type = 'System.DateTime' WHERE colname = 'ct' AND tablename = 'contratto'
ELSE
INSERT INTO [coldescr] (colname,tablename,col_len,col_precision,col_scale,description,kind,lt,lu,primarykey,sql_declaration,sql_type,system_type) VALUES ('ct','contratto','8',null,null,null,'S',{ts '2018-07-17 16:15:43.843'},'assistenza','N','datetime','datetime','System.DateTime')
GO

IF exists(SELECT * FROM [coldescr] WHERE colname = 'cu' AND tablename = 'contratto')
UPDATE [coldescr] SET col_len = '64',col_precision = null,col_scale = null,description = null,kind = 'S',lt = {ts '2018-07-17 16:15:43.843'},lu = 'assistenza',primarykey = 'N',sql_declaration = 'varchar(64)',sql_type = 'varchar',system_type = 'System.String' WHERE colname = 'cu' AND tablename = 'contratto'
ELSE
INSERT INTO [coldescr] (colname,tablename,col_len,col_precision,col_scale,description,kind,lt,lu,primarykey,sql_declaration,sql_type,system_type) VALUES ('cu','contratto','64',null,null,null,'S',{ts '2018-07-17 16:15:43.843'},'assistenza','N','varchar(64)','varchar','System.String')
GO

IF exists(SELECT * FROM [coldescr] WHERE colname = 'datarivalutazione' AND tablename = 'contratto')
UPDATE [coldescr] SET col_len = '3',col_precision = null,col_scale = null,description = '',kind = 'S',lt = {ts '2021-11-10 18:04:07.237'},lu = 'Generator',primarykey = 'N',sql_declaration = 'date',sql_type = 'date',system_type = 'System.DateTime' WHERE colname = 'datarivalutazione' AND tablename = 'contratto'
ELSE
INSERT INTO [coldescr] (colname,tablename,col_len,col_precision,col_scale,description,kind,lt,lu,primarykey,sql_declaration,sql_type,system_type) VALUES ('datarivalutazione','contratto','3',null,null,'','S',{ts '2021-11-10 18:04:07.237'},'Generator','N','date','date','System.DateTime')
GO

IF exists(SELECT * FROM [coldescr] WHERE colname = 'estremibando' AND tablename = 'contratto')
UPDATE [coldescr] SET col_len = '50',col_precision = null,col_scale = null,description = 'Estremi del bando di contratto',kind = 'S',lt = {ts '2018-11-21 15:51:08.620'},lu = 'assistenza',primarykey = 'N',sql_declaration = 'varchar(50)',sql_type = 'varchar',system_type = 'System.String' WHERE colname = 'estremibando' AND tablename = 'contratto'
ELSE
INSERT INTO [coldescr] (colname,tablename,col_len,col_precision,col_scale,description,kind,lt,lu,primarykey,sql_declaration,sql_type,system_type) VALUES ('estremibando','contratto','50',null,null,'Estremi del bando di contratto','S',{ts '2018-11-21 15:51:08.620'},'assistenza','N','varchar(50)','varchar','System.String')
GO

IF exists(SELECT * FROM [coldescr] WHERE colname = 'idcontratto' AND tablename = 'contratto')
UPDATE [coldescr] SET col_len = '4',col_precision = null,col_scale = null,description = 'Codice',kind = 'S',lt = {ts '2018-11-27 13:03:00.603'},lu = 'assistenza',primarykey = 'S',sql_declaration = 'int',sql_type = 'int',system_type = 'System.Int32' WHERE colname = 'idcontratto' AND tablename = 'contratto'
ELSE
INSERT INTO [coldescr] (colname,tablename,col_len,col_precision,col_scale,description,kind,lt,lu,primarykey,sql_declaration,sql_type,system_type) VALUES ('idcontratto','contratto','4',null,null,'Codice','S',{ts '2018-11-27 13:03:00.603'},'assistenza','S','int','int','System.Int32')
GO

IF exists(SELECT * FROM [coldescr] WHERE colname = 'idcontrattokind' AND tablename = 'contratto')
UPDATE [coldescr] SET col_len = '4',col_precision = null,col_scale = null,description = 'Tipologia di contratto',kind = 'S',lt = {ts '2018-11-27 13:03:00.603'},lu = 'assistenza',primarykey = 'N',sql_declaration = 'int',sql_type = 'int',system_type = 'System.Int32' WHERE colname = 'idcontrattokind' AND tablename = 'contratto'
ELSE
INSERT INTO [coldescr] (colname,tablename,col_len,col_precision,col_scale,description,kind,lt,lu,primarykey,sql_declaration,sql_type,system_type) VALUES ('idcontrattokind','contratto','4',null,null,'Tipologia di contratto','S',{ts '2018-11-27 13:03:00.603'},'assistenza','N','int','int','System.Int32')
GO

IF exists(SELECT * FROM [coldescr] WHERE colname = 'idinquadramento' AND tablename = 'contratto')
UPDATE [coldescr] SET col_len = '4',col_precision = null,col_scale = null,description = 'Inquadramento',kind = 'S',lt = {ts '2020-07-14 15:37:31.507'},lu = 'assistenza',primarykey = 'N',sql_declaration = 'int',sql_type = 'int',system_type = 'System.Int32' WHERE colname = 'idinquadramento' AND tablename = 'contratto'
ELSE
INSERT INTO [coldescr] (colname,tablename,col_len,col_precision,col_scale,description,kind,lt,lu,primarykey,sql_declaration,sql_type,system_type) VALUES ('idinquadramento','contratto','4',null,null,'Inquadramento','S',{ts '2020-07-14 15:37:31.507'},'assistenza','N','int','int','System.Int32')
GO

IF exists(SELECT * FROM [coldescr] WHERE colname = 'idreg' AND tablename = 'contratto')
UPDATE [coldescr] SET col_len = '4',col_precision = null,col_scale = null,description = 'Docente',kind = 'S',lt = {ts '2018-11-21 15:51:08.620'},lu = 'assistenza',primarykey = 'N',sql_declaration = 'int',sql_type = 'int',system_type = 'System.Int32' WHERE colname = 'idreg' AND tablename = 'contratto'
ELSE
INSERT INTO [coldescr] (colname,tablename,col_len,col_precision,col_scale,description,kind,lt,lu,primarykey,sql_declaration,sql_type,system_type) VALUES ('idreg','contratto','4',null,null,'Docente','S',{ts '2018-11-21 15:51:08.620'},'assistenza','N','int','int','System.Int32')
GO

IF exists(SELECT * FROM [coldescr] WHERE colname = 'lt' AND tablename = 'contratto')
UPDATE [coldescr] SET col_len = '8',col_precision = null,col_scale = null,description = null,kind = 'S',lt = {ts '2018-07-17 16:15:43.847'},lu = 'assistenza',primarykey = 'N',sql_declaration = 'datetime',sql_type = 'datetime',system_type = 'System.DateTime' WHERE colname = 'lt' AND tablename = 'contratto'
ELSE
INSERT INTO [coldescr] (colname,tablename,col_len,col_precision,col_scale,description,kind,lt,lu,primarykey,sql_declaration,sql_type,system_type) VALUES ('lt','contratto','8',null,null,null,'S',{ts '2018-07-17 16:15:43.847'},'assistenza','N','datetime','datetime','System.DateTime')
GO

IF exists(SELECT * FROM [coldescr] WHERE colname = 'lu' AND tablename = 'contratto')
UPDATE [coldescr] SET col_len = '64',col_precision = null,col_scale = null,description = null,kind = 'S',lt = {ts '2018-07-17 16:15:43.847'},lu = 'assistenza',primarykey = 'N',sql_declaration = 'varchar(64)',sql_type = 'varchar',system_type = 'System.String' WHERE colname = 'lu' AND tablename = 'contratto'
ELSE
INSERT INTO [coldescr] (colname,tablename,col_len,col_precision,col_scale,description,kind,lt,lu,primarykey,sql_declaration,sql_type,system_type) VALUES ('lu','contratto','64',null,null,null,'S',{ts '2018-07-17 16:15:43.847'},'assistenza','N','varchar(64)','varchar','System.String')
GO

IF exists(SELECT * FROM [coldescr] WHERE colname = 'parttime' AND tablename = 'contratto')
UPDATE [coldescr] SET col_len = '5',col_precision = '5',col_scale = '2',description = 'Part-time %',kind = 'S',lt = {ts '2020-05-21 16:38:00.547'},lu = 'assistenza',primarykey = 'N',sql_declaration = 'decimal(5,2)',sql_type = 'decimal',system_type = 'System.Decimal' WHERE colname = 'parttime' AND tablename = 'contratto'
ELSE
INSERT INTO [coldescr] (colname,tablename,col_len,col_precision,col_scale,description,kind,lt,lu,primarykey,sql_declaration,sql_type,system_type) VALUES ('parttime','contratto','5','5','2','Part-time %','S',{ts '2020-05-21 16:38:00.547'},'assistenza','N','decimal(5,2)','decimal','System.Decimal')
GO

IF exists(SELECT * FROM [coldescr] WHERE colname = 'percentualesufondiateneo' AND tablename = 'contratto')
UPDATE [coldescr] SET col_len = '9',col_precision = '19',col_scale = '2',description = '',kind = 'S',lt = {ts '2021-12-01 10:11:38.547'},lu = 'Generator',primarykey = 'N',sql_declaration = 'decimal(19,2)',sql_type = 'decimal',system_type = 'System.Decimal' WHERE colname = 'percentualesufondiateneo' AND tablename = 'contratto'
ELSE
INSERT INTO [coldescr] (colname,tablename,col_len,col_precision,col_scale,description,kind,lt,lu,primarykey,sql_declaration,sql_type,system_type) VALUES ('percentualesufondiateneo','contratto','9','19','2','','S',{ts '2021-12-01 10:11:38.547'},'Generator','N','decimal(19,2)','decimal','System.Decimal')
GO

IF exists(SELECT * FROM [coldescr] WHERE colname = 'scatto' AND tablename = 'contratto')
UPDATE [coldescr] SET col_len = '4',col_precision = null,col_scale = null,description = null,kind = 'S',lt = {ts '2020-07-14 15:37:20.090'},lu = 'assistenza',primarykey = 'N',sql_declaration = 'int',sql_type = 'int',system_type = 'System.Int32' WHERE colname = 'scatto' AND tablename = 'contratto'
ELSE
INSERT INTO [coldescr] (colname,tablename,col_len,col_precision,col_scale,description,kind,lt,lu,primarykey,sql_declaration,sql_type,system_type) VALUES ('scatto','contratto','4',null,null,null,'S',{ts '2020-07-14 15:37:20.090'},'assistenza','N','int','int','System.Int32')
GO

IF exists(SELECT * FROM [coldescr] WHERE colname = 'start' AND tablename = 'contratto')
UPDATE [coldescr] SET col_len = '3',col_precision = null,col_scale = null,description = 'Inizio',kind = 'S',lt = {ts '2018-11-21 15:51:08.620'},lu = 'assistenza',primarykey = 'N',sql_declaration = 'date',sql_type = 'date',system_type = 'System.DateTime' WHERE colname = 'start' AND tablename = 'contratto'
ELSE
INSERT INTO [coldescr] (colname,tablename,col_len,col_precision,col_scale,description,kind,lt,lu,primarykey,sql_declaration,sql_type,system_type) VALUES ('start','contratto','3',null,null,'Inizio','S',{ts '2018-11-21 15:51:08.620'},'assistenza','N','date','date','System.DateTime')
GO

IF exists(SELECT * FROM [coldescr] WHERE colname = 'stop' AND tablename = 'contratto')
UPDATE [coldescr] SET col_len = '3',col_precision = null,col_scale = null,description = 'Fine',kind = 'S',lt = {ts '2018-11-21 15:51:08.620'},lu = 'assistenza',primarykey = 'N',sql_declaration = 'date',sql_type = 'date',system_type = 'System.DateTime' WHERE colname = 'stop' AND tablename = 'contratto'
ELSE
INSERT INTO [coldescr] (colname,tablename,col_len,col_precision,col_scale,description,kind,lt,lu,primarykey,sql_declaration,sql_type,system_type) VALUES ('stop','contratto','3',null,null,'Fine','S',{ts '2018-11-21 15:51:08.620'},'assistenza','N','date','date','System.DateTime')
GO

IF exists(SELECT * FROM [coldescr] WHERE colname = 'tempdef' AND tablename = 'contratto')
UPDATE [coldescr] SET col_len = '1',col_precision = null,col_scale = null,description = 'Tempo definito',kind = 'S',lt = {ts '2020-05-21 10:47:29.447'},lu = 'assistenza',primarykey = 'N',sql_declaration = 'char(1)',sql_type = 'char',system_type = 'System.String' WHERE colname = 'tempdef' AND tablename = 'contratto'
ELSE
INSERT INTO [coldescr] (colname,tablename,col_len,col_precision,col_scale,description,kind,lt,lu,primarykey,sql_declaration,sql_type,system_type) VALUES ('tempdef','contratto','1',null,null,'Tempo definito','S',{ts '2020-05-21 10:47:29.447'},'assistenza','N','char(1)','char','System.String')
GO

IF exists(SELECT * FROM [coldescr] WHERE colname = 'tempindet' AND tablename = 'contratto')
UPDATE [coldescr] SET col_len = '1',col_precision = null,col_scale = null,description = 'Tempo indeterminato',kind = 'S',lt = {ts '2018-11-21 15:51:08.620'},lu = 'assistenza',primarykey = 'N',sql_declaration = 'char(1)',sql_type = 'char',system_type = 'System.String' WHERE colname = 'tempindet' AND tablename = 'contratto'
ELSE
INSERT INTO [coldescr] (colname,tablename,col_len,col_precision,col_scale,description,kind,lt,lu,primarykey,sql_declaration,sql_type,system_type) VALUES ('tempindet','contratto','1',null,null,'Tempo indeterminato','S',{ts '2018-11-21 15:51:08.620'},'assistenza','N','char(1)','char','System.String')
GO

-- FINE GENERAZIONE SCRIPT --


-- GENERAZIONE DATI PER relation --
IF exists(SELECT * FROM [relation] WHERE idrelation = '3440')
UPDATE [relation] SET childtable = 'contratto',description = 'Contratti',lt = {ts '2018-12-07 18:37:51.917'},lu = 'assistenza',parenttable = 'docenti',title = '2.4.21 Contratto' WHERE idrelation = '3440'
ELSE
INSERT INTO [relation] (idrelation,childtable,description,lt,lu,parenttable,title) VALUES ('3440','contratto','Contratti',{ts '2018-12-07 18:37:51.917'},'assistenza','docenti','2.4.21 Contratto')
GO

-- FINE GENERAZIONE SCRIPT --


-- GENERAZIONE DATI PER tabledescr --
IF exists(SELECT * FROM [tabledescr] WHERE tablename = 'analisiannuale')
UPDATE [tabledescr] SET description = 'Previsione dei costi stipendi nel triennio',idapplication = '2',isdbo = 'S',lt = {ts '2021-11-30 16:13:25.607'},lu = 'Generator',title = 'Previsione dei costi stipendi nel triennio' WHERE tablename = 'analisiannuale'
ELSE
INSERT INTO [tabledescr] (tablename,description,idapplication,isdbo,lt,lu,title) VALUES ('analisiannuale','Previsione dei costi stipendi nel triennio','2','S',{ts '2021-11-30 16:13:25.607'},'Generator','Previsione dei costi stipendi nel triennio')
GO

-- FINE GENERAZIONE SCRIPT --


-- GENERAZIONE DATI PER coldescr --
IF exists(SELECT * FROM [coldescr] WHERE colname = 'costopt' AND tablename = 'analisiannuale')
UPDATE [coldescr] SET col_len = '9',col_precision = '19',col_scale = '2',description = '',kind = 'S',lt = {ts '2021-10-21 16:25:16.610'},lu = 'Generator',primarykey = 'N',sql_declaration = 'decimal(19,2)',sql_type = 'decimal',system_type = 'System.Decimal' WHERE colname = 'costopt' AND tablename = 'analisiannuale'
ELSE
INSERT INTO [coldescr] (colname,tablename,col_len,col_precision,col_scale,description,kind,lt,lu,primarykey,sql_declaration,sql_type,system_type) VALUES ('costopt','analisiannuale','9','19','2','','S',{ts '2021-10-21 16:25:16.610'},'Generator','N','decimal(19,2)','decimal','System.Decimal')
GO

IF exists(SELECT * FROM [coldescr] WHERE colname = 'ct' AND tablename = 'analisiannuale')
UPDATE [coldescr] SET col_len = '8',col_precision = null,col_scale = null,description = '',kind = 'S',lt = {ts '2021-11-18 09:51:26.717'},lu = 'Generator',primarykey = 'N',sql_declaration = 'datetime',sql_type = 'datetime',system_type = 'System.DateTime' WHERE colname = 'ct' AND tablename = 'analisiannuale'
ELSE
INSERT INTO [coldescr] (colname,tablename,col_len,col_precision,col_scale,description,kind,lt,lu,primarykey,sql_declaration,sql_type,system_type) VALUES ('ct','analisiannuale','8',null,null,'','S',{ts '2021-11-18 09:51:26.717'},'Generator','N','datetime','datetime','System.DateTime')
GO

IF exists(SELECT * FROM [coldescr] WHERE colname = 'cu' AND tablename = 'analisiannuale')
UPDATE [coldescr] SET col_len = '64',col_precision = null,col_scale = null,description = '',kind = 'S',lt = {ts '2021-11-18 09:51:26.717'},lu = 'Generator',primarykey = 'N',sql_declaration = 'varchar(64)',sql_type = 'varchar',system_type = 'System.String' WHERE colname = 'cu' AND tablename = 'analisiannuale'
ELSE
INSERT INTO [coldescr] (colname,tablename,col_len,col_precision,col_scale,description,kind,lt,lu,primarykey,sql_declaration,sql_type,system_type) VALUES ('cu','analisiannuale','64',null,null,'','S',{ts '2021-11-18 09:51:26.717'},'Generator','N','varchar(64)','varchar','System.String')
GO

IF exists(SELECT * FROM [coldescr] WHERE colname = 'ffo1' AND tablename = 'analisiannuale')
UPDATE [coldescr] SET col_len = '9',col_precision = '19',col_scale = '2',description = '',kind = 'S',lt = {ts '2021-11-19 12:25:01.490'},lu = 'Generator',primarykey = 'N',sql_declaration = 'decimal(19,2)',sql_type = 'decimal',system_type = 'System.Decimal' WHERE colname = 'ffo1' AND tablename = 'analisiannuale'
ELSE
INSERT INTO [coldescr] (colname,tablename,col_len,col_precision,col_scale,description,kind,lt,lu,primarykey,sql_declaration,sql_type,system_type) VALUES ('ffo1','analisiannuale','9','19','2','','S',{ts '2021-11-19 12:25:01.490'},'Generator','N','decimal(19,2)','decimal','System.Decimal')
GO

IF exists(SELECT * FROM [coldescr] WHERE colname = 'ffo2' AND tablename = 'analisiannuale')
UPDATE [coldescr] SET col_len = '9',col_precision = '19',col_scale = '2',description = '',kind = 'S',lt = {ts '2021-11-19 12:25:01.490'},lu = 'Generator',primarykey = 'N',sql_declaration = 'decimal(19,2)',sql_type = 'decimal',system_type = 'System.Decimal' WHERE colname = 'ffo2' AND tablename = 'analisiannuale'
ELSE
INSERT INTO [coldescr] (colname,tablename,col_len,col_precision,col_scale,description,kind,lt,lu,primarykey,sql_declaration,sql_type,system_type) VALUES ('ffo2','analisiannuale','9','19','2','','S',{ts '2021-11-19 12:25:01.490'},'Generator','N','decimal(19,2)','decimal','System.Decimal')
GO

IF exists(SELECT * FROM [coldescr] WHERE colname = 'ffo3' AND tablename = 'analisiannuale')
UPDATE [coldescr] SET col_len = '9',col_precision = '19',col_scale = '2',description = '',kind = 'S',lt = {ts '2021-11-19 12:25:01.490'},lu = 'Generator',primarykey = 'N',sql_declaration = 'decimal(19,2)',sql_type = 'decimal',system_type = 'System.Decimal' WHERE colname = 'ffo3' AND tablename = 'analisiannuale'
ELSE
INSERT INTO [coldescr] (colname,tablename,col_len,col_precision,col_scale,description,kind,lt,lu,primarykey,sql_declaration,sql_type,system_type) VALUES ('ffo3','analisiannuale','9','19','2','','S',{ts '2021-11-19 12:25:01.490'},'Generator','N','decimal(19,2)','decimal','System.Decimal')
GO

IF exists(SELECT * FROM [coldescr] WHERE colname = 'idanalisiannuale' AND tablename = 'analisiannuale')
UPDATE [coldescr] SET col_len = '4',col_precision = null,col_scale = null,description = '',kind = 'S',lt = {ts '2021-10-21 16:25:16.610'},lu = 'Generator',primarykey = 'S',sql_declaration = 'int',sql_type = 'int',system_type = 'System.Int32' WHERE colname = 'idanalisiannuale' AND tablename = 'analisiannuale'
ELSE
INSERT INTO [coldescr] (colname,tablename,col_len,col_precision,col_scale,description,kind,lt,lu,primarykey,sql_declaration,sql_type,system_type) VALUES ('idanalisiannuale','analisiannuale','4',null,null,'','S',{ts '2021-10-21 16:25:16.610'},'Generator','S','int','int','System.Int32')
GO

IF exists(SELECT * FROM [coldescr] WHERE colname = 'incrementodocenti1' AND tablename = 'analisiannuale')
UPDATE [coldescr] SET col_len = '9',col_precision = '19',col_scale = '6',description = '',kind = 'S',lt = {ts '2021-10-21 16:25:16.610'},lu = 'Generator',primarykey = 'N',sql_declaration = 'decimal(19,6)',sql_type = 'decimal',system_type = 'System.Decimal' WHERE colname = 'incrementodocenti1' AND tablename = 'analisiannuale'
ELSE
INSERT INTO [coldescr] (colname,tablename,col_len,col_precision,col_scale,description,kind,lt,lu,primarykey,sql_declaration,sql_type,system_type) VALUES ('incrementodocenti1','analisiannuale','9','19','6','','S',{ts '2021-10-21 16:25:16.610'},'Generator','N','decimal(19,6)','decimal','System.Decimal')
GO

IF exists(SELECT * FROM [coldescr] WHERE colname = 'incrementodocenti2' AND tablename = 'analisiannuale')
UPDATE [coldescr] SET col_len = '9',col_precision = '19',col_scale = '6',description = '',kind = 'S',lt = {ts '2021-10-21 16:25:16.610'},lu = 'Generator',primarykey = 'N',sql_declaration = 'decimal(19,6)',sql_type = 'decimal',system_type = 'System.Decimal' WHERE colname = 'incrementodocenti2' AND tablename = 'analisiannuale'
ELSE
INSERT INTO [coldescr] (colname,tablename,col_len,col_precision,col_scale,description,kind,lt,lu,primarykey,sql_declaration,sql_type,system_type) VALUES ('incrementodocenti2','analisiannuale','9','19','6','','S',{ts '2021-10-21 16:25:16.610'},'Generator','N','decimal(19,6)','decimal','System.Decimal')
GO

IF exists(SELECT * FROM [coldescr] WHERE colname = 'incrementodocenti3' AND tablename = 'analisiannuale')
UPDATE [coldescr] SET col_len = '9',col_precision = '19',col_scale = '6',description = '',kind = 'S',lt = {ts '2021-10-21 16:25:16.610'},lu = 'Generator',primarykey = 'N',sql_declaration = 'decimal(19,6)',sql_type = 'decimal',system_type = 'System.Decimal' WHERE colname = 'incrementodocenti3' AND tablename = 'analisiannuale'
ELSE
INSERT INTO [coldescr] (colname,tablename,col_len,col_precision,col_scale,description,kind,lt,lu,primarykey,sql_declaration,sql_type,system_type) VALUES ('incrementodocenti3','analisiannuale','9','19','6','','S',{ts '2021-10-21 16:25:16.610'},'Generator','N','decimal(19,6)','decimal','System.Decimal')
GO

IF exists(SELECT * FROM [coldescr] WHERE colname = 'lt' AND tablename = 'analisiannuale')
UPDATE [coldescr] SET col_len = '8',col_precision = null,col_scale = null,description = '',kind = 'S',lt = {ts '2021-11-18 09:51:26.717'},lu = 'Generator',primarykey = 'N',sql_declaration = 'datetime',sql_type = 'datetime',system_type = 'System.DateTime' WHERE colname = 'lt' AND tablename = 'analisiannuale'
ELSE
INSERT INTO [coldescr] (colname,tablename,col_len,col_precision,col_scale,description,kind,lt,lu,primarykey,sql_declaration,sql_type,system_type) VALUES ('lt','analisiannuale','8',null,null,'','S',{ts '2021-11-18 09:51:26.717'},'Generator','N','datetime','datetime','System.DateTime')
GO

IF exists(SELECT * FROM [coldescr] WHERE colname = 'lu' AND tablename = 'analisiannuale')
UPDATE [coldescr] SET col_len = '64',col_precision = null,col_scale = null,description = '',kind = 'S',lt = {ts '2021-11-18 09:51:26.717'},lu = 'Generator',primarykey = 'N',sql_declaration = 'varchar(64)',sql_type = 'varchar',system_type = 'System.String' WHERE colname = 'lu' AND tablename = 'analisiannuale'
ELSE
INSERT INTO [coldescr] (colname,tablename,col_len,col_precision,col_scale,description,kind,lt,lu,primarykey,sql_declaration,sql_type,system_type) VALUES ('lu','analisiannuale','64',null,null,'','S',{ts '2021-11-18 09:51:26.717'},'Generator','N','varchar(64)','varchar','System.String')
GO

IF exists(SELECT * FROM [coldescr] WHERE colname = 'programmazionetriennale1' AND tablename = 'analisiannuale')
UPDATE [coldescr] SET col_len = '9',col_precision = '19',col_scale = '2',description = '',kind = 'S',lt = {ts '2021-11-29 12:26:23.440'},lu = 'Generator',primarykey = 'N',sql_declaration = 'decimal(19,2)',sql_type = 'decimal',system_type = 'System.Decimal' WHERE colname = 'programmazionetriennale1' AND tablename = 'analisiannuale'
ELSE
INSERT INTO [coldescr] (colname,tablename,col_len,col_precision,col_scale,description,kind,lt,lu,primarykey,sql_declaration,sql_type,system_type) VALUES ('programmazionetriennale1','analisiannuale','9','19','2','','S',{ts '2021-11-29 12:26:23.440'},'Generator','N','decimal(19,2)','decimal','System.Decimal')
GO

IF exists(SELECT * FROM [coldescr] WHERE colname = 'programmazionetriennale2' AND tablename = 'analisiannuale')
UPDATE [coldescr] SET col_len = '9',col_precision = '19',col_scale = '2',description = '',kind = 'S',lt = {ts '2021-11-29 12:26:23.440'},lu = 'Generator',primarykey = 'N',sql_declaration = 'decimal(19,2)',sql_type = 'decimal',system_type = 'System.Decimal' WHERE colname = 'programmazionetriennale2' AND tablename = 'analisiannuale'
ELSE
INSERT INTO [coldescr] (colname,tablename,col_len,col_precision,col_scale,description,kind,lt,lu,primarykey,sql_declaration,sql_type,system_type) VALUES ('programmazionetriennale2','analisiannuale','9','19','2','','S',{ts '2021-11-29 12:26:23.440'},'Generator','N','decimal(19,2)','decimal','System.Decimal')
GO

IF exists(SELECT * FROM [coldescr] WHERE colname = 'programmazionetriennale3' AND tablename = 'analisiannuale')
UPDATE [coldescr] SET col_len = '9',col_precision = '19',col_scale = '2',description = '',kind = 'S',lt = {ts '2021-11-29 12:26:23.440'},lu = 'Generator',primarykey = 'N',sql_declaration = 'decimal(19,2)',sql_type = 'decimal',system_type = 'System.Decimal' WHERE colname = 'programmazionetriennale3' AND tablename = 'analisiannuale'
ELSE
INSERT INTO [coldescr] (colname,tablename,col_len,col_precision,col_scale,description,kind,lt,lu,primarykey,sql_declaration,sql_type,system_type) VALUES ('programmazionetriennale3','analisiannuale','9','19','2','','S',{ts '2021-11-29 12:26:23.440'},'Generator','N','decimal(19,2)','decimal','System.Decimal')
GO

IF exists(SELECT * FROM [coldescr] WHERE colname = 'tasse1' AND tablename = 'analisiannuale')
UPDATE [coldescr] SET col_len = '9',col_precision = '19',col_scale = '2',description = '',kind = 'S',lt = {ts '2021-11-19 12:25:01.490'},lu = 'Generator',primarykey = 'N',sql_declaration = 'decimal(19,2)',sql_type = 'decimal',system_type = 'System.Decimal' WHERE colname = 'tasse1' AND tablename = 'analisiannuale'
ELSE
INSERT INTO [coldescr] (colname,tablename,col_len,col_precision,col_scale,description,kind,lt,lu,primarykey,sql_declaration,sql_type,system_type) VALUES ('tasse1','analisiannuale','9','19','2','','S',{ts '2021-11-19 12:25:01.490'},'Generator','N','decimal(19,2)','decimal','System.Decimal')
GO

IF exists(SELECT * FROM [coldescr] WHERE colname = 'tasse2' AND tablename = 'analisiannuale')
UPDATE [coldescr] SET col_len = '9',col_precision = '19',col_scale = '2',description = '',kind = 'S',lt = {ts '2021-11-19 12:25:01.490'},lu = 'Generator',primarykey = 'N',sql_declaration = 'decimal(19,2)',sql_type = 'decimal',system_type = 'System.Decimal' WHERE colname = 'tasse2' AND tablename = 'analisiannuale'
ELSE
INSERT INTO [coldescr] (colname,tablename,col_len,col_precision,col_scale,description,kind,lt,lu,primarykey,sql_declaration,sql_type,system_type) VALUES ('tasse2','analisiannuale','9','19','2','','S',{ts '2021-11-19 12:25:01.490'},'Generator','N','decimal(19,2)','decimal','System.Decimal')
GO

IF exists(SELECT * FROM [coldescr] WHERE colname = 'tasse3' AND tablename = 'analisiannuale')
UPDATE [coldescr] SET col_len = '9',col_precision = '19',col_scale = '2',description = '',kind = 'S',lt = {ts '2021-11-19 12:25:01.490'},lu = 'Generator',primarykey = 'N',sql_declaration = 'decimal(19,2)',sql_type = 'decimal',system_type = 'System.Decimal' WHERE colname = 'tasse3' AND tablename = 'analisiannuale'
ELSE
INSERT INTO [coldescr] (colname,tablename,col_len,col_precision,col_scale,description,kind,lt,lu,primarykey,sql_declaration,sql_type,system_type) VALUES ('tasse3','analisiannuale','9','19','2','','S',{ts '2021-11-19 12:25:01.490'},'Generator','N','decimal(19,2)','decimal','System.Decimal')
GO

IF exists(SELECT * FROM [coldescr] WHERE colname = 'year' AND tablename = 'analisiannuale')
UPDATE [coldescr] SET col_len = '4',col_precision = null,col_scale = null,description = '',kind = 'S',lt = {ts '2021-10-15 09:49:33.807'},lu = 'assistenza',primarykey = 'S',sql_declaration = 'int',sql_type = 'int',system_type = 'System.Int32' WHERE colname = 'year' AND tablename = 'analisiannuale'
ELSE
INSERT INTO [coldescr] (colname,tablename,col_len,col_precision,col_scale,description,kind,lt,lu,primarykey,sql_declaration,sql_type,system_type) VALUES ('year','analisiannuale','4',null,null,'','S',{ts '2021-10-15 09:49:33.807'},'assistenza','S','int','int','System.Int32')
GO

-- FINE GENERAZIONE SCRIPT --


-- GENERAZIONE DATI PER tabledescr --
IF exists(SELECT * FROM [tabledescr] WHERE tablename = 'pcsassunzioni')
UPDATE [tabledescr] SET description = 'Assunzioni e progressioni economiche verticali',idapplication = '2',isdbo = 'S',lt = {ts '2021-11-29 13:00:33.193'},lu = 'Generator',title = 'Assunzioni e progressioni economiche verticali' WHERE tablename = 'pcsassunzioni'
ELSE
INSERT INTO [tabledescr] (tablename,description,idapplication,isdbo,lt,lu,title) VALUES ('pcsassunzioni','Assunzioni e progressioni economiche verticali','2','S',{ts '2021-11-29 13:00:33.193'},'Generator','Assunzioni e progressioni economiche verticali')
GO

-- FINE GENERAZIONE SCRIPT --


-- GENERAZIONE DATI PER coldescr --
IF exists(SELECT * FROM [coldescr] WHERE colname = 'codicessd' AND tablename = 'pcsassunzioni')
UPDATE [coldescr] SET col_len = '50',col_precision = null,col_scale = null,description = '',kind = 'S',lt = {ts '2021-10-15 10:11:05.413'},lu = 'assistenza',primarykey = 'N',sql_declaration = 'nvarchar(50)',sql_type = 'nvarchar',system_type = 'System.String' WHERE colname = 'codicessd' AND tablename = 'pcsassunzioni'
ELSE
INSERT INTO [coldescr] (colname,tablename,col_len,col_precision,col_scale,description,kind,lt,lu,primarykey,sql_declaration,sql_type,system_type) VALUES ('codicessd','pcsassunzioni','50',null,null,'','S',{ts '2021-10-15 10:11:05.413'},'assistenza','N','nvarchar(50)','nvarchar','System.String')
GO

IF exists(SELECT * FROM [coldescr] WHERE colname = 'ct' AND tablename = 'pcsassunzioni')
UPDATE [coldescr] SET col_len = '8',col_precision = null,col_scale = null,description = '',kind = 'S',lt = {ts '2021-10-14 17:06:56.353'},lu = 'Generator',primarykey = 'N',sql_declaration = 'datetime',sql_type = 'datetime',system_type = 'System.DateTime' WHERE colname = 'ct' AND tablename = 'pcsassunzioni'
ELSE
INSERT INTO [coldescr] (colname,tablename,col_len,col_precision,col_scale,description,kind,lt,lu,primarykey,sql_declaration,sql_type,system_type) VALUES ('ct','pcsassunzioni','8',null,null,'','S',{ts '2021-10-14 17:06:56.353'},'Generator','N','datetime','datetime','System.DateTime')
GO

IF exists(SELECT * FROM [coldescr] WHERE colname = 'cu' AND tablename = 'pcsassunzioni')
UPDATE [coldescr] SET col_len = '64',col_precision = null,col_scale = null,description = '',kind = 'S',lt = {ts '2021-10-14 17:06:56.353'},lu = 'Generator',primarykey = 'N',sql_declaration = 'varchar(64)',sql_type = 'varchar',system_type = 'System.String' WHERE colname = 'cu' AND tablename = 'pcsassunzioni'
ELSE
INSERT INTO [coldescr] (colname,tablename,col_len,col_precision,col_scale,description,kind,lt,lu,primarykey,sql_declaration,sql_type,system_type) VALUES ('cu','pcsassunzioni','64',null,null,'','S',{ts '2021-10-14 17:06:56.353'},'Generator','N','varchar(64)','varchar','System.String')
GO

IF exists(SELECT * FROM [coldescr] WHERE colname = 'data' AND tablename = 'pcsassunzioni')
UPDATE [coldescr] SET col_len = '8',col_precision = null,col_scale = null,description = '',kind = 'S',lt = {ts '2021-10-15 10:13:13.047'},lu = 'assistenza',primarykey = 'N',sql_declaration = 'datetime',sql_type = 'datetime',system_type = 'System.DateTime' WHERE colname = 'data' AND tablename = 'pcsassunzioni'
ELSE
INSERT INTO [coldescr] (colname,tablename,col_len,col_precision,col_scale,description,kind,lt,lu,primarykey,sql_declaration,sql_type,system_type) VALUES ('data','pcsassunzioni','8',null,null,'','S',{ts '2021-10-15 10:13:13.047'},'assistenza','N','datetime','datetime','System.DateTime')
GO

IF exists(SELECT * FROM [coldescr] WHERE colname = 'finanziamento' AND tablename = 'pcsassunzioni')
UPDATE [coldescr] SET col_len = '150',col_precision = null,col_scale = null,description = '',kind = 'S',lt = {ts '2021-10-14 17:06:56.353'},lu = 'Generator',primarykey = 'N',sql_declaration = 'varchar(150)',sql_type = 'varchar',system_type = 'System.String' WHERE colname = 'finanziamento' AND tablename = 'pcsassunzioni'
ELSE
INSERT INTO [coldescr] (colname,tablename,col_len,col_precision,col_scale,description,kind,lt,lu,primarykey,sql_declaration,sql_type,system_type) VALUES ('finanziamento','pcsassunzioni','150',null,null,'','S',{ts '2021-10-14 17:06:56.353'},'Generator','N','varchar(150)','varchar','System.String')
GO

IF exists(SELECT * FROM [coldescr] WHERE colname = 'idcontrattokind' AND tablename = 'pcsassunzioni')
UPDATE [coldescr] SET col_len = '4',col_precision = null,col_scale = null,description = '',kind = 'S',lt = {ts '2021-10-14 17:06:56.353'},lu = 'Generator',primarykey = 'N',sql_declaration = 'int',sql_type = 'int',system_type = 'System.Int32' WHERE colname = 'idcontrattokind' AND tablename = 'pcsassunzioni'
ELSE
INSERT INTO [coldescr] (colname,tablename,col_len,col_precision,col_scale,description,kind,lt,lu,primarykey,sql_declaration,sql_type,system_type) VALUES ('idcontrattokind','pcsassunzioni','4',null,null,'','S',{ts '2021-10-14 17:06:56.353'},'Generator','N','int','int','System.Int32')
GO

IF exists(SELECT * FROM [coldescr] WHERE colname = 'idcontrattokind_start' AND tablename = 'pcsassunzioni')
UPDATE [coldescr] SET col_len = '4',col_precision = null,col_scale = null,description = '',kind = 'S',lt = {ts '2021-11-11 12:01:22.517'},lu = 'Generator',primarykey = 'N',sql_declaration = 'int',sql_type = 'int',system_type = 'System.Int32' WHERE colname = 'idcontrattokind_start' AND tablename = 'pcsassunzioni'
ELSE
INSERT INTO [coldescr] (colname,tablename,col_len,col_precision,col_scale,description,kind,lt,lu,primarykey,sql_declaration,sql_type,system_type) VALUES ('idcontrattokind_start','pcsassunzioni','4',null,null,'','S',{ts '2021-11-11 12:01:22.517'},'Generator','N','int','int','System.Int32')
GO

IF exists(SELECT * FROM [coldescr] WHERE colname = 'idpcsassunzioni' AND tablename = 'pcsassunzioni')
UPDATE [coldescr] SET col_len = '4',col_precision = null,col_scale = null,description = '',kind = 'S',lt = {ts '2021-10-14 17:06:56.353'},lu = 'Generator',primarykey = 'S',sql_declaration = 'int',sql_type = 'int',system_type = 'System.Int32' WHERE colname = 'idpcsassunzioni' AND tablename = 'pcsassunzioni'
ELSE
INSERT INTO [coldescr] (colname,tablename,col_len,col_precision,col_scale,description,kind,lt,lu,primarykey,sql_declaration,sql_type,system_type) VALUES ('idpcsassunzioni','pcsassunzioni','4',null,null,'','S',{ts '2021-10-14 17:06:56.353'},'Generator','S','int','int','System.Int32')
GO

IF exists(SELECT * FROM [coldescr] WHERE colname = 'idsasd' AND tablename = 'pcsassunzioni')
UPDATE [coldescr] SET col_len = '4',col_precision = null,col_scale = null,description = '',kind = 'S',lt = {ts '2021-11-19 12:58:13.210'},lu = 'Generator',primarykey = 'N',sql_declaration = 'int',sql_type = 'int',system_type = 'System.Int32' WHERE colname = 'idsasd' AND tablename = 'pcsassunzioni'
ELSE
INSERT INTO [coldescr] (colname,tablename,col_len,col_precision,col_scale,description,kind,lt,lu,primarykey,sql_declaration,sql_type,system_type) VALUES ('idsasd','pcsassunzioni','4',null,null,'','S',{ts '2021-11-19 12:58:13.210'},'Generator','N','int','int','System.Int32')
GO

IF exists(SELECT * FROM [coldescr] WHERE colname = 'idstruttura' AND tablename = 'pcsassunzioni')
UPDATE [coldescr] SET col_len = '4',col_precision = null,col_scale = null,description = '',kind = 'S',lt = {ts '2021-10-14 17:06:56.353'},lu = 'Generator',primarykey = 'N',sql_declaration = 'int',sql_type = 'int',system_type = 'System.Int32' WHERE colname = 'idstruttura' AND tablename = 'pcsassunzioni'
ELSE
INSERT INTO [coldescr] (colname,tablename,col_len,col_precision,col_scale,description,kind,lt,lu,primarykey,sql_declaration,sql_type,system_type) VALUES ('idstruttura','pcsassunzioni','4',null,null,'','S',{ts '2021-10-14 17:06:56.353'},'Generator','N','int','int','System.Int32')
GO

IF exists(SELECT * FROM [coldescr] WHERE colname = 'legge' AND tablename = 'pcsassunzioni')
UPDATE [coldescr] SET col_len = '250',col_precision = null,col_scale = null,description = '',kind = 'S',lt = {ts '2021-10-14 17:06:56.353'},lu = 'Generator',primarykey = 'N',sql_declaration = 'varchar(250)',sql_type = 'varchar',system_type = 'System.String' WHERE colname = 'legge' AND tablename = 'pcsassunzioni'
ELSE
INSERT INTO [coldescr] (colname,tablename,col_len,col_precision,col_scale,description,kind,lt,lu,primarykey,sql_declaration,sql_type,system_type) VALUES ('legge','pcsassunzioni','250',null,null,'','S',{ts '2021-10-14 17:06:56.353'},'Generator','N','varchar(250)','varchar','System.String')
GO

IF exists(SELECT * FROM [coldescr] WHERE colname = 'lt' AND tablename = 'pcsassunzioni')
UPDATE [coldescr] SET col_len = '8',col_precision = null,col_scale = null,description = '',kind = 'S',lt = {ts '2021-10-14 17:06:56.353'},lu = 'Generator',primarykey = 'N',sql_declaration = 'datetime',sql_type = 'datetime',system_type = 'System.DateTime' WHERE colname = 'lt' AND tablename = 'pcsassunzioni'
ELSE
INSERT INTO [coldescr] (colname,tablename,col_len,col_precision,col_scale,description,kind,lt,lu,primarykey,sql_declaration,sql_type,system_type) VALUES ('lt','pcsassunzioni','8',null,null,'','S',{ts '2021-10-14 17:06:56.353'},'Generator','N','datetime','datetime','System.DateTime')
GO

IF exists(SELECT * FROM [coldescr] WHERE colname = 'lu' AND tablename = 'pcsassunzioni')
UPDATE [coldescr] SET col_len = '64',col_precision = null,col_scale = null,description = '',kind = 'S',lt = {ts '2021-10-14 17:06:56.353'},lu = 'Generator',primarykey = 'N',sql_declaration = 'varchar(64)',sql_type = 'varchar',system_type = 'System.String' WHERE colname = 'lu' AND tablename = 'pcsassunzioni'
ELSE
INSERT INTO [coldescr] (colname,tablename,col_len,col_precision,col_scale,description,kind,lt,lu,primarykey,sql_declaration,sql_type,system_type) VALUES ('lu','pcsassunzioni','64',null,null,'','S',{ts '2021-10-14 17:06:56.353'},'Generator','N','varchar(64)','varchar','System.String')
GO

IF exists(SELECT * FROM [coldescr] WHERE colname = 'nominativo' AND tablename = 'pcsassunzioni')
UPDATE [coldescr] SET col_len = '150',col_precision = null,col_scale = null,description = '',kind = 'S',lt = {ts '2021-10-14 17:06:56.353'},lu = 'Generator',primarykey = 'N',sql_declaration = 'varchar(150)',sql_type = 'varchar',system_type = 'System.String' WHERE colname = 'nominativo' AND tablename = 'pcsassunzioni'
ELSE
INSERT INTO [coldescr] (colname,tablename,col_len,col_precision,col_scale,description,kind,lt,lu,primarykey,sql_declaration,sql_type,system_type) VALUES ('nominativo','pcsassunzioni','150',null,null,'','S',{ts '2021-10-14 17:06:56.353'},'Generator','N','varchar(150)','varchar','System.String')
GO

IF exists(SELECT * FROM [coldescr] WHERE colname = 'numeropersoneassunzione' AND tablename = 'pcsassunzioni')
UPDATE [coldescr] SET col_len = '9',col_precision = '19',col_scale = '2',description = '',kind = 'S',lt = {ts '2021-11-29 13:00:33.200'},lu = 'Generator',primarykey = 'N',sql_declaration = 'decimal(19,2)',sql_type = 'decimal',system_type = 'System.Decimal' WHERE colname = 'numeropersoneassunzione' AND tablename = 'pcsassunzioni'
ELSE
INSERT INTO [coldescr] (colname,tablename,col_len,col_precision,col_scale,description,kind,lt,lu,primarykey,sql_declaration,sql_type,system_type) VALUES ('numeropersoneassunzione','pcsassunzioni','9','19','2','','S',{ts '2021-11-29 13:00:33.200'},'Generator','N','decimal(19,2)','decimal','System.Decimal')
GO

IF exists(SELECT * FROM [coldescr] WHERE colname = 'percentuale' AND tablename = 'pcsassunzioni')
UPDATE [coldescr] SET col_len = '9',col_precision = '19',col_scale = '6',description = '',kind = 'S',lt = {ts '2021-10-14 17:06:56.353'},lu = 'Generator',primarykey = 'N',sql_declaration = 'decimal(19,6)',sql_type = 'decimal',system_type = 'System.Decimal' WHERE colname = 'percentuale' AND tablename = 'pcsassunzioni'
ELSE
INSERT INTO [coldescr] (colname,tablename,col_len,col_precision,col_scale,description,kind,lt,lu,primarykey,sql_declaration,sql_type,system_type) VALUES ('percentuale','pcsassunzioni','9','19','6','','S',{ts '2021-10-14 17:06:56.353'},'Generator','N','decimal(19,6)','decimal','System.Decimal')
GO

IF exists(SELECT * FROM [coldescr] WHERE colname = 'stipendio' AND tablename = 'pcsassunzioni')
UPDATE [coldescr] SET col_len = '9',col_precision = '19',col_scale = '2',description = '',kind = 'S',lt = {ts '2021-11-11 12:01:22.517'},lu = 'Generator',primarykey = 'N',sql_declaration = 'decimal(19,2)',sql_type = 'decimal',system_type = 'System.Decimal' WHERE colname = 'stipendio' AND tablename = 'pcsassunzioni'
ELSE
INSERT INTO [coldescr] (colname,tablename,col_len,col_precision,col_scale,description,kind,lt,lu,primarykey,sql_declaration,sql_type,system_type) VALUES ('stipendio','pcsassunzioni','9','19','2','','S',{ts '2021-11-11 12:01:22.517'},'Generator','N','decimal(19,2)','decimal','System.Decimal')
GO

IF exists(SELECT * FROM [coldescr] WHERE colname = 'totale' AND tablename = 'pcsassunzioni')
UPDATE [coldescr] SET col_len = '9',col_precision = '19',col_scale = '2',description = '',kind = 'S',lt = {ts '2021-10-14 17:06:56.353'},lu = 'Generator',primarykey = 'N',sql_declaration = 'decimal(19,2)',sql_type = 'decimal',system_type = 'System.Decimal' WHERE colname = 'totale' AND tablename = 'pcsassunzioni'
ELSE
INSERT INTO [coldescr] (colname,tablename,col_len,col_precision,col_scale,description,kind,lt,lu,primarykey,sql_declaration,sql_type,system_type) VALUES ('totale','pcsassunzioni','9','19','2','','S',{ts '2021-10-14 17:06:56.353'},'Generator','N','decimal(19,2)','decimal','System.Decimal')
GO

IF exists(SELECT * FROM [coldescr] WHERE colname = 'totale1' AND tablename = 'pcsassunzioni')
UPDATE [coldescr] SET col_len = '9',col_precision = '19',col_scale = '2',description = '',kind = 'S',lt = {ts '2021-10-14 17:06:56.353'},lu = 'Generator',primarykey = 'N',sql_declaration = 'decimal(19,2)',sql_type = 'decimal',system_type = 'System.Decimal' WHERE colname = 'totale1' AND tablename = 'pcsassunzioni'
ELSE
INSERT INTO [coldescr] (colname,tablename,col_len,col_precision,col_scale,description,kind,lt,lu,primarykey,sql_declaration,sql_type,system_type) VALUES ('totale1','pcsassunzioni','9','19','2','','S',{ts '2021-10-14 17:06:56.353'},'Generator','N','decimal(19,2)','decimal','System.Decimal')
GO

IF exists(SELECT * FROM [coldescr] WHERE colname = 'totale2' AND tablename = 'pcsassunzioni')
UPDATE [coldescr] SET col_len = '9',col_precision = '19',col_scale = '2',description = '',kind = 'S',lt = {ts '2021-10-14 17:06:56.353'},lu = 'Generator',primarykey = 'N',sql_declaration = 'decimal(19,2)',sql_type = 'decimal',system_type = 'System.Decimal' WHERE colname = 'totale2' AND tablename = 'pcsassunzioni'
ELSE
INSERT INTO [coldescr] (colname,tablename,col_len,col_precision,col_scale,description,kind,lt,lu,primarykey,sql_declaration,sql_type,system_type) VALUES ('totale2','pcsassunzioni','9','19','2','','S',{ts '2021-10-14 17:06:56.353'},'Generator','N','decimal(19,2)','decimal','System.Decimal')
GO

IF exists(SELECT * FROM [coldescr] WHERE colname = 'totale3' AND tablename = 'pcsassunzioni')
UPDATE [coldescr] SET col_len = '9',col_precision = '19',col_scale = '2',description = '',kind = 'S',lt = {ts '2021-10-14 17:06:56.353'},lu = 'Generator',primarykey = 'N',sql_declaration = 'decimal(19,2)',sql_type = 'decimal',system_type = 'System.Decimal' WHERE colname = 'totale3' AND tablename = 'pcsassunzioni'
ELSE
INSERT INTO [coldescr] (colname,tablename,col_len,col_precision,col_scale,description,kind,lt,lu,primarykey,sql_declaration,sql_type,system_type) VALUES ('totale3','pcsassunzioni','9','19','2','','S',{ts '2021-10-14 17:06:56.353'},'Generator','N','decimal(19,2)','decimal','System.Decimal')
GO

IF exists(SELECT * FROM [coldescr] WHERE colname = 'year' AND tablename = 'pcsassunzioni')
UPDATE [coldescr] SET col_len = '4',col_precision = null,col_scale = null,description = '',kind = 'S',lt = {ts '2021-10-15 10:30:00.343'},lu = 'Generator',primarykey = 'S',sql_declaration = 'int',sql_type = 'int',system_type = 'System.Int32' WHERE colname = 'year' AND tablename = 'pcsassunzioni'
ELSE
INSERT INTO [coldescr] (colname,tablename,col_len,col_precision,col_scale,description,kind,lt,lu,primarykey,sql_declaration,sql_type,system_type) VALUES ('year','pcsassunzioni','4',null,null,'','S',{ts '2021-10-15 10:30:00.343'},'Generator','S','int','int','System.Int32')
GO

-- FINE GENERAZIONE SCRIPT --


-- GENERAZIONE DATI PER tabledescr --
IF exists(SELECT * FROM [tabledescr] WHERE tablename = 'strutturaresponsabile')
UPDATE [tabledescr] SET description = 'Responsabili, valutatori e approvatori',idapplication = '2',isdbo = 'S',lt = {ts '2021-11-19 10:17:24.323'},lu = 'Generator',title = 'Responsabili, valutatori e approvatori' WHERE tablename = 'strutturaresponsabile'
ELSE
INSERT INTO [tabledescr] (tablename,description,idapplication,isdbo,lt,lu,title) VALUES ('strutturaresponsabile','Responsabili, valutatori e approvatori','2','S',{ts '2021-11-19 10:17:24.323'},'Generator','Responsabili, valutatori e approvatori')
GO

-- FINE GENERAZIONE SCRIPT --


-- GENERAZIONE DATI PER coldescr --
IF exists(SELECT * FROM [coldescr] WHERE colname = 'idperfruolo' AND tablename = 'strutturaresponsabile')
UPDATE [coldescr] SET col_len = '50',col_precision = null,col_scale = null,description = 'Ruolo ',kind = 'S',lt = {ts '2021-11-19 10:17:24.327'},lu = 'Generator',primarykey = 'N',sql_declaration = 'varchar(50)',sql_type = 'varchar',system_type = 'System.String' WHERE colname = 'idperfruolo' AND tablename = 'strutturaresponsabile'
ELSE
INSERT INTO [coldescr] (colname,tablename,col_len,col_precision,col_scale,description,kind,lt,lu,primarykey,sql_declaration,sql_type,system_type) VALUES ('idperfruolo','strutturaresponsabile','50',null,null,'Ruolo ','S',{ts '2021-11-19 10:17:24.327'},'Generator','N','varchar(50)','varchar','System.String')
GO

IF exists(SELECT * FROM [coldescr] WHERE colname = 'idreg' AND tablename = 'strutturaresponsabile')
UPDATE [coldescr] SET col_len = '4',col_precision = null,col_scale = null,description = 'Membro del personale',kind = 'S',lt = {ts '2021-11-19 10:17:24.327'},lu = 'Generator',primarykey = 'N',sql_declaration = 'int',sql_type = 'int',system_type = 'System.Int32' WHERE colname = 'idreg' AND tablename = 'strutturaresponsabile'
ELSE
INSERT INTO [coldescr] (colname,tablename,col_len,col_precision,col_scale,description,kind,lt,lu,primarykey,sql_declaration,sql_type,system_type) VALUES ('idreg','strutturaresponsabile','4',null,null,'Membro del personale','S',{ts '2021-11-19 10:17:24.327'},'Generator','N','int','int','System.Int32')
GO

IF exists(SELECT * FROM [coldescr] WHERE colname = 'idstruttura' AND tablename = 'strutturaresponsabile')
UPDATE [coldescr] SET col_len = '4',col_precision = null,col_scale = null,description = '',kind = 'S',lt = {ts '2021-11-19 10:17:24.327'},lu = 'Generator',primarykey = 'S',sql_declaration = 'int',sql_type = 'int',system_type = 'System.Int32' WHERE colname = 'idstruttura' AND tablename = 'strutturaresponsabile'
ELSE
INSERT INTO [coldescr] (colname,tablename,col_len,col_precision,col_scale,description,kind,lt,lu,primarykey,sql_declaration,sql_type,system_type) VALUES ('idstruttura','strutturaresponsabile','4',null,null,'','S',{ts '2021-11-19 10:17:24.327'},'Generator','S','int','int','System.Int32')
GO

IF exists(SELECT * FROM [coldescr] WHERE colname = 'idstrutturaresponsabile' AND tablename = 'strutturaresponsabile')
UPDATE [coldescr] SET col_len = '4',col_precision = null,col_scale = null,description = '',kind = 'S',lt = {ts '2021-11-19 10:17:24.327'},lu = 'Generator',primarykey = 'S',sql_declaration = 'int',sql_type = 'int',system_type = 'System.Int32' WHERE colname = 'idstrutturaresponsabile' AND tablename = 'strutturaresponsabile'
ELSE
INSERT INTO [coldescr] (colname,tablename,col_len,col_precision,col_scale,description,kind,lt,lu,primarykey,sql_declaration,sql_type,system_type) VALUES ('idstrutturaresponsabile','strutturaresponsabile','4',null,null,'','S',{ts '2021-11-19 10:17:24.327'},'Generator','S','int','int','System.Int32')
GO

IF exists(SELECT * FROM [coldescr] WHERE colname = 'start' AND tablename = 'strutturaresponsabile')
UPDATE [coldescr] SET col_len = '8',col_precision = null,col_scale = null,description = 'Data inizio validità',kind = 'S',lt = {ts '2021-11-19 10:17:24.327'},lu = 'Generator',primarykey = 'N',sql_declaration = 'datetime',sql_type = 'datetime',system_type = 'System.DateTime' WHERE colname = 'start' AND tablename = 'strutturaresponsabile'
ELSE
INSERT INTO [coldescr] (colname,tablename,col_len,col_precision,col_scale,description,kind,lt,lu,primarykey,sql_declaration,sql_type,system_type) VALUES ('start','strutturaresponsabile','8',null,null,'Data inizio validità','S',{ts '2021-11-19 10:17:24.327'},'Generator','N','datetime','datetime','System.DateTime')
GO

IF exists(SELECT * FROM [coldescr] WHERE colname = 'stop' AND tablename = 'strutturaresponsabile')
UPDATE [coldescr] SET col_len = '8',col_precision = null,col_scale = null,description = 'Data fine validità',kind = 'S',lt = {ts '2021-11-19 10:17:24.327'},lu = 'Generator',primarykey = 'N',sql_declaration = 'datetime',sql_type = 'datetime',system_type = 'System.DateTime' WHERE colname = 'stop' AND tablename = 'strutturaresponsabile'
ELSE
INSERT INTO [coldescr] (colname,tablename,col_len,col_precision,col_scale,description,kind,lt,lu,primarykey,sql_declaration,sql_type,system_type) VALUES ('stop','strutturaresponsabile','8',null,null,'Data fine validità','S',{ts '2021-11-19 10:17:24.327'},'Generator','N','datetime','datetime','System.DateTime')
GO

-- FINE GENERAZIONE SCRIPT --


-- GENERAZIONE DATI PER tabledescr --
IF exists(SELECT * FROM [tabledescr] WHERE tablename = 'stipendio')
UPDATE [tabledescr] SET description = 'Tabelle stipendiali',idapplication = '2',isdbo = 'S',lt = {ts '2021-11-15 14:13:37.113'},lu = 'Generator',title = 'Tabelle stipendiali' WHERE tablename = 'stipendio'
ELSE
INSERT INTO [tabledescr] (tablename,description,idapplication,isdbo,lt,lu,title) VALUES ('stipendio','Tabelle stipendiali','2','S',{ts '2021-11-15 14:13:37.113'},'Generator','Tabelle stipendiali')
GO

-- FINE GENERAZIONE SCRIPT --


-- GENERAZIONE DATI PER coldescr --
IF exists(SELECT * FROM [coldescr] WHERE colname = 'assegno' AND tablename = 'stipendio')
UPDATE [coldescr] SET col_len = '9',col_precision = '18',col_scale = '2',description = 'Assegno aggiuntivo',kind = 'S',lt = {ts '2021-07-01 12:22:08.840'},lu = 'assistenza',primarykey = 'N',sql_declaration = 'decimal(18,2)',sql_type = 'decimal',system_type = 'System.Decimal' WHERE colname = 'assegno' AND tablename = 'stipendio'
ELSE
INSERT INTO [coldescr] (colname,tablename,col_len,col_precision,col_scale,description,kind,lt,lu,primarykey,sql_declaration,sql_type,system_type) VALUES ('assegno','stipendio','9','18','2','Assegno aggiuntivo','S',{ts '2021-07-01 12:22:08.840'},'assistenza','N','decimal(18,2)','decimal','System.Decimal')
GO

IF exists(SELECT * FROM [coldescr] WHERE colname = 'classe' AND tablename = 'stipendio')
UPDATE [coldescr] SET col_len = '4',col_precision = null,col_scale = null,description = null,kind = 'S',lt = {ts '2021-07-01 12:20:14.673'},lu = 'assistenza',primarykey = 'N',sql_declaration = 'int',sql_type = 'int',system_type = 'System.Int32' WHERE colname = 'classe' AND tablename = 'stipendio'
ELSE
INSERT INTO [coldescr] (colname,tablename,col_len,col_precision,col_scale,description,kind,lt,lu,primarykey,sql_declaration,sql_type,system_type) VALUES ('classe','stipendio','4',null,null,null,'S',{ts '2021-07-01 12:20:14.673'},'assistenza','N','int','int','System.Int32')
GO

IF exists(SELECT * FROM [coldescr] WHERE colname = 'ct' AND tablename = 'stipendio')
UPDATE [coldescr] SET col_len = '8',col_precision = null,col_scale = null,description = '',kind = 'S',lt = {ts '2021-11-15 14:13:37.120'},lu = 'Generator',primarykey = 'N',sql_declaration = 'datetime',sql_type = 'datetime',system_type = 'System.DateTime' WHERE colname = 'ct' AND tablename = 'stipendio'
ELSE
INSERT INTO [coldescr] (colname,tablename,col_len,col_precision,col_scale,description,kind,lt,lu,primarykey,sql_declaration,sql_type,system_type) VALUES ('ct','stipendio','8',null,null,'','S',{ts '2021-11-15 14:13:37.120'},'Generator','N','datetime','datetime','System.DateTime')
GO

IF exists(SELECT * FROM [coldescr] WHERE colname = 'cu' AND tablename = 'stipendio')
UPDATE [coldescr] SET col_len = '64',col_precision = null,col_scale = null,description = '',kind = 'S',lt = {ts '2021-11-15 14:13:37.120'},lu = 'Generator',primarykey = 'N',sql_declaration = 'varchar(64)',sql_type = 'varchar',system_type = 'System.String' WHERE colname = 'cu' AND tablename = 'stipendio'
ELSE
INSERT INTO [coldescr] (colname,tablename,col_len,col_precision,col_scale,description,kind,lt,lu,primarykey,sql_declaration,sql_type,system_type) VALUES ('cu','stipendio','64',null,null,'','S',{ts '2021-11-15 14:13:37.120'},'Generator','N','varchar(64)','varchar','System.String')
GO

IF exists(SELECT * FROM [coldescr] WHERE colname = 'idcontrattokind' AND tablename = 'stipendio')
UPDATE [coldescr] SET col_len = '4',col_precision = null,col_scale = null,description = null,kind = 'S',lt = {ts '2021-07-01 12:20:14.673'},lu = 'assistenza',primarykey = 'S',sql_declaration = 'int',sql_type = 'int',system_type = 'System.Int32' WHERE colname = 'idcontrattokind' AND tablename = 'stipendio'
ELSE
INSERT INTO [coldescr] (colname,tablename,col_len,col_precision,col_scale,description,kind,lt,lu,primarykey,sql_declaration,sql_type,system_type) VALUES ('idcontrattokind','stipendio','4',null,null,null,'S',{ts '2021-07-01 12:20:14.673'},'assistenza','S','int','int','System.Int32')
GO

IF exists(SELECT * FROM [coldescr] WHERE colname = 'idinquadramento' AND tablename = 'stipendio')
UPDATE [coldescr] SET col_len = '4',col_precision = null,col_scale = null,description = null,kind = 'S',lt = {ts '2021-07-01 12:20:14.673'},lu = 'assistenza',primarykey = 'S',sql_declaration = 'int',sql_type = 'int',system_type = 'System.Int32' WHERE colname = 'idinquadramento' AND tablename = 'stipendio'
ELSE
INSERT INTO [coldescr] (colname,tablename,col_len,col_precision,col_scale,description,kind,lt,lu,primarykey,sql_declaration,sql_type,system_type) VALUES ('idinquadramento','stipendio','4',null,null,null,'S',{ts '2021-07-01 12:20:14.673'},'assistenza','S','int','int','System.Int32')
GO

IF exists(SELECT * FROM [coldescr] WHERE colname = 'idstipendio' AND tablename = 'stipendio')
UPDATE [coldescr] SET col_len = '4',col_precision = null,col_scale = null,description = null,kind = 'S',lt = {ts '2021-07-01 12:20:14.673'},lu = 'assistenza',primarykey = 'S',sql_declaration = 'int',sql_type = 'int',system_type = 'System.Int32' WHERE colname = 'idstipendio' AND tablename = 'stipendio'
ELSE
INSERT INTO [coldescr] (colname,tablename,col_len,col_precision,col_scale,description,kind,lt,lu,primarykey,sql_declaration,sql_type,system_type) VALUES ('idstipendio','stipendio','4',null,null,null,'S',{ts '2021-07-01 12:20:14.673'},'assistenza','S','int','int','System.Int32')
GO

IF exists(SELECT * FROM [coldescr] WHERE colname = 'iis' AND tablename = 'stipendio')
UPDATE [coldescr] SET col_len = '9',col_precision = '18',col_scale = '2',description = 'Indennità integrativa speciale',kind = 'S',lt = {ts '2021-07-01 12:22:08.847'},lu = 'assistenza',primarykey = 'N',sql_declaration = 'decimal(18,2)',sql_type = 'decimal',system_type = 'System.Decimal' WHERE colname = 'iis' AND tablename = 'stipendio'
ELSE
INSERT INTO [coldescr] (colname,tablename,col_len,col_precision,col_scale,description,kind,lt,lu,primarykey,sql_declaration,sql_type,system_type) VALUES ('iis','stipendio','9','18','2','Indennità integrativa speciale','S',{ts '2021-07-01 12:22:08.847'},'assistenza','N','decimal(18,2)','decimal','System.Decimal')
GO

IF exists(SELECT * FROM [coldescr] WHERE colname = 'irap' AND tablename = 'stipendio')
UPDATE [coldescr] SET col_len = '9',col_precision = '18',col_scale = '2',description = 'IRAP',kind = 'S',lt = {ts '2021-07-01 12:22:08.847'},lu = 'assistenza',primarykey = 'N',sql_declaration = 'decimal(18,2)',sql_type = 'decimal',system_type = 'System.Decimal' WHERE colname = 'irap' AND tablename = 'stipendio'
ELSE
INSERT INTO [coldescr] (colname,tablename,col_len,col_precision,col_scale,description,kind,lt,lu,primarykey,sql_declaration,sql_type,system_type) VALUES ('irap','stipendio','9','18','2','IRAP','S',{ts '2021-07-01 12:22:08.847'},'assistenza','N','decimal(18,2)','decimal','System.Decimal')
GO

IF exists(SELECT * FROM [coldescr] WHERE colname = 'lordo' AND tablename = 'stipendio')
UPDATE [coldescr] SET col_len = '9',col_precision = '18',col_scale = '2',description = 'Retribuzione totale lorda',kind = 'S',lt = {ts '2021-07-01 12:22:08.847'},lu = 'assistenza',primarykey = 'N',sql_declaration = 'decimal(18,2)',sql_type = 'decimal',system_type = 'System.Decimal' WHERE colname = 'lordo' AND tablename = 'stipendio'
ELSE
INSERT INTO [coldescr] (colname,tablename,col_len,col_precision,col_scale,description,kind,lt,lu,primarykey,sql_declaration,sql_type,system_type) VALUES ('lordo','stipendio','9','18','2','Retribuzione totale lorda','S',{ts '2021-07-01 12:22:08.847'},'assistenza','N','decimal(18,2)','decimal','System.Decimal')
GO

IF exists(SELECT * FROM [coldescr] WHERE colname = 'lt' AND tablename = 'stipendio')
UPDATE [coldescr] SET col_len = '8',col_precision = null,col_scale = null,description = '',kind = 'S',lt = {ts '2021-11-15 14:13:37.120'},lu = 'Generator',primarykey = 'N',sql_declaration = 'datetime',sql_type = 'datetime',system_type = 'System.DateTime' WHERE colname = 'lt' AND tablename = 'stipendio'
ELSE
INSERT INTO [coldescr] (colname,tablename,col_len,col_precision,col_scale,description,kind,lt,lu,primarykey,sql_declaration,sql_type,system_type) VALUES ('lt','stipendio','8',null,null,'','S',{ts '2021-11-15 14:13:37.120'},'Generator','N','datetime','datetime','System.DateTime')
GO

IF exists(SELECT * FROM [coldescr] WHERE colname = 'lu' AND tablename = 'stipendio')
UPDATE [coldescr] SET col_len = '64',col_precision = null,col_scale = null,description = '',kind = 'S',lt = {ts '2021-11-15 14:13:37.120'},lu = 'Generator',primarykey = 'N',sql_declaration = 'varchar(64)',sql_type = 'varchar',system_type = 'System.String' WHERE colname = 'lu' AND tablename = 'stipendio'
ELSE
INSERT INTO [coldescr] (colname,tablename,col_len,col_precision,col_scale,description,kind,lt,lu,primarykey,sql_declaration,sql_type,system_type) VALUES ('lu','stipendio','64',null,null,'','S',{ts '2021-11-15 14:13:37.120'},'Generator','N','varchar(64)','varchar','System.String')
GO

IF exists(SELECT * FROM [coldescr] WHERE colname = 'scatto' AND tablename = 'stipendio')
UPDATE [coldescr] SET col_len = '4',col_precision = null,col_scale = null,description = null,kind = 'S',lt = {ts '2021-07-01 12:20:14.677'},lu = 'assistenza',primarykey = 'N',sql_declaration = 'int',sql_type = 'int',system_type = 'System.Int32' WHERE colname = 'scatto' AND tablename = 'stipendio'
ELSE
INSERT INTO [coldescr] (colname,tablename,col_len,col_precision,col_scale,description,kind,lt,lu,primarykey,sql_declaration,sql_type,system_type) VALUES ('scatto','stipendio','4',null,null,null,'S',{ts '2021-07-01 12:20:14.677'},'assistenza','N','int','int','System.Int32')
GO

IF exists(SELECT * FROM [coldescr] WHERE colname = 'siglaimportazione' AND tablename = 'stipendio')
UPDATE [coldescr] SET col_len = '1024',col_precision = null,col_scale = null,description = '',kind = 'S',lt = {ts '2021-11-10 11:07:45.413'},lu = 'Generator',primarykey = 'N',sql_declaration = 'varchar(1024)',sql_type = 'varchar',system_type = 'System.String' WHERE colname = 'siglaimportazione' AND tablename = 'stipendio'
ELSE
INSERT INTO [coldescr] (colname,tablename,col_len,col_precision,col_scale,description,kind,lt,lu,primarykey,sql_declaration,sql_type,system_type) VALUES ('siglaimportazione','stipendio','1024',null,null,'','S',{ts '2021-11-10 11:07:45.413'},'Generator','N','varchar(1024)','varchar','System.String')
GO

IF exists(SELECT * FROM [coldescr] WHERE colname = 'stipendio' AND tablename = 'stipendio')
UPDATE [coldescr] SET col_len = '9',col_precision = '18',col_scale = '2',description = null,kind = 'S',lt = {ts '2021-07-01 12:20:14.677'},lu = 'assistenza',primarykey = 'N',sql_declaration = 'decimal(18,2)',sql_type = 'decimal',system_type = 'System.Decimal' WHERE colname = 'stipendio' AND tablename = 'stipendio'
ELSE
INSERT INTO [coldescr] (colname,tablename,col_len,col_precision,col_scale,description,kind,lt,lu,primarykey,sql_declaration,sql_type,system_type) VALUES ('stipendio','stipendio','9','18','2',null,'S',{ts '2021-07-01 12:20:14.677'},'assistenza','N','decimal(18,2)','decimal','System.Decimal')
GO

IF exists(SELECT * FROM [coldescr] WHERE colname = 'totale' AND tablename = 'stipendio')
UPDATE [coldescr] SET col_len = '9',col_precision = '18',col_scale = '2',description = 'Totale costo annuo',kind = 'S',lt = {ts '2021-07-01 12:22:08.847'},lu = 'assistenza',primarykey = 'N',sql_declaration = 'decimal(18,2)',sql_type = 'decimal',system_type = 'System.Decimal' WHERE colname = 'totale' AND tablename = 'stipendio'
ELSE
INSERT INTO [coldescr] (colname,tablename,col_len,col_precision,col_scale,description,kind,lt,lu,primarykey,sql_declaration,sql_type,system_type) VALUES ('totale','stipendio','9','18','2','Totale costo annuo','S',{ts '2021-07-01 12:22:08.847'},'assistenza','N','decimal(18,2)','decimal','System.Decimal')
GO

-- FINE GENERAZIONE SCRIPT --


-- GENERAZIONE DATI PER tabledescr --
IF exists(SELECT * FROM [tabledescr] WHERE tablename = 'corsostudiostruttura')
UPDATE [tabledescr] SET description = 'Strutture del corso',idapplication = null,isdbo = 'N',lt = {ts '2019-09-09 18:22:10.963'},lu = 'assistenza',title = 'Strutture del corso' WHERE tablename = 'corsostudiostruttura'
ELSE
INSERT INTO [tabledescr] (tablename,description,idapplication,isdbo,lt,lu,title) VALUES ('corsostudiostruttura','Strutture del corso',null,'N',{ts '2019-09-09 18:22:10.963'},'assistenza','Strutture del corso')
GO

-- FINE GENERAZIONE SCRIPT --


-- GENERAZIONE DATI PER coldescr --
IF exists(SELECT * FROM [coldescr] WHERE colname = 'ct' AND tablename = 'corsostudiostruttura')
UPDATE [coldescr] SET col_len = '8',col_precision = null,col_scale = null,description = null,kind = 'S',lt = {ts '2019-09-09 18:22:12.703'},lu = 'assistenza',primarykey = 'N',sql_declaration = 'datetime',sql_type = 'datetime',system_type = 'System.DateTime' WHERE colname = 'ct' AND tablename = 'corsostudiostruttura'
ELSE
INSERT INTO [coldescr] (colname,tablename,col_len,col_precision,col_scale,description,kind,lt,lu,primarykey,sql_declaration,sql_type,system_type) VALUES ('ct','corsostudiostruttura','8',null,null,null,'S',{ts '2019-09-09 18:22:12.703'},'assistenza','N','datetime','datetime','System.DateTime')
GO

IF exists(SELECT * FROM [coldescr] WHERE colname = 'cu' AND tablename = 'corsostudiostruttura')
UPDATE [coldescr] SET col_len = '64',col_precision = null,col_scale = null,description = null,kind = 'S',lt = {ts '2019-09-09 18:22:12.703'},lu = 'assistenza',primarykey = 'N',sql_declaration = 'varchar(64)',sql_type = 'varchar',system_type = 'System.String' WHERE colname = 'cu' AND tablename = 'corsostudiostruttura'
ELSE
INSERT INTO [coldescr] (colname,tablename,col_len,col_precision,col_scale,description,kind,lt,lu,primarykey,sql_declaration,sql_type,system_type) VALUES ('cu','corsostudiostruttura','64',null,null,null,'S',{ts '2019-09-09 18:22:12.703'},'assistenza','N','varchar(64)','varchar','System.String')
GO

IF exists(SELECT * FROM [coldescr] WHERE colname = 'idcorsostudio' AND tablename = 'corsostudiostruttura')
UPDATE [coldescr] SET col_len = '4',col_precision = null,col_scale = null,description = null,kind = 'S',lt = {ts '2019-09-09 18:22:12.703'},lu = 'assistenza',primarykey = 'S',sql_declaration = 'int',sql_type = 'int',system_type = 'System.Int32' WHERE colname = 'idcorsostudio' AND tablename = 'corsostudiostruttura'
ELSE
INSERT INTO [coldescr] (colname,tablename,col_len,col_precision,col_scale,description,kind,lt,lu,primarykey,sql_declaration,sql_type,system_type) VALUES ('idcorsostudio','corsostudiostruttura','4',null,null,null,'S',{ts '2019-09-09 18:22:12.703'},'assistenza','S','int','int','System.Int32')
GO

IF exists(SELECT * FROM [coldescr] WHERE colname = 'idstruttura' AND tablename = 'corsostudiostruttura')
UPDATE [coldescr] SET col_len = '4',col_precision = null,col_scale = null,description = 'Struttura',kind = 'S',lt = {ts '2019-09-09 18:22:29.637'},lu = 'assistenza',primarykey = 'S',sql_declaration = 'int',sql_type = 'int',system_type = 'System.Int32' WHERE colname = 'idstruttura' AND tablename = 'corsostudiostruttura'
ELSE
INSERT INTO [coldescr] (colname,tablename,col_len,col_precision,col_scale,description,kind,lt,lu,primarykey,sql_declaration,sql_type,system_type) VALUES ('idstruttura','corsostudiostruttura','4',null,null,'Struttura','S',{ts '2019-09-09 18:22:29.637'},'assistenza','S','int','int','System.Int32')
GO

IF exists(SELECT * FROM [coldescr] WHERE colname = 'lt' AND tablename = 'corsostudiostruttura')
UPDATE [coldescr] SET col_len = '8',col_precision = null,col_scale = null,description = null,kind = 'S',lt = {ts '2019-09-09 18:22:12.703'},lu = 'assistenza',primarykey = 'N',sql_declaration = 'datetime',sql_type = 'datetime',system_type = 'System.DateTime' WHERE colname = 'lt' AND tablename = 'corsostudiostruttura'
ELSE
INSERT INTO [coldescr] (colname,tablename,col_len,col_precision,col_scale,description,kind,lt,lu,primarykey,sql_declaration,sql_type,system_type) VALUES ('lt','corsostudiostruttura','8',null,null,null,'S',{ts '2019-09-09 18:22:12.703'},'assistenza','N','datetime','datetime','System.DateTime')
GO

IF exists(SELECT * FROM [coldescr] WHERE colname = 'lu' AND tablename = 'corsostudiostruttura')
UPDATE [coldescr] SET col_len = '64',col_precision = null,col_scale = null,description = null,kind = 'S',lt = {ts '2019-09-09 18:22:12.707'},lu = 'assistenza',primarykey = 'N',sql_declaration = 'varchar(64)',sql_type = 'varchar',system_type = 'System.String' WHERE colname = 'lu' AND tablename = 'corsostudiostruttura'
ELSE
INSERT INTO [coldescr] (colname,tablename,col_len,col_precision,col_scale,description,kind,lt,lu,primarykey,sql_declaration,sql_type,system_type) VALUES ('lu','corsostudiostruttura','64',null,null,null,'S',{ts '2019-09-09 18:22:12.707'},'assistenza','N','varchar(64)','varchar','System.String')
GO

-- FINE GENERAZIONE SCRIPT --


-- GENERAZIONE DATI PER tabledescr --
IF exists(SELECT * FROM [tabledescr] WHERE tablename = 'commissregistry_docenti')
UPDATE [tabledescr] SET description = 'membro della 2.2.7 Commissione d''esame',idapplication = '2',isdbo = 'S',lt = {ts '2021-02-19 15:24:49.070'},lu = 'assistenza',title = 'membro della commissione d''esame' WHERE tablename = 'commissregistry_docenti'
ELSE
INSERT INTO [tabledescr] (tablename,description,idapplication,isdbo,lt,lu,title) VALUES ('commissregistry_docenti','membro della 2.2.7 Commissione d''esame','2','S',{ts '2021-02-19 15:24:49.070'},'assistenza','membro della commissione d''esame')
GO

-- FINE GENERAZIONE SCRIPT --


-- GENERAZIONE DATI PER coldescr --
IF exists(SELECT * FROM [coldescr] WHERE colname = 'ct' AND tablename = 'commissregistry_docenti')
UPDATE [coldescr] SET col_len = '8',col_precision = null,col_scale = null,description = null,kind = 'S',lt = {ts '2018-07-17 16:11:03.307'},lu = 'assistenza',primarykey = 'N',sql_declaration = 'datetime',sql_type = 'datetime',system_type = 'System.DateTime' WHERE colname = 'ct' AND tablename = 'commissregistry_docenti'
ELSE
INSERT INTO [coldescr] (colname,tablename,col_len,col_precision,col_scale,description,kind,lt,lu,primarykey,sql_declaration,sql_type,system_type) VALUES ('ct','commissregistry_docenti','8',null,null,null,'S',{ts '2018-07-17 16:11:03.307'},'assistenza','N','datetime','datetime','System.DateTime')
GO

IF exists(SELECT * FROM [coldescr] WHERE colname = 'cu' AND tablename = 'commissregistry_docenti')
UPDATE [coldescr] SET col_len = '64',col_precision = null,col_scale = null,description = null,kind = 'S',lt = {ts '2018-07-17 16:11:03.307'},lu = 'assistenza',primarykey = 'N',sql_declaration = 'varchar(64)',sql_type = 'varchar',system_type = 'System.String' WHERE colname = 'cu' AND tablename = 'commissregistry_docenti'
ELSE
INSERT INTO [coldescr] (colname,tablename,col_len,col_precision,col_scale,description,kind,lt,lu,primarykey,sql_declaration,sql_type,system_type) VALUES ('cu','commissregistry_docenti','64',null,null,null,'S',{ts '2018-07-17 16:11:03.307'},'assistenza','N','varchar(64)','varchar','System.String')
GO

IF exists(SELECT * FROM [coldescr] WHERE colname = 'idappello' AND tablename = 'commissregistry_docenti')
UPDATE [coldescr] SET col_len = '4',col_precision = null,col_scale = null,description = null,kind = 'S',lt = {ts '2020-01-23 09:14:52.160'},lu = 'assistenza',primarykey = 'N',sql_declaration = 'int',sql_type = 'int',system_type = 'System.Int32' WHERE colname = 'idappello' AND tablename = 'commissregistry_docenti'
ELSE
INSERT INTO [coldescr] (colname,tablename,col_len,col_precision,col_scale,description,kind,lt,lu,primarykey,sql_declaration,sql_type,system_type) VALUES ('idappello','commissregistry_docenti','4',null,null,null,'S',{ts '2020-01-23 09:14:52.160'},'assistenza','N','int','int','System.Int32')
GO

IF exists(SELECT * FROM [coldescr] WHERE colname = 'idcommiss' AND tablename = 'commissregistry_docenti')
UPDATE [coldescr] SET col_len = '4',col_precision = null,col_scale = null,description = null,kind = 'S',lt = {ts '2019-02-22 17:01:24.700'},lu = 'assistenza',primarykey = 'S',sql_declaration = 'int',sql_type = 'int',system_type = 'System.Int32' WHERE colname = 'idcommiss' AND tablename = 'commissregistry_docenti'
ELSE
INSERT INTO [coldescr] (colname,tablename,col_len,col_precision,col_scale,description,kind,lt,lu,primarykey,sql_declaration,sql_type,system_type) VALUES ('idcommiss','commissregistry_docenti','4',null,null,null,'S',{ts '2019-02-22 17:01:24.700'},'assistenza','S','int','int','System.Int32')
GO

IF exists(SELECT * FROM [coldescr] WHERE colname = 'idcorsostudio' AND tablename = 'commissregistry_docenti')
UPDATE [coldescr] SET col_len = '4',col_precision = null,col_scale = null,description = null,kind = 'S',lt = {ts '2020-01-23 09:14:52.160'},lu = 'assistenza',primarykey = 'N',sql_declaration = 'int',sql_type = 'int',system_type = 'System.Int32' WHERE colname = 'idcorsostudio' AND tablename = 'commissregistry_docenti'
ELSE
INSERT INTO [coldescr] (colname,tablename,col_len,col_precision,col_scale,description,kind,lt,lu,primarykey,sql_declaration,sql_type,system_type) VALUES ('idcorsostudio','commissregistry_docenti','4',null,null,null,'S',{ts '2020-01-23 09:14:52.160'},'assistenza','N','int','int','System.Int32')
GO

IF exists(SELECT * FROM [coldescr] WHERE colname = 'iddidprog' AND tablename = 'commissregistry_docenti')
UPDATE [coldescr] SET col_len = '4',col_precision = null,col_scale = null,description = null,kind = 'S',lt = {ts '2020-01-23 09:14:52.163'},lu = 'assistenza',primarykey = 'N',sql_declaration = 'int',sql_type = 'int',system_type = 'System.Int32' WHERE colname = 'iddidprog' AND tablename = 'commissregistry_docenti'
ELSE
INSERT INTO [coldescr] (colname,tablename,col_len,col_precision,col_scale,description,kind,lt,lu,primarykey,sql_declaration,sql_type,system_type) VALUES ('iddidprog','commissregistry_docenti','4',null,null,null,'S',{ts '2020-01-23 09:14:52.163'},'assistenza','N','int','int','System.Int32')
GO

IF exists(SELECT * FROM [coldescr] WHERE colname = 'idprova' AND tablename = 'commissregistry_docenti')
UPDATE [coldescr] SET col_len = '4',col_precision = null,col_scale = null,description = null,kind = 'S',lt = {ts '2020-01-22 18:37:11.777'},lu = 'assistenza',primarykey = 'S',sql_declaration = 'int',sql_type = 'int',system_type = 'System.Int32' WHERE colname = 'idprova' AND tablename = 'commissregistry_docenti'
ELSE
INSERT INTO [coldescr] (colname,tablename,col_len,col_precision,col_scale,description,kind,lt,lu,primarykey,sql_declaration,sql_type,system_type) VALUES ('idprova','commissregistry_docenti','4',null,null,null,'S',{ts '2020-01-22 18:37:11.777'},'assistenza','S','int','int','System.Int32')
GO

IF exists(SELECT * FROM [coldescr] WHERE colname = 'idreg_docenti' AND tablename = 'commissregistry_docenti')
UPDATE [coldescr] SET col_len = '4',col_precision = null,col_scale = null,description = 'Docente membro',kind = 'S',lt = {ts '2019-02-22 17:01:24.703'},lu = 'assistenza',primarykey = 'S',sql_declaration = 'int',sql_type = 'int',system_type = 'System.Int32' WHERE colname = 'idreg_docenti' AND tablename = 'commissregistry_docenti'
ELSE
INSERT INTO [coldescr] (colname,tablename,col_len,col_precision,col_scale,description,kind,lt,lu,primarykey,sql_declaration,sql_type,system_type) VALUES ('idreg_docenti','commissregistry_docenti','4',null,null,'Docente membro','S',{ts '2019-02-22 17:01:24.703'},'assistenza','S','int','int','System.Int32')
GO

IF exists(SELECT * FROM [coldescr] WHERE colname = 'lt' AND tablename = 'commissregistry_docenti')
UPDATE [coldescr] SET col_len = '8',col_precision = null,col_scale = null,description = null,kind = 'S',lt = {ts '2018-07-17 16:11:03.307'},lu = 'assistenza',primarykey = 'N',sql_declaration = 'datetime',sql_type = 'datetime',system_type = 'System.DateTime' WHERE colname = 'lt' AND tablename = 'commissregistry_docenti'
ELSE
INSERT INTO [coldescr] (colname,tablename,col_len,col_precision,col_scale,description,kind,lt,lu,primarykey,sql_declaration,sql_type,system_type) VALUES ('lt','commissregistry_docenti','8',null,null,null,'S',{ts '2018-07-17 16:11:03.307'},'assistenza','N','datetime','datetime','System.DateTime')
GO

IF exists(SELECT * FROM [coldescr] WHERE colname = 'lu' AND tablename = 'commissregistry_docenti')
UPDATE [coldescr] SET col_len = '64',col_precision = null,col_scale = null,description = null,kind = 'S',lt = {ts '2018-07-17 16:11:03.307'},lu = 'assistenza',primarykey = 'N',sql_declaration = 'varchar(64)',sql_type = 'varchar',system_type = 'System.String' WHERE colname = 'lu' AND tablename = 'commissregistry_docenti'
ELSE
INSERT INTO [coldescr] (colname,tablename,col_len,col_precision,col_scale,description,kind,lt,lu,primarykey,sql_declaration,sql_type,system_type) VALUES ('lu','commissregistry_docenti','64',null,null,null,'S',{ts '2018-07-17 16:11:03.307'},'assistenza','N','varchar(64)','varchar','System.String')
GO

-- FINE GENERAZIONE SCRIPT --


-- GENERAZIONE DATI PER tabledescr --
IF exists(SELECT * FROM [tabledescr] WHERE tablename = 'commiss')
UPDATE [tabledescr] SET description = '2.2.7 Commissione d''esame',idapplication = '2',isdbo = 'S',lt = {ts '2021-02-19 15:23:49.157'},lu = 'assistenza',title = 'Commissione d''esame' WHERE tablename = 'commiss'
ELSE
INSERT INTO [tabledescr] (tablename,description,idapplication,isdbo,lt,lu,title) VALUES ('commiss','2.2.7 Commissione d''esame','2','S',{ts '2021-02-19 15:23:49.157'},'assistenza','Commissione d''esame')
GO

-- FINE GENERAZIONE SCRIPT --


-- GENERAZIONE DATI PER coldescr --
IF exists(SELECT * FROM [coldescr] WHERE colname = 'ct' AND tablename = 'commiss')
UPDATE [coldescr] SET col_len = '8',col_precision = null,col_scale = null,description = null,kind = 'S',lt = {ts '2018-07-17 16:08:21.900'},lu = 'assistenza',primarykey = 'N',sql_declaration = 'datetime',sql_type = 'datetime',system_type = 'System.DateTime' WHERE colname = 'ct' AND tablename = 'commiss'
ELSE
INSERT INTO [coldescr] (colname,tablename,col_len,col_precision,col_scale,description,kind,lt,lu,primarykey,sql_declaration,sql_type,system_type) VALUES ('ct','commiss','8',null,null,null,'S',{ts '2018-07-17 16:08:21.900'},'assistenza','N','datetime','datetime','System.DateTime')
GO

IF exists(SELECT * FROM [coldescr] WHERE colname = 'cu' AND tablename = 'commiss')
UPDATE [coldescr] SET col_len = '64',col_precision = null,col_scale = null,description = null,kind = 'S',lt = {ts '2018-07-17 16:08:21.900'},lu = 'assistenza',primarykey = 'N',sql_declaration = 'varchar(64)',sql_type = 'varchar',system_type = 'System.String' WHERE colname = 'cu' AND tablename = 'commiss'
ELSE
INSERT INTO [coldescr] (colname,tablename,col_len,col_precision,col_scale,description,kind,lt,lu,primarykey,sql_declaration,sql_type,system_type) VALUES ('cu','commiss','64',null,null,null,'S',{ts '2018-07-17 16:08:21.900'},'assistenza','N','varchar(64)','varchar','System.String')
GO

IF exists(SELECT * FROM [coldescr] WHERE colname = 'idappello' AND tablename = 'commiss')
UPDATE [coldescr] SET col_len = '4',col_precision = null,col_scale = null,description = null,kind = 'S',lt = {ts '2020-01-22 15:44:02.660'},lu = 'assistenza',primarykey = 'N',sql_declaration = 'int',sql_type = 'int',system_type = 'System.Int32' WHERE colname = 'idappello' AND tablename = 'commiss'
ELSE
INSERT INTO [coldescr] (colname,tablename,col_len,col_precision,col_scale,description,kind,lt,lu,primarykey,sql_declaration,sql_type,system_type) VALUES ('idappello','commiss','4',null,null,null,'S',{ts '2020-01-22 15:44:02.660'},'assistenza','N','int','int','System.Int32')
GO

IF exists(SELECT * FROM [coldescr] WHERE colname = 'idcommiss' AND tablename = 'commiss')
UPDATE [coldescr] SET col_len = '4',col_precision = null,col_scale = null,description = null,kind = 'S',lt = {ts '2018-07-17 16:08:21.900'},lu = 'assistenza',primarykey = 'S',sql_declaration = 'int',sql_type = 'int',system_type = 'System.Int32' WHERE colname = 'idcommiss' AND tablename = 'commiss'
ELSE
INSERT INTO [coldescr] (colname,tablename,col_len,col_precision,col_scale,description,kind,lt,lu,primarykey,sql_declaration,sql_type,system_type) VALUES ('idcommiss','commiss','4',null,null,null,'S',{ts '2018-07-17 16:08:21.900'},'assistenza','S','int','int','System.Int32')
GO

IF exists(SELECT * FROM [coldescr] WHERE colname = 'idcorsostudio' AND tablename = 'commiss')
UPDATE [coldescr] SET col_len = '4',col_precision = null,col_scale = null,description = null,kind = 'S',lt = {ts '2020-01-22 15:44:02.660'},lu = 'assistenza',primarykey = 'N',sql_declaration = 'int',sql_type = 'int',system_type = 'System.Int32' WHERE colname = 'idcorsostudio' AND tablename = 'commiss'
ELSE
INSERT INTO [coldescr] (colname,tablename,col_len,col_precision,col_scale,description,kind,lt,lu,primarykey,sql_declaration,sql_type,system_type) VALUES ('idcorsostudio','commiss','4',null,null,null,'S',{ts '2020-01-22 15:44:02.660'},'assistenza','N','int','int','System.Int32')
GO

IF exists(SELECT * FROM [coldescr] WHERE colname = 'iddidprog' AND tablename = 'commiss')
UPDATE [coldescr] SET col_len = '4',col_precision = null,col_scale = null,description = null,kind = 'S',lt = {ts '2020-01-22 15:44:02.660'},lu = 'assistenza',primarykey = 'N',sql_declaration = 'int',sql_type = 'int',system_type = 'System.Int32' WHERE colname = 'iddidprog' AND tablename = 'commiss'
ELSE
INSERT INTO [coldescr] (colname,tablename,col_len,col_precision,col_scale,description,kind,lt,lu,primarykey,sql_declaration,sql_type,system_type) VALUES ('iddidprog','commiss','4',null,null,null,'S',{ts '2020-01-22 15:44:02.660'},'assistenza','N','int','int','System.Int32')
GO

IF exists(SELECT * FROM [coldescr] WHERE colname = 'idprova' AND tablename = 'commiss')
UPDATE [coldescr] SET col_len = '4',col_precision = null,col_scale = null,description = null,kind = 'S',lt = {ts '2020-01-22 18:31:29.707'},lu = 'assistenza',primarykey = 'S',sql_declaration = 'int',sql_type = 'int',system_type = 'System.Int32' WHERE colname = 'idprova' AND tablename = 'commiss'
ELSE
INSERT INTO [coldescr] (colname,tablename,col_len,col_precision,col_scale,description,kind,lt,lu,primarykey,sql_declaration,sql_type,system_type) VALUES ('idprova','commiss','4',null,null,null,'S',{ts '2020-01-22 18:31:29.707'},'assistenza','S','int','int','System.Int32')
GO

IF exists(SELECT * FROM [coldescr] WHERE colname = 'idreg_docenti' AND tablename = 'commiss')
UPDATE [coldescr] SET col_len = '4',col_precision = null,col_scale = null,description = 'Verbalizzante',kind = 'S',lt = {ts '2019-02-22 16:46:46.627'},lu = 'assistenza',primarykey = 'N',sql_declaration = 'int',sql_type = 'int',system_type = 'System.Int32' WHERE colname = 'idreg_docenti' AND tablename = 'commiss'
ELSE
INSERT INTO [coldescr] (colname,tablename,col_len,col_precision,col_scale,description,kind,lt,lu,primarykey,sql_declaration,sql_type,system_type) VALUES ('idreg_docenti','commiss','4',null,null,'Verbalizzante','S',{ts '2019-02-22 16:46:46.627'},'assistenza','N','int','int','System.Int32')
GO

IF exists(SELECT * FROM [coldescr] WHERE colname = 'lt' AND tablename = 'commiss')
UPDATE [coldescr] SET col_len = '8',col_precision = null,col_scale = null,description = null,kind = 'S',lt = {ts '2018-07-17 16:08:21.900'},lu = 'assistenza',primarykey = 'N',sql_declaration = 'datetime',sql_type = 'datetime',system_type = 'System.DateTime' WHERE colname = 'lt' AND tablename = 'commiss'
ELSE
INSERT INTO [coldescr] (colname,tablename,col_len,col_precision,col_scale,description,kind,lt,lu,primarykey,sql_declaration,sql_type,system_type) VALUES ('lt','commiss','8',null,null,null,'S',{ts '2018-07-17 16:08:21.900'},'assistenza','N','datetime','datetime','System.DateTime')
GO

IF exists(SELECT * FROM [coldescr] WHERE colname = 'lu' AND tablename = 'commiss')
UPDATE [coldescr] SET col_len = '64',col_precision = null,col_scale = null,description = null,kind = 'S',lt = {ts '2018-07-17 16:08:21.900'},lu = 'assistenza',primarykey = 'N',sql_declaration = 'varchar(64)',sql_type = 'varchar',system_type = 'System.String' WHERE colname = 'lu' AND tablename = 'commiss'
ELSE
INSERT INTO [coldescr] (colname,tablename,col_len,col_precision,col_scale,description,kind,lt,lu,primarykey,sql_declaration,sql_type,system_type) VALUES ('lu','commiss','64',null,null,null,'S',{ts '2018-07-17 16:08:21.900'},'assistenza','N','varchar(64)','varchar','System.String')
GO

-- FINE GENERAZIONE SCRIPT --


-- GENERAZIONE DATI PER tabledescr --
IF exists(SELECT * FROM [tabledescr] WHERE tablename = 'afferenza')
UPDATE [tabledescr] SET description = 'Afferenza alle strutture',idapplication = '2',isdbo = 'S',lt = {ts '2021-11-22 10:54:08.460'},lu = 'Generator',title = 'Afferenza' WHERE tablename = 'afferenza'
ELSE
INSERT INTO [tabledescr] (tablename,description,idapplication,isdbo,lt,lu,title) VALUES ('afferenza','Afferenza alle strutture','2','S',{ts '2021-11-22 10:54:08.460'},'Generator','Afferenza')
GO

-- FINE GENERAZIONE SCRIPT --


-- GENERAZIONE DATI PER coldescr --
IF exists(SELECT * FROM [coldescr] WHERE colname = 'ct' AND tablename = 'afferenza')
UPDATE [coldescr] SET col_len = '8',col_precision = null,col_scale = null,description = null,kind = 'S',lt = {ts '2021-06-07 17:08:08.633'},lu = 'assistenza',primarykey = 'N',sql_declaration = 'datetime',sql_type = 'datetime',system_type = 'System.DateTime' WHERE colname = 'ct' AND tablename = 'afferenza'
ELSE
INSERT INTO [coldescr] (colname,tablename,col_len,col_precision,col_scale,description,kind,lt,lu,primarykey,sql_declaration,sql_type,system_type) VALUES ('ct','afferenza','8',null,null,null,'S',{ts '2021-06-07 17:08:08.633'},'assistenza','N','datetime','datetime','System.DateTime')
GO

IF exists(SELECT * FROM [coldescr] WHERE colname = 'cu' AND tablename = 'afferenza')
UPDATE [coldescr] SET col_len = '64',col_precision = null,col_scale = null,description = null,kind = 'S',lt = {ts '2021-06-07 17:08:08.633'},lu = 'assistenza',primarykey = 'N',sql_declaration = 'varchar(64)',sql_type = 'varchar',system_type = 'System.String' WHERE colname = 'cu' AND tablename = 'afferenza'
ELSE
INSERT INTO [coldescr] (colname,tablename,col_len,col_precision,col_scale,description,kind,lt,lu,primarykey,sql_declaration,sql_type,system_type) VALUES ('cu','afferenza','64',null,null,null,'S',{ts '2021-06-07 17:08:08.633'},'assistenza','N','varchar(64)','varchar','System.String')
GO

IF exists(SELECT * FROM [coldescr] WHERE colname = 'idafferenza' AND tablename = 'afferenza')
UPDATE [coldescr] SET col_len = '4',col_precision = null,col_scale = null,description = null,kind = 'S',lt = {ts '2021-06-07 17:08:08.637'},lu = 'assistenza',primarykey = 'S',sql_declaration = 'int',sql_type = 'int',system_type = 'System.Int32' WHERE colname = 'idafferenza' AND tablename = 'afferenza'
ELSE
INSERT INTO [coldescr] (colname,tablename,col_len,col_precision,col_scale,description,kind,lt,lu,primarykey,sql_declaration,sql_type,system_type) VALUES ('idafferenza','afferenza','4',null,null,null,'S',{ts '2021-06-07 17:08:08.637'},'assistenza','S','int','int','System.Int32')
GO

IF exists(SELECT * FROM [coldescr] WHERE colname = 'idmansionekind' AND tablename = 'afferenza')
UPDATE [coldescr] SET col_len = '4',col_precision = null,col_scale = null,description = '',kind = 'S',lt = {ts '2021-10-04 10:34:02.967'},lu = 'Generator',primarykey = 'N',sql_declaration = 'int',sql_type = 'int',system_type = 'System.Int32' WHERE colname = 'idmansionekind' AND tablename = 'afferenza'
ELSE
INSERT INTO [coldescr] (colname,tablename,col_len,col_precision,col_scale,description,kind,lt,lu,primarykey,sql_declaration,sql_type,system_type) VALUES ('idmansionekind','afferenza','4',null,null,'','S',{ts '2021-10-04 10:34:02.967'},'Generator','N','int','int','System.Int32')
GO

IF exists(SELECT * FROM [coldescr] WHERE colname = 'idreg' AND tablename = 'afferenza')
UPDATE [coldescr] SET col_len = '4',col_precision = null,col_scale = null,description = null,kind = 'S',lt = {ts '2021-06-07 17:08:08.637'},lu = 'assistenza',primarykey = 'S',sql_declaration = 'int',sql_type = 'int',system_type = 'System.Int32' WHERE colname = 'idreg' AND tablename = 'afferenza'
ELSE
INSERT INTO [coldescr] (colname,tablename,col_len,col_precision,col_scale,description,kind,lt,lu,primarykey,sql_declaration,sql_type,system_type) VALUES ('idreg','afferenza','4',null,null,null,'S',{ts '2021-06-07 17:08:08.637'},'assistenza','S','int','int','System.Int32')
GO

IF exists(SELECT * FROM [coldescr] WHERE colname = 'idstruttura' AND tablename = 'afferenza')
UPDATE [coldescr] SET col_len = '4',col_precision = null,col_scale = null,description = 'Struttura',kind = 'S',lt = {ts '2021-06-07 17:08:50.557'},lu = 'assistenza',primarykey = 'N',sql_declaration = 'int',sql_type = 'int',system_type = 'System.Int32' WHERE colname = 'idstruttura' AND tablename = 'afferenza'
ELSE
INSERT INTO [coldescr] (colname,tablename,col_len,col_precision,col_scale,description,kind,lt,lu,primarykey,sql_declaration,sql_type,system_type) VALUES ('idstruttura','afferenza','4',null,null,'Struttura','S',{ts '2021-06-07 17:08:50.557'},'assistenza','N','int','int','System.Int32')
GO

IF exists(SELECT * FROM [coldescr] WHERE colname = 'lt' AND tablename = 'afferenza')
UPDATE [coldescr] SET col_len = '8',col_precision = null,col_scale = null,description = null,kind = 'S',lt = {ts '2021-06-07 17:08:08.637'},lu = 'assistenza',primarykey = 'N',sql_declaration = 'datetime',sql_type = 'datetime',system_type = 'System.DateTime' WHERE colname = 'lt' AND tablename = 'afferenza'
ELSE
INSERT INTO [coldescr] (colname,tablename,col_len,col_precision,col_scale,description,kind,lt,lu,primarykey,sql_declaration,sql_type,system_type) VALUES ('lt','afferenza','8',null,null,null,'S',{ts '2021-06-07 17:08:08.637'},'assistenza','N','datetime','datetime','System.DateTime')
GO

IF exists(SELECT * FROM [coldescr] WHERE colname = 'lu' AND tablename = 'afferenza')
UPDATE [coldescr] SET col_len = '64',col_precision = null,col_scale = null,description = null,kind = 'S',lt = {ts '2021-06-07 17:08:08.637'},lu = 'assistenza',primarykey = 'N',sql_declaration = 'varchar(64)',sql_type = 'varchar',system_type = 'System.String' WHERE colname = 'lu' AND tablename = 'afferenza'
ELSE
INSERT INTO [coldescr] (colname,tablename,col_len,col_precision,col_scale,description,kind,lt,lu,primarykey,sql_declaration,sql_type,system_type) VALUES ('lu','afferenza','64',null,null,null,'S',{ts '2021-06-07 17:08:08.637'},'assistenza','N','varchar(64)','varchar','System.String')
GO

IF exists(SELECT * FROM [coldescr] WHERE colname = 'start' AND tablename = 'afferenza')
UPDATE [coldescr] SET col_len = '8',col_precision = null,col_scale = null,description = 'Dal',kind = 'S',lt = {ts '2021-06-07 17:08:50.557'},lu = 'assistenza',primarykey = 'N',sql_declaration = 'datetime',sql_type = 'datetime',system_type = 'System.DateTime' WHERE colname = 'start' AND tablename = 'afferenza'
ELSE
INSERT INTO [coldescr] (colname,tablename,col_len,col_precision,col_scale,description,kind,lt,lu,primarykey,sql_declaration,sql_type,system_type) VALUES ('start','afferenza','8',null,null,'Dal','S',{ts '2021-06-07 17:08:50.557'},'assistenza','N','datetime','datetime','System.DateTime')
GO

IF exists(SELECT * FROM [coldescr] WHERE colname = 'stop' AND tablename = 'afferenza')
UPDATE [coldescr] SET col_len = '8',col_precision = null,col_scale = null,description = 'Al',kind = 'S',lt = {ts '2021-06-07 17:08:50.560'},lu = 'assistenza',primarykey = 'N',sql_declaration = 'datetime',sql_type = 'datetime',system_type = 'System.DateTime' WHERE colname = 'stop' AND tablename = 'afferenza'
ELSE
INSERT INTO [coldescr] (colname,tablename,col_len,col_precision,col_scale,description,kind,lt,lu,primarykey,sql_declaration,sql_type,system_type) VALUES ('stop','afferenza','8',null,null,'Al','S',{ts '2021-06-07 17:08:50.560'},'assistenza','N','datetime','datetime','System.DateTime')
GO

-- FINE GENERAZIONE SCRIPT --


-- GENERAZIONE DATI PER tabledescr --
IF exists(SELECT * FROM [tabledescr] WHERE tablename = 'Insegn')
UPDATE [tabledescr] SET description = 'Tutti gli 2.4.7 Insegnamenti dellistituto
',idapplication = '2',isdbo = 'S',lt = {ts '2021-11-12 15:35:15.453'},lu = 'Generator',title = 'Tutti gli insegnamenti dellistituto' WHERE tablename = 'Insegn'
ELSE
INSERT INTO [tabledescr] (tablename,description,idapplication,isdbo,lt,lu,title) VALUES ('Insegn','Tutti gli 2.4.7 Insegnamenti dellistituto
','2','S',{ts '2021-11-12 15:35:15.453'},'Generator','Tutti gli insegnamenti dellistituto')
GO

-- FINE GENERAZIONE SCRIPT --


-- GENERAZIONE DATI PER coldescr --
IF exists(SELECT * FROM [coldescr] WHERE colname = 'codice' AND tablename = 'Insegn')
UPDATE [coldescr] SET col_len = '50',col_precision = null,col_scale = null,description = null,kind = 'S',lt = {ts '2019-04-09 13:47:32.743'},lu = 'assistenza',primarykey = 'N',sql_declaration = 'varchar(50)',sql_type = 'varchar',system_type = 'System.String' WHERE colname = 'codice' AND tablename = 'Insegn'
ELSE
INSERT INTO [coldescr] (colname,tablename,col_len,col_precision,col_scale,description,kind,lt,lu,primarykey,sql_declaration,sql_type,system_type) VALUES ('codice','Insegn','50',null,null,null,'S',{ts '2019-04-09 13:47:32.743'},'assistenza','N','varchar(50)','varchar','System.String')
GO

IF exists(SELECT * FROM [coldescr] WHERE colname = 'ct' AND tablename = 'Insegn')
UPDATE [coldescr] SET col_len = '8',col_precision = null,col_scale = null,description = null,kind = 'S',lt = {ts '2019-02-26 11:09:16.643'},lu = 'assistenza',primarykey = 'N',sql_declaration = 'datetime',sql_type = 'datetime',system_type = 'System.DateTime' WHERE colname = 'ct' AND tablename = 'Insegn'
ELSE
INSERT INTO [coldescr] (colname,tablename,col_len,col_precision,col_scale,description,kind,lt,lu,primarykey,sql_declaration,sql_type,system_type) VALUES ('ct','Insegn','8',null,null,null,'S',{ts '2019-02-26 11:09:16.643'},'assistenza','N','datetime','datetime','System.DateTime')
GO

IF exists(SELECT * FROM [coldescr] WHERE colname = 'cu' AND tablename = 'Insegn')
UPDATE [coldescr] SET col_len = '64',col_precision = null,col_scale = null,description = null,kind = 'S',lt = {ts '2019-02-26 11:09:16.647'},lu = 'assistenza',primarykey = 'N',sql_declaration = 'varchar(64)',sql_type = 'varchar',system_type = 'System.String' WHERE colname = 'cu' AND tablename = 'Insegn'
ELSE
INSERT INTO [coldescr] (colname,tablename,col_len,col_precision,col_scale,description,kind,lt,lu,primarykey,sql_declaration,sql_type,system_type) VALUES ('cu','Insegn','64',null,null,null,'S',{ts '2019-02-26 11:09:16.647'},'assistenza','N','varchar(64)','varchar','System.String')
GO

IF exists(SELECT * FROM [coldescr] WHERE colname = 'denominazione' AND tablename = 'Insegn')
UPDATE [coldescr] SET col_len = '256',col_precision = null,col_scale = null,description = null,kind = 'S',lt = {ts '2019-02-26 11:09:46.650'},lu = 'assistenza',primarykey = 'N',sql_declaration = 'varchar(256)',sql_type = 'varchar',system_type = 'System.String' WHERE colname = 'denominazione' AND tablename = 'Insegn'
ELSE
INSERT INTO [coldescr] (colname,tablename,col_len,col_precision,col_scale,description,kind,lt,lu,primarykey,sql_declaration,sql_type,system_type) VALUES ('denominazione','Insegn','256',null,null,null,'S',{ts '2019-02-26 11:09:46.650'},'assistenza','N','varchar(256)','varchar','System.String')
GO

IF exists(SELECT * FROM [coldescr] WHERE colname = 'denominazione_en' AND tablename = 'Insegn')
UPDATE [coldescr] SET col_len = '256',col_precision = null,col_scale = null,description = 'Denominazione in inglese',kind = 'S',lt = {ts '2020-02-17 17:25:06.320'},lu = 'assistenza',primarykey = 'N',sql_declaration = 'varchar(256)',sql_type = 'varchar',system_type = 'System.String' WHERE colname = 'denominazione_en' AND tablename = 'Insegn'
ELSE
INSERT INTO [coldescr] (colname,tablename,col_len,col_precision,col_scale,description,kind,lt,lu,primarykey,sql_declaration,sql_type,system_type) VALUES ('denominazione_en','Insegn','256',null,null,'Denominazione in inglese','S',{ts '2020-02-17 17:25:06.320'},'assistenza','N','varchar(256)','varchar','System.String')
GO

IF exists(SELECT * FROM [coldescr] WHERE colname = 'idcorsostudio' AND tablename = 'Insegn')
UPDATE [coldescr] SET col_len = '4',col_precision = null,col_scale = null,description = 'Corso di riferimento',kind = 'S',lt = {ts '2019-03-10 16:46:30.300'},lu = 'assistenza',primarykey = 'N',sql_declaration = 'int',sql_type = 'int',system_type = 'System.Int32' WHERE colname = 'idcorsostudio' AND tablename = 'Insegn'
ELSE
INSERT INTO [coldescr] (colname,tablename,col_len,col_precision,col_scale,description,kind,lt,lu,primarykey,sql_declaration,sql_type,system_type) VALUES ('idcorsostudio','Insegn','4',null,null,'Corso di riferimento','S',{ts '2019-03-10 16:46:30.300'},'assistenza','N','int','int','System.Int32')
GO

IF exists(SELECT * FROM [coldescr] WHERE colname = 'idcorsostudiokind' AND tablename = 'Insegn')
UPDATE [coldescr] SET col_len = '4',col_precision = null,col_scale = null,description = 'Tipologia di corso',kind = 'S',lt = {ts '2019-02-26 11:11:53.983'},lu = 'assistenza',primarykey = 'N',sql_declaration = 'int',sql_type = 'int',system_type = 'System.Int32' WHERE colname = 'idcorsostudiokind' AND tablename = 'Insegn'
ELSE
INSERT INTO [coldescr] (colname,tablename,col_len,col_precision,col_scale,description,kind,lt,lu,primarykey,sql_declaration,sql_type,system_type) VALUES ('idcorsostudiokind','Insegn','4',null,null,'Tipologia di corso','S',{ts '2019-02-26 11:11:53.983'},'assistenza','N','int','int','System.Int32')
GO

IF exists(SELECT * FROM [coldescr] WHERE colname = 'idinsegn' AND tablename = 'Insegn')
UPDATE [coldescr] SET col_len = '4',col_precision = null,col_scale = null,description = null,kind = 'S',lt = {ts '2018-07-19 17:43:24.097'},lu = 'assistenza',primarykey = 'S',sql_declaration = 'int',sql_type = 'int',system_type = 'System.Int32' WHERE colname = 'idinsegn' AND tablename = 'Insegn'
ELSE
INSERT INTO [coldescr] (colname,tablename,col_len,col_precision,col_scale,description,kind,lt,lu,primarykey,sql_declaration,sql_type,system_type) VALUES ('idinsegn','Insegn','4',null,null,null,'S',{ts '2018-07-19 17:43:24.097'},'assistenza','S','int','int','System.Int32')
GO

IF exists(SELECT * FROM [coldescr] WHERE colname = 'idstruttura' AND tablename = 'Insegn')
UPDATE [coldescr] SET col_len = '4',col_precision = null,col_scale = null,description = 'Struttura didattica di riferimento',kind = 'S',lt = {ts '2019-09-09 18:46:26.260'},lu = 'assistenza',primarykey = 'N',sql_declaration = 'int',sql_type = 'int',system_type = 'System.Int32' WHERE colname = 'idstruttura' AND tablename = 'Insegn'
ELSE
INSERT INTO [coldescr] (colname,tablename,col_len,col_precision,col_scale,description,kind,lt,lu,primarykey,sql_declaration,sql_type,system_type) VALUES ('idstruttura','Insegn','4',null,null,'Struttura didattica di riferimento','S',{ts '2019-09-09 18:46:26.260'},'assistenza','N','int','int','System.Int32')
GO

IF exists(SELECT * FROM [coldescr] WHERE colname = 'lt' AND tablename = 'Insegn')
UPDATE [coldescr] SET col_len = '8',col_precision = null,col_scale = null,description = null,kind = 'S',lt = {ts '2019-02-26 11:09:16.653'},lu = 'assistenza',primarykey = 'N',sql_declaration = 'datetime',sql_type = 'datetime',system_type = 'System.DateTime' WHERE colname = 'lt' AND tablename = 'Insegn'
ELSE
INSERT INTO [coldescr] (colname,tablename,col_len,col_precision,col_scale,description,kind,lt,lu,primarykey,sql_declaration,sql_type,system_type) VALUES ('lt','Insegn','8',null,null,null,'S',{ts '2019-02-26 11:09:16.653'},'assistenza','N','datetime','datetime','System.DateTime')
GO

IF exists(SELECT * FROM [coldescr] WHERE colname = 'lu' AND tablename = 'Insegn')
UPDATE [coldescr] SET col_len = '64',col_precision = null,col_scale = null,description = null,kind = 'S',lt = {ts '2019-02-26 11:09:16.653'},lu = 'assistenza',primarykey = 'N',sql_declaration = 'varchar(64)',sql_type = 'varchar',system_type = 'System.String' WHERE colname = 'lu' AND tablename = 'Insegn'
ELSE
INSERT INTO [coldescr] (colname,tablename,col_len,col_precision,col_scale,description,kind,lt,lu,primarykey,sql_declaration,sql_type,system_type) VALUES ('lu','Insegn','64',null,null,null,'S',{ts '2019-02-26 11:09:16.653'},'assistenza','N','varchar(64)','varchar','System.String')
GO

-- FINE GENERAZIONE SCRIPT --


-- GENERAZIONE DATI PER tabledescr --
IF exists(SELECT * FROM [tabledescr] WHERE tablename = 'struttura')
UPDATE [tabledescr] SET description = '2.4.11 Struttura / Unità organizzativa',idapplication = '2',isdbo = 'S',lt = {ts '2021-11-19 16:20:00.040'},lu = 'Generator',title = 'Struttura / Unità organizzativa' WHERE tablename = 'struttura'
ELSE
INSERT INTO [tabledescr] (tablename,description,idapplication,isdbo,lt,lu,title) VALUES ('struttura','2.4.11 Struttura / Unità organizzativa','2','S',{ts '2021-11-19 16:20:00.040'},'Generator','Struttura / Unità organizzativa')
GO

-- FINE GENERAZIONE SCRIPT --


-- GENERAZIONE DATI PER coldescr --
IF exists(SELECT * FROM [coldescr] WHERE colname = 'codice' AND tablename = 'struttura')
UPDATE [coldescr] SET col_len = '50',col_precision = null,col_scale = null,description = null,kind = 'S',lt = {ts '2019-09-09 18:11:03.260'},lu = 'assistenza',primarykey = 'N',sql_declaration = 'varchar(50)',sql_type = 'varchar',system_type = 'System.String' WHERE colname = 'codice' AND tablename = 'struttura'
ELSE
INSERT INTO [coldescr] (colname,tablename,col_len,col_precision,col_scale,description,kind,lt,lu,primarykey,sql_declaration,sql_type,system_type) VALUES ('codice','struttura','50',null,null,null,'S',{ts '2019-09-09 18:11:03.260'},'assistenza','N','varchar(50)','varchar','System.String')
GO

IF exists(SELECT * FROM [coldescr] WHERE colname = 'codiceipa' AND tablename = 'struttura')
UPDATE [coldescr] SET col_len = '10',col_precision = null,col_scale = null,description = 'Codice IPA',kind = 'S',lt = {ts '2019-09-09 18:12:28.350'},lu = 'assistenza',primarykey = 'N',sql_declaration = 'nchar(10)',sql_type = 'nchar',system_type = 'System.String' WHERE colname = 'codiceipa' AND tablename = 'struttura'
ELSE
INSERT INTO [coldescr] (colname,tablename,col_len,col_precision,col_scale,description,kind,lt,lu,primarykey,sql_declaration,sql_type,system_type) VALUES ('codiceipa','struttura','10',null,null,'Codice IPA','S',{ts '2019-09-09 18:12:28.350'},'assistenza','N','nchar(10)','nchar','System.String')
GO

IF exists(SELECT * FROM [coldescr] WHERE colname = 'ct' AND tablename = 'struttura')
UPDATE [coldescr] SET col_len = '8',col_precision = null,col_scale = null,description = null,kind = 'S',lt = {ts '2019-09-09 18:11:03.260'},lu = 'assistenza',primarykey = 'N',sql_declaration = 'datetime',sql_type = 'datetime',system_type = 'System.DateTime' WHERE colname = 'ct' AND tablename = 'struttura'
ELSE
INSERT INTO [coldescr] (colname,tablename,col_len,col_precision,col_scale,description,kind,lt,lu,primarykey,sql_declaration,sql_type,system_type) VALUES ('ct','struttura','8',null,null,null,'S',{ts '2019-09-09 18:11:03.260'},'assistenza','N','datetime','datetime','System.DateTime')
GO

IF exists(SELECT * FROM [coldescr] WHERE colname = 'cu' AND tablename = 'struttura')
UPDATE [coldescr] SET col_len = '64',col_precision = null,col_scale = null,description = null,kind = 'S',lt = {ts '2019-09-09 18:11:03.263'},lu = 'assistenza',primarykey = 'N',sql_declaration = 'varchar(64)',sql_type = 'varchar',system_type = 'System.String' WHERE colname = 'cu' AND tablename = 'struttura'
ELSE
INSERT INTO [coldescr] (colname,tablename,col_len,col_precision,col_scale,description,kind,lt,lu,primarykey,sql_declaration,sql_type,system_type) VALUES ('cu','struttura','64',null,null,null,'S',{ts '2019-09-09 18:11:03.263'},'assistenza','N','varchar(64)','varchar','System.String')
GO

IF exists(SELECT * FROM [coldescr] WHERE colname = 'email' AND tablename = 'struttura')
UPDATE [coldescr] SET col_len = '200',col_precision = null,col_scale = null,description = 'E-Mail',kind = 'S',lt = {ts '2019-09-09 18:12:28.353'},lu = 'assistenza',primarykey = 'N',sql_declaration = 'varchar(200)',sql_type = 'varchar',system_type = 'System.String' WHERE colname = 'email' AND tablename = 'struttura'
ELSE
INSERT INTO [coldescr] (colname,tablename,col_len,col_precision,col_scale,description,kind,lt,lu,primarykey,sql_declaration,sql_type,system_type) VALUES ('email','struttura','200',null,null,'E-Mail','S',{ts '2019-09-09 18:12:28.353'},'assistenza','N','varchar(200)','varchar','System.String')
GO

IF exists(SELECT * FROM [coldescr] WHERE colname = 'fax' AND tablename = 'struttura')
UPDATE [coldescr] SET col_len = '50',col_precision = null,col_scale = null,description = null,kind = 'S',lt = {ts '2019-09-09 18:11:03.263'},lu = 'assistenza',primarykey = 'N',sql_declaration = 'varchar(50)',sql_type = 'varchar',system_type = 'System.String' WHERE colname = 'fax' AND tablename = 'struttura'
ELSE
INSERT INTO [coldescr] (colname,tablename,col_len,col_precision,col_scale,description,kind,lt,lu,primarykey,sql_declaration,sql_type,system_type) VALUES ('fax','struttura','50',null,null,null,'S',{ts '2019-09-09 18:11:03.263'},'assistenza','N','varchar(50)','varchar','System.String')
GO

IF exists(SELECT * FROM [coldescr] WHERE colname = 'idaoo' AND tablename = 'struttura')
UPDATE [coldescr] SET col_len = '4',col_precision = null,col_scale = null,description = 'AOO',kind = 'S',lt = {ts '2019-09-09 18:12:28.353'},lu = 'assistenza',primarykey = 'N',sql_declaration = 'int',sql_type = 'int',system_type = 'System.Int32' WHERE colname = 'idaoo' AND tablename = 'struttura'
ELSE
INSERT INTO [coldescr] (colname,tablename,col_len,col_precision,col_scale,description,kind,lt,lu,primarykey,sql_declaration,sql_type,system_type) VALUES ('idaoo','struttura','4',null,null,'AOO','S',{ts '2019-09-09 18:12:28.353'},'assistenza','N','int','int','System.Int32')
GO

IF exists(SELECT * FROM [coldescr] WHERE colname = 'idreg' AND tablename = 'struttura')
UPDATE [coldescr] SET col_len = '4',col_precision = null,col_scale = null,description = 'Istituto o ente o azienda',kind = 'S',lt = {ts '2020-01-03 16:17:42.820'},lu = 'assistenza',primarykey = 'N',sql_declaration = 'int',sql_type = 'int',system_type = 'System.Int32' WHERE colname = 'idreg' AND tablename = 'struttura'
ELSE
INSERT INTO [coldescr] (colname,tablename,col_len,col_precision,col_scale,description,kind,lt,lu,primarykey,sql_declaration,sql_type,system_type) VALUES ('idreg','struttura','4',null,null,'Istituto o ente o azienda','S',{ts '2020-01-03 16:17:42.820'},'assistenza','N','int','int','System.Int32')
GO

IF exists(SELECT * FROM [coldescr] WHERE colname = 'idsede' AND tablename = 'struttura')
UPDATE [coldescr] SET col_len = '4',col_precision = null,col_scale = null,description = 'Sede',kind = 'S',lt = {ts '2019-09-09 18:12:28.353'},lu = 'assistenza',primarykey = 'N',sql_declaration = 'int',sql_type = 'int',system_type = 'System.Int32' WHERE colname = 'idsede' AND tablename = 'struttura'
ELSE
INSERT INTO [coldescr] (colname,tablename,col_len,col_precision,col_scale,description,kind,lt,lu,primarykey,sql_declaration,sql_type,system_type) VALUES ('idsede','struttura','4',null,null,'Sede','S',{ts '2019-09-09 18:12:28.353'},'assistenza','N','int','int','System.Int32')
GO

IF exists(SELECT * FROM [coldescr] WHERE colname = 'idstruttura' AND tablename = 'struttura')
UPDATE [coldescr] SET col_len = '4',col_precision = null,col_scale = null,description = null,kind = 'S',lt = {ts '2019-09-09 18:11:03.263'},lu = 'assistenza',primarykey = 'S',sql_declaration = 'int',sql_type = 'int',system_type = 'System.Int32' WHERE colname = 'idstruttura' AND tablename = 'struttura'
ELSE
INSERT INTO [coldescr] (colname,tablename,col_len,col_precision,col_scale,description,kind,lt,lu,primarykey,sql_declaration,sql_type,system_type) VALUES ('idstruttura','struttura','4',null,null,null,'S',{ts '2019-09-09 18:11:03.263'},'assistenza','S','int','int','System.Int32')
GO

IF exists(SELECT * FROM [coldescr] WHERE colname = 'idstrutturakind' AND tablename = 'struttura')
UPDATE [coldescr] SET col_len = '4',col_precision = null,col_scale = null,description = 'Tipo',kind = 'S',lt = {ts '2021-06-07 09:44:06.253'},lu = 'assistenza',primarykey = 'N',sql_declaration = 'int',sql_type = 'int',system_type = 'System.Int32' WHERE colname = 'idstrutturakind' AND tablename = 'struttura'
ELSE
INSERT INTO [coldescr] (colname,tablename,col_len,col_precision,col_scale,description,kind,lt,lu,primarykey,sql_declaration,sql_type,system_type) VALUES ('idstrutturakind','struttura','4',null,null,'Tipo','S',{ts '2021-06-07 09:44:06.253'},'assistenza','N','int','int','System.Int32')
GO

IF exists(SELECT * FROM [coldescr] WHERE colname = 'idupb' AND tablename = 'struttura')
UPDATE [coldescr] SET col_len = '36',col_precision = null,col_scale = null,description = 'UPB',kind = 'S',lt = {ts '2019-09-09 18:12:28.353'},lu = 'assistenza',primarykey = 'N',sql_declaration = 'varchar(36)',sql_type = 'varchar',system_type = 'System.String' WHERE colname = 'idupb' AND tablename = 'struttura'
ELSE
INSERT INTO [coldescr] (colname,tablename,col_len,col_precision,col_scale,description,kind,lt,lu,primarykey,sql_declaration,sql_type,system_type) VALUES ('idupb','struttura','36',null,null,'UPB','S',{ts '2019-09-09 18:12:28.353'},'assistenza','N','varchar(36)','varchar','System.String')
GO

IF exists(SELECT * FROM [coldescr] WHERE colname = 'lt' AND tablename = 'struttura')
UPDATE [coldescr] SET col_len = '8',col_precision = null,col_scale = null,description = null,kind = 'S',lt = {ts '2019-09-09 18:11:03.263'},lu = 'assistenza',primarykey = 'N',sql_declaration = 'datetime',sql_type = 'datetime',system_type = 'System.DateTime' WHERE colname = 'lt' AND tablename = 'struttura'
ELSE
INSERT INTO [coldescr] (colname,tablename,col_len,col_precision,col_scale,description,kind,lt,lu,primarykey,sql_declaration,sql_type,system_type) VALUES ('lt','struttura','8',null,null,null,'S',{ts '2019-09-09 18:11:03.263'},'assistenza','N','datetime','datetime','System.DateTime')
GO

IF exists(SELECT * FROM [coldescr] WHERE colname = 'lu' AND tablename = 'struttura')
UPDATE [coldescr] SET col_len = '64',col_precision = null,col_scale = null,description = null,kind = 'S',lt = {ts '2019-09-09 18:11:03.263'},lu = 'assistenza',primarykey = 'N',sql_declaration = 'varchar(64)',sql_type = 'varchar',system_type = 'System.String' WHERE colname = 'lu' AND tablename = 'struttura'
ELSE
INSERT INTO [coldescr] (colname,tablename,col_len,col_precision,col_scale,description,kind,lt,lu,primarykey,sql_declaration,sql_type,system_type) VALUES ('lu','struttura','64',null,null,null,'S',{ts '2019-09-09 18:11:03.263'},'assistenza','N','varchar(64)','varchar','System.String')
GO

IF exists(SELECT * FROM [coldescr] WHERE colname = 'paridstruttura' AND tablename = 'struttura')
UPDATE [coldescr] SET col_len = '4',col_precision = null,col_scale = null,description = 'Struttura madre',kind = 'S',lt = {ts '2021-06-07 09:44:55.343'},lu = 'assistenza',primarykey = 'N',sql_declaration = 'int',sql_type = 'int',system_type = 'System.Int32' WHERE colname = 'paridstruttura' AND tablename = 'struttura'
ELSE
INSERT INTO [coldescr] (colname,tablename,col_len,col_precision,col_scale,description,kind,lt,lu,primarykey,sql_declaration,sql_type,system_type) VALUES ('paridstruttura','struttura','4',null,null,'Struttura madre','S',{ts '2021-06-07 09:44:55.343'},'assistenza','N','int','int','System.Int32')
GO

IF exists(SELECT * FROM [coldescr] WHERE colname = 'pesoindicatori' AND tablename = 'struttura')
UPDATE [coldescr] SET col_len = '9',col_precision = '19',col_scale = '2',description = 'Peso della valutazione della performance degli indicatori ',kind = 'S',lt = {ts '2021-07-26 17:28:20.543'},lu = 'assistenza',primarykey = 'N',sql_declaration = 'decimal(19,2)',sql_type = 'decimal',system_type = 'System.Decimal' WHERE colname = 'pesoindicatori' AND tablename = 'struttura'
ELSE
INSERT INTO [coldescr] (colname,tablename,col_len,col_precision,col_scale,description,kind,lt,lu,primarykey,sql_declaration,sql_type,system_type) VALUES ('pesoindicatori','struttura','9','19','2','Peso della valutazione della performance degli indicatori ','S',{ts '2021-07-26 17:28:20.543'},'assistenza','N','decimal(19,2)','decimal','System.Decimal')
GO

IF exists(SELECT * FROM [coldescr] WHERE colname = 'pesoobiettivi' AND tablename = 'struttura')
UPDATE [coldescr] SET col_len = '9',col_precision = '19',col_scale = '2',description = 'Peso della valutazione della performance degli obiettivi una tantum',kind = 'S',lt = {ts '2021-07-26 17:28:20.543'},lu = 'assistenza',primarykey = 'N',sql_declaration = 'decimal(19,2)',sql_type = 'decimal',system_type = 'System.Decimal' WHERE colname = 'pesoobiettivi' AND tablename = 'struttura'
ELSE
INSERT INTO [coldescr] (colname,tablename,col_len,col_precision,col_scale,description,kind,lt,lu,primarykey,sql_declaration,sql_type,system_type) VALUES ('pesoobiettivi','struttura','9','19','2','Peso della valutazione della performance degli obiettivi una tantum','S',{ts '2021-07-26 17:28:20.543'},'assistenza','N','decimal(19,2)','decimal','System.Decimal')
GO

IF exists(SELECT * FROM [coldescr] WHERE colname = 'pesoprogaltreuo' AND tablename = 'struttura')
UPDATE [coldescr] SET col_len = '9',col_precision = '19',col_scale = '2',description = 'Peso della valutazione della performance Progetti Strategici di altre UO',kind = 'S',lt = {ts '2021-07-26 17:28:20.543'},lu = 'assistenza',primarykey = 'N',sql_declaration = 'decimal(19,2)',sql_type = 'decimal',system_type = 'System.Decimal' WHERE colname = 'pesoprogaltreuo' AND tablename = 'struttura'
ELSE
INSERT INTO [coldescr] (colname,tablename,col_len,col_precision,col_scale,description,kind,lt,lu,primarykey,sql_declaration,sql_type,system_type) VALUES ('pesoprogaltreuo','struttura','9','19','2','Peso della valutazione della performance Progetti Strategici di altre UO','S',{ts '2021-07-26 17:28:20.543'},'assistenza','N','decimal(19,2)','decimal','System.Decimal')
GO

IF exists(SELECT * FROM [coldescr] WHERE colname = 'pesoproguo' AND tablename = 'struttura')
UPDATE [coldescr] SET col_len = '9',col_precision = '19',col_scale = '2',description = 'Peso della valutazione della performance dei Progetti Strategici della UO',kind = 'S',lt = {ts '2021-07-26 17:28:20.543'},lu = 'assistenza',primarykey = 'N',sql_declaration = 'decimal(19,2)',sql_type = 'decimal',system_type = 'System.Decimal' WHERE colname = 'pesoproguo' AND tablename = 'struttura'
ELSE
INSERT INTO [coldescr] (colname,tablename,col_len,col_precision,col_scale,description,kind,lt,lu,primarykey,sql_declaration,sql_type,system_type) VALUES ('pesoproguo','struttura','9','19','2','Peso della valutazione della performance dei Progetti Strategici della UO','S',{ts '2021-07-26 17:28:20.543'},'assistenza','N','decimal(19,2)','decimal','System.Decimal')
GO

IF exists(SELECT * FROM [coldescr] WHERE colname = 'telefono' AND tablename = 'struttura')
UPDATE [coldescr] SET col_len = '50',col_precision = null,col_scale = null,description = null,kind = 'S',lt = {ts '2019-09-09 18:11:03.263'},lu = 'assistenza',primarykey = 'N',sql_declaration = 'varchar(50)',sql_type = 'varchar',system_type = 'System.String' WHERE colname = 'telefono' AND tablename = 'struttura'
ELSE
INSERT INTO [coldescr] (colname,tablename,col_len,col_precision,col_scale,description,kind,lt,lu,primarykey,sql_declaration,sql_type,system_type) VALUES ('telefono','struttura','50',null,null,null,'S',{ts '2019-09-09 18:11:03.263'},'assistenza','N','varchar(50)','varchar','System.String')
GO

IF exists(SELECT * FROM [coldescr] WHERE colname = 'title' AND tablename = 'struttura')
UPDATE [coldescr] SET col_len = '1024',col_precision = null,col_scale = null,description = 'Denominazione',kind = 'S',lt = {ts '2019-09-09 18:12:28.353'},lu = 'assistenza',primarykey = 'N',sql_declaration = 'varchar(1024)',sql_type = 'varchar',system_type = 'System.String' WHERE colname = 'title' AND tablename = 'struttura'
ELSE
INSERT INTO [coldescr] (colname,tablename,col_len,col_precision,col_scale,description,kind,lt,lu,primarykey,sql_declaration,sql_type,system_type) VALUES ('title','struttura','1024',null,null,'Denominazione','S',{ts '2019-09-09 18:12:28.353'},'assistenza','N','varchar(1024)','varchar','System.String')
GO

IF exists(SELECT * FROM [coldescr] WHERE colname = 'title_en' AND tablename = 'struttura')
UPDATE [coldescr] SET col_len = '1024',col_precision = null,col_scale = null,description = 'Denominazione (ENG)',kind = 'S',lt = {ts '2019-09-09 18:12:28.353'},lu = 'assistenza',primarykey = 'N',sql_declaration = 'varchar(1024)',sql_type = 'varchar',system_type = 'System.String' WHERE colname = 'title_en' AND tablename = 'struttura'
ELSE
INSERT INTO [coldescr] (colname,tablename,col_len,col_precision,col_scale,description,kind,lt,lu,primarykey,sql_declaration,sql_type,system_type) VALUES ('title_en','struttura','1024',null,null,'Denominazione (ENG)','S',{ts '2019-09-09 18:12:28.353'},'assistenza','N','varchar(1024)','varchar','System.String')
GO

-- FINE GENERAZIONE SCRIPT --


-- GENERAZIONE DATI PER tabledescr --
IF exists(SELECT * FROM [tabledescr] WHERE tablename = 'didproggruppcaratteristica')
UPDATE [tabledescr] SET description = 'Caratteristiche del 2.4.16 gruppo opzionale nella sua definizione',idapplication = null,isdbo = 'N',lt = {ts '2018-07-19 17:36:36.573'},lu = 'assistenza',title = 'Caratteristiche del gruppo opzionale nella sua definizione' WHERE tablename = 'didproggruppcaratteristica'
ELSE
INSERT INTO [tabledescr] (tablename,description,idapplication,isdbo,lt,lu,title) VALUES ('didproggruppcaratteristica','Caratteristiche del 2.4.16 gruppo opzionale nella sua definizione',null,'N',{ts '2018-07-19 17:36:36.573'},'assistenza','Caratteristiche del gruppo opzionale nella sua definizione')
GO

-- FINE GENERAZIONE SCRIPT --


-- GENERAZIONE DATI PER coldescr --
IF exists(SELECT * FROM [coldescr] WHERE colname = 'cf' AND tablename = 'didproggruppcaratteristica')
UPDATE [coldescr] SET col_len = '5',col_precision = '9',col_scale = '2',description = 'Crediti',kind = 'S',lt = {ts '2019-03-28 10:07:10.387'},lu = 'assistenza',primarykey = 'N',sql_declaration = 'decimal(9,2)',sql_type = 'decimal',system_type = 'System.Decimal' WHERE colname = 'cf' AND tablename = 'didproggruppcaratteristica'
ELSE
INSERT INTO [coldescr] (colname,tablename,col_len,col_precision,col_scale,description,kind,lt,lu,primarykey,sql_declaration,sql_type,system_type) VALUES ('cf','didproggruppcaratteristica','5','9','2','Crediti','S',{ts '2019-03-28 10:07:10.387'},'assistenza','N','decimal(9,2)','decimal','System.Decimal')
GO

IF exists(SELECT * FROM [coldescr] WHERE colname = 'ct' AND tablename = 'didproggruppcaratteristica')
UPDATE [coldescr] SET col_len = '8',col_precision = null,col_scale = null,description = null,kind = 'S',lt = {ts '2018-07-19 17:36:37.780'},lu = 'assistenza',primarykey = 'N',sql_declaration = 'datetime',sql_type = 'datetime',system_type = 'System.DateTime' WHERE colname = 'ct' AND tablename = 'didproggruppcaratteristica'
ELSE
INSERT INTO [coldescr] (colname,tablename,col_len,col_precision,col_scale,description,kind,lt,lu,primarykey,sql_declaration,sql_type,system_type) VALUES ('ct','didproggruppcaratteristica','8',null,null,null,'S',{ts '2018-07-19 17:36:37.780'},'assistenza','N','datetime','datetime','System.DateTime')
GO

IF exists(SELECT * FROM [coldescr] WHERE colname = 'cu' AND tablename = 'didproggruppcaratteristica')
UPDATE [coldescr] SET col_len = '64',col_precision = null,col_scale = null,description = null,kind = 'S',lt = {ts '2018-07-19 17:36:37.780'},lu = 'assistenza',primarykey = 'N',sql_declaration = 'varchar(64)',sql_type = 'varchar',system_type = 'System.String' WHERE colname = 'cu' AND tablename = 'didproggruppcaratteristica'
ELSE
INSERT INTO [coldescr] (colname,tablename,col_len,col_precision,col_scale,description,kind,lt,lu,primarykey,sql_declaration,sql_type,system_type) VALUES ('cu','didproggruppcaratteristica','64',null,null,null,'S',{ts '2018-07-19 17:36:37.780'},'assistenza','N','varchar(64)','varchar','System.String')
GO

IF exists(SELECT * FROM [coldescr] WHERE colname = 'idambitoareadisc' AND tablename = 'didproggruppcaratteristica')
UPDATE [coldescr] SET col_len = '4',col_precision = null,col_scale = null,description = 'Ambito o area disciplinare',kind = 'S',lt = {ts '2019-03-28 10:07:10.387'},lu = 'assistenza',primarykey = 'N',sql_declaration = 'int',sql_type = 'int',system_type = 'System.Int32' WHERE colname = 'idambitoareadisc' AND tablename = 'didproggruppcaratteristica'
ELSE
INSERT INTO [coldescr] (colname,tablename,col_len,col_precision,col_scale,description,kind,lt,lu,primarykey,sql_declaration,sql_type,system_type) VALUES ('idambitoareadisc','didproggruppcaratteristica','4',null,null,'Ambito o area disciplinare','S',{ts '2019-03-28 10:07:10.387'},'assistenza','N','int','int','System.Int32')
GO

IF exists(SELECT * FROM [coldescr] WHERE colname = 'idcorsostudio' AND tablename = 'didproggruppcaratteristica')
UPDATE [coldescr] SET col_len = '4',col_precision = null,col_scale = null,description = null,kind = 'S',lt = {ts '2019-09-30 17:07:12.027'},lu = 'assistenza',primarykey = 'S',sql_declaration = 'int',sql_type = 'int',system_type = 'System.Int32' WHERE colname = 'idcorsostudio' AND tablename = 'didproggruppcaratteristica'
ELSE
INSERT INTO [coldescr] (colname,tablename,col_len,col_precision,col_scale,description,kind,lt,lu,primarykey,sql_declaration,sql_type,system_type) VALUES ('idcorsostudio','didproggruppcaratteristica','4',null,null,null,'S',{ts '2019-09-30 17:07:12.027'},'assistenza','S','int','int','System.Int32')
GO

IF exists(SELECT * FROM [coldescr] WHERE colname = 'iddidprog' AND tablename = 'didproggruppcaratteristica')
UPDATE [coldescr] SET col_len = '4',col_precision = null,col_scale = null,description = null,kind = 'S',lt = {ts '2019-04-11 13:03:22.590'},lu = 'assistenza',primarykey = 'S',sql_declaration = 'int',sql_type = 'int',system_type = 'System.Int32' WHERE colname = 'iddidprog' AND tablename = 'didproggruppcaratteristica'
ELSE
INSERT INTO [coldescr] (colname,tablename,col_len,col_precision,col_scale,description,kind,lt,lu,primarykey,sql_declaration,sql_type,system_type) VALUES ('iddidprog','didproggruppcaratteristica','4',null,null,null,'S',{ts '2019-04-11 13:03:22.590'},'assistenza','S','int','int','System.Int32')
GO

IF exists(SELECT * FROM [coldescr] WHERE colname = 'iddidproggrupp' AND tablename = 'didproggruppcaratteristica')
UPDATE [coldescr] SET col_len = '4',col_precision = null,col_scale = null,description = null,kind = 'S',lt = {ts '2019-04-11 13:03:22.590'},lu = 'assistenza',primarykey = 'S',sql_declaration = 'int',sql_type = 'int',system_type = 'System.Int32' WHERE colname = 'iddidproggrupp' AND tablename = 'didproggruppcaratteristica'
ELSE
INSERT INTO [coldescr] (colname,tablename,col_len,col_precision,col_scale,description,kind,lt,lu,primarykey,sql_declaration,sql_type,system_type) VALUES ('iddidproggrupp','didproggruppcaratteristica','4',null,null,null,'S',{ts '2019-04-11 13:03:22.590'},'assistenza','S','int','int','System.Int32')
GO

IF exists(SELECT * FROM [coldescr] WHERE colname = 'iddidproggruppcaratteristica' AND tablename = 'didproggruppcaratteristica')
UPDATE [coldescr] SET col_len = '4',col_precision = null,col_scale = null,description = null,kind = 'S',lt = {ts '2019-03-28 10:05:30.813'},lu = 'assistenza',primarykey = 'S',sql_declaration = 'int',sql_type = 'int',system_type = 'System.Int32' WHERE colname = 'iddidproggruppcaratteristica' AND tablename = 'didproggruppcaratteristica'
ELSE
INSERT INTO [coldescr] (colname,tablename,col_len,col_precision,col_scale,description,kind,lt,lu,primarykey,sql_declaration,sql_type,system_type) VALUES ('iddidproggruppcaratteristica','didproggruppcaratteristica','4',null,null,null,'S',{ts '2019-03-28 10:05:30.813'},'assistenza','S','int','int','System.Int32')
GO

IF exists(SELECT * FROM [coldescr] WHERE colname = 'idsasd' AND tablename = 'didproggruppcaratteristica')
UPDATE [coldescr] SET col_len = '4',col_precision = null,col_scale = null,description = 'SASD',kind = 'S',lt = {ts '2019-03-28 10:07:10.387'},lu = 'assistenza',primarykey = 'N',sql_declaration = 'int',sql_type = 'int',system_type = 'System.Int32' WHERE colname = 'idsasd' AND tablename = 'didproggruppcaratteristica'
ELSE
INSERT INTO [coldescr] (colname,tablename,col_len,col_precision,col_scale,description,kind,lt,lu,primarykey,sql_declaration,sql_type,system_type) VALUES ('idsasd','didproggruppcaratteristica','4',null,null,'SASD','S',{ts '2019-03-28 10:07:10.387'},'assistenza','N','int','int','System.Int32')
GO

IF exists(SELECT * FROM [coldescr] WHERE colname = 'idsasdgruppo' AND tablename = 'didproggruppcaratteristica')
UPDATE [coldescr] SET col_len = '4',col_precision = null,col_scale = null,description = 'Gruppo',kind = 'S',lt = {ts '2020-05-15 12:19:42.737'},lu = 'assistenza',primarykey = 'N',sql_declaration = 'int',sql_type = 'int',system_type = 'System.Int32' WHERE colname = 'idsasdgruppo' AND tablename = 'didproggruppcaratteristica'
ELSE
INSERT INTO [coldescr] (colname,tablename,col_len,col_precision,col_scale,description,kind,lt,lu,primarykey,sql_declaration,sql_type,system_type) VALUES ('idsasdgruppo','didproggruppcaratteristica','4',null,null,'Gruppo','S',{ts '2020-05-15 12:19:42.737'},'assistenza','N','int','int','System.Int32')
GO

IF exists(SELECT * FROM [coldescr] WHERE colname = 'idtipoattform' AND tablename = 'didproggruppcaratteristica')
UPDATE [coldescr] SET col_len = '4',col_precision = null,col_scale = null,description = 'Tipo di attività formativa',kind = 'S',lt = {ts '2020-10-16 11:15:21.327'},lu = 'assistenza',primarykey = 'N',sql_declaration = 'int',sql_type = 'int',system_type = 'System.Int32' WHERE colname = 'idtipoattform' AND tablename = 'didproggruppcaratteristica'
ELSE
INSERT INTO [coldescr] (colname,tablename,col_len,col_precision,col_scale,description,kind,lt,lu,primarykey,sql_declaration,sql_type,system_type) VALUES ('idtipoattform','didproggruppcaratteristica','4',null,null,'Tipo di attività formativa','S',{ts '2020-10-16 11:15:21.327'},'assistenza','N','int','int','System.Int32')
GO

IF exists(SELECT * FROM [coldescr] WHERE colname = 'lt' AND tablename = 'didproggruppcaratteristica')
UPDATE [coldescr] SET col_len = '8',col_precision = null,col_scale = null,description = null,kind = 'S',lt = {ts '2018-07-19 17:36:37.780'},lu = 'assistenza',primarykey = 'N',sql_declaration = 'datetime',sql_type = 'datetime',system_type = 'System.DateTime' WHERE colname = 'lt' AND tablename = 'didproggruppcaratteristica'
ELSE
INSERT INTO [coldescr] (colname,tablename,col_len,col_precision,col_scale,description,kind,lt,lu,primarykey,sql_declaration,sql_type,system_type) VALUES ('lt','didproggruppcaratteristica','8',null,null,null,'S',{ts '2018-07-19 17:36:37.780'},'assistenza','N','datetime','datetime','System.DateTime')
GO

IF exists(SELECT * FROM [coldescr] WHERE colname = 'lu' AND tablename = 'didproggruppcaratteristica')
UPDATE [coldescr] SET col_len = '64',col_precision = null,col_scale = null,description = null,kind = 'S',lt = {ts '2018-07-19 17:36:37.780'},lu = 'assistenza',primarykey = 'N',sql_declaration = 'varchar(64)',sql_type = 'varchar',system_type = 'System.String' WHERE colname = 'lu' AND tablename = 'didproggruppcaratteristica'
ELSE
INSERT INTO [coldescr] (colname,tablename,col_len,col_precision,col_scale,description,kind,lt,lu,primarykey,sql_declaration,sql_type,system_type) VALUES ('lu','didproggruppcaratteristica','64',null,null,null,'S',{ts '2018-07-19 17:36:37.780'},'assistenza','N','varchar(64)','varchar','System.String')
GO

IF exists(SELECT * FROM [coldescr] WHERE colname = 'profess' AND tablename = 'didproggruppcaratteristica')
UPDATE [coldescr] SET col_len = '1',col_precision = null,col_scale = null,description = 'Professionalizzante',kind = 'S',lt = {ts '2019-03-28 10:07:10.387'},lu = 'assistenza',primarykey = 'N',sql_declaration = 'char(1)',sql_type = 'char',system_type = 'System.String' WHERE colname = 'profess' AND tablename = 'didproggruppcaratteristica'
ELSE
INSERT INTO [coldescr] (colname,tablename,col_len,col_precision,col_scale,description,kind,lt,lu,primarykey,sql_declaration,sql_type,system_type) VALUES ('profess','didproggruppcaratteristica','1',null,null,'Professionalizzante','S',{ts '2019-03-28 10:07:10.387'},'assistenza','N','char(1)','char','System.String')
GO

-- FINE GENERAZIONE SCRIPT --


-- GENERAZIONE DATI PER relation --
IF exists(SELECT * FROM [relation] WHERE idrelation = '3284')
UPDATE [relation] SET childtable = 'didproggruppcaratteristica',description = 'gruppo opzionale con cui si caratterizza',lt = {ts '2018-07-19 17:37:01.463'},lu = 'assistenza',parenttable = 'didproggrupp',title = null WHERE idrelation = '3284'
ELSE
INSERT INTO [relation] (idrelation,childtable,description,lt,lu,parenttable,title) VALUES ('3284','didproggruppcaratteristica','gruppo opzionale con cui si caratterizza',{ts '2018-07-19 17:37:01.463'},'assistenza','didproggrupp',null)
GO

-- FINE GENERAZIONE SCRIPT --


-- GENERAZIONE DATI PER tabledescr --
IF exists(SELECT * FROM [tabledescr] WHERE tablename = 'classescuolacaratteristica')
UPDATE [tabledescr] SET description = 'Caratteristiche della classe o scuola (solitamente dei minimi o dei totali)',idapplication = null,isdbo = 'N',lt = {ts '2018-07-19 15:57:29.160'},lu = 'assistenza',title = 'Caratteristiche della classe o scuola (solitamente dei minimi o dei totali)' WHERE tablename = 'classescuolacaratteristica'
ELSE
INSERT INTO [tabledescr] (tablename,description,idapplication,isdbo,lt,lu,title) VALUES ('classescuolacaratteristica','Caratteristiche della classe o scuola (solitamente dei minimi o dei totali)',null,'N',{ts '2018-07-19 15:57:29.160'},'assistenza','Caratteristiche della classe o scuola (solitamente dei minimi o dei totali)')
GO

-- FINE GENERAZIONE SCRIPT --


-- GENERAZIONE DATI PER coldescr --
IF exists(SELECT * FROM [coldescr] WHERE colname = 'cf' AND tablename = 'classescuolacaratteristica')
UPDATE [coldescr] SET col_len = '5',col_precision = '9',col_scale = '2',description = 'Crediti',kind = 'S',lt = {ts '2019-03-28 09:29:34.610'},lu = 'assistenza',primarykey = 'N',sql_declaration = 'decimal(9,2)',sql_type = 'decimal',system_type = 'System.Decimal' WHERE colname = 'cf' AND tablename = 'classescuolacaratteristica'
ELSE
INSERT INTO [coldescr] (colname,tablename,col_len,col_precision,col_scale,description,kind,lt,lu,primarykey,sql_declaration,sql_type,system_type) VALUES ('cf','classescuolacaratteristica','5','9','2','Crediti','S',{ts '2019-03-28 09:29:34.610'},'assistenza','N','decimal(9,2)','decimal','System.Decimal')
GO

IF exists(SELECT * FROM [coldescr] WHERE colname = 'cfmax' AND tablename = 'classescuolacaratteristica')
UPDATE [coldescr] SET col_len = '5',col_precision = '9',col_scale = '2',description = 'Crediti max',kind = 'S',lt = {ts '2019-03-28 09:29:34.610'},lu = 'assistenza',primarykey = 'N',sql_declaration = 'decimal(9,2)',sql_type = 'decimal',system_type = 'System.Decimal' WHERE colname = 'cfmax' AND tablename = 'classescuolacaratteristica'
ELSE
INSERT INTO [coldescr] (colname,tablename,col_len,col_precision,col_scale,description,kind,lt,lu,primarykey,sql_declaration,sql_type,system_type) VALUES ('cfmax','classescuolacaratteristica','5','9','2','Crediti max','S',{ts '2019-03-28 09:29:34.610'},'assistenza','N','decimal(9,2)','decimal','System.Decimal')
GO

IF exists(SELECT * FROM [coldescr] WHERE colname = 'cfmin' AND tablename = 'classescuolacaratteristica')
UPDATE [coldescr] SET col_len = '5',col_precision = '9',col_scale = '2',description = 'Crediti min',kind = 'S',lt = {ts '2019-03-28 09:29:34.610'},lu = 'assistenza',primarykey = 'N',sql_declaration = 'decimal(9,2)',sql_type = 'decimal',system_type = 'System.Decimal' WHERE colname = 'cfmin' AND tablename = 'classescuolacaratteristica'
ELSE
INSERT INTO [coldescr] (colname,tablename,col_len,col_precision,col_scale,description,kind,lt,lu,primarykey,sql_declaration,sql_type,system_type) VALUES ('cfmin','classescuolacaratteristica','5','9','2','Crediti min','S',{ts '2019-03-28 09:29:34.610'},'assistenza','N','decimal(9,2)','decimal','System.Decimal')
GO

IF exists(SELECT * FROM [coldescr] WHERE colname = 'ct' AND tablename = 'classescuolacaratteristica')
UPDATE [coldescr] SET col_len = '8',col_precision = null,col_scale = null,description = null,kind = 'S',lt = {ts '2018-07-19 15:57:31.713'},lu = 'assistenza',primarykey = 'N',sql_declaration = 'datetime',sql_type = 'datetime',system_type = 'System.DateTime' WHERE colname = 'ct' AND tablename = 'classescuolacaratteristica'
ELSE
INSERT INTO [coldescr] (colname,tablename,col_len,col_precision,col_scale,description,kind,lt,lu,primarykey,sql_declaration,sql_type,system_type) VALUES ('ct','classescuolacaratteristica','8',null,null,null,'S',{ts '2018-07-19 15:57:31.713'},'assistenza','N','datetime','datetime','System.DateTime')
GO

IF exists(SELECT * FROM [coldescr] WHERE colname = 'cu' AND tablename = 'classescuolacaratteristica')
UPDATE [coldescr] SET col_len = '64',col_precision = null,col_scale = null,description = null,kind = 'S',lt = {ts '2018-07-19 15:57:31.713'},lu = 'assistenza',primarykey = 'N',sql_declaration = 'varchar(64)',sql_type = 'varchar',system_type = 'System.String' WHERE colname = 'cu' AND tablename = 'classescuolacaratteristica'
ELSE
INSERT INTO [coldescr] (colname,tablename,col_len,col_precision,col_scale,description,kind,lt,lu,primarykey,sql_declaration,sql_type,system_type) VALUES ('cu','classescuolacaratteristica','64',null,null,null,'S',{ts '2018-07-19 15:57:31.713'},'assistenza','N','varchar(64)','varchar','System.String')
GO

IF exists(SELECT * FROM [coldescr] WHERE colname = 'idambitoareadisc' AND tablename = 'classescuolacaratteristica')
UPDATE [coldescr] SET col_len = '4',col_precision = null,col_scale = null,description = 'Ambito o area disciplinare',kind = 'S',lt = {ts '2019-03-28 09:29:34.610'},lu = 'assistenza',primarykey = 'N',sql_declaration = 'int',sql_type = 'int',system_type = 'System.Int32' WHERE colname = 'idambitoareadisc' AND tablename = 'classescuolacaratteristica'
ELSE
INSERT INTO [coldescr] (colname,tablename,col_len,col_precision,col_scale,description,kind,lt,lu,primarykey,sql_declaration,sql_type,system_type) VALUES ('idambitoareadisc','classescuolacaratteristica','4',null,null,'Ambito o area disciplinare','S',{ts '2019-03-28 09:29:34.610'},'assistenza','N','int','int','System.Int32')
GO

IF exists(SELECT * FROM [coldescr] WHERE colname = 'idcaratteristica' AND tablename = 'classescuolacaratteristica')
UPDATE [coldescr] SET col_len = '4',col_precision = null,col_scale = null,description = null,kind = 'S',lt = {ts '2018-07-19 15:57:31.713'},lu = 'assistenza',primarykey = 'S',sql_declaration = 'int',sql_type = 'int',system_type = 'System.Int32' WHERE colname = 'idcaratteristica' AND tablename = 'classescuolacaratteristica'
ELSE
INSERT INTO [coldescr] (colname,tablename,col_len,col_precision,col_scale,description,kind,lt,lu,primarykey,sql_declaration,sql_type,system_type) VALUES ('idcaratteristica','classescuolacaratteristica','4',null,null,null,'S',{ts '2018-07-19 15:57:31.713'},'assistenza','S','int','int','System.Int32')
GO

IF exists(SELECT * FROM [coldescr] WHERE colname = 'idclassescuola' AND tablename = 'classescuolacaratteristica')
UPDATE [coldescr] SET col_len = '4',col_precision = null,col_scale = null,description = null,kind = 'S',lt = {ts '2019-03-28 09:26:59.387'},lu = 'assistenza',primarykey = 'N',sql_declaration = 'int',sql_type = 'int',system_type = 'System.Int32' WHERE colname = 'idclassescuola' AND tablename = 'classescuolacaratteristica'
ELSE
INSERT INTO [coldescr] (colname,tablename,col_len,col_precision,col_scale,description,kind,lt,lu,primarykey,sql_declaration,sql_type,system_type) VALUES ('idclassescuola','classescuolacaratteristica','4',null,null,null,'S',{ts '2019-03-28 09:26:59.387'},'assistenza','N','int','int','System.Int32')
GO

IF exists(SELECT * FROM [coldescr] WHERE colname = 'idclassescuolacaratteristica' AND tablename = 'classescuolacaratteristica')
UPDATE [coldescr] SET col_len = '4',col_precision = null,col_scale = null,description = null,kind = 'S',lt = {ts '2019-03-28 09:26:59.383'},lu = 'assistenza',primarykey = 'S',sql_declaration = 'int',sql_type = 'int',system_type = 'System.Int32' WHERE colname = 'idclassescuolacaratteristica' AND tablename = 'classescuolacaratteristica'
ELSE
INSERT INTO [coldescr] (colname,tablename,col_len,col_precision,col_scale,description,kind,lt,lu,primarykey,sql_declaration,sql_type,system_type) VALUES ('idclassescuolacaratteristica','classescuolacaratteristica','4',null,null,null,'S',{ts '2019-03-28 09:26:59.383'},'assistenza','S','int','int','System.Int32')
GO

IF exists(SELECT * FROM [coldescr] WHERE colname = 'idsasd' AND tablename = 'classescuolacaratteristica')
UPDATE [coldescr] SET col_len = '4',col_precision = null,col_scale = null,description = 'SASD',kind = 'S',lt = {ts '2019-03-28 09:29:34.610'},lu = 'assistenza',primarykey = 'N',sql_declaration = 'int',sql_type = 'int',system_type = 'System.Int32' WHERE colname = 'idsasd' AND tablename = 'classescuolacaratteristica'
ELSE
INSERT INTO [coldescr] (colname,tablename,col_len,col_precision,col_scale,description,kind,lt,lu,primarykey,sql_declaration,sql_type,system_type) VALUES ('idsasd','classescuolacaratteristica','4',null,null,'SASD','S',{ts '2019-03-28 09:29:34.610'},'assistenza','N','int','int','System.Int32')
GO

IF exists(SELECT * FROM [coldescr] WHERE colname = 'idsasdgruppo' AND tablename = 'classescuolacaratteristica')
UPDATE [coldescr] SET col_len = '4',col_precision = null,col_scale = null,description = 'Gruppo',kind = 'S',lt = {ts '2020-05-15 12:20:54.907'},lu = 'assistenza',primarykey = 'N',sql_declaration = 'int',sql_type = 'int',system_type = 'System.Int32' WHERE colname = 'idsasdgruppo' AND tablename = 'classescuolacaratteristica'
ELSE
INSERT INTO [coldescr] (colname,tablename,col_len,col_precision,col_scale,description,kind,lt,lu,primarykey,sql_declaration,sql_type,system_type) VALUES ('idsasdgruppo','classescuolacaratteristica','4',null,null,'Gruppo','S',{ts '2020-05-15 12:20:54.907'},'assistenza','N','int','int','System.Int32')
GO

IF exists(SELECT * FROM [coldescr] WHERE colname = 'idtipoattform' AND tablename = 'classescuolacaratteristica')
UPDATE [coldescr] SET col_len = '4',col_precision = null,col_scale = null,description = 'Tipo di attività formativa',kind = 'S',lt = {ts '2019-03-28 09:29:34.610'},lu = 'assistenza',primarykey = 'N',sql_declaration = 'int',sql_type = 'int',system_type = 'System.Int32' WHERE colname = 'idtipoattform' AND tablename = 'classescuolacaratteristica'
ELSE
INSERT INTO [coldescr] (colname,tablename,col_len,col_precision,col_scale,description,kind,lt,lu,primarykey,sql_declaration,sql_type,system_type) VALUES ('idtipoattform','classescuolacaratteristica','4',null,null,'Tipo di attività formativa','S',{ts '2019-03-28 09:29:34.610'},'assistenza','N','int','int','System.Int32')
GO

IF exists(SELECT * FROM [coldescr] WHERE colname = 'idtipoattform_2' AND tablename = 'classescuolacaratteristica')
UPDATE [coldescr] SET col_len = '4',col_precision = null,col_scale = null,description = 'Tipo della seconda attività formativa',kind = 'S',lt = {ts '2019-03-28 09:29:34.610'},lu = 'assistenza',primarykey = 'N',sql_declaration = 'int',sql_type = 'int',system_type = 'System.Int32' WHERE colname = 'idtipoattform_2' AND tablename = 'classescuolacaratteristica'
ELSE
INSERT INTO [coldescr] (colname,tablename,col_len,col_precision,col_scale,description,kind,lt,lu,primarykey,sql_declaration,sql_type,system_type) VALUES ('idtipoattform_2','classescuolacaratteristica','4',null,null,'Tipo della seconda attività formativa','S',{ts '2019-03-28 09:29:34.610'},'assistenza','N','int','int','System.Int32')
GO

IF exists(SELECT * FROM [coldescr] WHERE colname = 'lt' AND tablename = 'classescuolacaratteristica')
UPDATE [coldescr] SET col_len = '8',col_precision = null,col_scale = null,description = null,kind = 'S',lt = {ts '2018-07-19 15:57:31.713'},lu = 'assistenza',primarykey = 'N',sql_declaration = 'datetime',sql_type = 'datetime',system_type = 'System.DateTime' WHERE colname = 'lt' AND tablename = 'classescuolacaratteristica'
ELSE
INSERT INTO [coldescr] (colname,tablename,col_len,col_precision,col_scale,description,kind,lt,lu,primarykey,sql_declaration,sql_type,system_type) VALUES ('lt','classescuolacaratteristica','8',null,null,null,'S',{ts '2018-07-19 15:57:31.713'},'assistenza','N','datetime','datetime','System.DateTime')
GO

IF exists(SELECT * FROM [coldescr] WHERE colname = 'lu' AND tablename = 'classescuolacaratteristica')
UPDATE [coldescr] SET col_len = '64',col_precision = null,col_scale = null,description = null,kind = 'S',lt = {ts '2018-07-19 15:57:31.717'},lu = 'assistenza',primarykey = 'N',sql_declaration = 'varchar(64)',sql_type = 'varchar',system_type = 'System.String' WHERE colname = 'lu' AND tablename = 'classescuolacaratteristica'
ELSE
INSERT INTO [coldescr] (colname,tablename,col_len,col_precision,col_scale,description,kind,lt,lu,primarykey,sql_declaration,sql_type,system_type) VALUES ('lu','classescuolacaratteristica','64',null,null,null,'S',{ts '2018-07-19 15:57:31.717'},'assistenza','N','varchar(64)','varchar','System.String')
GO

IF exists(SELECT * FROM [coldescr] WHERE colname = 'obblig' AND tablename = 'classescuolacaratteristica')
UPDATE [coldescr] SET col_len = '1',col_precision = null,col_scale = null,description = 'Obbligatorio',kind = 'S',lt = {ts '2019-03-28 09:29:34.610'},lu = 'assistenza',primarykey = 'N',sql_declaration = 'char(1)',sql_type = 'char',system_type = 'System.String' WHERE colname = 'obblig' AND tablename = 'classescuolacaratteristica'
ELSE
INSERT INTO [coldescr] (colname,tablename,col_len,col_precision,col_scale,description,kind,lt,lu,primarykey,sql_declaration,sql_type,system_type) VALUES ('obblig','classescuolacaratteristica','1',null,null,'Obbligatorio','S',{ts '2019-03-28 09:29:34.610'},'assistenza','N','char(1)','char','System.String')
GO

IF exists(SELECT * FROM [coldescr] WHERE colname = 'profess' AND tablename = 'classescuolacaratteristica')
UPDATE [coldescr] SET col_len = '1',col_precision = null,col_scale = null,description = 'Professionalizzante',kind = 'S',lt = {ts '2019-03-28 09:29:34.610'},lu = 'assistenza',primarykey = 'N',sql_declaration = 'char(1)',sql_type = 'char',system_type = 'System.String' WHERE colname = 'profess' AND tablename = 'classescuolacaratteristica'
ELSE
INSERT INTO [coldescr] (colname,tablename,col_len,col_precision,col_scale,description,kind,lt,lu,primarykey,sql_declaration,sql_type,system_type) VALUES ('profess','classescuolacaratteristica','1',null,null,'Professionalizzante','S',{ts '2019-03-28 09:29:34.610'},'assistenza','N','char(1)','char','System.String')
GO

-- FINE GENERAZIONE SCRIPT --


-- GENERAZIONE DATI PER relation --
IF exists(SELECT * FROM [relation] WHERE idrelation = '3277')
UPDATE [relation] SET childtable = 'classescuolacaratteristica',description = 'classe di laurea o scuola di diploma che si sta definendo',lt = {ts '2018-07-19 15:59:23.943'},lu = 'assistenza',parenttable = 'classescuola',title = null WHERE idrelation = '3277'
ELSE
INSERT INTO [relation] (idrelation,childtable,description,lt,lu,parenttable,title) VALUES ('3277','classescuolacaratteristica','classe di laurea o scuola di diploma che si sta definendo',{ts '2018-07-19 15:59:23.943'},'assistenza','classescuola',null)
GO

IF exists(SELECT * FROM [relation] WHERE idrelation = '3278')
UPDATE [relation] SET childtable = 'classescuolacaratteristica',description = 'caratteristica che si sta attribuendo alla classe di laurea o scuola di diploma',lt = {ts '2018-07-19 15:59:23.970'},lu = 'assistenza',parenttable = 'caratteristica',title = null WHERE idrelation = '3278'
ELSE
INSERT INTO [relation] (idrelation,childtable,description,lt,lu,parenttable,title) VALUES ('3278','classescuolacaratteristica','caratteristica che si sta attribuendo alla classe di laurea o scuola di diploma',{ts '2018-07-19 15:59:23.970'},'assistenza','caratteristica',null)
GO

-- FINE GENERAZIONE SCRIPT --


-- GENERAZIONE DATI PER tabledescr --
IF exists(SELECT * FROM [tabledescr] WHERE tablename = 'perfprogettoavanzamento')
UPDATE [tabledescr] SET description = 'Avanzamenti',idapplication = null,isdbo = 'N',lt = {ts '2021-05-27 12:26:16.090'},lu = 'assistenza',title = 'Avanzamenti' WHERE tablename = 'perfprogettoavanzamento'
ELSE
INSERT INTO [tabledescr] (tablename,description,idapplication,isdbo,lt,lu,title) VALUES ('perfprogettoavanzamento','Avanzamenti',null,'N',{ts '2021-05-27 12:26:16.090'},'assistenza','Avanzamenti')
GO

-- FINE GENERAZIONE SCRIPT --


-- GENERAZIONE DATI PER coldescr --
IF exists(SELECT * FROM [coldescr] WHERE colname = 'avanzamento' AND tablename = 'perfprogettoavanzamento')
UPDATE [coldescr] SET col_len = '9',col_precision = '18',col_scale = '2',description = 'Percentuale di avanzamento degli obiettivi',kind = 'S',lt = {ts '2021-05-27 12:31:23.520'},lu = 'assistenza',primarykey = 'N',sql_declaration = 'decimal(18,2)',sql_type = 'decimal',system_type = 'System.Decimal' WHERE colname = 'avanzamento' AND tablename = 'perfprogettoavanzamento'
ELSE
INSERT INTO [coldescr] (colname,tablename,col_len,col_precision,col_scale,description,kind,lt,lu,primarykey,sql_declaration,sql_type,system_type) VALUES ('avanzamento','perfprogettoavanzamento','9','18','2','Percentuale di avanzamento degli obiettivi','S',{ts '2021-05-27 12:31:23.520'},'assistenza','N','decimal(18,2)','decimal','System.Decimal')
GO

IF exists(SELECT * FROM [coldescr] WHERE colname = 'ct' AND tablename = 'perfprogettoavanzamento')
UPDATE [coldescr] SET col_len = '8',col_precision = null,col_scale = null,description = null,kind = 'S',lt = {ts '2021-05-27 12:30:15.940'},lu = 'assistenza',primarykey = 'N',sql_declaration = 'datetime',sql_type = 'datetime',system_type = 'System.DateTime' WHERE colname = 'ct' AND tablename = 'perfprogettoavanzamento'
ELSE
INSERT INTO [coldescr] (colname,tablename,col_len,col_precision,col_scale,description,kind,lt,lu,primarykey,sql_declaration,sql_type,system_type) VALUES ('ct','perfprogettoavanzamento','8',null,null,null,'S',{ts '2021-05-27 12:30:15.940'},'assistenza','N','datetime','datetime','System.DateTime')
GO

IF exists(SELECT * FROM [coldescr] WHERE colname = 'cu' AND tablename = 'perfprogettoavanzamento')
UPDATE [coldescr] SET col_len = '64',col_precision = null,col_scale = null,description = null,kind = 'S',lt = {ts '2021-05-27 12:30:15.940'},lu = 'assistenza',primarykey = 'N',sql_declaration = 'varchar(64)',sql_type = 'varchar',system_type = 'System.String' WHERE colname = 'cu' AND tablename = 'perfprogettoavanzamento'
ELSE
INSERT INTO [coldescr] (colname,tablename,col_len,col_precision,col_scale,description,kind,lt,lu,primarykey,sql_declaration,sql_type,system_type) VALUES ('cu','perfprogettoavanzamento','64',null,null,null,'S',{ts '2021-05-27 12:30:15.940'},'assistenza','N','varchar(64)','varchar','System.String')
GO

IF exists(SELECT * FROM [coldescr] WHERE colname = 'data' AND tablename = 'perfprogettoavanzamento')
UPDATE [coldescr] SET col_len = '3',col_precision = null,col_scale = null,description = 'Data',kind = 'S',lt = {ts '2021-10-27 11:24:02.470'},lu = 'assistenza',primarykey = 'N',sql_declaration = 'date',sql_type = 'date',system_type = 'System.DateTime' WHERE colname = 'data' AND tablename = 'perfprogettoavanzamento'
ELSE
INSERT INTO [coldescr] (colname,tablename,col_len,col_precision,col_scale,description,kind,lt,lu,primarykey,sql_declaration,sql_type,system_type) VALUES ('data','perfprogettoavanzamento','3',null,null,'Data','S',{ts '2021-10-27 11:24:02.470'},'assistenza','N','date','date','System.DateTime')
GO

IF exists(SELECT * FROM [coldescr] WHERE colname = 'idperfprogetto' AND tablename = 'perfprogettoavanzamento')
UPDATE [coldescr] SET col_len = '4',col_precision = null,col_scale = null,description = null,kind = 'S',lt = {ts '2021-05-27 12:30:15.940'},lu = 'assistenza',primarykey = 'S',sql_declaration = 'int',sql_type = 'int',system_type = 'System.Int32' WHERE colname = 'idperfprogetto' AND tablename = 'perfprogettoavanzamento'
ELSE
INSERT INTO [coldescr] (colname,tablename,col_len,col_precision,col_scale,description,kind,lt,lu,primarykey,sql_declaration,sql_type,system_type) VALUES ('idperfprogetto','perfprogettoavanzamento','4',null,null,null,'S',{ts '2021-05-27 12:30:15.940'},'assistenza','S','int','int','System.Int32')
GO

IF exists(SELECT * FROM [coldescr] WHERE colname = 'idperfprogettoavanzamento' AND tablename = 'perfprogettoavanzamento')
UPDATE [coldescr] SET col_len = '4',col_precision = null,col_scale = null,description = null,kind = 'S',lt = {ts '2021-05-27 12:30:15.940'},lu = 'assistenza',primarykey = 'S',sql_declaration = 'int',sql_type = 'int',system_type = 'System.Int32' WHERE colname = 'idperfprogettoavanzamento' AND tablename = 'perfprogettoavanzamento'
ELSE
INSERT INTO [coldescr] (colname,tablename,col_len,col_precision,col_scale,description,kind,lt,lu,primarykey,sql_declaration,sql_type,system_type) VALUES ('idperfprogettoavanzamento','perfprogettoavanzamento','4',null,null,null,'S',{ts '2021-05-27 12:30:15.940'},'assistenza','S','int','int','System.Int32')
GO

IF exists(SELECT * FROM [coldescr] WHERE colname = 'idreg_amministrativi' AND tablename = 'perfprogettoavanzamento')
UPDATE [coldescr] SET col_len = '4',col_precision = null,col_scale = null,description = 'Iniziato da',kind = 'S',lt = {ts '2021-05-27 12:31:23.520'},lu = 'assistenza',primarykey = 'N',sql_declaration = 'int',sql_type = 'int',system_type = 'System.Int32' WHERE colname = 'idreg_amministrativi' AND tablename = 'perfprogettoavanzamento'
ELSE
INSERT INTO [coldescr] (colname,tablename,col_len,col_precision,col_scale,description,kind,lt,lu,primarykey,sql_declaration,sql_type,system_type) VALUES ('idreg_amministrativi','perfprogettoavanzamento','4',null,null,'Iniziato da','S',{ts '2021-05-27 12:31:23.520'},'assistenza','N','int','int','System.Int32')
GO

IF exists(SELECT * FROM [coldescr] WHERE colname = 'idreg_amministrativi_ver' AND tablename = 'perfprogettoavanzamento')
UPDATE [coldescr] SET col_len = '4',col_precision = null,col_scale = null,description = 'Verificato da',kind = 'S',lt = {ts '2021-05-27 12:31:23.520'},lu = 'assistenza',primarykey = 'N',sql_declaration = 'int',sql_type = 'int',system_type = 'System.Int32' WHERE colname = 'idreg_amministrativi_ver' AND tablename = 'perfprogettoavanzamento'
ELSE
INSERT INTO [coldescr] (colname,tablename,col_len,col_precision,col_scale,description,kind,lt,lu,primarykey,sql_declaration,sql_type,system_type) VALUES ('idreg_amministrativi_ver','perfprogettoavanzamento','4',null,null,'Verificato da','S',{ts '2021-05-27 12:31:23.520'},'assistenza','N','int','int','System.Int32')
GO

IF exists(SELECT * FROM [coldescr] WHERE colname = 'lt' AND tablename = 'perfprogettoavanzamento')
UPDATE [coldescr] SET col_len = '8',col_precision = null,col_scale = null,description = null,kind = 'S',lt = {ts '2021-05-27 12:30:15.940'},lu = 'assistenza',primarykey = 'N',sql_declaration = 'datetime',sql_type = 'datetime',system_type = 'System.DateTime' WHERE colname = 'lt' AND tablename = 'perfprogettoavanzamento'
ELSE
INSERT INTO [coldescr] (colname,tablename,col_len,col_precision,col_scale,description,kind,lt,lu,primarykey,sql_declaration,sql_type,system_type) VALUES ('lt','perfprogettoavanzamento','8',null,null,null,'S',{ts '2021-05-27 12:30:15.940'},'assistenza','N','datetime','datetime','System.DateTime')
GO

IF exists(SELECT * FROM [coldescr] WHERE colname = 'lu' AND tablename = 'perfprogettoavanzamento')
UPDATE [coldescr] SET col_len = '64',col_precision = null,col_scale = null,description = null,kind = 'S',lt = {ts '2021-05-27 12:30:15.940'},lu = 'assistenza',primarykey = 'N',sql_declaration = 'varchar(64)',sql_type = 'varchar',system_type = 'System.String' WHERE colname = 'lu' AND tablename = 'perfprogettoavanzamento'
ELSE
INSERT INTO [coldescr] (colname,tablename,col_len,col_precision,col_scale,description,kind,lt,lu,primarykey,sql_declaration,sql_type,system_type) VALUES ('lu','perfprogettoavanzamento','64',null,null,null,'S',{ts '2021-05-27 12:30:15.940'},'assistenza','N','varchar(64)','varchar','System.String')
GO

-- FINE GENERAZIONE SCRIPT --

